,free_cash_flow_equity,market_cap,net_income_margin,pe,px,roa,Price Momentum 12M,Price Momentum 12M-1M,Price to 52W High,Price to 52W Low,Return 1D,Return 1M,Return 1Q,Max Daily Return over 1M,Realized Volatility 1M,Realized Volatility 3M
6/2/2000,-805.7180000000001,26626.7604,6.3553,160.3926,38.013000000000005,2.0507,3.295739631596791,3.8732060119787555,0.7093036274070758,4.38847841145232,0.02521710987647663,-0.11849824919416552,-0.14805351980098147,0.07261480535197995,0.039175759361851435,0.05763445511374586
6/5/2000,-805.7180000000001,26626.7604,6.3553,160.3926,38.013000000000005,2.0507,3.3884784114523203,4.1511198337566375,0.7093036274070758,4.235903721863161,0.0,-0.14805351980098147,-0.2077984328109368,0.07261480535197995,0.03812466779107206,0.056800536589422065
6/6/2000,-805.7180000000001,26626.7604,6.3553,160.3926,39.509,2.0507,3.402607532872743,4.333073322932917,0.7372182415285864,4.372399291722001,0.03935495751453444,-0.174470841430034,-0.16358286053010418,0.040249677141627416,0.035237751294138725,0.0570117651834134
6/7/2000,-805.7180000000001,26626.7604,6.3553,160.3926,42.001000000000005,2.0507,3.553941233871843,4.013444649246449,0.7837177190625467,4.648185037627269,0.06307423624996855,-0.09165423127662775,-0.15113482487519947,0.06307423624996855,0.037989447148259296,0.057259969228232316
6/8/2000,-805.7180000000001,26626.7604,6.3553,160.3926,41.378,2.0507,3.5792386011509523,3.6274900398406364,0.7720928496790566,4.548032534622995,-0.014832980167138965,-0.010427129669488555,-0.22790715032094344,0.06307423624996855,0.03181209608765994,0.056260054167156584
6/9/2000,-805.7180000000001,26626.7604,6.3553,160.3926,43.248000000000005,2.0507,3.6269391248528935,3.653578688349202,0.806986117330945,4.753572213673336,0.04519309778142988,-0.005724532726394838,-0.17380506628968784,0.06307423624996855,0.03214155331885723,0.056514182464912945
6/12/2000,-805.7180000000001,26626.7604,6.3553,160.3926,43.871,2.0507,3.822048801934492,3.541217850076941,0.818610986714435,4.805674224997262,0.01440529041805405,0.0618404492206408,-0.10089355248596132,0.06307423624996855,0.030106944132757392,0.05590251701426058
6/13/2000,-805.7180000000001,26626.7604,6.3553,160.3926,44.12,2.0507,3.816068114834625,3.435105337845214,0.8232572025675474,4.832949939752437,0.0056757311207857875,0.08589712035441788,-0.02479996463463152,0.06307423624996855,0.029761414496373057,0.05512683648538851
6/14/2000,-805.7180000000001,26626.7604,6.3553,160.3926,44.494,2.0507,3.824243738479888,3.5472189092486177,0.830235856097925,4.873918282396758,0.008476881233000944,0.06092181501704874,-0.1086224857761039,0.06307423624996855,0.0290933768351731,0.053563022594191684
6/15/2000,-805.7180000000001,26626.7604,6.3553,160.3926,45.927,2.0507,3.913555151385471,3.5735530116614944,0.856974921630094,5.03089056851791,0.03220658965253742,0.07434092025544459,-0.0647184604419101,0.06307423624996855,0.029581892141834047,0.053679836446343145
6/16/2000,-805.7180000000001,26626.7604,6.3553,160.3926,46.114,2.0507,3.7742002277668494,3.309659385029506,0.8604642483952828,5.05137473984007,0.004071678968798231,0.10779061666706702,-0.019872898467555133,0.06307423624996855,0.028769066680223505,0.05340841826988781
6/19/2000,-805.7180000000001,26626.7604,6.3553,160.3926,46.736999999999995,2.0507,3.7170972951150585,3.025333064190553,0.8720891177787728,5.119618797239566,0.013509996964045534,0.17185266905699148,-0.02470733081530041,0.06307423624996855,0.026692073145594835,0.05338568116076375
6/20/2000,-805.7180000000001,26626.7604,6.3553,160.3926,47.174,2.0507,3.35064096652218,2.60924098496726,0.8802433198984924,5.1674882243400155,0.009350193636733284,0.2054171457774372,-0.02697908502124502,0.06307423624996855,0.025983065062449646,0.053378882537886044
6/21/2000,-805.7180000000001,26626.7604,6.3553,160.3926,46.955,2.0507,3.330443604168588,2.586276860647422,0.8761568890879236,5.143498740278234,-0.004642387755967259,0.20750398601038933,0.01823741163204229,0.06307423624996855,0.025934031637147418,0.05300286677600437
6/22/2000,-805.7180000000001,26626.7604,6.3553,160.3926,47.983999999999995,2.0507,3.503003003003003,2.6959459459459465,0.8953575160471712,5.256216453061671,0.021914599084229547,0.21836278691854538,-0.019093176335909123,0.06307423624996855,0.026070754234653545,0.052527271975568675
6/23/2000,-805.7180000000001,26626.7604,6.3553,160.3926,47.733999999999995,2.0507,3.402287189892096,2.459835838790003,0.8906926406926406,5.228831197283382,-0.005210070023341062,0.272397707583633,-0.02172398245685947,0.06307423624996855,0.02286726315999895,0.052531294409299226
6/26/2000,-805.7180000000001,26626.7604,6.3553,160.3926,50.227,2.0507,3.112248239724906,2.0255444571802848,0.9372107777280191,5.50191696790448,0.05222692420496933,0.3591762732045245,0.10715072962130212,0.06307423624996855,0.023626488079814954,0.05211639616074404
6/27/2000,-805.7180000000001,26626.7604,6.3553,160.3926,51.972,2.0507,2.861218424962853,1.7454680534918277,0.9697716077026423,5.6930660532369375,0.034742270093774286,0.40639714239324576,0.303111601434195,0.06307423624996855,0.023741075870398764,0.04978944841560705
6/28/2000,-805.7180000000001,26626.7604,6.3553,160.3926,53.468,2.0507,2.620285733631255,1.5991604035479723,0.9976862218241529,5.856939423814219,0.02878473023935979,0.3928673769765807,0.218754986209569,0.06307423624996855,0.023372361063320614,0.048396616359942794
6/29/2000,-805.7180000000001,26626.7604,6.3553,160.3926,56.458999999999996,2.0507,3.2335782843431318,1.78501799640072,1.0,6.184576623945667,0.055940001496221914,0.520126006300315,0.3644690415196481,0.06307423624996855,0.022104130722398377,0.048184765768503376
6/30/2000,-805.7180000000001,26626.7604,6.3553,160.3926,51.785,2.0507,2.8830983803239354,1.7802939412117582,0.9172142616766149,5.672581881914777,-0.0827857383233851,0.39665030476293195,0.3446458246780224,0.06307423624996855,0.031315222276773635,0.048554472128041204
7/3/2000,-805.7180000000001,26626.7604,6.3553,160.3926,50.102,2.0507,2.8286718630597587,1.9048601558917935,0.8874050195717246,5.488224340015336,-0.03249975861736021,0.31802278167995124,0.26414856306613155,0.06307423624996855,0.03300013068691634,0.04869893135125643
7/4/2000,-805.7180000000001,26626.7604,6.3553,160.3926,50.102,2.0507,2.5892255892255887,1.723189340210617,0.8874050195717246,5.488224340015336,0.0,0.31802278167995124,0.17715332926084293,0.06307423624996855,0.03300013068691634,0.04789301168416099
7/5/2000,-805.7180000000001,26626.7604,6.3553,160.3926,50.85,2.0507,2.6428110896196,1.8303603409986384,0.9006535716183426,5.570161025303976,0.014929543730789252,0.2870485205902453,0.13017580512524174,0.06307423624996855,0.03247923966770816,0.0474269187736792
7/6/2000,-805.7180000000001,26626.7604,6.3553,160.3926,50.726000000000006,2.0507,2.9322480620155043,2.255891472868217,0.8984572875892242,5.556577938437946,-0.0024385447394296156,0.20773314921073305,0.17972928973440627,0.055940001496221914,0.0304727095624375,0.04704399102153924
7/7/2000,-805.7180000000001,26626.7604,6.3553,160.3926,51.847,2.0507,3.1600738185027684,2.320067399502528,0.9183124036911742,5.679373425347793,0.022099120766470692,0.2530088452801005,0.34625571250519327,0.055940001496221914,0.030062525040665675,0.04501379920486279
7/10/2000,-805.7180000000001,26626.7604,6.3553,160.3926,50.476000000000006,2.0507,3.2186376932720444,2.6145424153781867,0.8940292955950337,5.529192682659657,-0.026443188612648605,0.1671291157972623,0.26958096483726557,0.055940001496221914,0.03008100370911904,0.04506205612326355
7/11/2000,-805.7180000000001,26626.7604,6.3553,160.3926,47.92100000000001,2.0507,3.1793999651142517,2.8261817547531836,0.8487752174144071,5.249315368605544,-0.050618115540058684,0.09231610859109662,0.24836533201344224,0.055940001496221914,0.03260998992170123,0.04533383513026007
7/12/2000,-805.7180000000001,26626.7604,6.3553,160.3926,51.598,2.0507,3.987723537941034,3.264862252295795,0.9139021236649605,5.652097710592617,0.07673045220258334,0.16949229374433372,0.442493709812692,0.07673045220258334,0.03620169151550044,0.045261802060842654
7/13/2000,-805.7180000000001,26626.7604,6.3553,160.3926,51.1,2.0507,3.9395843402609954,3.301014983083615,0.9050815636125331,5.597546281082265,-0.009651536881274403,0.14846945655594013,0.49638349585639396,0.07673045220258334,0.036408102255317945,0.04482000190067557
7/14/2000,-805.7180000000001,26626.7604,6.3553,160.3926,51.349,2.0507,3.5777837211375587,3.094410270125702,0.9094918436387467,5.624821995837441,0.004872798434442105,0.11805691641082583,0.2835003874321993,0.07673045220258334,0.035957025374592624,0.03958803390342981
7/17/2000,-805.7180000000001,26626.7604,6.3553,160.3926,51.349,2.0507,3.5273320402045494,3.0657732322341733,0.9094918436387467,5.624821995837441,0.0,0.11352300819707684,0.39900283347863974,0.07673045220258334,0.035978613395395105,0.0379854070083269
7/18/2000,-805.7180000000001,26626.7604,6.3553,160.3926,52.097,2.0507,3.6968085106382977,3.2135773530472402,0.9227403956853647,5.706758681126082,0.014566982803949635,0.11468429723773466,0.40268167254516585,0.07673045220258334,0.03599074512931605,0.03799349596966007
7/19/2000,-805.7180000000001,26626.7604,6.3553,160.3926,52.843999999999994,2.0507,3.7110635642328598,3.205580814834626,0.9359712357640056,5.788585825391609,0.01433863754150888,0.12019332683257722,0.4227942166339085,0.07673045220258334,0.03603176497099104,0.037999326396685656
7/20/2000,-805.7180000000001,26626.7604,6.3553,160.3926,55.461999999999996,2.0507,3.587807097361237,2.884109521052196,0.9823411679271684,6.075364223901851,0.04954204829308906,0.18117346395485034,0.39281767955801095,0.07673045220258334,0.0371511661743377,0.037471296902588574
7/21/2000,-805.7180000000001,26626.7604,6.3553,160.3926,51.1,2.0507,3.456654456654457,3.1848944706087563,0.9050815636125331,5.597546281082265,-0.07864844397966164,0.06493831277092377,0.37583802267036437,0.07673045220258334,0.041570333560467014,0.037855199829681774
7/24/2000,-805.7180000000001,26626.7604,6.3553,160.3926,50.508,2.0507,3.3575187645587095,3.1181951514105766,0.8945960785702901,5.532697995399277,-0.01158512720156557,0.05811371349562178,0.29474493719559103,0.07673045220258334,0.041662843059728664,0.037482149086958065
7/25/2000,-805.7180000000001,26626.7604,6.3553,160.3926,46.861999999999995,2.0507,3.272611232676878,3.5794128373450036,0.830018243327016,5.13331142512871,-0.0721865843034768,-0.0669958388914329,0.09942755255255253,0.07673045220258334,0.04320882973009226,0.03700152134082101
7/26/2000,-805.7180000000001,26626.7604,6.3553,160.3926,46.861999999999995,2.0507,3.699829505566141,4.212315715575168,0.830018243327016,5.13331142512871,0.0,-0.09832217347802674,0.15691502493457743,0.07673045220258334,0.042372803778943154,0.036402609120123997
7/27/2000,-805.7180000000001,26626.7604,6.3553,160.3926,45.61600000000001,2.0507,3.9968233103297193,4.856939423814219,0.807949131227971,4.815878378378378,-0.02658870726814877,-0.14685419316226522,0.11247683152863153,0.07673045220258334,0.0419481460243713,0.03657130236813474
7/28/2000,-805.7180000000001,26626.7604,6.3553,160.3926,43.497,2.0507,3.4177330895795244,4.734206784481007,0.7704174710852123,4.592166385135134,-0.0464529989477378,-0.2295825289147877,0.054370485286275416,0.07673045220258334,0.040219949650823136,0.03708040649920226
7/31/2000,-805.7180000000001,26626.7604,6.3553,160.3926,44.993,2.0507,3.125905547913802,3.7487391104997707,0.7969145751784482,4.750105574324324,0.0343931765409109,-0.13115767114029153,0.07440838646512415,0.07673045220258334,0.03790665084750424,0.03727348967530338
8/1/2000,-805.7180000000001,26626.7604,6.3553,160.3926,43.248000000000005,2.0507,2.943107221006565,3.5680160466812545,0.7660071910589987,4.565878378378378,-0.038783810815015585,-0.1368009261107339,0.0028986851564130056,0.07673045220258334,0.038150464923093354,0.037445164191155386
8/2/2000,-805.7180000000001,26626.7604,6.3553,160.3926,44.245,2.0507,3.0805127732177437,3.620676934427741,0.7836660231318302,4.671135979729729,0.02305308916019211,-0.11690152089736938,-0.00838207938322244,0.07673045220258334,0.03866842481491502,0.037303418009090046
8/3/2000,-805.7180000000001,26626.7604,6.3553,160.3926,45.36600000000001,2.0507,2.956567242281529,3.4348508634222927,0.8035211392337804,4.789484797297297,0.025336196180359538,-0.1078466076696164,-0.0520905158904279,0.07673045220258334,0.03900430704688148,0.03629229493458346
8/4/2000,-805.7180000000001,26626.7604,6.3553,160.3926,43.809,2.0507,3.0173314993122418,3.6516276937184786,0.775943605093962,4.625105574324324,-0.03432085702949361,-0.13636005204431667,-0.052553039641860755,0.07673045220258334,0.039529300121546436,0.036299394368734465
8/7/2000,-805.7180000000001,26626.7604,6.3553,160.3926,44.369,2.0507,3.0000901550667143,3.67426974395961,0.7858623071609487,4.684227195945946,0.012782761533018272,-0.1442320674291666,0.06110393648060475,0.07673045220258334,0.03924700815029064,0.034208989266684205
8/8/2000,-805.7180000000001,26626.7604,6.3553,160.3926,45.242,2.0507,3.033342248373005,3.499955424801641,0.8013248552046618,4.77639358108108,0.019675899839978417,-0.10369284412394031,0.040117709267305734,0.07673045220258334,0.03937423615878127,0.033930390250846376
8/9/2000,-805.7180000000001,26626.7604,6.3553,160.3926,45.117,2.0507,3.137276478679505,3.3944062356717115,0.7991108592075665,4.7631967905405395,-0.0027629194111665756,-0.05851296926191041,0.09199825733372036,0.07673045220258334,0.037927125213984364,0.033293266599922156
8/10/2000,-805.7180000000001,26626.7604,6.3553,160.3926,43.871,2.0507,2.9551929318427694,3.6518211323476377,0.7770417471085214,4.6316511824324325,-0.027617084469268693,-0.1497538664289313,0.07976864385921734,0.04954204829308906,0.03366892603692503,0.033420916077021336
8/11/2000,-805.7180000000001,26626.7604,6.3553,160.3926,44.868,2.0507,3.0908096280087527,3.6590080233406272,0.794700579181353,4.736908783783783,0.022725718584030385,-0.12195694716242655,0.06983952883950528,0.04954204829308906,0.0342840808731742,0.033302640597867014
8/14/2000,-805.7180000000001,26626.7604,6.3553,160.3926,45.553000000000004,2.0507,3.177258138468593,3.7087574507106833,0.8068332772454349,4.809227195945946,0.015267005438174275,-0.11287464215466692,0.06559217759479785,0.04954204829308906,0.03451711917520621,0.03327185503163223
8/15/2000,-805.7180000000001,26626.7604,6.3553,160.3926,44.743,2.0507,3.1029802842732694,3.7087574507106833,0.7924865831842577,4.723711993243243,-0.017781485302834077,-0.12864904866696514,0.07485526220962369,0.04954204829308906,0.03460354367044567,0.03317471285803953
8/16/2000,-805.7180000000001,26626.7604,6.3553,160.3926,44.619,2.0507,3.0681072210065645,3.74990882567469,0.7902902991551392,4.710620777027026,-0.0027713832331315302,-0.14353993512102425,0.11874733595767606,0.04954204829308906,0.03429488822861795,0.03270851630875322
8/17/2000,-805.7180000000001,26626.7604,6.3553,160.3926,45.303999999999995,2.0507,2.9726411785338467,3.6338126972991924,0.802422997219221,4.782939189189188,0.015352204217933929,-0.14268412686397702,0.1576338316085344,0.04954204829308906,0.03432679444276511,0.03263636328549159
8/18/2000,-805.7180000000001,26626.7604,6.3553,160.3926,44.993,2.0507,3.0111437995899077,3.944459302843897,0.7969145751784482,4.750105574324324,-0.006864736005650518,-0.18875987162381436,0.15704880934012255,0.0343931765409109,0.03181848398444177,0.03263871189872548
8/21/2000,-805.7180000000001,26626.7604,6.3553,160.3926,45.303999999999995,2.0507,3.107343608340888,3.632819582955576,0.802422997219221,4.782939189189188,0.0069121863400971595,-0.11342465753424669,0.15031484866951028,0.0343931765409109,0.027725023675678768,0.03261814205164762
8/22/2000,-805.7180000000001,26626.7604,6.3553,160.3926,44.181999999999995,2.0507,2.771082280641857,3.311027654489587,0.7825501691492941,4.6644847972972965,-0.024766025075048548,-0.12524748554684417,0.17771558043449276,0.0343931765409109,0.028021007489135292,0.03217709820554214
8/23/2000,-805.7180000000001,26626.7604,6.3553,160.3926,44.868,2.0507,2.829634687606692,2.999829293274155,0.794700579181353,4.736908783783783,0.015526685075370139,-0.04255046732960588,0.2141581425556096,0.0343931765409109,0.023890251947124276,0.0321301754174032
8/24/2000,-805.7180000000001,26626.7604,6.3553,160.3926,45.242,2.0507,3.011171203120843,3.1548009575316946,0.8013248552046618,4.77639358108108,0.008335562093251259,-0.03456958729887749,0.2242788331439085,0.0343931765409109,0.023990594517887764,0.03213228635070888
8/25/2000,-805.7180000000001,26626.7604,6.3553,160.3926,45.117,2.0507,2.977869864221477,3.0218656321636397,0.7991108592075665,4.7631967905405395,-0.0027629194111665756,-0.010939144159944125,0.175319769713705,0.0343931765409109,0.023292931035963166,0.03182623166483766
8/28/2000,-805.7180000000001,26626.7604,6.3553,160.3926,44.494,2.0507,2.57008745887828,2.4900906683784,0.7880763031580439,4.697423986486486,-0.013808542234634347,0.022921120996850286,0.1979752833795536,0.0343931765409109,0.0210362009165871,0.03157617976546488
8/29/2000,-805.7180000000001,26626.7604,6.3553,160.3926,43.995,2.0507,2.512294427590611,2.591968705093406,0.7792380311376397,4.644742398648647,-0.011214995280262596,-0.02218122819105206,0.18655267274394505,0.025336196180359538,0.019763691962875057,0.031623531662608194
8/30/2000,-805.7180000000001,26626.7604,6.3553,160.3926,44.369,2.0507,2.577856624465769,2.4874606886541413,0.7858623071609487,4.684227195945946,0.008500966018865741,0.02592027376988515,0.16720595585720655,0.025336196180359538,0.01782826203625669,0.03150585563318592
8/31/2000,-805.7180000000001,26626.7604,6.3553,160.3926,44.494,2.0507,2.43264928251813,2.4134392840611016,0.7880763031580439,4.697423986486486,0.002817282336766702,0.00562775454853659,0.17049430458001202,0.025336196180359538,0.017131009978599895,0.03150360071880161
9/1/2000,-805.7180000000001,26626.7604,6.3553,160.3926,44.743,2.0507,2.35505398920216,2.401769646070787,0.7924865831842577,4.723711993243243,0.005596260169910661,-0.01373275139972674,0.13247614467589663,0.022725718584030385,0.016211670911487466,0.03116039524601607
9/4/2000,-805.7180000000001,26626.7604,6.3553,160.3926,44.743,2.0507,2.4027682713514333,2.331736253707506,0.7924865831842577,4.723711993243243,0.0,0.02131982012828426,0.0652841599009546,0.022725718584030385,0.014245861019113367,0.03017924604099759
9/5/2000,-805.7180000000001,26626.7604,6.3553,160.3926,40.942,2.0507,1.9862873814733768,2.236250911743253,0.7251633929045856,4.322423986486486,-0.084951836041392,-0.0772386125447948,-0.010537000338344038,0.022725718584030385,0.023316151204332666,0.032026178556264676
9/6/2000,-805.7180000000001,26626.7604,6.3553,160.3926,42.438,2.0507,2.289767441860465,2.507131782945736,0.7516604969978216,4.480363175675675,0.03653949489521757,-0.0619778082312894,-0.0187291897891233,0.03653949489521757,0.0244203901259326,0.031848788118342075
9/7/2000,-805.7180000000001,26626.7604,6.3553,160.3926,42.687,2.0507,2.391086749285033,2.584127740705434,0.7560707770240351,4.506651182432432,0.005867383005796478,-0.05385996409335725,-0.026988215449841646,0.03653949489521757,0.024492655850490336,0.03180553318100876
9/8/2000,-805.7180000000001,26626.7604,6.3553,160.3926,41.876999999999995,2.0507,2.1256157635467976,2.27444394685774,0.741724082962858,4.421135979729729,-0.018975332068311257,-0.045451437168061104,-0.0508386219401632,0.03653949489521757,0.02411640162528583,0.03188700517385096
9/11/2000,-805.7180000000001,26626.7604,6.3553,160.3926,42.001000000000005,2.0507,2.2877495107632098,2.512172211350294,0.7439203669919766,4.434227195945946,0.002961052606442971,-0.06389854684853347,-0.056030026520429654,0.03653949489521757,0.02348358024578654,0.03187003029711347
9/12/2000,-805.7180000000001,26626.7604,6.3553,160.3926,41.626999999999995,2.0507,2.3736121241591697,2.6917902585298648,0.7372960909686676,4.394742398648647,-0.008904549891669444,-0.08618532259126754,-0.09362684259803611,0.03653949489521757,0.023140144720317255,0.031611306857811314
9/13/2000,-805.7180000000001,26626.7604,6.3553,160.3926,40.88,2.0507,2.231620553359684,2.53699604743083,0.7240652508900265,4.315878378378378,-0.01794508371970094,-0.08633752765795766,-0.11350132280869141,0.03653949489521757,0.02314503681443479,0.031675296683977824
9/14/2000,-805.7180000000001,26626.7604,6.3553,160.3926,41.004,2.0507,2.357131160962829,2.653102996561323,0.7262615349191449,4.328969594594594,0.0030332681017610774,-0.08101929671216301,-0.12266512613133063,0.03653949489521757,0.02319538210420556,0.03162316446378391
9/15/2000,-805.7180000000001,26626.7604,6.3553,160.3926,40.506,2.0507,2.611125969510564,3.038869572969599,0.7174409748667175,4.276393581081081,-0.012145156570090632,-0.10590676319971737,-0.14134904820451943,0.03653949489521757,0.022836473116539902,0.03161934014223001
9/18/2000,-805.7180000000001,26626.7604,6.3553,160.3926,40.132,2.0507,2.701189707645485,3.149497371576132,0.7108166988434085,4.236908783783783,-0.009233200019750254,-0.10803902829329015,-0.14530933872856988,0.03653949489521757,0.02285167823460927,0.03163101050658833
9/19/2000,-805.7180000000001,26626.7604,6.3553,160.3926,40.381,2.0507,2.7029802842732695,3.154424575882622,0.7152269788696223,4.26319679054054,0.006204525067277977,-0.10866590146565414,-0.15844864954984983,0.03653949489521757,0.022833481456327766,0.031501178108555614
9/20/2000,-805.7180000000001,26626.7604,6.3553,160.3926,38.885999999999996,2.0507,2.545404814004376,3.0282640408460972,0.6887475867443631,4.1053631756756745,-0.03702236200193176,-0.11986781947399394,-0.1853605396572674,0.03653949489521757,0.023505203221320943,0.03180309514627074
9/21/2000,-805.7180000000001,26626.7604,6.3553,160.3926,38.449,2.0507,2.739447578292161,3.3637424625559236,0.6810074567385183,4.059227195945946,-0.011237977678341782,-0.1430640991352412,-0.23449539092519955,0.03653949489521757,0.02301204127152595,0.03102950927079984
9/22/2000,-805.7180000000001,26626.7604,6.3553,160.3926,37.515,2.0507,2.4401650618982123,3.148739110499771,0.6644644786482227,3.9606207770270268,-0.02429191916564799,-0.17079262632067538,-0.278169014084507,0.03653949489521757,0.02302176781234949,0.030738311006102782
9/25/2000,-805.7180000000001,26626.7604,6.3553,160.3926,37.452,2.0507,2.535208608646403,3.2587313573720964,0.6633486246656867,3.953969594594594,-0.0016793282686925481,-0.16989161513398499,-0.2995436522779982,0.03653949489521757,0.023036756171613666,0.030441424408705762
9/26/2000,-805.7180000000001,26626.7604,6.3553,160.3926,37.561,2.0507,2.424598832968636,3.0567104303428154,0.6652792291751537,3.9654771959459456,0.002910391968386161,-0.15581876208028045,-0.3347207708248463,0.03653949489521757,0.02313521327325946,0.029441079594804524
9/27/2000,-805.7180000000001,26626.7604,6.3553,160.3926,37.515,2.0507,2.500186601977981,3.1047770106363126,0.6644644786482227,3.9606207770270268,-0.0012246745294320904,-0.14728946471189897,-0.27556242155064203,0.03653949489521757,0.023163531173447754,0.02775573158453326
9/28/2000,-805.7180000000001,26626.7604,6.3553,160.3926,39.696,2.0507,2.884148727984344,3.3413894324853226,0.7030942808055403,4.190878378378377,0.05813674530187907,-0.10532128287768494,-0.20769629954892022,0.05813674530187907,0.027060485565828695,0.02862784292403906
9/29/2000,-805.7180000000001,26626.7604,6.3553,160.3926,41.81399999999999,2.0507,3.193561327850767,3.4623407882860295,0.740608228980322,4.414484797297296,0.05335550181378457,-0.06023284038297316,-0.16542253802243434,0.05813674530187907,0.029883962950799224,0.029502323200832316
10/2/2000,-805.7180000000001,26626.7604,6.3553,160.3926,37.515,2.0507,2.626389560173997,3.325084581923635,0.6644644786482227,3.9606207770270268,-0.10281245515855919,-0.16154482265382297,-0.26224188790560476,0.05813674530187907,0.03694129878082913,0.032007656627298584
10/3/2000,-805.7180000000001,26626.7604,6.3553,160.3926,38.075,2.0507,2.8185738642061984,3.487313208304082,0.6743831807152094,4.019742398648648,0.014927362388378107,-0.14902889837516475,-0.249398730434097,0.05813674530187907,0.03723901410424419,0.03209861620280091
10/4/2000,-805.7180000000001,26626.7604,6.3553,160.3926,36.704,2.0507,2.3464624361779722,2.7328592268417213,0.6501000726190688,3.8749999999999996,-0.03600787918581749,-0.10351228567241466,-0.29207090092001464,0.05813674530187907,0.033453993701803006,0.03217054754352958
10/5/2000,-805.7180000000001,26626.7604,6.3553,160.3926,35.411,2.0507,2.4026136254444124,3.0778322283078703,0.6271984980251156,3.7384923986486482,-0.035227768090671296,-0.16558273245676047,-0.2984586734289564,0.05813674530187907,0.03269348458037127,0.03228404960628347
10/6/2000,-805.7180000000001,26626.7604,6.3553,160.3926,32.28,2.0507,2.3419608655140287,3.4194015943679474,0.5717423262898741,3.407939189189189,-0.08841885289881679,-0.24379787757396854,-0.3263913524342147,0.05813674530187907,0.036889742182332236,0.03347324926318818
10/9/2000,-805.7180000000001,26626.7604,6.3553,160.3926,31.906,2.0507,2.160574541852402,3.1482912332838033,0.5651180502665651,3.368454391891891,-0.011586121437422658,-0.23810206079709617,-0.3816426993294314,0.05813674530187907,0.036860642477524456,0.03177199190164031
10/10/2000,-805.7180000000001,26626.7604,6.3553,160.3926,33.961999999999996,2.0507,2.4060776251128266,3.2123157155751683,0.6015338564267876,3.5855152027027017,0.0644392904155957,-0.1914002047570298,-0.33538160469667333,0.0644392904155957,0.04039674031048118,0.03302230548604643
10/11/2000,-805.7180000000001,26626.7604,6.3553,160.3926,34.757,2.0507,2.575455200082296,3.282172615986009,0.6156148709683132,3.66944679054054,0.023408515399564234,-0.16503711533379772,-0.3231221640148786,0.0644392904155957,0.04102203620565975,0.03320205082605944
10/12/2000,-805.7180000000001,26626.7604,6.3553,160.3926,31.781,2.0507,2.167646765673278,3.0745539718927546,0.5629040542694699,3.355257601351351,-0.08562303996317289,-0.2225782778864971,-0.38107850201561855,0.0644392904155957,0.044384938391911696,0.03468750230910327
10/13/2000,-805.7180000000001,26626.7604,6.3553,160.3926,34.149,2.0507,2.424832012837228,3.112325744659512,0.6048459944384421,3.605257601351351,0.07450992731506245,-0.16717881182323668,-0.34451120026105153,0.07450992731506245,0.04809679247245327,0.03608212768661201
10/16/2000,-805.7180000000001,26626.7604,6.3553,160.3926,35.52,2.0507,2.584981832862334,3.0882115462252724,0.6291291025345828,3.75,0.04014758850918043,-0.12309287512961031,-0.3278328665506016,0.07450992731506245,0.04918846341495465,0.036461610572728655
10/17/2000,-805.7180000000001,26626.7604,6.3553,160.3926,36.641999999999996,2.0507,2.7693652916366625,3.1283818537187527,0.6490019306045094,3.8684543918918908,0.031587837837837585,-0.08696302202730988,-0.3393314341350835,0.07450992731506245,0.04981799488297933,0.03609180960224671
10/18/2000,-805.7180000000001,26626.7604,6.3553,160.3926,34.399,2.0507,2.5843492758153586,3.2076690632489315,0.6092739864326326,3.631651182432432,-0.061213907537797985,-0.1481389762512072,-0.32682974559686884,0.07450992731506245,0.05133627647926596,0.035588358681841875
10/19/2000,-805.7180000000001,26626.7604,6.3553,160.3926,35.333,2.0507,2.6816713556319676,3.051891216005001,0.6258169645229281,3.730257601351351,0.02715195209163057,-0.09136964460217034,-0.3004474538686941,0.07450992731506245,0.05132793202280124,0.035817646938240084
10/20/2000,-805.7180000000001,26626.7604,6.3553,160.3926,37.701,2.0507,2.980257601351351,3.0592271959459456,0.6677589046919004,3.829067641681901,0.06701950018396396,-0.019454342115529655,-0.1954888822500106,0.07450992731506245,0.05351505140240845,0.035900497890790445
10/23/2000,-805.7180000000001,26626.7604,6.3553,160.3926,38.635999999999996,2.0507,2.9240300629697336,2.8101767215112736,0.6843195947501727,3.9240300629697336,0.024800403172329455,0.02988138078102076,-0.1755366821731894,0.07450992731506245,0.05345229425889866,0.03606730096500767
10/24/2000,-805.7180000000001,26626.7604,6.3553,160.3926,41.191,2.0507,3.1835263050985176,2.803778184034125,0.7295736729307994,3.8881442325844815,0.06613003416502772,0.09983445476877084,-0.09700543668888117,0.07450992731506245,0.05518872697054793,0.03694570226110342
10/25/2000,-805.7180000000001,26626.7604,6.3553,160.3926,40.693000000000005,2.0507,2.841136492354163,2.5454974513875777,0.7207531128783721,3.6479605558045725,-0.012090019664489748,0.0833843614387264,-0.06446421592293705,0.07450992731506245,0.05532788003592103,0.036514021897007684
10/26/2000,-805.7180000000001,26626.7604,6.3553,160.3926,40.817,2.0507,2.4113664855829504,2.1353949017969076,0.7229493969074905,3.659076647243389,0.0030472071363623066,0.08801812608290027,-0.09281443780143583,0.07450992731506245,0.05531052167352825,0.036244967139533596
10/27/2000,-805.7180000000001,26626.7604,6.3553,160.3926,43.871,2.0507,2.320793278328666,2.0047687533116343,0.7770417471085214,3.9328552218736,0.07482176544087027,0.10517432486900447,0.01440529041805405,0.07482176544087027,0.05621672828359004,0.037144100870064096
10/30/2000,-805.7180000000001,26626.7604,6.3553,160.3926,46.114,2.0507,2.1092980918346704,1.8193648439080299,0.8167696912803982,4.133930972658001,0.05112716828884678,0.1028363705935813,0.04224206124985863,0.07482176544087027,0.056125503685244334,0.037579829381862925
10/31/2000,-805.7180000000001,26626.7604,6.3553,160.3926,49.978,2.0507,3.0918617979367937,2.0714753561486816,0.8852087355426063,4.480322725235321,0.08379234072082231,0.33221378115420497,0.10166203764934068,0.08379234072082231,0.052669361369952275,0.03888051796345271
11/1/2000,-805.7180000000001,26626.7604,6.3553,160.3926,51.66,2.0507,3.2295726215817906,2.1173243818568857,0.9150002656795196,4.6311071268489465,0.033654808115570756,0.35679579776756376,0.17920975142094098,0.08379234072082231,0.05282490843016499,0.03879129065767669
11/2/2000,-805.7180000000001,26626.7604,6.3553,160.3926,54.963,2.0507,3.6421452702702704,2.1,0.9735028959067643,4.927207530255491,0.06393728222996531,0.49746621621621623,0.23877031260564818,0.08379234072082231,0.05240799171312464,0.0395200932982531
11/3/2000,-805.7180000000001,26626.7604,6.3553,160.3926,52.843999999999994,2.0507,3.3937806601812577,1.9442920096449652,0.9359712357640056,4.737247870909906,-0.03855320852209676,0.4923046510971165,0.1680297069095087,0.08379234072082231,0.05259024601678586,0.039831502967096276
11/6/2000,-805.7180000000001,26626.7604,6.3553,160.3926,50.86600000000001,2.0507,3.251232762223151,1.6978687839531967,0.9009369631059709,4.559928283281041,-0.03743092877147802,0.5757744733581167,0.1274242524990583,0.08379234072082231,0.048309333312732086,0.04015414876236545
11/7/2000,-805.7180000000001,26626.7604,6.3553,160.3926,47.828,2.0507,2.997325532804012,1.6666109486000833,0.8471280043925682,4.287584043030032,-0.05972555341485475,0.49902839591299464,0.09019625720863433,0.08379234072082231,0.051094597511897,0.040744641198863896
11/8/2000,-805.7180000000001,26626.7604,6.3553,160.3926,47.361000000000004,2.0507,2.9378897480668495,1.8238130872204201,0.8388565153474203,4.245719408337069,-0.009764154888349919,0.39452917967139767,0.0555629847552821,0.08379234072082231,0.05048147589743727,0.04068615975753731
11/9/2000,-805.7180000000001,26626.7604,6.3553,160.3926,44.619,2.0507,2.89141810570382,2.0313099598813884,0.7902902991551392,3.9999103541013,-0.057895736998796576,0.28374140460914354,-0.02050358922573714,0.08379234072082231,0.053033025347928905,0.04133110013151604
11/10/2000,-805.7180000000001,26626.7604,6.3553,160.3926,41.751999999999995,2.0507,2.7428955625280143,1.8490363065889737,0.7395100869657627,3.7428955625280143,-0.06425513794571824,0.31374091438280716,-0.0668484455669045,0.08379234072082231,0.05121379587461408,0.042071079830562186
11/13/2000,-805.7180000000001,26626.7604,6.3553,160.3926,39.883,2.0507,2.5753473778574634,2.061317794710892,0.7064064188171949,3.555585272354462,-0.04476432266717745,0.16791121262701703,-0.1061431228848696,0.08379234072082231,0.050817635624969194,0.042443169558664465
11/14/2000,-805.7180000000001,26626.7604,6.3553,160.3926,43.185,2.0507,2.8499598823214765,2.166622091468307,0.7648913370764626,3.8499598823214765,0.0827921670887346,0.21579391891891886,-0.04677291188416022,0.08379234072082231,0.05294691425310017,0.04369144480656227
11/15/2000,-805.7180000000001,26626.7604,6.3553,160.3926,41.004,2.0507,2.6555228670767583,2.266648836587322,0.7262615349191449,3.5955804980708517,-0.050503647099687465,0.11904372032094335,-0.08865823572555742,0.08379234072082231,0.05433785342345957,0.04414853127959332
11/16/2000,-805.7180000000001,26626.7604,6.3553,160.3926,37.468,2.0507,2.2677481248909825,2.000087214372929,0.6636320161533149,3.285513854787794,-0.08623548922056368,0.08921770981714583,-0.17296485961504482,0.08379234072082231,0.0561472274971471,0.04543695682944115
11/17/2000,-805.7180000000001,26626.7604,6.3553,160.3926,38.138000000000005,2.0507,2.3442651701157486,2.098298842511399,0.6754990346977454,3.255206555138273,0.017881925910109953,0.07938754139190007,-0.13679779095559252,0.08379234072082231,0.05600536144645059,0.04540979913793419
11/20/2000,-805.7180000000001,26626.7604,6.3553,160.3926,37.078,2.0507,2.1647319904404236,2.2179071355411404,0.6567243486423777,2.874263565891473,-0.027793801457863587,-0.016524760616429157,-0.1736203976107693,0.08379234072082231,0.05457018948460484,0.045478673042510645
11/21/2000,-805.7180000000001,26626.7604,6.3553,160.3926,37.328,2.0507,1.8936434108527131,1.9950387596899222,0.6611523406365682,2.866093366093366,0.006742542747721014,-0.033854436277047095,-0.1749259537597806,0.08379234072082231,0.05431173752699555,0.04547327756454158
11/22/2000,-805.7180000000001,26626.7604,6.3553,160.3926,34.897,2.0507,1.6794379606879604,2.1626996314496316,0.61809454648506,2.5687891056312107,-0.06512537505357918,-0.15280036901264848,-0.2265221535119799,0.08379234072082231,0.05384212454019146,0.046163173168619086
11/23/2000,-805.7180000000001,26626.7604,6.3553,160.3926,34.897,2.0507,1.5687891056312107,1.995436142804564,0.61809454648506,2.545368344274252,0.0,-0.14243235937384824,-0.215692003416191,0.08379234072082231,0.05384391550417864,0.04614386667210016
11/24/2000,-805.7180000000001,26626.7604,6.3553,160.3926,36.144,2.0507,1.5892972275950994,1.9240633283186472,0.640181370552082,2.636323851203501,0.035733730693182864,-0.11448661097091906,-0.17845209682918517,0.08379234072082231,0.05458336429461157,0.046384154809881464
11/27/2000,-805.7180000000001,26626.7604,6.3553,160.3926,37.888000000000005,2.0507,1.6901448452144279,2.114953138312979,0.6710710427035549,2.763530269876003,0.048251438689685955,-0.13637710560506933,-0.14607045459667778,0.08379234072082231,0.05293933191937994,0.04679848517052763
11/28/2000,-805.7180000000001,26626.7604,6.3553,160.3926,40.755,2.0507,1.868454391891892,2.245636261261261,0.7218512548929312,2.972647702407002,0.07567039695945943,-0.11621199635685464,-0.08403380231042379,0.08379234072082231,0.05450271868325225,0.04779433000187176
11/29/2000,-805.7180000000001,26626.7604,6.3553,160.3926,39.259,2.0507,1.7752721617418352,2.5330128658277964,0.6953541507996954,2.863530269876003,-0.03670715249662626,-0.2144743687222378,-0.12256665847171633,0.0827921670887346,0.050976313348704574,0.04800740228559185
11/30/2000,-805.7180000000001,26626.7604,6.3553,160.3926,37.141,2.0507,1.5801319902744009,2.5887460923931918,0.6578402026249137,2.709044493070751,-0.05394941287348132,-0.28104916763453347,-0.169903672082784,0.0827921670887346,0.05079267712038838,0.04846943844237789
12/1/2000,-805.7180000000001,26626.7604,6.3553,160.3926,39.509,2.0507,1.8817651349380013,3.008971553610503,0.6997821427938858,2.6416822679860927,0.06375703400554644,-0.28117096956134124,-0.0350007327438816,0.0827921670887346,0.05077879661995546,0.04797260436820454
12/4/2000,-805.7180000000001,26626.7604,6.3553,160.3926,37.078,2.0507,1.479138807167692,2.5332976731746455,0.6567243486423777,2.342557493050291,-0.06153028423903406,-0.2983498599651804,-0.12630189924124602,0.0827921670887346,0.05156724696464031,0.048376086771348324
12/5/2000,-805.7180000000001,26626.7604,6.3553,160.3926,37.951,2.0507,1.3977129138236037,2.2136719737174633,0.6721868966860909,2.3423651401061596,0.023544959275041633,-0.253902410254394,-0.11094712675990337,0.0827921670887346,0.05198381839680151,0.04846765653575569
12/6/2000,-805.7180000000001,26626.7604,6.3553,160.3926,34.897,2.0507,1.043748169838946,1.8010541727672038,0.61809454648506,2.153869892605851,-0.08047218782113785,-0.27036463995985627,-0.16667860639491838,0.0827921670887346,0.05310983809631242,0.04945086509265728
12/7/2000,-805.7180000000001,26626.7604,6.3553,160.3926,35.458,2.0507,1.1884952475003083,1.9231576348598938,0.6280309605200234,2.107459138187221,0.016075880448175983,-0.2513249297945568,-0.1557820051903528,0.0827921670887346,0.05349992573229023,0.04949830284888644
12/8/2000,-805.7180000000001,26626.7604,6.3553,160.3926,35.957,2.0507,1.1213569321533923,1.6323893805309737,0.6368692325404276,2.1371173848439824,0.014072987760167077,-0.19413254443174432,-0.13620967160737008,0.0827921670887346,0.052734271840156464,0.049527303732520116
12/11/2000,-805.7180000000001,26626.7604,6.3553,160.3926,35.707,2.0507,1.1222585438335813,1.4815453194650816,0.6324412405462372,2.1222585438335813,-0.006952749117000834,-0.1447834834259436,-0.12654109589041096,0.0827921670887346,0.05118634492078371,0.049486376548431486
12/12/2000,-805.7180000000001,26626.7604,6.3553,160.3926,35.645,2.0507,1.118573551263002,1.3704606240713226,0.6313430985316779,2.1106702984367605,-0.001736354216260061,-0.1062608128776672,-0.1306945663837673,0.0827921670887346,0.050419525532668416,0.04948385847406021
12/13/2000,-805.7180000000001,26626.7604,6.3553,160.3926,35.832,2.0507,1.113982300884956,1.5477876106194692,0.6346552365433323,2.1217432496447186,0.005246177584513845,-0.17026745397707543,-0.1153903125462894,0.07567039695945943,0.046416856053777614,0.049469240572510786
12/14/2000,-805.7180000000001,26626.7604,6.3553,160.3926,37.203,2.0507,1.1320992607026192,1.3499340936443347,0.658938344639473,2.202925153955472,0.03826188881446768,-0.09269827333918634,-0.07298415229741839,0.07567039695945943,0.046376351761784555,0.049698982454280276
12/15/2000,-805.7180000000001,26626.7604,6.3553,160.3926,36.891,2.0507,1.1142185798613098,1.1472863774428332,0.6534122106307232,2.1844504973945997,-0.00838642044996385,-0.01539980783602024,-0.08642678487407451,0.07567039695945943,0.04237836670983369,0.0497036982313842
12/18/2000,-805.7180000000001,26626.7604,6.3553,160.3926,36.954,2.0507,1.0590627960104753,1.1250348247617992,0.6545280646132592,2.1881809568924684,0.0017077335935595794,-0.031045151817085448,-0.04968369078845847,0.07567039695945943,0.042186015041468315,0.04948006334461515
12/19/2000,-805.7180000000001,26626.7604,6.3553,160.3926,36.766999999999996,2.0507,0.9666755817063384,0.9833110457341536,0.6512159266016047,2.17710800568451,-0.00506034529414956,-0.008387723178165163,-0.043746261281177756,0.07567039695945943,0.04174393389856236,0.049462737975055744
12/20/2000,-805.7180000000001,26626.7604,6.3553,160.3926,36.393,2.0507,1.0278040898200258,1.0799019334707753,0.6445916505782958,2.1549621032685935,-0.0101721652568878,-0.0250482211744536,-0.029908036785285863,0.07567039695945943,0.04177932403266478,0.04938050197576627
12/21/2000,-805.7180000000001,26626.7604,6.3553,160.3926,36.268,2.0507,1.049271104079557,0.9718047236975929,0.6423776545812006,2.14756039791568,-0.003434726458384829,0.03928704473163891,-0.031613798996048215,0.07567039695945943,0.039080140761902006,0.04938237638637092
12/22/2000,-805.7180000000001,26626.7604,6.3553,160.3926,42.001000000000005,2.0507,1.477935103244838,1.0588200589970502,0.7439203669919766,2.4870322122216963,0.15807323260174266,0.20357050749348105,0.11820771544953557,0.15807323260174266,0.051735230073311385,0.053215056756442405
12/25/2000,-805.7180000000001,26626.7604,6.3553,160.3926,42.001000000000005,2.0507,1.4870322122216963,1.14021790620559,0.7439203669919766,2.292505867583648,0.0,0.16204625940681727,0.11957883513261369,0.15807323260174266,0.051436580289161496,0.05321365244925157
12/26/2000,-805.7180000000001,26626.7604,6.3553,160.3926,42.375,2.0507,1.3129196004584904,1.0680093881338362,0.7505446430152855,1.9318440847959883,0.008904549891669111,0.11842799831081074,0.06748790810157201,0.15807323260174266,0.05062228047725589,0.05275308691211504
12/27/2000,-805.7180000000001,26626.7604,6.3553,160.3926,44.058,2.0507,1.008570777296558,0.8579895144745842,0.7803538851201758,1.9423356698849357,0.03971681415929207,0.0810452705189546,0.05366623618883648,0.15807323260174266,0.04873960279823949,0.05256826169407145
12/28/2000,-805.7180000000001,26626.7604,6.3553,160.3926,45.803000000000004,2.0507,0.7753788906546768,0.5217256482809411,0.8112612692396254,2.0192655292509807,0.03960688183757788,0.16668789322193645,0.22092496334799416,0.15807323260174266,0.04833278838055103,0.05101973299223188
12/29/2000,-805.7180000000001,26626.7604,6.3553,160.3926,40.942,2.0507,0.804964070008376,0.6373936428162057,0.7251633929045856,1.6384008963944134,-0.10612841953583829,0.10233973237123406,0.07529875246224549,0.15807323260174266,0.05283236180433537,0.05286476797518964
1/1/2001,-805.7180000000001,26626.7604,6.3553,160.3926,40.942,2.0507,0.6142412175215863,0.5577415920829554,0.7251633929045856,1.6384008963944134,0.0,0.03627021691260213,0.11546425457715781,0.15807323260174266,0.05114989063735432,0.05263563658572153
1/2/2001,-805.7180000000001,26626.7604,6.3553,160.3926,39.196999999999996,2.0507,0.5685701708751849,0.4837728600584257,0.694256008785136,1.568570170875185,-0.04262126911240305,0.05714979232968309,0.10691593007822409,0.15807323260174266,0.050114537130267485,0.05273061253213374
1/3/2001,-805.7180000000001,26626.7604,6.3553,160.3926,37.515,2.0507,0.5012605546440434,0.5187082316219136,0.6644644786482227,1.4000223914017018,-0.04291144730464058,-0.011488498326789776,0.16217472118959098,0.15807323260174266,0.05089889536005302,0.05176121599315385
1/4/2001,-805.7180000000001,26626.7604,6.3553,160.3926,36.58,2.0507,0.3132292227607252,0.2528091904505474,0.6479037885899502,1.3651291237498133,-0.024923363987738312,0.04822764134452817,0.14649282266658314,0.15807323260174266,0.047822306946033726,0.051851932225205934
1/5/2001,-805.7180000000001,26626.7604,6.3553,160.3926,34.586,2.0507,0.29071503209434235,0.3232572025675473,0.6125861244442871,1.2907150320943424,-0.054510661563695995,-0.024592475604941044,0.018373476238148667,0.15807323260174266,0.04933625022135674,0.051762247994633734
1/8/2001,-805.7180000000001,26626.7604,6.3553,160.3926,35.147,2.0507,0.31165099268547536,0.3418793849828332,0.6225225384792504,1.3116509926854754,0.016220436014572348,-0.022526907139082897,0.011220761285496428,0.15807323260174266,0.04936922161147296,0.05172130399081379
1/9/2001,-805.7180000000001,26626.7604,6.3553,160.3926,34.897,2.0507,0.3023212419764143,0.33254963427377215,0.61809454648506,1.261230980519715,-0.007112982615870456,-0.022684627664043555,0.0980460023284353,0.15807323260174266,0.04937036923114148,0.05052054098730302
1/10/2001,-805.7180000000001,26626.7604,6.3553,160.3926,36.330999999999996,2.0507,0.28414392761204565,0.2598967906121874,0.6434935085637364,1.3130579348729623,0.04109235750924145,0.019245335951746156,0.06389645377609865,0.15807323260174266,0.05017164035875132,0.04992668496470144
1/11/2001,-805.7180000000001,26626.7604,6.3553,160.3926,41.378,2.0507,0.36067083196316996,0.17829661295626442,0.7328858109424539,1.495464237955835,0.13891717816740545,0.15477785219915163,0.1649211711711711,0.15807323260174266,0.05839898408416862,0.05261584278204596
1/12/2001,-805.7180000000001,26626.7604,6.3553,160.3926,40.693000000000005,2.0507,0.2956253183902191,0.18450713194090684,0.7207531128783721,1.470707289746648,-0.016554690898545,0.09380963900760686,0.11055619234757952,0.15807323260174266,0.05822418917767881,0.0525548470684748
1/15/2001,-805.7180000000001,26626.7604,6.3553,160.3926,40.693000000000005,2.0507,0.4103559421897205,0.27858454926697385,0.7207531128783721,1.470707289746648,0.0,0.10306036702718835,0.18297043518706957,0.15807323260174266,0.05815052153245123,0.051910340859231956
1/16/2001,-805.7180000000001,26626.7604,6.3553,160.3926,41.876999999999995,2.0507,0.3884486588640961,0.22522462783064223,0.741724082962858,1.5134988615417975,0.029095913302041865,0.13321967851923988,0.18520929442730583,0.15807323260174266,0.05835083419925312,0.051924915373593575
1/17/2001,-805.7180000000001,26626.7604,6.3553,160.3926,42.001000000000005,2.0507,0.3896572260455269,0.21648358920063515,0.7439203669919766,1.5179804112906141,0.002961052606442971,0.14235591699077998,0.11405533009734503,0.15807323260174266,0.05829049672536989,0.05129445262016443
1/18/2001,-805.7180000000001,26626.7604,6.3553,160.3926,44.181999999999995,2.0507,0.33771345525009067,0.10188325057526959,0.7825501691492941,1.5968050887274565,0.0519273350634506,0.21402467507487688,0.143544880422404,0.15807323260174266,0.05889903344902726,0.05159348101287215
1/19/2001,-805.7180000000001,26626.7604,6.3553,160.3926,44.494,2.0507,0.31250737463126854,0.06985250737463122,0.7880763031580439,1.6080812461599623,0.007061699334570681,0.22681151428256308,0.08018741958194742,0.15807323260174266,0.05881602935417688,0.0509684198754032
1/22/2001,-805.7180000000001,26626.7604,6.3553,160.3926,44.681000000000004,2.0507,0.28036793993753073,0.20357050749348105,0.7913884411696985,1.6148397123134195,0.0042028138625433975,0.06380800457131963,0.09800211338559461,0.13891717816740545,0.048264508949645596,0.05093460988839891
1/23/2001,-805.7180000000001,26626.7604,6.3553,160.3926,45.865,2.0507,0.33332364312916085,0.22099479636035935,0.8123594112541845,1.6576312841085692,0.026498959289183333,0.09199780957596237,0.1236739593796703,0.13891717816740545,0.048499298408999275,0.051022504756706555
1/24/2001,-805.7180000000001,26626.7604,6.3553,160.3926,45.74,2.0507,0.2968160811998526,0.2014119248107511,0.8101454152570893,1.6531135928295204,-0.0027253897307314423,0.07941002949852516,0.04260217455722448,0.13891717816740545,0.04852255704687028,0.0501933179362126
1/25/2001,-805.7180000000001,26626.7604,6.3553,160.3926,42.748999999999995,2.0507,0.2382759319873704,0.2761926831387769,0.7571689190385944,1.5450142759044416,-0.06539134236991706,-0.029710835716555528,-0.0729713319165547,0.13891717816740545,0.05013005653155799,0.05049530488521133
1/26/2001,-805.7180000000001,26626.7604,6.3553,160.3926,42.687,2.0507,0.2685209949184275,0.3611185403108379,0.7560707770240351,1.5427735010300334,-0.0014503263234226793,-0.0680304783529464,-0.14588418904317912,0.13891717816740545,0.049291416203078364,0.049343647054312836
1/29/2001,-805.7180000000001,26626.7604,6.3553,160.3926,43.06100000000001,2.0507,0.2428134380050797,0.1816555068113599,0.7626950530473443,1.5562904333369476,0.008761449621664807,0.05175614283620744,-0.16645373596593094,0.13891717816740545,0.04317697286722998,0.04915838072498152
1/30/2001,-805.7180000000001,26626.7604,6.3553,160.3926,44.868,2.0507,0.29031144853765856,0.17740775889339422,0.794700579181353,1.6215981784668763,0.04196372587724384,0.09589174930389333,-0.18366901370012556,0.13891717816740545,0.043981930912141864,0.04876140219889538
1/31/2001,-805.7180000000001,26626.7604,6.3553,160.3926,45.178999999999995,2.0507,0.29925516924050233,0.12722514594656742,0.8002090012221258,1.6328381943691495,0.006931443344922794,0.15261372043778865,-0.14504957989554157,0.13891717816740545,0.0425918184168442,0.04854868383575309
2/1/2001,-805.7180000000001,26626.7604,6.3553,160.3926,45.49100000000001,2.0507,0.30122997711670507,0.07308352402745988,0.8057351352308757,1.6441143518016554,0.006905863343589003,0.2126082900173265,-0.10566979907993546,0.13891717816740545,0.040993902850275855,0.04833799894947803
2/2/2001,-805.7180000000001,26626.7604,6.3553,160.3926,44.369,2.0507,0.30401175606171926,0.07509184423218218,0.7858623071609487,1.6035635548809135,-0.024664219296124612,0.21293056314926195,-0.07232165258844203,0.13891717816740545,0.04098290383771328,0.04784607090484198
2/5/2001,-805.7180000000001,26626.7604,6.3553,160.3926,44.93,2.0507,0.4249016871749336,0.09685398959786884,0.7957987211959121,1.6238389533412845,0.012643963127408675,0.29908055282484236,-0.05132915267836413,0.13891717816740545,0.03822417308483603,0.047856221090345805
2/6/2001,-805.7180000000001,26626.7604,6.3553,160.3926,44.619,2.0507,0.6125989374390111,0.2702663630778126,0.7902902991551392,1.612598937439011,-0.006921878477631815,0.2694966853501011,0.0,0.13891717816740545,0.03846569888407738,0.04728437301163443
2/7/2001,-805.7180000000001,26626.7604,6.3553,160.3926,43.185,2.0507,0.5607719830857638,0.26123098051971505,0.7648913370764626,1.4377268036088826,-0.03213877496133932,0.23749892540906115,0.03432170913968213,0.13891717816740545,0.039465433788508336,0.04673856275958014
2/8/2001,-805.7180000000001,26626.7604,6.3553,160.3926,40.693000000000005,2.0507,0.35476245963311936,0.20954156540267,0.7207531128783721,1.3218879937629937,-0.05770522172050474,0.12006275632380081,0.02030940500965328,0.13891717816740545,0.041522730306324286,0.046973430263178455
2/9/2001,-805.7180000000001,26626.7604,6.3553,160.3926,39.196999999999996,2.0507,0.27329132016631985,0.34413981288981277,0.694256008785136,1.2333469683144016,-0.03676307964514802,-0.05270916912368906,-0.09234687970360089,0.0519273350634506,0.029365819222824077,0.04603733256486433
2/12/2001,-805.7180000000001,26626.7604,6.3553,160.3926,40.319,2.0507,0.21618605212355213,0.22746742277992293,0.714128836855063,1.2686510808344609,0.028624639640788985,-0.009190769911286978,-0.016705687250024304,0.0519273350634506,0.02990845871486865,0.045729774417288954
2/13/2001,-805.7180000000001,26626.7604,6.3553,160.3926,40.132,2.0507,0.11806987240207278,0.13369922549729774,0.7108166988434085,1.2627670620811176,-0.004638011855452873,-0.013786154866930578,0.0711006725739296,0.0519273350634506,0.029925511483970837,0.04436155285143638
2/14/2001,-805.7180000000001,26626.7604,6.3553,160.3926,40.256,2.0507,0.12152448877249689,0.16668523987295925,0.713012982872527,1.266668764356062,0.003089803647961853,-0.03870859899228685,0.05553516178090079,0.0519273350634506,0.02918009367592673,0.044315479196320416
2/15/2001,-805.7180000000001,26626.7604,6.3553,160.3926,39.898,2.0507,-0.01196107080062403,0.040117877219484566,0.7066720983368463,1.255404172304207,-0.00889308426073121,-0.050070236422942394,0.07605588219429316,0.0519273350634506,0.02920478049916145,0.044175616177092154
2/16/2001,-805.7180000000001,26626.7604,6.3553,160.3926,38.138000000000005,2.0507,-0.1181557528671846,0.0215963743988159,0.6754990346977454,1.2000251722727417,-0.04411248684144564,-0.13679779095559252,0.021699528504071974,0.04196372587724384,0.027819283326820196,0.04455255733286609
2/19/2001,-805.7180000000001,26626.7604,6.3553,160.3926,38.138000000000005,2.0507,-0.10786217221455452,0.04081966829633443,0.6754990346977454,1.2000251722727417,0.0,-0.14285072144558808,0.09287331289222589,0.04196372587724384,0.027688186544047262,0.04373451200716021
2/20/2001,-805.7180000000001,26626.7604,6.3553,160.3926,36.144,2.0507,-0.17845209682918517,0.015592680986475926,0.640181370552082,1.1372832824643655,-0.05228381142167937,-0.19106555359101196,0.035733730693182864,0.04196372587724384,0.029251026543552393,0.04427224948363234
2/21/2001,-805.7180000000001,26626.7604,6.3553,160.3926,35.271,2.0507,-0.18208380678524227,0.06358555759107665,0.624718822508369,1.1098140398351217,-0.02415338645418319,-0.2309822304589556,-0.02415338645418319,0.04196372587724384,0.028191950617812624,0.04416821434754585
2/22/2001,-805.7180000000001,26626.7604,6.3553,160.3926,33.152,2.0507,-0.25699813980591224,0.025123826172706698,0.5871871623656105,1.0431389824108745,-0.060077684216495175,-0.27520769567118497,-0.1250000000000001,0.04196372587724384,0.029966238027411402,0.04438940678273155
2/23/2001,-805.7180000000001,26626.7604,6.3553,160.3926,31.158,2.0507,-0.35065855285095027,-0.10909886628876297,0.5518694982199472,1.0,-0.060147200772200815,-0.27114084539989225,-0.23548030916451967,0.04196372587724384,0.029542190217501447,0.043892789960994744
2/26/2001,-805.7180000000001,26626.7604,6.3553,160.3926,32.031,2.0507,-0.3218943178931325,-0.09630366669489387,0.5673320462636604,1.0280184864240323,0.028018486424032263,-0.2496310352097828,-0.18411064978730995,0.04196372587724384,0.030864605537739672,0.04385627066784998
2/27/2001,-805.7180000000001,26626.7604,6.3553,160.3926,33.402,2.0507,-0.32492572606560355,-0.12971159481800343,0.5916151543598009,1.0720200269593683,0.04280228528612917,-0.22430970019274987,-0.1006704181362914,0.04280228528612917,0.03289827478032144,0.04371208180205278
2/28/2001,-805.7180000000001,26626.7604,6.3553,160.3926,32.903,2.0507,-0.38604642483952833,-0.1627854903716972,0.5827768823393967,1.0560048783618974,-0.01493922519609614,-0.26667112418650274,-0.1672024095775646,0.04280228528612917,0.030532850424251686,0.04295656873321294
3/1/2001,-805.7180000000001,26626.7604,6.3553,160.3926,34.025,2.0507,-0.3499980896343561,-0.13691590570435197,0.6026497104093236,1.0920148918415815,0.03410023402121376,-0.2468846145333008,-0.0823399320351692,0.04280228528612917,0.032013198429391494,0.04250664477462163
3/2/2001,-805.7180000000001,26626.7604,6.3553,160.3926,33.9,2.0507,-0.30524244784194776,-0.06769274910849676,0.6004357144122283,1.088003081070672,-0.0036737692872887973,-0.2547976522828693,-0.10674290532528796,0.04280228528612917,0.03176795805852596,0.04239658141171713
3/5/2001,-805.7180000000001,26626.7604,6.3553,160.3926,33.525999999999996,2.0507,-0.25896291056982457,-0.019296229167587553,0.5938114383889194,1.0759997432441104,-0.011032448377581217,-0.24438233902048734,-0.03928704473163891,0.04280228528612917,0.031665832081825884,0.041180324407950324
3/6/2001,-805.7180000000001,26626.7604,6.3553,160.3926,33.9,2.0507,-0.32085904319256364,-0.09988781152335935,0.6004357144122283,1.088003081070672,0.011155521088110687,-0.24549298909414652,-0.0439393084776355,0.04280228528612917,0.031607712368249524,0.04115434617950252
3/7/2001,-805.7180000000001,26626.7604,6.3553,160.3926,33.838,2.0507,-0.3109052031361368,-0.09135525913858056,0.5993375723976692,1.0860132229283008,-0.001828908554572184,-0.2416235236110177,-0.05893150151569926,0.04280228528612917,0.03167487825458763,0.04111601602081139
3/8/2001,-805.7180000000001,26626.7604,6.3553,160.3926,33.650999999999996,2.0507,-0.2847669450997896,-0.0821271440413186,0.5960254343860146,1.0800115540150201,-0.005526331343460145,-0.2207711010767629,-0.05757974626823881,0.04280228528612917,0.031385105241516865,0.041112603020533385
3/9/2001,-805.7180000000001,26626.7604,6.3553,160.3926,31.408,2.0507,-0.3445879676968344,-0.15083157697043048,0.5562974902141378,1.008023621541819,-0.066654779947104,-0.22817192146069354,-0.1188666012063403,0.04280228528612917,0.03209891503257227,0.04195840114366814
3/12/2001,-805.7180000000001,26626.7604,6.3553,160.3926,26.983,2.0507,-0.4434429272719772,-0.19151437646961766,0.47792203191696636,1.0,-0.14088767193071827,-0.31160548001122523,-0.24695802634516628,0.04280228528612917,0.0425085824068775,0.04548935256711938
3/13/2001,-805.7180000000001,26626.7604,6.3553,160.3926,25.674,2.0507,-0.4432493385956542,-0.12566682569284804,0.454737065835385,1.0,-0.048512026090501426,-0.36322825466901465,-0.30989436335779375,0.04280228528612917,0.04172008414749291,0.04551879802623152
3/14/2001,-805.7180000000001,26626.7604,6.3553,160.3926,23.369,2.0507,-0.5222821865162108,-0.17960668874442953,0.4139109796489488,1.0,-0.08977954350704997,-0.4176966012159872,-0.3665392643192106,0.04280228528612917,0.044177404450860304,0.04675880173963435
3/15/2001,-805.7180000000001,26626.7604,6.3553,160.3926,22.683000000000003,2.0507,-0.5351272697462801,-0.17498053039308104,0.4017605696168902,1.0,-0.029355128589156454,-0.436531200317965,-0.38618282188666986,0.04280228528612917,0.043731399268580606,0.046838332775741856
3/16/2001,-805.7180000000001,26626.7604,6.3553,160.3926,20.627,2.0507,-0.5453202839130628,-0.12053079398668609,0.36534476345666766,1.0,-0.0906405678261255,-0.48300666700085226,-0.43898060761008506,0.04280228528612917,0.04572633045283314,0.04801789453840433
3/19/2001,-805.7180000000001,26626.7604,6.3553,160.3926,21.000999999999998,2.0507,-0.4734347967805833,-0.0437529774590677,0.3719690394799766,1.0181315751199882,0.018131575119988197,-0.44934186375793184,-0.4229384771796775,0.04280228528612917,0.046763388022952844,0.0481295200852582
3/20/2001,-805.7180000000001,26626.7604,6.3553,160.3926,20.331,2.0507,-0.536573134872695,-0.13067858038339675,0.36010202093554616,1.0,-0.031903242702728374,-0.4669096439246946,-0.4394231829712143,0.04280228528612917,0.04636166317525688,0.048223804852491683
3/21/2001,-805.7180000000001,26626.7604,6.3553,160.3926,18.695,2.0507,-0.5481898593455459,-0.12649233892406597,0.3311252413255637,1.0,-0.08046825045497019,-0.4827633908809207,-0.5548915502011857,0.04280228528612917,0.04748094436074794,0.04416796136835861
3/22/2001,-805.7180000000001,26626.7604,6.3553,160.3926,15.765999999999998,2.0507,-0.5906211051100956,-0.08415558786871624,0.2792468871216281,1.0,-0.15667290719443716,-0.5530038842108248,-0.6246279850479751,0.04280228528612917,0.05491939301202592,0.04775828646752722
3/23/2001,-805.7180000000001,26626.7604,6.3553,160.3926,18.695,2.0507,-0.5282971261322635,-0.1635253450407489,0.3311252413255637,1.1857795255613346,0.1857795255613346,-0.4360822876447876,-0.5588200589970501,0.1857795255613346,0.0728337624868225,0.053941594191559854
3/26/2001,-805.7180000000001,26626.7604,6.3553,160.3926,19.116,2.0507,-0.5508669705370988,-0.26793853672289825,0.33858197984378047,1.2124825574020044,0.02251939021128635,-0.3864818024263432,-0.566117390712243,0.1857795255613346,0.07303780185849296,0.05372145663740745
3/27/2001,-805.7180000000001,26626.7604,6.3553,160.3926,19.817,2.0507,-0.5595537083546329,-0.2880892583290735,0.35099806939549055,1.2569453253837373,0.036670851642603086,-0.38131809809247286,-0.5673427504748598,0.1857795255613346,0.07334861104621332,0.05367744898569655
3/28/2001,-805.7180000000001,26626.7604,6.3553,160.3926,18.320999999999998,2.0507,-0.5739104144378809,-0.22317317084515564,0.3245009653022547,1.1620575922872003,-0.07549074027350267,-0.4514999101850189,-0.552513311513849,0.1857795255613346,0.072822065820886,0.05294270445483374
3/29/2001,-805.7180000000001,26626.7604,6.3553,160.3926,18.072,2.0507,-0.5307436643124221,-0.14564291649356054,0.320090685276041,1.1462641126474693,-0.013590961192074591,-0.45074917180804186,-0.5585950857310342,0.1857795255613346,0.0728325904359405,0.0529235975767846
3/30/2001,-805.7180000000001,26626.7604,6.3553,160.3926,15.765999999999998,2.0507,-0.6034508778107551,-0.14419739423512257,0.2792468871216281,1.0,-0.1276007082779992,-0.5366348273328435,-0.597775339949486,0.1857795255613346,0.07472808035006394,0.054779550100340454
4/2/2001,-805.7180000000001,26626.7604,6.3553,160.3926,16.327,2.0507,-0.5746737176648344,-0.11688852997108401,0.2891833011565916,1.0355828999112016,0.03558289991120156,-0.5183775811209439,-0.5647874183659869,0.1857795255613346,0.07598674347449821,0.05497746117804826
4/3/2001,-805.7180000000001,26626.7604,6.3553,160.3926,15.142999999999999,2.0507,-0.5766564159910541,-0.0627341347497905,0.2682123310721054,1.0,-0.07251791510994077,-0.5483207063174849,-0.5860306178239475,0.1857795255613346,0.07634507263942346,0.05548785524251058
4/4/2001,-805.7180000000001,26626.7604,6.3553,160.3926,12.962,2.0507,-0.6204281238103605,-0.007291575155934371,0.22958252891478773,1.0,-0.14402694314204578,-0.6176401179941002,-0.6252240791071532,0.1857795255613346,0.07917682526232227,0.05768678730774527
4/5/2001,-805.7180000000001,26626.7604,6.3553,160.3926,14.457,2.0507,-0.638638238308296,-0.15419801534731414,0.25606192104004677,1.1153371393303504,0.11533713933035039,-0.5727584372598853,-0.5886704412894415,0.1857795255613346,0.08596761309986946,0.059830403901215926
4/6/2001,-805.7180000000001,26626.7604,6.3553,160.3926,13.897,2.0507,-0.62137641673932,-0.0831789450741065,0.24614321897306013,1.072133929949082,-0.03873556062806949,-0.5870256455974562,-0.601770925867553,0.1857795255613346,0.085680664676129,0.059919422846272684
4/9/2001,-805.7180000000001,26626.7604,6.3553,160.3926,13.71,2.0507,-0.6308661586925499,-0.15435771788589425,0.24283108096140565,1.0577071439592656,-0.013456141613297778,-0.5634870096790626,-0.6226363160936941,0.1857795255613346,0.0855697951943402,0.05952200623548036
4/10/2001,-805.7180000000001,26626.7604,6.3553,160.3926,14.408,2.0507,-0.6120729113378746,-0.2734982902991303,0.25519403460918544,1.1115568585094893,0.050911743253099884,-0.4660341696623801,-0.6517956401952729,0.1857795255613346,0.08394790006549419,0.05685817420218633
4/11/2001,-805.7180000000001,26626.7604,6.3553,160.3926,16.631,2.0507,-0.5823455549974887,-0.3552486187845304,0.29456773942152714,1.2830581700354884,0.15428928373126038,-0.3522240398847083,-0.591305629960927,0.1857795255613346,0.09247135862322185,0.06072489886917112
4/12/2001,-805.7180000000001,26626.7604,6.3553,160.3926,19.941,2.0507,-0.4631000780808271,-0.3708031555423925,0.35319435342460903,1.5384199969140564,0.19902591545908233,-0.1466900594805084,-0.5099648588209276,0.19902591545908233,0.10200194164655181,0.0662953923910837
4/13/2001,-805.7180000000001,26626.7604,6.3553,160.3926,19.941,2.0507,-0.48882337862086644,-0.4185337093053062,0.35319435342460903,1.5384199969140564,0.0,-0.1208834810210292,-0.523819757862311,0.19902591545908233,0.10181903403291531,0.06612602350060552
4/16/2001,-805.7180000000001,26626.7604,6.3553,160.3926,19.592,2.0507,-0.5403528528528528,-0.5160707582582582,0.3470128766007191,1.5114951396389444,-0.01750162980793346,-0.05017695253793575,-0.5335349158353373,0.19902591545908233,0.0998411852351606,0.06611368989557202
4/17/2001,-805.7180000000001,26626.7604,6.3553,160.3926,21.427,2.0507,-0.471016639510196,-0.4815335999604997,0.3795143378380772,1.6530627989507791,0.09366067782768472,0.020284748345317016,-0.515028744737676,0.19902591545908233,0.10178512581373698,0.06694702844498993
4/18/2001,-805.7180000000001,26626.7604,6.3553,160.3926,27.16,2.0507,-0.3376255975026826,-0.5041703248463565,0.4810570502488532,2.0953556549915135,0.2675596210388762,0.33589100388569193,-0.3895806176113633,0.2675596210388762,0.11619596932599016,0.07547204481385696
4/19/2001,-805.7180000000001,26626.7604,6.3553,160.3926,27.918000000000003,2.0507,-0.32326562272749304,-0.54683182236874,0.49448272197523874,2.153834284832588,0.027908689248895557,0.49334046536507103,-0.3751706541930575,0.2675596210388762,0.11389167403366872,0.07557822685381473
4/20/2001,-805.7180000000001,26626.7604,6.3553,160.3926,29.015,2.0507,-0.307137569548917,-0.6235164887647158,0.5139127508457465,2.238466286066965,0.03929364567662441,0.8403526576176585,-0.3673825357026055,0.2675596210388762,0.10599764043011964,0.07568061852338637
4/23/2001,-805.7180000000001,26626.7604,6.3553,160.3926,28.386,2.0507,-0.3417433852004732,-0.5664726480068641,0.5027719229883633,2.189939824101219,-0.02167844218507675,0.5183738967638405,-0.3794053344993442,0.2675596210388762,0.10073558353011762,0.07571100640108576
4/24/2001,-805.7180000000001,26626.7604,6.3553,160.3926,28.516,2.0507,-0.36090006499473326,-0.5715726484233175,0.5050744788253423,2.1999691405647277,0.00457972239836546,0.49173467252563285,-0.33294346066574654,0.2675596210388762,0.10083079384735923,0.07532044828770627
4/25/2001,-805.7180000000001,26626.7604,6.3553,160.3926,30.59,2.0507,-0.36083077373116856,-0.5859295012432353,0.5418091004091465,2.359975312451782,0.07273109833076163,0.5436241610738255,-0.2833883852226673,0.2675596210388762,0.1013662187197942,0.07593379665975039
4/26/2001,-805.7180000000001,26626.7604,6.3553,160.3926,32.704,2.0507,-0.292718268128636,-0.6037760332187114,0.5792522007120212,2.5230674278660703,0.06910755148741421,0.7850554009060644,-0.2405192633705674,0.2675596210388762,0.09904501081113429,0.07645746925918229
4/27/2001,-805.7180000000001,26626.7604,6.3553,160.3926,32.973,2.0507,-0.21143636102740693,-0.5678002582866981,0.5840167200977701,2.543820398086715,0.008225293542074352,0.824535192563081,-0.26511099224391554,0.2675596210388762,0.09865188045705654,0.07626546065117228
4/30/2001,-805.7180000000001,26626.7604,6.3553,160.3926,33.99,2.0507,-0.21856679771018683,-0.6375382210267375,0.602029791530137,2.6222805122666255,0.030843417341461343,1.155905112266904,-0.2476593107417162,0.2675596210388762,0.09151889652927209,0.07637064969903389
5/1/2001,-805.7180000000001,26626.7604,6.3553,160.3926,32.953,2.0507,-0.20241552909284533,-0.6048262174460257,0.5836624807382349,2.5422774263230985,-0.030508973227419744,1.0183132234948244,-0.27561495680464276,0.2675596210388762,0.09284159409895329,0.07644778702100494
5/2/2001,-805.7180000000001,26626.7604,6.3553,160.3926,33.650999999999996,2.0507,-0.17176962835343357,-0.6272951021412749,0.5960254343860146,2.596127140873322,0.021181683003064666,1.222214884765238,-0.24156505668372075,0.2675596210388762,0.08946176347582462,0.07644997727470941
5/3/2001,-805.7180000000001,26626.7604,6.3553,160.3926,33.251999999999995,2.0507,-0.20713417105796517,-0.6909320680035289,0.5889583591632865,2.565344854189168,-0.011857002763662305,1.565344854189168,-0.2599154239928779,0.2675596210388762,0.07982665752012462,0.07643864689470314
5/4/2001,-805.7180000000001,26626.7604,6.3553,160.3926,31.996,2.0507,-0.25153804767362975,-0.6618166506818872,0.5667121273844737,2.468446227434038,-0.037772164080356,1.213183924742339,-0.2829063851722361,0.2675596210388762,0.0804178262345264,0.07656943933836687
5/7/2001,-805.7180000000001,26626.7604,6.3553,160.3926,32.355,2.0507,-0.2227400485261969,-0.6661541787781968,0.5730707238881312,2.496142570590958,0.011220152519064719,1.3282003310066917,-0.25078152136158405,0.2675596210388762,0.07865061538890297,0.07649340289578285
5/8/2001,-805.7180000000001,26626.7604,6.3553,160.3926,29.214000000000002,2.0507,-0.2675074593185066,-0.6562445152069805,0.5174374324731221,2.2538188551149516,-0.09707927677329609,1.1308533916849015,-0.2820878283734304,0.2675596210388762,0.08364744026226144,0.07711590744751283
5/9/2001,-805.7180000000001,26626.7604,6.3553,160.3926,29.791999999999998,2.0507,-0.23873770282355944,-0.6318385077296538,0.5276749499636905,2.2984107390834745,0.019785034572465054,1.067740144364242,-0.23994183228308286,0.2675596210388762,0.08371498028662605,0.07703877170600901
5/10/2001,-805.7180000000001,26626.7604,6.3553,160.3926,29.254,2.0507,-0.24769840045260494,-0.5723139433215039,0.5181459111921927,2.256904798642185,-0.018058539205155655,0.7590042691359511,-0.2744363699496516,0.2675596210388762,0.08014086364885978,0.07696861187999306
5/11/2001,-805.7180000000001,26626.7604,6.3553,160.3926,28.555999999999997,2.0507,-0.27493398334348984,-0.4936776355880561,0.5057829575444127,2.203055084091961,-0.023859984959321956,0.43202447219296913,-0.28844812120003993,0.2675596210388762,0.07086283258311407,0.07701626416850196
5/14/2001,-805.7180000000001,26626.7604,6.3553,160.3926,26.552,2.0507,-0.2922297747567639,-0.4684526189524191,0.47028817371898196,2.0484493133775654,-0.07017789606387437,0.33152800762248646,-0.34042130365659784,0.2675596210388762,0.07343251428725264,0.0774812387876757
5/15/2001,-805.7180000000001,26626.7604,6.3553,160.3926,26.861,2.0507,-0.2731233425339611,-0.46982735292525846,0.4757611718238014,2.0722882271254437,0.011637541428141107,0.37101878317680703,-0.32675823349541333,0.2675596210388762,0.07304056213179458,0.07750234840273783
5/16/2001,-805.7180000000001,26626.7604,6.3553,160.3926,26.372,2.0507,-0.28635601017481194,-0.42017102343454027,0.4671000194831648,2.0345625675050147,-0.018204832284725136,0.23078359079665844,-0.3085111961822855,0.2675596210388762,0.07126320357117286,0.07735145392668158
5/17/2001,-805.7180000000001,26626.7604,6.3553,160.3926,26.910999999999998,2.0507,-0.2989553755177534,-0.2924688045432048,0.4766467702226394,2.0761456565344854,0.02043834369786124,-0.009167893961708473,-0.2943783103466361,0.07273109833076163,0.04092005681561866,0.07740705178866197
5/18/2001,-805.7180000000001,26626.7604,6.3553,160.3926,26.322,2.0507,-0.2912953339974691,-0.24832395465927126,0.4662144210843267,2.0307051380959726,-0.021886960722381166,-0.05716741886954668,-0.27174634794156705,0.07273109833076163,0.04068652512485413,0.07718723022178552
5/21/2001,-805.7180000000001,26626.7604,6.3553,160.3926,26.980999999999998,2.0507,-0.2723178164949567,-0.2174604886994984,0.4778866079810128,2.081546057707144,0.02503609148241015,-0.07010167154919877,-0.23503728275353697,0.07273109833076163,0.040077373038356706,0.0772102265909727
5/22/2001,-805.7180000000001,26626.7604,6.3553,160.3926,27.22,2.0507,-0.28392918212190577,-0.2532554652355774,0.4821197683274589,2.0999845702823636,0.00885808531929877,-0.041076587049954205,-0.17893339768339778,0.07273109833076163,0.03990723754962751,0.07685297256111866
5/23/2001,-805.7180000000001,26626.7604,6.3553,160.3926,26.013,2.0507,-0.3156814773893142,-0.24983558256385985,0.4607414229795073,2.006866224348095,-0.04434239529757522,-0.08777528405105894,-0.16512613133063736,0.07273109833076163,0.040965245258837935,0.07668010333372556
5/24/2001,-805.7180000000001,26626.7604,6.3553,160.3926,25.704,2.0507,-0.3494140575565061,-0.22574603254954573,0.4552684248746879,1.983027310600216,-0.011878676046592096,-0.15972540045766592,-0.19752739533576846,0.06910755148741421,0.03706184947889718,0.0766091800311435
5/25/2001,-805.7180000000001,26626.7604,6.3553,160.3926,25.345,2.0507,-0.39656198661936626,-0.22135187257446254,0.44890982837103033,1.9553309674432957,-0.0139666977902273,-0.2250183463796478,-0.2412131010119155,0.030843417341461343,0.03263578575607029,0.07642295237609224
5/28/2001,-805.7180000000001,26626.7604,6.3553,160.3926,25.345,2.0507,-0.3874764367538306,-0.2031272656967471,0.44890982837103033,1.9553309674432957,0.0,-0.23134079398295582,-0.2297054979789077,0.030843417341461343,0.03243543708509375,0.07640405462189925
5/29/2001,-805.7180000000001,26626.7604,6.3553,160.3926,24.965999999999998,2.0507,-0.4227247502774696,-0.21406770255271923,0.4421969925078375,1.9260916525227587,-0.014953639771158045,-0.26548984995586944,-0.2662454077883909,0.02503609148241015,0.030919717787992195,0.07628673497589077
5/30/2001,-805.7180000000001,26626.7604,6.3553,160.3926,23.031999999999996,2.0507,-0.47500626837774396,-0.24886599348088712,0.40794204644078,1.7768862829810212,-0.07746535287991674,-0.3010651534002976,-0.320589970501475,0.02503609148241015,0.03373440367218381,0.07687494051509929
5/31/2001,-805.7180000000001,26626.7604,6.3553,160.3926,23.081999999999997,2.0507,-0.4768359020852222,-0.2372846781504987,0.4088276448396181,1.7807437123900631,0.0021708926710664045,-0.31407684764197197,-0.31151941776531644,0.02503609148241015,0.03292217521118005,0.07687153981015156
6/1/2001,-805.7180000000001,26626.7604,6.3553,160.3926,23.979,2.0507,-0.4610734031554816,-0.2526632804423069,0.42471528011477355,1.8499459959882734,0.0388614504808944,-0.2788704438830746,-0.29265486725663714,0.0388614504808944,0.0351246549070537,0.07703348201438803
6/4/2001,-805.7180000000001,26626.7604,6.3553,160.3926,24.229,2.0507,-0.47244540248655476,-0.30332919633331157,0.429143272108964,1.8692331430334825,0.010425789232244798,-0.2427490936367046,-0.2839706838465631,0.0388614504808944,0.03512597124796662,0.07705108124591108
6/5/2001,-805.7180000000001,26626.7604,6.3553,160.3926,24.468000000000004,2.0507,-0.4694019169883331,-0.298369258793425,0.4333764324554102,1.8876716556087028,0.009864212307565401,-0.24376448771441794,-0.2728893643576712,0.0388614504808944,0.03508132011940304,0.07706561259277546
6/6/2001,-805.7180000000001,26626.7604,6.3553,160.3926,23.979,2.0507,-0.4869375441299184,-0.37492778740612354,0.42471528011477355,1.8499459959882734,-0.019985286905345956,-0.17919490655165338,-0.23653209373408057,0.0388614504808944,0.02936851776254906,0.07665948071520995
6/7/2001,-805.7180000000001,26626.7604,6.3553,160.3926,23.79,2.0507,-0.4956967821257472,-0.3684656802475941,0.42136771816716556,1.8353649128220952,-0.00788189665957717,-0.2014634801288936,-0.1183337657043324,0.0388614504808944,0.02862676738269811,0.07456100938213604
6/8/2001,-805.7180000000001,26626.7604,6.3553,160.3926,22.833000000000002,2.0507,-0.5137259077840485,-0.3769779576189969,0.40441736481340446,1.7615337139330352,-0.04022698612862541,-0.2194913516100362,-0.11065669548960033,0.0388614504808944,0.029329019666424257,0.07448019486006446
6/11/2001,-805.7180000000001,26626.7604,6.3553,160.3926,21.337,2.0507,-0.5553309436478826,-0.40488496165388466,0.37792026072016865,1.646119426014504,-0.06551920465992211,-0.2528015128169211,-0.0869528007189011,0.0388614504808944,0.03154537157019642,0.07406607418987105
6/12/2001,-805.7180000000001,26626.7604,6.3553,160.3926,20.799,2.0507,-0.5642728453513219,-0.44375078560355297,0.36839122194867074,1.604613485573214,-0.02521441627220322,-0.21666917746309133,-0.08305779658775314,0.0388614504808944,0.028907054681259342,0.07404040146772152
6/13/2001,-805.7180000000001,26626.7604,6.3553,160.3926,20.669,2.0507,-0.5884882632846875,-0.4652079558803034,0.3660886661116917,1.5945841691097054,-0.006250300495216021,-0.2305200848814266,0.0020361661899452876,0.0388614504808944,0.028462002143094967,0.07310930313518198
6/14/2001,-805.7180000000001,26626.7604,6.3553,160.3926,19.523,2.0507,-0.6243554221503886,-0.4925729238820904,0.34579075081032257,1.506171887054467,-0.05544535294402253,-0.259707265281359,-0.07037760106661584,0.0388614504808944,0.029986861595540686,0.07344336093527648
6/15/2001,-805.7180000000001,26626.7604,6.3553,160.3926,18.994,2.0507,-0.6447594823071744,-0.49668960873793677,0.3364211197506155,1.4653602839068045,-0.027096245454079848,-0.29419196611051235,-0.065761644778909,0.0388614504808944,0.029054386785953196,0.07341070799678244
6/18/2001,-805.7180000000001,26626.7604,6.3553,160.3926,16.761,2.0507,-0.7031297047414938,-0.5337855789156734,0.30220691644729725,1.293087486498997,-0.11756344108665895,-0.3632322771825849,-0.10345012035303558,0.0388614504808944,0.03655102416370142,0.0742227322499623
6/19/2001,-805.7180000000001,26626.7604,6.3553,160.3926,17.498,2.0507,-0.6621029255575939,-0.47898039972965145,0.3154952940752227,1.3499459959882736,0.04397112344132226,-0.3514695526481597,0.10985665355829011,0.04397112344132226,0.03794021833608654,0.07161234528767473
6/20/2001,-805.7180000000001,26626.7604,6.3553,160.3926,20.180999999999997,2.0507,-0.5972017085146302,-0.4567083150373239,0.3638707583570733,1.556935658077457,0.15333180934963964,-0.2585966201322557,0.07948649371489691,0.15333180934963964,0.0533473812354568,0.0703905705672791
6/21/2001,-805.7180000000001,26626.7604,6.3553,160.3926,19.980999999999998,2.0507,-0.6011935651271407,-0.4807991696938245,0.3602646857307706,1.5415059404412899,-0.00991031167930223,-0.23188405797101463,0.04525005231219903,0.15333180934963964,0.052856896104413284,0.07036813697300442
6/22/2001,-805.7180000000001,26626.7604,6.3553,160.3926,19.692,2.0507,-0.6127433628318584,-0.4945132743362832,0.35505391078576326,1.5192099984570282,-0.014463740553525728,-0.23389355742296924,-0.0063077155977191435,0.15333180934963964,0.05286162009871805,0.07026866798683196
6/25/2001,-805.7180000000001,26626.7604,6.3553,160.3926,19.832,2.0507,-0.6090367858691795,-0.5003548476126642,0.35757816162417516,1.5300108008023454,0.007109486085720151,-0.2175182481751824,0.08247366410130463,0.15333180934963964,0.053008347533756425,0.06956241806638296
6/26/2001,-805.7180000000001,26626.7604,6.3553,160.3926,19.980999999999998,2.0507,-0.614616081933381,-0.511157829768357,0.3602646857307706,1.5415059404412899,0.007513110125050293,-0.21163937660288035,0.10563302346170866,0.15333180934963964,0.05310658395705242,0.06952945637086046
6/27/2001,-805.7180000000001,26626.7604,6.3553,160.3926,20.29,2.0507,-0.598026785006736,-0.5053886995799985,0.3658360679384083,1.5653448541891684,0.015464691456884117,-0.18729472082031562,0.2869465939363187,0.15333180934963964,0.05337712635492187,0.06747238285736486
6/28/2001,-805.7180000000001,26626.7604,6.3553,160.3926,21.118000000000002,2.0507,-0.5593163748669685,-0.5193756390726405,0.3807652086113015,1.629223885202901,0.04080827994085778,-0.08310177144841935,0.2934403135909842,0.15333180934963964,0.05195631439669652,0.0675123676500979
6/29/2001,-805.7180000000001,26626.7604,6.3553,160.3926,24.677,2.0507,-0.5217450288770882,-0.5526570797317726,0.4449352709963579,1.903795710538497,0.16852921678189214,0.06910146434451092,0.6295978339826984,0.16852921678189214,0.06403900742575018,0.06977092210210947
7/2/2001,-805.7180000000001,26626.7604,6.3553,160.3926,21.886,2.0507,-0.5717025440313112,-0.5307436399217221,0.39461252749630377,1.688474000925783,-0.1131012683875674,-0.08728470745235417,0.688474000925783,0.16852921678189214,0.06846191751132762,0.06877108316146521
7/3/2001,-805.7180000000001,26626.7604,6.3553,160.3926,22.613000000000003,2.0507,-0.5596214142437048,-0.5281504995228729,0.40772060149291417,1.7445610245332512,0.03321758201590086,-0.06669693342688499,0.5641557722902402,0.16852921678189214,0.06885118993483788,0.06751946335935859
7/4/2001,-805.7180000000001,26626.7604,6.3553,160.3926,22.613000000000003,2.0507,-0.5596214142437048,-0.5234960758729478,0.40772060149291417,1.7445610245332512,0.0,-0.07581330717672063,0.6271857235374543,0.16852921678189214,0.06880636800269588,0.06725146334191556
7/5/2001,-805.7180000000001,26626.7604,6.3553,160.3926,22.693,2.0507,-0.5644086991573412,-0.5397239764285852,0.4091630305434352,1.7507329115877182,0.0035377879980540428,-0.0536302598106676,0.6552151714077317,0.16852921678189214,0.06868273711711273,0.06719054768523954
7/6/2001,-805.7180000000001,26626.7604,6.3553,160.3926,21.905,2.0507,-0.5854780107486185,-0.5498069790326243,0.39495510439580256,1.6899398241012191,-0.034724364341426894,-0.0792349726775955,0.5203359244863965,0.16852921678189214,0.069076848730286,0.06721812335203993
7/9/2001,-805.7180000000001,26626.7604,6.3553,160.3926,22.035,2.0507,-0.6027009483971006,-0.5883127186181529,0.40090606407947166,1.6999691405647277,0.005934718100890191,-0.03494941531993179,0.3249353616739823,0.16852921678189214,0.0685223216500666,0.0645844927716238
7/10/2001,-805.7180000000001,26626.7604,6.3553,160.3926,22.135,2.0507,-0.5668297455968689,-0.5824461839530333,0.40272546986154323,1.7076839993828115,0.004538234626730198,0.037399821905609976,0.11002457248884223,0.16852921678189214,0.06683288902981219,0.05969146332105811
7/11/2001,-805.7180000000001,26626.7604,6.3553,160.3926,20.888,2.0507,-0.5864417518016948,-0.5882038488952246,0.3800374797591107,1.6114797099213085,-0.05633611926812743,0.004279051877494222,0.04749009578255858,0.16852921678189214,0.0678462384935198,0.060162031792981886
7/12/2001,-805.7180000000001,26626.7604,6.3553,160.3926,21.945,2.0507,-0.5317101276087235,-0.5589390124194442,0.39926859887560723,1.6930257676284524,0.05060321715817695,0.061734965407131526,0.12010004083299308,0.16852921678189214,0.06861642404187258,0.06040966717323865
7/13/2001,-805.7180000000001,26626.7604,6.3553,160.3926,21.686,2.0507,-0.53723699372626,-0.5833937945456873,0.39455633790004185,1.6730442832896157,-0.01180223285486448,0.11079239870921476,0.012087553087226421,0.16852921678189214,0.0673418253703186,0.05932239988729328
7/16/2001,-805.7180000000001,26626.7604,6.3553,160.3926,20.38,2.0507,-0.5532269379165207,-0.5836110136794108,0.37079489838618707,1.5722882271254435,-0.06022318546527716,0.07297041170896068,-0.2496318114874816,0.16852921678189214,0.06856043182153375,0.04914065317651541
7/17/2001,-805.7180000000001,26626.7604,6.3553,160.3926,21.088,2.0507,-0.5151849552842724,-0.6146630802124284,0.3836762913232538,1.6269094275574758,0.0347399411187439,0.2581588210727286,-0.2446450318790745,0.16852921678189214,0.06269085931040125,0.04921827484710551
7/18/2001,-805.7180000000001,26626.7604,6.3553,160.3926,19.642,2.0507,-0.5634432022759096,-0.6110950592314359,0.35736768371449884,1.5153525690479863,-0.06856980273141133,0.12252828894730827,-0.32303980699638124,0.16852921678189214,0.06467167105743644,0.04958852887070089
7/19/2001,-805.7180000000001,26626.7604,6.3553,160.3926,18.346,2.0507,-0.5757954125046245,-0.5333657047724751,0.33378818477885125,1.4153679987656227,-0.06598106099175238,-0.09092710965759865,-0.3536954836891425,0.16852921678189214,0.057211645850508995,0.0501402089108111
7/20/2001,-805.7180000000001,26626.7604,6.3553,160.3926,18.486,2.0507,-0.5821900779749124,-0.5484009492598034,0.33633535287375144,1.4261688011109397,0.007631091246048216,-0.07482108002602461,-0.351732360779913,0.16852921678189214,0.057233843652026245,0.05015175504342581
7/23/2001,-805.7180000000001,26626.7604,6.3553,160.3926,18.456,2.0507,-0.593175505885465,-0.5659304324824759,0.33578953113912996,1.4238543434655146,-0.001622849724115638,-0.06276660572821458,-0.3966655769859432,0.16852921678189214,0.05716448813334628,0.04914255772796372
7/24/2001,-805.7180000000001,26626.7604,6.3553,160.3926,18.336,2.0507,-0.5814558652331713,-0.547307630852108,0.33360624420064405,1.414596512883814,-0.006501950585175553,-0.07543364259782182,-0.439334637964775,0.16852921678189214,0.057138449767467556,0.04817216486799532
7/25/2001,-805.7180000000001,26626.7604,6.3553,160.3926,18.924,2.0507,-0.5734859924722215,-0.5496630530325228,0.3443043501992249,1.459959882734146,0.032068062827225186,-0.05290025524248032,-0.4260758802656719,0.16852921678189214,0.05759671508237894,0.04839495629361888
7/26/2001,-805.7180000000001,26626.7604,6.3553,160.3926,19.383,2.0507,-0.57157066442686,-0.551522921179435,0.35265542273893347,1.4953710847091497,0.024254914394419735,-0.04470182355840313,-0.42974404236540165,0.16852921678189214,0.05775436708220801,0.04831751803460533
7/27/2001,-805.7180000000001,26626.7604,6.3553,160.3926,19.792,2.0507,-0.561318350067602,-0.531928098056165,0.3600967923876062,1.526924857275112,0.02110096476293677,-0.06279003693531582,-0.3993870057354414,0.16852921678189214,0.057205060966961895,0.04836276641358159
7/30/2001,-805.7180000000001,26626.7604,6.3553,160.3926,18.944000000000003,2.0507,-0.5681885528025347,-0.4375099724191379,0.3446682313556393,1.4615028544977628,-0.04284559417946643,-0.23232159500749672,-0.4370449615167453,0.05060321715817695,0.042482947909328835,0.04843534985948699
7/31/2001,-805.7180000000001,26626.7604,6.3553,160.3926,19.652,2.0507,-0.562004100918249,-0.5122136043505394,0.35754962429270604,1.516124054929795,0.037373310810810745,-0.10207438545188696,-0.40899795501022485,0.05060321715817695,0.036824300550605,0.048767102135803715
8/1/2001,-805.7180000000001,26626.7604,6.3553,160.3926,19.262999999999998,2.0507,-0.5771299365574167,-0.5035892257370536,0.35047213580044756,1.4861132541274493,-0.019794422959495406,-0.14814487241852048,-0.3979559944993124,0.05060321715817695,0.035918358778104405,0.04863749370825832
8/2/2001,-805.7180000000001,26626.7604,6.3553,160.3926,18.854,2.0507,-0.5786156493753214,-0.4946025076548286,0.3430307661517748,1.4545594815614873,-0.021232414473342676,-0.16623181355857264,-0.4172770823674856,0.05060321715817695,0.036010716399786605,0.04861464094060945
8/3/2001,-805.7180000000001,26626.7604,6.3553,160.3926,18.815,2.0507,-0.5783186534884242,-0.4914050068356529,0.34232119789676696,1.451550686622435,-0.002068526572610474,-0.17088970167011852,-0.3559594714862737,0.05060321715817695,0.03594167371454015,0.04724165783141493
8/6/2001,-805.7180000000001,26626.7604,6.3553,160.3926,19.044,2.0507,-0.5796397669079992,-0.5164886102772381,0.3464876371377108,1.4692177133158464,0.01217114004783415,-0.13060944989728374,-0.36076799140708904,0.05060321715817695,0.03567100728459426,0.04718464990039891
8/7/2001,-805.7180000000001,26626.7604,6.3553,160.3926,18.944000000000003,2.0507,-0.5789567266019158,-0.5102571511123952,0.3446682313556393,1.4615028544977628,-0.005250997689560943,-0.14027683231223043,-0.35243043686333486,0.05060321715817695,0.0355668253517187,0.04715943927600827
8/8/2001,-805.7180000000001,26626.7604,6.3553,160.3926,18.535,2.0507,-0.5908749779268938,-0.5114117958679145,0.3372268617069665,1.4299490819318006,-0.021589949324324453,-0.1626383555455162,-0.3509244992295839,0.05060321715817695,0.03561616934282196,0.04714628031627409
8/9/2001,-805.7180000000001,26626.7604,6.3553,160.3926,19.184,2.0507,-0.565796025530759,-0.527228283011181,0.34903480523261105,1.4800185156611636,0.0350148367952523,-0.08157793948678671,-0.27749322084965344,0.05060321715817695,0.03496488966037003,0.04668859631964948
8/10/2001,-805.7180000000001,26626.7604,6.3553,160.3926,17.748,2.0507,-0.6044396897566194,-0.5108986359989303,0.3229081382020632,1.3692331430334825,-0.07485404503753124,-0.19125085440874912,-0.33926510554335276,0.037373310810810745,0.03597030314779556,0.047483534660392006
8/13/2001,-805.7180000000001,26626.7604,6.3553,160.3926,18.137,2.0507,-0.5991114451173688,-0.5206666371955262,0.32998562669432163,1.399243943835828,0.021917962587333806,-0.16365397030342155,-0.31226300621871683,0.037373310810810745,0.03660602713516649,0.04757885943105789
8/14/2001,-805.7180000000001,26626.7604,6.3553,160.3926,17.379,2.0507,-0.6148015160582485,-0.5482855686326662,0.3161945308662191,1.340765313994754,-0.041793019793791686,-0.14725220804710493,-0.35420460034929946,0.037373310810810745,0.03549084149450085,0.04769173846975087
8/15/2001,-805.7180000000001,26626.7604,6.3553,160.3926,14.876,2.0507,-0.6656627859936171,-0.5260484559715917,0.27065480414096754,1.1476623977781206,-0.1440243972610623,-0.2945751138088013,-0.4348453764911481,0.037373310810810745,0.04512404609144418,0.0507406525552013
8/16/2001,-805.7180000000001,26626.7604,6.3553,160.3926,13.341,2.0507,-0.6967609955676781,-0.5535401750198886,0.24272692538616886,1.029239314920537,-0.1031863404140898,-0.32079218002240095,-0.505540936214373,0.037373310810810745,0.04771896728365641,0.051961138498727015
8/17/2001,-805.7180000000001,26626.7604,6.3553,160.3926,13.859000000000002,2.0507,-0.6876422727580067,-0.5865131059974307,0.25215144733729966,1.0692022835982102,0.038827674087399844,-0.24457647443584418,-0.49085231447465094,0.038827674087399844,0.04783230345513613,0.05227086328918086
8/20/2001,-805.7180000000001,26626.7604,6.3553,160.3926,13.231,2.0507,-0.702634063019733,-0.5845282510001348,0.24072557902589015,1.020752970220645,-0.04531351468359923,-0.28426917667424,-0.49136969976550193,0.038827674087399844,0.04813386987437273,0.05228150228601849
8/21/2001,-805.7180000000001,26626.7604,6.3553,160.3926,13.062000000000001,2.0507,-0.7080660662002995,-0.587510895559082,0.2376507832541892,1.0077148588180838,-0.012773033028493641,-0.292262678803641,-0.49183006535947704,0.038827674087399844,0.04804456478165921,0.05228232750075067
8/22/2001,-805.7180000000001,26626.7604,6.3553,160.3926,12.792,2.0507,-0.7141005296917954,-0.5901928793330801,0.2327383876425959,1.0,-0.02067064768029403,-0.3023560209424083,-0.4952850660879857,0.038827674087399844,0.0480162794666868,0.05229871178490235
8/23/2001,-805.7180000000001,26626.7604,6.3553,160.3926,12.194,2.0507,-0.7021640369302916,-0.5377851594939183,0.22185834106580793,1.0,-0.04674796747967469,-0.3556330585499894,-0.5188794634050108,0.038827674087399844,0.04715684651204439,0.0524937653831835
8/24/2001,-805.7180000000001,26626.7604,6.3553,160.3926,13.261,2.0507,-0.6875206183137754,-0.5432631132475612,0.2412714007605116,1.0875020501886172,0.08750205018861723,-0.31584378063251306,-0.46883761916206035,0.08750205018861723,0.051880523825414304,0.053911732378295385
8/27/2001,-805.7180000000001,26626.7604,6.3553,160.3926,13.789000000000001,2.0507,-0.6769742544568603,-0.5363459601283762,0.25087786328984957,1.1308020337871085,0.03981600180981837,-0.3033043654001617,-0.4013112191733239,0.08750205018861723,0.05271425411609362,0.05351761752373077
8/28/2001,-805.7180000000001,26626.7604,6.3553,160.3926,13.151,2.0507,-0.6859612675215512,-0.5476275759963702,0.23927005440023288,1.078481220272265,-0.04626876495757504,-0.3057960304054055,-0.43024867862403593,0.08750205018861723,0.05280763103410966,0.05373559666294868
8/29/2001,-805.7180000000001,26626.7604,6.3553,160.3926,13.46,2.0507,-0.6795314397276255,-0.5321063784195614,0.24489201826683407,1.1038215515827456,0.02349631206752356,-0.3150824343578261,-0.43867550773593555,0.08750205018861723,0.05219149053078582,0.05355648285268162
8/30/2001,-805.7180000000001,26626.7604,6.3553,160.3926,12.912,2.0507,-0.6898167055036395,-0.5372474595815215,0.23492167458108182,1.0588814170903722,-0.04071322436849922,-0.32969942376576844,-0.46708489826241273,0.08750205018861723,0.052456163191013525,0.05366452659828793
8/31/2001,-805.7180000000001,26626.7604,6.3553,160.3926,13.280999999999999,2.0507,-0.6751223091976517,-0.5387964774951077,0.2416352819169259,1.0891422010824994,0.028578066914497935,-0.29558714331176417,-0.4572094163805789,0.08750205018861723,0.05339720696674503,0.05381953761561052
9/3/2001,-805.7180000000001,26626.7604,6.3553,160.3926,13.280999999999999,2.0507,-0.6761047702663154,-0.5411423275777972,0.2416352819169259,1.0891422010824994,0.0,-0.2941270263087963,-0.446140372826223,0.08750205018861723,0.05342442548709492,0.053808029833953476
9/4/2001,-805.7180000000001,26626.7604,6.3553,160.3926,13.100999999999999,2.0507,-0.6765664346022812,-0.5298474300103688,0.23836035150919707,1.0743808430375592,-0.013553196295459702,-0.3120667926906113,-0.44930643127364445,0.08750205018861723,0.053062973987143824,0.05381272102851374
9/5/2001,-805.7180000000001,26626.7604,6.3553,160.3926,11.965,2.0507,-0.701858865743048,-0.5279577394597826,0.217691901824864,1.0,-0.08671093809632846,-0.3684016047297298,-0.475977751500022,0.08750205018861723,0.0551537645751864,0.054574959165588376
9/6/2001,-805.7180000000001,26626.7604,6.3553,160.3926,10.998,2.0507,-0.7276441890988337,-0.5409970035412695,0.20009824791223185,1.0,-0.08081905557877145,-0.40663609387645006,-0.48455734170689413,0.08750205018861723,0.05672342986735201,0.05486496575317505
9/7/2001,-805.7180000000001,26626.7604,6.3553,160.3926,10.988,2.0507,-0.717430437689657,-0.5066604947796121,0.19991630733402468,1.0,-0.0009092562284050976,-0.42723102585487915,-0.4717053704505024,0.08750205018861723,0.05541401218732072,0.0548344391496666
9/10/2001,-805.7180000000001,26626.7604,6.3553,160.3926,11.825,2.0507,-0.6924497386147884,-0.5384015188951597,0.2151447337299638,1.0761740080087367,0.07617400800873675,-0.3337277439711518,-0.42788717402873877,0.08750205018861723,0.05830138309591668,0.055864969945393375
9/11/2001,-805.7180000000001,26626.7604,6.3553,160.3926,11.825,2.0507,-0.68479274956684,-0.5165400506464082,0.2151447337299638,1.0761740080087367,0.0,-0.3480178640348459,-0.3943041540746812,0.08750205018861723,0.057754354714475466,0.05552982789444935
9/12/2001,-805.7180000000001,26626.7604,6.3553,160.3926,11.825,2.0507,-0.6842625226957172,-0.5359660365267542,0.2151447337299638,1.0761740080087367,0.0,-0.31958110363081893,-0.37743497946720017,0.08750205018861723,0.05763252824367047,0.055471921093131885
9/13/2001,-805.7180000000001,26626.7604,6.3553,160.3926,11.825,2.0507,-0.6851787758579377,-0.6039509065253854,0.2151447337299638,1.0761740080087367,0.0,-0.2050954557676795,-0.29449316866535413,0.08750205018861723,0.04973082677137408,0.053603630542011185
9/14/2001,-805.7180000000001,26626.7604,6.3553,160.3926,11.825,2.0507,-0.68479274956684,-0.6443822471011595,0.2151447337299638,1.0761740080087367,0.0,-0.11363466007045953,-0.3242084809692537,0.08750205018861723,0.04489224262528653,0.053252559936558495
9/17/2001,-805.7180000000001,26626.7604,6.3553,160.3926,11.965,2.0507,-0.6985842402257154,-0.6508716243450221,0.217691901824864,1.0889151801965782,0.01183932346723049,-0.1366620968323834,-0.40711560378573897,0.08750205018861723,0.04395845441540619,0.04931335696765428
9/18/2001,-805.7180000000001,26626.7604,6.3553,160.3926,12.463,2.0507,-0.7019419333237671,-0.6835748792270531,0.22675254261958042,1.1342373498361848,0.04162139573756796,-0.05804549920640922,-0.37625744457234367,0.08750205018861723,0.044169084532396465,0.0496911986568965
9/19/2001,-805.7180000000001,26626.7604,6.3553,160.3926,12.613,2.0507,-0.6637878182060509,-0.6518192722910836,0.2294816512926878,1.1478886057517292,0.012035625451336074,-0.034374521512785305,-0.35948608572008944,0.08750205018861723,0.0441958119177049,0.04973259426404326
9/20/2001,-805.7180000000001,26626.7604,6.3553,160.3926,12.064,2.0507,-0.6831516743269863,-0.6640315167432699,0.21949311354911485,1.0979250091008372,-0.043526520256877754,-0.05691056910569103,-0.39169019766034696,0.08750205018861723,0.04498579342333208,0.049929076323348046
9/21/2001,-805.7180000000001,26626.7604,6.3553,160.3926,12.812000000000001,2.0507,-0.6509372275501307,-0.6677746294681779,0.23310226879901025,1.1659992719330179,0.06200265251989401,0.05068066262096105,-0.3587908513087432,0.08750205018861723,0.04580704866514765,0.050644717692074966
9/24/2001,-805.7180000000001,26626.7604,6.3553,160.3926,13.55,2.0507,-0.6173505407924091,-0.6255118466013386,0.24652948347069847,1.2331634510374956,0.0576022478926006,0.021793228263328634,-0.33218334154756035,0.07617400800873675,0.04346578678183854,0.05120466459683
9/25/2001,-805.7180000000001,26626.7604,6.3553,160.3926,13.51,2.0507,-0.5814745972738538,-0.5728314745972738,0.24580172115786983,1.2295231161266837,-0.002952029520295274,-0.020233519472043104,-0.3602613883890521,0.07617400800873675,0.042595437454855625,0.05086772133531565
9/26/2001,-805.7180000000001,26626.7604,6.3553,160.3926,13.210999999999999,2.0507,-0.5859399485990096,-0.5878204726383752,0.2403616978694758,1.2023116126683655,-0.022131754256106695,0.004562390692722795,-0.46464319001499377,0.07617400800873675,0.04160140277260284,0.045743333292896225
9/27/2001,-805.7180000000001,26626.7604,6.3553,160.3926,12.693,2.0507,-0.626258759790354,-0.6036746952476296,0.23093717591834506,1.1551692755733527,-0.039209749451214804,-0.05698365527488869,-0.4200402083523713,0.07617400800873675,0.04215637951263466,0.043937782553665095
9/28/2001,-805.7180000000001,26626.7604,6.3553,160.3926,13.311,2.0507,-0.6170267859711713,-0.6285064879017176,0.2421811036515474,1.211412449945395,0.0486882533679982,0.030901486988847537,-0.4113562994737541,0.07617400800873675,0.04255695424332425,0.04421217273209381
10/1/2001,-805.7180000000001,26626.7604,6.3553,160.3926,13.151,2.0507,-0.5861993014694313,-0.5821088071489255,0.23927005440023288,1.1968511103021477,-0.012020133723987692,-0.009788419546720828,-0.4184318754698626,0.07617400800873675,0.04222534141595205,0.04420569858485254
10/2/2001,-805.7180000000001,26626.7604,6.3553,160.3926,15.454,2.0507,-0.5474538053822953,-0.6110867082491436,0.2811709695613413,1.406443392792137,0.17511976275568397,0.16361719750018833,-0.318997047547702,0.17511976275568397,0.056890501451487364,0.04982967949970442
10/3/2001,-805.7180000000001,26626.7604,6.3553,160.3926,14.995999999999999,2.0507,-0.5778153153153154,-0.6311655405405405,0.27283809107945345,1.3647615580633419,-0.029636340106121484,0.1446454469124494,-0.3154074412234651,0.17511976275568397,0.057312118813976944,0.049784595594814546
10/4/2001,-805.7180000000001,26626.7604,6.3553,160.3926,16.063,2.0507,-0.5616232738387643,-0.673462147262704,0.29225115077415714,1.4618674918092465,0.07115230728194177,0.3424989552862514,-0.2710233719083277,0.17511976275568397,0.05456071976968535,0.050680917967740415
10/5/2001,-805.7180000000001,26626.7604,6.3553,160.3926,14.956,2.0507,-0.5652199191836973,-0.6802814035291724,0.27211032876662483,1.36112122315253,-0.06891614268816526,0.35988361520276424,-0.3243279873503502,0.17511976275568397,0.05356302495222059,0.051328144113405104
10/8/2001,-805.7180000000001,26626.7604,6.3553,160.3926,14.915999999999999,2.0507,-0.5778450740101322,-0.689015934112586,0.27138256645379616,1.3574808882417182,-0.0026745119015779695,0.3574808882417182,-0.2859057832248182,0.17511976275568397,0.053592338942742485,0.05090445081205208
10/9/2001,-805.7180000000001,26626.7604,6.3553,160.3926,14.657,2.0507,-0.6112304713402827,-0.6863478422323015,0.2666703054782308,1.333909719694212,-0.01736390453204606,0.23949260042283305,-0.3321029847345637,0.17511976275568397,0.05220678653788838,0.05044549854102366
10/10/2001,-805.7180000000001,26626.7604,6.3553,160.3926,14.009,2.0507,-0.6374107050419298,-0.6939382958898437,0.254880556010407,1.274936294139061,-0.044210957221805236,0.184693446088795,-0.3540071935811122,0.17511976275568397,0.05356766971020763,0.05067928627124526
10/11/2001,-805.7180000000001,26626.7604,6.3553,160.3926,14.288,2.0507,-0.6531281105095774,-0.7129227258381685,0.2599566981423867,1.300327630141973,0.019915768434577874,0.2082875264270614,-0.29892051030421973,0.17511976275568397,0.05356920831974521,0.0502916612597869
10/12/2001,-805.7180000000001,26626.7604,6.3553,160.3926,12.742,2.0507,-0.6868748924876514,-0.7094094807460742,0.23182868475156015,1.1596286858390974,-0.10820268756998874,0.0775475687103595,-0.39577010622154774,0.17511976275568397,0.05949081944412818,0.051703043711770404
10/15/2001,-805.7180000000001,26626.7604,6.3553,160.3926,12.413,2.0507,-0.6958865178724551,-0.7102922801773771,0.22584283972854466,1.1296869311976703,-0.02582012242975995,0.04972515856236792,-0.36803787801649523,0.17511976275568397,0.059869210628579736,0.051154860687413706
10/16/2001,-805.7180000000001,26626.7604,6.3553,160.3926,11.985,2.0507,-0.7268127008730141,-0.7272685828907479,0.2180557829812783,1.0907353476519839,-0.03447998066543145,0.0016715419974926427,-0.34672408154366074,0.17511976275568397,0.060415438028676986,0.05071082511844909
10/17/2001,-805.7180000000001,26626.7604,6.3553,160.3926,11.436,2.0507,-0.7520058984256408,-0.7297350045539316,0.20806724523770537,1.040771751001092,-0.04580725907384231,-0.08240391559014681,-0.3813696851671535,0.17511976275568397,0.06054358080932847,0.050934616897971456
10/18/2001,-805.7180000000001,26626.7604,6.3553,160.3926,10.589,2.0507,-0.7881267757813438,-0.747628956740966,0.19265687826355912,1.0,-0.07406435816719126,-0.160469357012606,-0.42625704377980056,0.17511976275568397,0.06240376420030975,0.05163976695552021
10/19/2001,-805.7180000000001,26626.7604,6.3553,160.3926,9.941,2.0507,-0.8075687185443283,-0.7664730933023616,0.18086712879573533,1.0,-0.06119558031919914,-0.17597811671087527,-0.4578424956369982,0.17511976275568397,0.06304375976279415,0.05208115668252663
10/22/2001,-805.7180000000001,26626.7604,6.3553,160.3926,9.422,2.0507,-0.8285755872132161,-0.7668977312009897,0.1782983877072137,1.0,-0.052208027361432485,-0.26459569153918205,-0.5021137180300148,0.17511976275568397,0.06167381976686622,0.052108993732361025
10/23/2001,-805.7180000000001,26626.7604,6.3553,160.3926,9.273,2.0507,-0.8245212323064113,-0.7435848913783967,0.18230252034757988,1.0,-0.01581405221821275,-0.31564575645756465,-0.5215910849713666,0.17511976275568397,0.059528075308457044,0.05193245216926776
10/24/2001,-805.7180000000001,26626.7604,6.3553,160.3926,8.475,2.0507,-0.8333857586600086,-0.7344001887311761,0.1771974575562432,1.0,-0.08605629246198643,-0.37268689859363435,-0.5717966855295069,0.17511976275568397,0.061332879741763054,0.0526371865567673
10/25/2001,-805.7180000000001,26626.7604,6.3553,160.3926,9.971,2.0507,-0.7915237935937108,-0.7237810487580497,0.21053187221553596,1.176519174041298,0.1765191740412979,-0.2452501703126182,-0.47365920608108114,0.1765191740412979,0.0748544963676923,0.05758722173606365
10/26/2001,-805.7180000000001,26626.7604,6.3553,160.3926,9.432,2.0507,-0.8008487996452778,-0.7319946791664027,0.20564700752207565,1.112920353982301,-0.054056764617390396,-0.25691325927676667,-0.5200488499898229,0.1765191740412979,0.07520577702062158,0.05756389263326751
10/29/2001,-805.7180000000001,26626.7604,6.3553,160.3926,9.422,2.0507,-0.7888343530782851,-0.7016741746789484,0.20542897634361715,1.1117404129793511,-0.0010602205258694042,-0.29216437532867545,-0.5108757722057831,0.1765191740412979,0.07398933453184979,0.05756075451971117
10/30/2001,-805.7180000000001,26626.7604,6.3553,160.3926,9.152999999999999,2.0507,-0.7807769687679632,-0.6850210768346426,0.19956393764308292,1.0799999999999998,-0.02855020165569966,-0.30400729982510843,-0.5145327251511616,0.1765191740412979,0.07405677575067124,0.05759181627261929
10/31/2001,-805.7180000000001,26626.7604,6.3553,160.3926,8.176,2.0507,-0.7950003761000928,-0.6125166110874307,0.1782622915076856,1.0,-0.10674095924833371,-0.47094603338941377,-0.5654530959340951,0.1765191740412979,0.06260176402780232,0.058861122563969664
11/1/2001,-805.7180000000001,26626.7604,6.3553,160.3926,8.515,2.0507,-0.8028250549959477,-0.6527497973833507,0.18565354845742943,1.041462818003914,0.04146281800391405,-0.4321819151773806,-0.5528775467338793,0.1765191740412979,0.06440881586709024,0.05916568486306799
11/2/2001,-805.7180000000001,26626.7604,6.3553,160.3926,8.804,2.0507,-0.7852892400741391,-0.6082577309530778,0.19195464951488062,1.0768101761252447,0.033940105695830836,-0.4519081118097491,-0.5352618243243243,0.1765191740412979,0.06211152849363943,0.05943246712232741
11/5/2001,-805.7180000000001,26626.7604,6.3553,160.3926,9.183,2.0507,-0.7549108572648661,-0.6008327105796947,0.20021803117845852,1.123165362035225,0.04304861426624251,-0.38599893019523934,-0.5045589425411384,0.1765191740412979,0.06308163915511675,0.059792524386903356
11/6/2001,-805.7180000000001,26626.7604,6.3553,160.3926,7.777,2.0507,-0.7960826472284861,-0.6088940164665164,0.16956284748719067,1.0,-0.1531090057715343,-0.47861356932153387,-0.5946100917431193,0.1765191740412979,0.06913411685966284,0.06219083975685947
11/7/2001,-805.7180000000001,26626.7604,6.3553,160.3926,6.232,2.0507,-0.8319218943848103,-0.604698203786612,0.1358770304153494,1.0,-0.19866272341519864,-0.5748106706693048,-0.6488618435880099,0.1765191740412979,0.07840181165286819,0.06603571590085705
11/8/2001,-805.7180000000001,26626.7604,6.3553,160.3926,6.93,2.0507,-0.8143484783540507,-0.6247053150450064,0.15109560667175403,1.112002567394095,0.11200256739409498,-0.5053180098508102,-0.6179081435739098,0.1765191740412979,0.08482250112203824,0.06778471280015787
11/9/2001,-805.7180000000001,26626.7604,6.3553,160.3926,7.348,2.0507,-0.7894374874631057,-0.5905665243430667,0.16020930993132018,1.1790757381258024,0.060317460317460325,-0.4857222844344905,-0.5771908625352438,0.1765191740412979,0.08644145580757441,0.0683007205545185
11/12/2001,-805.7180000000001,26626.7604,6.3553,160.3926,7.837000000000001,2.0507,-0.775424821617904,-0.6348683267902684,0.17087103455794178,1.2575417201540438,0.06654872074033769,-0.384947417987757,-0.47317827372949717,0.1765191740412979,0.08670000509991806,0.06683481987906591
11/13/2001,-805.7180000000001,26626.7604,6.3553,160.3926,8.854,2.0507,-0.7550354138999558,-0.6565681717574148,0.1930448054071732,1.420731707317073,0.12976904427714664,-0.2867155401595103,-0.33633160932463835,0.1765191740412979,0.09255854663416486,0.06791371664601634
11/14/2001,-805.7180000000001,26626.7604,6.3553,160.3926,10.14,2.0507,-0.7323690878378379,-0.6836729307432433,0.22108361495693885,1.6270860077021823,0.14524508696634308,-0.15394242803504377,-0.2683454794718234,0.1765191740412979,0.09847819943136639,0.07028339715166465
11/15/2001,-805.7180000000001,26626.7604,6.3553,160.3926,9.781,2.0507,-0.7600049073733284,-0.7193963930806035,0.21325629565027798,1.5694801026957639,-0.03540433925049313,-0.14471843301853793,-0.2607512659662913,0.1765191740412979,0.09827943908340236,0.07019711161909128
11/16/2001,-805.7180000000001,26626.7604,6.3553,160.3926,10.634,2.0507,-0.7291321735143534,-0.7302784074989175,0.2318543551727897,1.7063543003851092,0.08720989673857482,0.00424969307772205,-0.18588271321390293,0.1765191740412979,0.09872952059936049,0.07108251458390555
11/19/2001,-805.7180000000001,26626.7604,6.3553,160.3926,11.565999999999999,2.0507,-0.688592121913788,-0.7323443095231684,0.2521748610051237,1.855905006418485,0.08764340793680625,0.163464440197163,-0.09584115071919952,0.1765191740412979,0.09908808599437523,0.0718986822354984
11/20/2001,-805.7180000000001,26626.7604,6.3553,160.3926,11.097000000000001,2.0507,-0.7191272874534915,-0.761522691032423,0.24194919873541917,1.780648267008986,-0.04054988760159062,0.17777541923158569,-0.08996227652944067,0.1765191740412979,0.09874241095448276,0.07183658032010569
11/21/2001,-805.7180000000001,26626.7604,6.3553,160.3926,10.767999999999999,2.0507,-0.7095851987701602,-0.749905604401532,0.23477597296413383,1.7278562259306802,-0.02964765251869894,0.1612207484093604,-0.18799487218158517,0.1765191740412979,0.09898699028320238,0.07107470880590372
11/22/2001,-805.7180000000001,26626.7604,6.3553,160.3926,10.767999999999999,2.0507,-0.7162657110484573,-0.776685726331322,0.23477597296413383,1.7278562259306802,0.0,0.2705604719764012,-0.21908767858437905,0.1765191740412979,0.09647856323828098,0.07088436335378262
11/23/2001,-805.7180000000001,26626.7604,6.3553,160.3926,11.167,2.0507,-0.680001146230335,-0.7142734332464109,0.2434754169846288,1.7918806161745826,0.037054234769688055,0.11994784876140807,-0.15086305223937346,0.14524508696634308,0.08941809988450312,0.0708118579635738
11/26/2001,-805.7180000000001,26626.7604,6.3553,160.3926,11.665999999999999,2.0507,-0.6709910316430707,-0.7339951491905916,0.25435517278970887,1.8719512195121948,0.04468523327661855,0.23685326547921948,-0.13328380386329886,0.14524508696634308,0.08850840961232694,0.07097598409582341
11/27/2001,-805.7180000000001,26626.7604,6.3553,160.3926,12.952,2.0507,-0.6397919737464193,-0.7379647912784715,0.28239398233947455,2.078305519897304,0.11023487056403236,0.3746550626194014,0.0030978934324659146,0.14524508696634308,0.09085882752474025,0.07211090080481601
11/28/2001,-805.7180000000001,26626.7604,6.3553,160.3926,12.374,2.0507,-0.6534573052902792,-0.7436637073963088,0.2697917802245721,1.9855584082156612,-0.04462631253860405,0.3519064787501369,-0.06829305022212173,0.14524508696634308,0.091349052762493,0.07227529771709838
11/29/2001,-805.7180000000001,26626.7604,6.3553,160.3926,11.716,2.0507,-0.6713143498386871,-0.770627016411839,0.2554453286820015,1.8799743260590498,-0.053176014223371704,0.43297455968688836,-0.11783751223552441,0.14524508696634308,0.08837384015300546,0.07260223272710382
11/30/2001,-805.7180000000001,26626.7604,6.3553,160.3926,11.795,2.0507,-0.6708249609287787,-0.7623632507256084,0.2571677749918238,1.8926508344030808,0.006742915670877592,0.38520258367586613,-0.09968704679032125,0.14524508696634308,0.08829941129039405,0.07258343334071703
12/3/2001,-805.7180000000001,26626.7604,6.3553,160.3926,11.117,2.0507,-0.7011800123645943,-0.7633524178157676,0.2423852610923362,1.783857509627728,-0.057481983891479405,0.262721490231713,-0.07087338069368987,0.14524508696634308,0.0897923700786183,0.07210607854419541
12/4/2001,-805.7180000000001,26626.7604,6.3553,160.3926,11.197000000000001,2.0507,-0.6964842373478626,-0.7510774985768887,0.24412951052000437,1.7966944801026958,0.0071961860214087014,0.2193183055646304,0.018094198945262985,0.14524508696634308,0.08957568621491564,0.07133614296799476
12/5/2001,-805.7180000000001,26626.7604,6.3553,160.3926,12.264000000000001,2.0507,-0.6681279428478648,-0.7895491692374303,0.2673934372615284,1.9679075738125804,0.09529338215593453,0.576957695769577,0.11612668365489642,0.14524508696634308,0.08261509439124405,0.07227919678921443
12/6/2001,-805.7180000000001,26626.7604,6.3553,160.3926,12.463,2.0507,-0.6610275518807627,-0.8305001767889684,0.2717322577128529,1.9998395378690628,0.016226353555120587,0.9998395378690628,0.05395348837209313,0.14524508696634308,0.06490289907659974,0.07171025508275754
12/7/2001,-805.7180000000001,26626.7604,6.3553,160.3926,12.513,2.0507,-0.6561701426098425,-0.8095787651471437,0.27282241360514553,2.0078626444159178,0.004011875150445432,0.8056277056277057,0.058181818181818334,0.14524508696634308,0.06278097739978769,0.07170900334486482
12/10/2001,-805.7180000000001,26626.7604,6.3553,160.3926,11.485999999999999,2.0507,-0.6833020844821882,-0.797397154516378,0.25043061157745555,1.843068035943517,-0.08207464237193329,0.5631464344039192,-0.028668076109936602,0.14524508696634308,0.06693429368326338,0.0725132646306284
12/11/2001,-805.7180000000001,26626.7604,6.3553,160.3926,11.237,2.0507,-0.7324587509821194,-0.813409204542749,0.24500163523383844,1.8031129653401796,-0.02167856520982059,0.43383947939262457,-0.04972515856236781,0.14524508696634308,0.06687039754997766,0.07257490820397153
12/12/2001,-805.7180000000001,26626.7604,6.3553,160.3926,11.047,2.0507,-0.736982452798743,-0.7891954953453489,0.24085904284312656,1.772625160462131,-0.016908427516240998,0.2476846622995259,-0.0657928118393234,0.14524508696634308,0.06226368659435788,0.07261284420897998
12/13/2001,-805.7180000000001,26626.7604,6.3553,160.3926,10.716,2.0507,-0.7471150442477876,-0.7607079646017699,0.23364221083614956,1.719512195121951,-0.02996288585136253,0.056804733727810586,-0.10438779774341833,0.11023487056403236,0.054869655098017354,0.07270786050161854
12/14/2001,-805.7180000000001,26626.7604,6.3553,160.3926,10.609000000000002,2.0507,-0.7592037768396205,-0.7779971855281674,0.23130927722664343,1.7023427471116819,-0.00998506905561758,0.0846539208669872,-0.14876033057851223,0.11023487056403236,0.05423273268160947,0.07253155802220253
12/17/2001,-805.7180000000001,26626.7604,6.3553,160.3926,10.459000000000001,2.0507,-0.7716525118442024,-0.767831801410388,0.22803880954976563,1.678273427471117,-0.014138938637006326,-0.016456648485988268,-0.1707761833029413,0.11023487056403236,0.050986641936626054,0.07253662719092174
12/18/2001,-805.7180000000001,26626.7604,6.3553,160.3926,12.005,2.0507,-0.7067803233842997,-0.717502808851546,0.2617464297394527,1.9263478818998716,0.14781527870733324,0.037956078160124695,-0.004890583554376549,0.14781527870733324,0.05741845003755287,0.07467555350989213
12/19/2001,-805.7180000000001,26626.7604,6.3553,160.3926,12.234000000000002,2.0507,-0.7011870450881734,-0.7289580382003811,0.2667393437261529,1.9630937098844674,0.019075385256143385,0.10246012435793461,-0.04511395566656251,0.14781527870733324,0.05661089019530199,0.07432023892340331
12/20/2001,-805.7180000000001,26626.7604,6.3553,160.3926,12.752,2.0507,-0.6746689797688599,-0.7252850983493635,0.27803335877030416,2.0462130937098846,0.04234101683831937,0.18424962852897497,-0.058892988929889256,0.14781527870733324,0.05651583331925831,0.07416067610360164
12/21/2001,-805.7180000000001,26626.7604,6.3553,160.3926,13.161,2.0507,-0.6491803278688525,-0.7129681460749033,0.2869508339692576,2.111842105263158,0.03207340025094085,0.22223254086181288,-0.025832716506291598,0.14781527870733324,0.05667786901053316,0.0742562732996945
12/24/2001,-805.7180000000001,26626.7604,6.3553,160.3926,12.517000000000001,2.0507,-0.6578184800437397,-0.6947238928376162,0.27290962607652897,2.0085044929396663,-0.04893245194134177,0.12089191367421881,-0.052531980924986565,0.14781527870733324,0.057802540681482974,0.07447483583406117
12/25/2001,-805.7180000000001,26626.7604,6.3553,160.3926,12.517000000000001,2.0507,-0.6380905568727231,-0.6626958885098017,0.27290962607652897,2.0085044929396663,0.0,0.07294702554431698,-0.013865910344284083,0.14781527870733324,0.057164353674034905,0.0742897277039699
12/26/2001,-805.7180000000001,26626.7604,6.3553,160.3926,12.394,2.0507,-0.6473667738356047,-0.6314905966369818,0.27022784258148913,1.988767650834403,-0.009826635775345594,-0.043082149474984566,-0.06889039140560438,0.14781527870733324,0.05185581736691161,0.07406812649667974
12/27/2001,-805.7180000000001,26626.7604,6.3553,160.3926,12.822000000000001,2.0507,-0.6325758661202968,-0.645413645872138,0.2795595770195138,2.0574454428754816,0.0345328384702277,0.03620494585421041,-0.02501710896509768,0.14781527870733324,0.05139015420513648,0.07416272524558373
12/28/2001,-805.7180000000001,26626.7604,6.3553,160.3926,13.062000000000001,2.0507,-0.6404723239107097,-0.6775205747158074,0.28479232530251825,2.095956354300385,0.018717828731867225,0.11488562649368395,-0.15478193348000513,0.14781527870733324,0.049838162899643504,0.07082665111689132
12/31/2001,-805.7180000000001,26626.7604,6.3553,160.3926,12.982000000000001,2.0507,-0.6862583981826091,-0.7149451399294311,0.2830480758748501,2.083119383825417,-0.006124636349716717,0.10063586265366697,-0.13430248066150963,0.14781527870733324,0.049911944249793255,0.07073089226462131
1/1/2002,-805.7180000000001,26626.7604,6.3553,160.3926,12.982000000000001,2.0507,-0.6809770722237241,-0.7268080505246604,0.2830480758748501,2.083119383825417,0.0,0.16776108662408928,-0.1918072589180102,0.14781527870733324,0.04780411040785345,0.07014497628891125
1/2/2002,-805.7180000000001,26626.7604,6.3553,160.3926,13.66,2.0507,-0.6643157299781289,-0.7248421104366845,0.29783058977433774,2.1919127086007704,0.05222615929748886,0.21996963472358666,-0.08665418561112592,0.14781527870733324,0.04874526601810435,0.06991183501482748
1/3/2002,-805.7180000000001,26626.7604,6.3553,160.3926,13.151,2.0507,-0.6859612675215512,-0.7071423454402177,0.28673280279079905,2.110237483953787,-0.03726207906295753,0.07232550554468342,-0.1183293108071869,0.14781527870733324,0.045718783241020786,0.07007654662877026
1/4/2002,-805.7180000000001,26626.7604,6.3553,160.3926,12.902000000000001,2.0507,-0.6928168376943407,-0.7032689697864337,0.28130382644718194,2.0702824133504496,-0.018933921374800322,0.03522426382091015,-0.11973800914238919,0.14781527870733324,0.04590330483587033,0.07008325304688115
1/7/2002,-805.7180000000001,26626.7604,6.3553,160.3926,13.231,2.0507,-0.7005341541804355,-0.7167851161106333,0.2884770522184672,2.1230744544287545,0.025499922492636662,0.05738032446255903,-0.055535727032621884,0.14781527870733324,0.04617463885596029,0.06991769681687926
1/8/2002,-805.7180000000001,26626.7604,6.3553,160.3926,13.100999999999999,2.0507,-0.705555805277116,-0.7418528340899897,0.28564264689850644,2.102214377406932,-0.00982541002191828,0.14060595507574436,-0.08307670772676379,0.14781527870733324,0.04196879809813984,0.06989178296162958
1/9/2002,-805.7180000000001,26626.7604,6.3553,160.3926,12.902000000000001,2.0507,-0.7112419149079027,-0.7485060764083167,0.28130382644718194,2.0702824133504496,-0.015189680177085552,0.14817122007653305,0.012556898446083764,0.14781527870733324,0.04176988432620672,0.06851593378172721
1/10/2002,-805.7180000000001,26626.7604,6.3553,160.3926,12.523,2.0507,-0.7269595552163959,-0.7591409571568735,0.2737866200262352,2.0094672657252888,-0.02937529065261213,0.13361093509550104,0.008861677273825697,0.14781527870733324,0.042218679918565816,0.0685411021957817
1/11/2002,-805.7180000000001,26626.7604,6.3553,160.3926,11.716,2.0507,-0.7438565806733712,-0.7657192829033669,0.2575454485502626,1.8799743260590498,-0.06444142777289785,0.09331840238895106,-0.02244472256987906,0.14781527870733324,0.044336956942444855,0.0689044783485749
1/14/2002,-805.7180000000001,26626.7604,6.3553,160.3926,11.097000000000001,2.0507,-0.7404149804673793,-0.7518304521743198,0.2439383614341298,1.780648267008986,-0.05283373164902683,0.045998680365727074,-0.02964323189926532,0.14781527870733324,0.04602245203782049,0.06898870666708835
1/15/2002,-805.7180000000001,26626.7604,6.3553,160.3926,10.958,2.0507,-0.7432942113524024,-0.7549839529599175,0.24088281198478817,1.758344030808729,-0.012525907903036981,0.047710106128692864,0.034847483237321786,0.14781527870733324,0.045993554006762485,0.06832878565102687
1/16/2002,-805.7180000000001,26626.7604,6.3553,160.3926,9.961,2.0507,-0.7686769931028077,-0.7212094470634681,0.21896638895605722,1.5983632862644417,-0.09098375615988319,-0.17026239067055393,0.002011870033195917,0.05222615929748886,0.03711156148972107,0.06887991250324543
1/17/2002,-805.7180000000001,26626.7604,6.3553,160.3926,9.293,2.0507,-0.7928813408219667,-0.7273335116341267,0.20428216570310606,1.4911745827984595,-0.0670615400060236,-0.2403956187673698,-0.013691360645298412,0.05222615929748886,0.03867567586679274,0.06909482611828717
1/18/2002,-805.7180000000001,26626.7604,6.3553,160.3926,9.023,2.0507,-0.8002833174705062,-0.7177449700081896,0.198346925765536,1.4478498074454427,-0.02905412676207897,-0.2924247176913426,-0.026959991372802805,0.05222615929748886,0.036722635327401866,0.06917039151483688
1/21/2002,-805.7180000000001,26626.7604,6.3553,160.3926,9.023,2.0507,-0.801653074234464,-0.710690026598668,0.20082350322724238,1.4478498074454427,0.0,-0.31441379834359096,0.0646607669616519,0.05222615929748886,0.0352756322885139,0.0682485191906164
1/22/2002,-805.7180000000001,26626.7604,6.3553,160.3926,7.947,2.0507,-0.8208884581577227,-0.7178886159255335,0.1768751391052749,1.2751925545571245,-0.1192508035021611,-0.36510345929535837,-0.20298866713469055,0.05222615929748886,0.04126624768809969,0.06628463480113321
1/23/2002,-805.7180000000001,26626.7604,6.3553,160.3926,7.598,2.0507,-0.8308924994435789,-0.7214110839083018,0.17028620094578542,1.219191270860077,-0.04391594312319114,-0.3929855396660542,-0.19444444444444453,0.05222615929748886,0.041285113418584145,0.06616692185578135
1/24/2002,-805.7180000000001,26626.7604,6.3553,160.3926,8.635,2.0507,-0.8064725789461888,-0.7222259575517156,0.19995368762301724,1.3855905006418485,0.13648328507501972,-0.3032919154429563,-0.08352791339418386,0.13648328507501972,0.05395762661325183,0.06840443481155077
1/25/2002,-805.7180000000001,26626.7604,6.3553,160.3926,8.146,2.0507,-0.8113696885492647,-0.7030913511635984,0.20018184945813775,1.3071245186136073,-0.0566299942096119,-0.3646856964592107,-0.11001857314541663,0.13648328507501972,0.05337977361516559,0.06869056391713714
1/28/2002,-805.7180000000001,26626.7604,6.3553,160.3926,7.957000000000001,2.0507,-0.8044626839997051,-0.6790111321357482,0.19735112477988045,1.2767971758664955,-0.02320157132334888,-0.39082835706629915,-0.02678571428571419,0.13648328507501972,0.052637242515122744,0.06738094315271674
1/29/2002,-805.7180000000001,26626.7604,6.3553,160.3926,7.318,2.0507,-0.8133020384213078,-0.6688011837640635,0.1815025174235472,1.1742618741976893,-0.08030664823425926,-0.43629641041442,-0.14057545507927194,0.13648328507501972,0.0539890491828383,0.0679693478772437
1/30/2002,-805.7180000000001,26626.7604,6.3553,160.3926,7.138999999999999,2.0507,-0.822937076812421,-0.6780178079813488,0.17734002384737677,1.1455391527599486,-0.024460235036895317,-0.4500847327068249,-0.18911858246251712,0.13648328507501972,0.05367316250623613,0.06789562496086388
1/31/2002,-805.7180000000001,26626.7604,6.3553,160.3926,6.93,2.0507,-0.8273198445131067,-0.6596232432971194,0.17214825119236885,1.112002567394095,-0.029275808936825798,-0.4926793557833089,-0.2453446586082979,0.13648328507501972,0.050534389613576314,0.0677494135863861
2/1/2002,-805.7180000000001,26626.7604,6.3553,160.3926,6.4910000000000005,2.0507,-0.8387569554848966,-0.6733157790143085,0.16268985914080905,1.0415596919127086,-0.06334776334776326,-0.5064253668922515,-0.1653593930821653,0.13648328507501972,0.051024630251487776,0.06542842728165466
2/4/2002,-805.7180000000001,26626.7604,6.3553,160.3926,5.982,2.0507,-0.8500676725650409,-0.6766253947566294,0.15685143426503748,1.0,-0.07841626867971041,-0.5363509533405674,-0.040115532734274706,0.13648328507501972,0.05191560994569307,0.06117806909583742
2/5/2002,-805.7180000000001,26626.7604,6.3553,160.3926,5.294,2.0507,-0.8611883161151608,-0.6530756725575542,0.13881168388483925,1.0,-0.11501170177198272,-0.5998790718766533,-0.2360750360750361,0.13648328507501972,0.05281961838350242,0.0612287940159639
2/6/2002,-805.7180000000001,26626.7604,6.3553,160.3926,4.906000000000001,2.0507,-0.8713618962714353,-0.6564843463212544,0.13573483842408146,1.0,-0.07329051756705685,-0.6255247691015953,-0.33233532934131726,0.13648328507501972,0.05274048708992682,0.06133315644876018
2/7/2002,-805.7180000000001,26626.7604,6.3553,160.3926,5.205,2.0507,-0.8559926958831341,-0.6430389552899513,0.14757165943693118,1.0609457806767222,0.06094578067672218,-0.596574174546582,-0.3358427969886436,0.13648328507501972,0.05727014466159159,0.061232334020839684
2/8/2002,-805.7180000000001,26626.7604,6.3553,160.3926,4.7860000000000005,2.0507,-0.8643077882679822,-0.6449491083326245,0.140661278471712,1.0,-0.08049951969260316,-0.6178232053022439,-0.45945335441608304,0.13648328507501972,0.05784573246546156,0.05949220544583216
2/11/2002,-805.7180000000001,26626.7604,6.3553,160.3926,4.836,2.0507,-0.8541264478764479,-0.6465974903474904,0.1421307861866275,1.0104471374843293,0.01044713748432935,-0.5872311369067941,-0.523076923076923,0.13648328507501972,0.058771362888799035,0.056225967538891836
2/12/2002,-805.7180000000001,26626.7604,6.3553,160.3926,5.205,2.0507,-0.832948199499326,-0.643847487001733,0.1529757531227039,1.0875470121186794,0.0763027295285359,-0.5309543119762099,-0.4678458235354258,0.13648328507501972,0.06385644788894997,0.05717001562732076
2/13/2002,-805.7180000000001,26626.7604,6.3553,160.3926,5.045,2.0507,-0.8424963316786862,-0.6578939152695826,0.1482733284349743,1.0541161721688257,-0.03073967339097028,-0.5396057674758168,-0.5255783336467934,0.13648328507501972,0.06368108176142837,0.055906748699859336
2/14/2002,-805.7180000000001,26626.7604,6.3553,160.3926,4.776,2.0507,-0.8570145500269445,-0.7017843242919586,0.1403673769287289,1.0,-0.05332011892963329,-0.5205300672623231,-0.5870655369185543,0.13648328507501972,0.06252609001092296,0.05473441508300796
2/15/2002,-805.7180000000001,26626.7604,6.3553,160.3926,4.397,2.0507,-0.8663647691699845,-0.7175637479865058,0.12922850844966938,1.0,-0.0793551088777219,-0.5268481652856989,-0.6037667838154457,0.13648328507501972,0.06292163829078473,0.05527109047046753
2/18/2002,-805.7180000000001,26626.7604,6.3553,160.3926,4.397,2.0507,-0.8707714915503306,-0.7348126377663482,0.12936157693439246,1.0,0.0,-0.5126897927518563,-0.5916604754829122,0.13648328507501972,0.06333399559112216,0.0552541198647209
2/19/2002,-805.7180000000001,26626.7604,6.3553,160.3926,3.819,2.0507,-0.8873451327433628,-0.733834808259587,0.11235657546337158,1.0,-0.1314532635888106,-0.5767483098747646,-0.6453380386329866,0.13648328507501972,0.0664577165817023,0.05721676096493016
2/20/2002,-805.7180000000001,26626.7604,6.3553,160.3926,3.56,2.0507,-0.8938137564875022,-0.7629600906758933,0.1047366872609591,1.0,-0.06781880073317614,-0.5520322134138669,-0.6812035461628011,0.13648328507501972,0.06422441719184192,0.057211915590534554
2/21/2002,-805.7180000000001,26626.7604,6.3553,160.3926,3.49,2.0507,-0.8970501474926253,-0.7758702064896755,0.10267725801706384,1.0,-0.0196629213483146,-0.5406685969992102,-0.700840048002743,0.13648328507501972,0.06428477303084394,0.056676058302096426
2/22/2002,-805.7180000000001,26626.7604,6.3553,160.3926,3.051,2.0507,-0.9098350966369171,-0.7448135232578758,0.08976169461606355,1.0,-0.12578796561604588,-0.6466705269253039,-0.7644379246448425,0.0763027295285359,0.054092744559111776,0.05589852404213468
2/25/2002,-805.7180000000001,26626.7604,6.3553,160.3926,1.974,2.0507,-0.9413390389587234,-0.757926956108288,0.05807590467784642,1.0,-0.3529990167158309,-0.7576724772894672,-0.8404719573298852,0.0763027295285359,0.08600591174815406,0.06976845146705016
2/26/2002,-805.7180000000001,26626.7604,6.3553,160.3926,2.094,2.0507,-0.9333290881304126,-0.746656902699949,0.061606354810238295,1.060790273556231,0.0607902735562309,-0.7368354907628504,-0.8212700580402867,0.0763027295285359,0.08972473508642005,0.07052689980449879
2/27/2002,-805.7180000000001,26626.7604,6.3553,160.3926,2.2230000000000003,2.0507,-0.9176147945002409,-0.728792202497869,0.06540158870255958,1.1261398176291795,0.06160458452722084,-0.6962284777261547,-0.8115303094531581,0.0763027295285359,0.09316086222234711,0.07125051378972373
2/28/2002,-805.7180000000001,26626.7604,6.3553,160.3926,2.3930000000000002,2.0507,-0.9067928643764119,-0.721936589545844,0.07040305972344807,1.2122593718338401,0.07647323436797127,-0.6647989914553858,-0.7847440856346136,0.07647323436797127,0.0970794552824324,0.07220817795302736
3/1/2002,-805.7180000000001,26626.7604,6.3553,160.3926,2.592,2.0507,-0.8890838290042364,-0.7034532928238264,0.0762577228596646,1.3130699088145896,0.08315921437526108,-0.625974025974026,-0.7685094221666517,0.08315921437526108,0.10103582974168128,0.07331631961024526
3/4/2002,-805.7180000000001,26626.7604,6.3553,160.3926,2.642,2.0507,-0.8835251069082573,-0.7138385575100296,0.07772874374816122,1.3383991894630192,0.019290123456790154,-0.5929748883068865,-0.7845727332028702,0.08315921437526108,0.10169202715663415,0.07200162869315957
3/5/2002,-805.7180000000001,26626.7604,6.3553,160.3926,2.612,2.0507,-0.8733698550443594,-0.7099917583749454,0.07684613121506326,1.3232016210739617,-0.011355034065102076,-0.5633567368772985,-0.7904196421407366,0.08315921437526108,0.10135107122573571,0.0718538717079413
3/6/2002,-805.7180000000001,26626.7604,6.3553,160.3926,3.35,2.0507,-0.8404837864863578,-0.7479167658682919,0.09855839952927331,1.6970618034447822,0.28254211332312407,-0.3672081601813373,-0.7322784304323504,0.28254211332312407,0.12056705909825037,0.08139515844976614
3/7/2002,-805.7180000000001,26626.7604,6.3553,160.3926,4.876,2.0507,-0.7601691997442329,-0.7586936205794107,0.14345395704619004,2.4701114488348535,0.45552238805970147,-0.006114961271912023,-0.5754831969353995,0.45552238805970147,0.15722348520461635,0.10044154112455775
3/8/2002,-805.7180000000001,26626.7604,6.3553,160.3926,5.354,2.0507,-0.7136132655790318,-0.7215833110457341,0.1575169167402177,2.71225937183384,0.09803117309269882,0.028626320845341002,-0.5235383109370828,0.45552238805970147,0.15801707791000977,0.10132090449731845
3/11/2002,-805.7180000000001,26626.7604,6.3553,160.3926,5.303999999999999,2.0507,-0.6635798553850056,-0.6964353672459722,0.15604589585172107,2.68693009118541,-0.009338812103100613,0.10823234433765117,-0.5198696478681997,0.45552238805970147,0.15667100191605202,0.10131323469850509
3/12/2002,-805.7180000000001,26626.7604,6.3553,160.3926,4.876,2.0507,-0.7391815993581171,-0.7413212088793795,0.14345395704619004,2.4701114488348535,-0.08069381598793346,0.008271298593879317,-0.5449794699514744,0.45552238805970147,0.15809717348520042,0.10170198663674428
3/13/2002,-805.7180000000001,26626.7604,6.3553,160.3926,4.586,2.0507,-0.760096254446537,-0.7277150031387319,0.1349220358929097,2.3232016210739617,-0.05947497949138636,-0.11892411143131598,-0.5677255160712603,0.45552238805970147,0.15811069136152836,0.10191237406733158
3/14/2002,-805.7180000000001,26626.7604,6.3553,160.3926,4.477,2.0507,-0.7740828581520917,-0.7454205984760559,0.13171521035598704,2.267983789260385,-0.023767989533362455,-0.11258671952428134,-0.5719476049335501,0.45552238805970147,0.15803810594556075,0.10192850737591418
3/15/2002,-805.7180000000001,26626.7604,6.3553,160.3926,4.118,2.0507,-0.7752306096828775,-0.7393155395447846,0.12115328037658135,2.086119554204661,-0.08018762564217108,-0.13777219430485754,-0.6569762598917117,0.45552238805970147,0.15864845809345515,0.10032606767135803
3/18/2002,-805.7180000000001,26626.7604,6.3553,160.3926,4.138,2.0507,-0.7710270030987163,-0.7566954404603807,0.12174168873197998,2.0962512664640323,0.004856726566294212,-0.05890379804412105,-0.6617623017819193,0.45552238805970147,0.15748162647676756,0.10027087048097967
3/19/2002,-805.7180000000001,26626.7604,6.3553,160.3926,4.038,2.0507,-0.7438792337942407,-0.721108714956235,0.11879964695498677,2.0455927051671736,-0.024166263895601614,-0.0816465772117353,-0.6833437892095358,0.45552238805970147,0.15763551446806712,0.10003628417571751
3/20/2002,-805.7180000000001,26626.7604,6.3553,160.3926,3.8289999999999997,2.0507,-0.7654804924358425,-0.7660929748269738,0.11265077964107088,1.9397163120567376,-0.051758296186230957,0.0026184865147944603,-0.7090646607400654,0.45552238805970147,0.1550636807223393,0.09997996280635374
3/21/2002,-805.7180000000001,26626.7604,6.3553,160.3926,3.49,2.0507,-0.7695304761275836,-0.7649078782275639,0.10267725801706384,1.7679837892603851,-0.08853486550013046,-0.0196629213483146,-0.7211791962930414,0.45552238805970147,0.15565629656150984,0.10032274477912448
3/22/2002,-805.7180000000001,26626.7604,6.3553,160.3926,3.71,2.0507,-0.7137787378490974,-0.7307514272488813,0.10914974992644895,1.8794326241134751,0.0630372492836675,0.0630372492836675,-0.7036030997842935,0.45552238805970147,0.15590850788377758,0.10079109036560716
3/25/2002,-805.7180000000001,26626.7604,6.3553,160.3926,3.589,2.0507,-0.751746558760462,-0.7889603652210002,0.10558987937628714,1.8181357649442755,-0.032614555256064715,0.1763356276630612,-0.7104243989026948,0.45552238805970147,0.15302603233705958,0.10081565905939571
3/26/2002,-805.7180000000001,26626.7604,6.3553,160.3926,3.46,2.0507,-0.7510254011657193,-0.8579549543066849,0.10179464548396587,1.7527862208713272,-0.0359431596544999,0.7527862208713272,-0.7301513024489159,0.45552238805970147,0.12814974498508505,0.10065184015734323
3/27/2002,-805.7180000000001,26626.7604,6.3553,160.3926,3.36,2.0507,-0.7549234135667396,-0.8472647702407002,0.09885260370697263,1.702127659574468,-0.028901734104046284,0.6045845272206305,-0.7427652733118971,0.45552238805970147,0.12869483435915902,0.10056734742563171
3/28/2002,-805.7180000000001,26626.7604,6.3553,160.3926,3.28,2.0507,-0.7723486951693503,-0.8457107162687396,0.09649897028537804,1.6616008105369806,-0.023809523809523836,0.47548358074673835,-0.7473424741950393,0.45552238805970147,0.12897616183274138,0.10056249422150591
3/29/2002,-805.7180000000001,26626.7604,6.3553,160.3926,3.28,2.0507,-0.802777944801876,-0.8561120798508809,0.09649897028537804,1.6616008105369806,0.0,0.37066443794400317,-0.7473424741950393,0.45552238805970147,0.12853942461561413,0.10056249422150591
4/1/2002,-805.7180000000001,26626.7604,6.3553,160.3926,3.24,2.0507,-0.8375206860237701,-0.8700165488190161,0.09532215357458076,1.6413373860182372,-0.012195121951219412,0.25,-0.7628111273792093,0.45552238805970147,0.12794297376813807,0.10017588419618503
4/2/2002,-805.7180000000001,26626.7604,6.3553,160.3926,2.991,2.0507,-0.8500075221904618,-0.8675091519983953,0.0879964695498676,1.5151975683890577,-0.07685185185185184,0.132096896290689,-0.7725648239677592,0.45552238805970147,0.1295730016702864,0.10042354671426096
4/3/2002,-805.7180000000001,26626.7604,6.3553,160.3926,2.752,2.0507,-0.8595345038791343,-0.8666802776643527,0.08096498970285376,1.3941236068895642,-0.07990638582413923,0.05359877488514542,-0.7866997364749652,0.45552238805970147,0.1310613855549131,0.10072145967387387
4/4/2002,-805.7180000000001,26626.7604,6.3553,160.3926,2.552,2.0507,-0.8808979325150511,-0.8436552013814347,0.07508090614886731,1.292806484295846,-0.07267441860465107,-0.23820895522388064,-0.8071196432620361,0.45552238805970147,0.11610559874169199,0.10077443870623043
4/5/2002,-805.7180000000001,26626.7604,6.3553,160.3926,2.9610000000000003,2.0507,-0.8909793814432989,-0.8204712812960235,0.08711385701676964,1.5000000000000002,0.16026645768025083,-0.39273995077932733,-0.7739867185711014,0.16026645768025083,0.06291350270543787,0.10332474330053512
4/8/2002,-805.7180000000001,26626.7604,6.3553,160.3926,2.702,2.0507,-0.9032165627910309,-0.8082240848198295,0.07949396881435716,1.3687943262411348,-0.08747044917257696,-0.4953305939484498,-0.7905751046349403,0.16026645768025083,0.0581088225347096,0.10369035208549854
4/9/2002,-805.7180000000001,26626.7604,6.3553,160.3926,2.812,2.0507,-0.9030846114078925,-0.817198001033948,0.08273021476904971,1.4245187436676798,0.040710584752035484,-0.4698340874811463,-0.7754531661742394,0.16026645768025083,0.060014501265473065,0.1039576965848702
4/10/2002,-805.7180000000001,26626.7604,6.3553,160.3926,2.543,2.0507,-0.9104135841612062,-0.8282251814274643,0.07481612238893792,1.2882472137791288,-0.09566145092460876,-0.4784659557013946,-0.7829463980880846,0.16026645768025083,0.06075467381107633,0.10425503381780213
4/11/2002,-805.7180000000001,26626.7604,6.3553,160.3926,2.403,2.0507,-0.9157315191471455,-0.8391780053303408,0.07069726390114739,1.2173252279635258,-0.05505308690523014,-0.47601395551679027,-0.7834549878345499,0.16026645768025083,0.06065066001135114,0.10426708462171799
4/12/2002,-805.7180000000001,26626.7604,6.3553,160.3926,2.4930000000000003,2.0507,-0.9185027786858451,-0.8536449820202681,0.07334510150044131,1.2629179331306992,0.03745318352059934,-0.4431538976993522,-0.7724949808359189,0.16026645768025083,0.06234236056151682,0.10450592558927098
4/15/2002,-805.7180000000001,26626.7604,6.3553,160.3926,2.4330000000000003,2.0507,-0.9256054305283757,-0.8740826810176126,0.07157987643424538,1.2325227963525838,-0.024067388688327362,-0.40917921321029627,-0.7557474149181809,0.16026645768025083,0.06107929611474478,0.104092119539483
4/16/2002,-805.7180000000001,26626.7604,6.3553,160.3926,2.9610000000000003,2.0507,-0.9101992539350378,-0.8745033815546053,0.08711385701676964,1.5000000000000002,0.21701602959309496,-0.2844369260512324,-0.6813730765092004,0.21701602959309496,0.08040760005189031,0.10796954665657524
4/17/2002,-805.7180000000001,26626.7604,6.3553,160.3926,3.181,2.0507,-0.9064136510738452,-0.8812003530450132,0.09452913732132776,1.6114488348530902,0.0742992232353934,-0.21223377909856367,-0.647456500055414,0.21701602959309496,0.08256053566173066,0.10849781153746763
4/18/2002,-805.7180000000001,26626.7604,6.3553,160.3926,3.16,2.0507,-0.9041058477225139,-0.8838042059903499,0.0939050845442929,1.60081053698075,-0.006601697579377563,-0.1747192478453904,-0.6497838856256234,0.21701602959309496,0.08195576425771518,0.10849034511773939
4/19/2002,-805.7180000000001,26626.7604,6.3553,160.3926,3.141,2.0507,-0.9066595346349291,-0.8962883718165879,0.09446048357993506,1.5911854103343466,-0.006012658227848133,-0.10000000000000009,-0.6047565118912797,0.21701602959309496,0.07975289102922102,0.10760170488093554
4/22/2002,-805.7180000000001,26626.7604,6.3553,160.3926,2.752,2.0507,-0.9172380608685192,-0.8884277637435343,0.08505640550146809,1.3941236068895642,-0.12384590894619552,-0.25822102425876015,-0.6377994209002369,0.21701602959309496,0.08249572455711822,0.1084856743461604
4/23/2002,-805.7180000000001,26626.7604,6.3553,160.3926,2.991,2.0507,-0.9065195649456181,-0.8878297287160895,0.09244320815948077,1.5151975683890577,0.08684593023255816,-0.16662022847589852,-0.6536189924724957,0.21701602959309496,0.08501405622020873,0.10757791888270243
4/24/2002,-805.7180000000001,26626.7604,6.3553,160.3926,3.161,2.0507,-0.9023025807448617,-0.8930613506413229,0.10610230934479055,1.6013171225937184,0.05683717820127043,-0.08641618497109826,-0.6119567886079058,0.21701602959309496,0.08575245099954715,0.10775509273153566
4/25/2002,-805.7180000000001,26626.7604,6.3553,160.3926,3.24,2.0507,-0.88909426987061,-0.8849866502361882,0.10875402792696028,1.6413373860182372,0.024992091110408232,-0.03571428571428559,-0.5928113610657283,0.21701602959309496,0.08568003271284158,0.1078267147794169
4/26/2002,-805.7180000000001,26626.7604,6.3553,160.3926,3.091,2.0507,-0.8962473147153598,-0.8899033297529538,0.10566076433991933,1.565856129685917,-0.045987654320987614,-0.05762195121951208,-0.5776168352008746,0.21701602959309496,0.08614473153691792,0.10754520717018679
4/29/2002,-805.7180000000001,26626.7604,6.3553,160.3926,2.842,2.0507,-0.902850892185684,-0.8878785807069118,0.09952374282112342,1.4397163120567376,-0.08055645422193469,-0.13353658536585356,-0.6019050287155063,0.21701602959309496,0.08794640312103764,0.10791435665443154
4/30/2002,-805.7180000000001,26626.7604,6.3553,160.3926,2.8810000000000002,2.0507,-0.8991105196806275,-0.8865387309146939,0.10584129316678914,1.4594731509625127,0.013722730471499078,-0.1108024691358025,-0.5842712842712843,0.21701602959309496,0.08799658950338374,0.10792002468291996
5/1/2002,-805.7180000000001,26626.7604,6.3553,160.3926,2.862,2.0507,-0.8922115094908105,-0.8873531184091594,0.10514327700220427,1.4498480243161096,-0.006594932315168389,-0.04312938816449352,-0.5590818055769528,0.21701602959309496,0.08632928617352409,0.10768988126255255
5/2/2002,-805.7180000000001,26626.7604,6.3553,160.3926,2.792,2.0507,-0.8960574811064368,-0.8975466289415882,0.10257163850110212,1.414387031408308,-0.024458420684835835,0.014534883720930258,-0.5332664660648613,0.21701602959309496,0.08455038690558932,0.10733006757135423
5/3/2002,-805.7180000000001,26626.7604,6.3553,160.3926,2.4130000000000003,2.0507,-0.9085014409221902,-0.9032306992264523,0.08864805290227774,1.222391084093212,-0.13574498567335225,-0.05446708463949834,-0.5442009822440498,0.21701602959309496,0.08843940781886615,0.10769912230900391
5/6/2002,-805.7180000000001,26626.7604,6.3553,160.3926,2.592,2.0507,-0.903682509011185,-0.8899706439745829,0.09522409992652463,1.3130699088145896,0.07418151678408602,-0.12462006079027366,-0.47166734610680805,0.21701602959309496,0.08248028430435429,0.10783517401928042
5/7/2002,-805.7180000000001,26626.7604,6.3553,160.3926,2.343,2.0507,-0.9109870070663324,-0.8973482258187068,0.08607641440117561,1.1869300911854104,-0.09606481481481488,-0.13286454478164322,-0.5498559077809798,0.21701602959309496,0.08293967051233633,0.10811111735271622
5/8/2002,-805.7180000000001,26626.7604,6.3553,160.3926,2.463,2.0507,-0.9087135391571847,-0.895778510803899,0.09048493754592213,1.2477203647416415,0.05121638924455829,-0.12411095305832143,-0.48537400752193904,0.21701602959309496,0.08325110273268292,0.10794107512666741
5/9/2002,-805.7180000000001,26626.7604,6.3553,160.3926,2.263,2.0507,-0.9168626010286554,-0.9065760470242469,0.08699496405643331,1.1464032421479229,-0.08120178643930176,-0.11010617381046017,-0.5320512820512822,0.21701602959309496,0.08250328332031712,0.10834704398455709
5/10/2002,-805.7180000000001,26626.7604,6.3553,160.3926,2.0340000000000003,2.0507,-0.9218083266059278,-0.9076231115211625,0.07913165266106444,1.0303951367781157,-0.10119310649580193,-0.15355805243445686,-0.6092219020172911,0.21701602959309496,0.08456523888369728,0.10846936596360233
5/13/2002,-805.7180000000001,26626.7604,6.3553,160.3926,2.141,2.0507,-0.9167055711173359,-0.9030112044817927,0.08447425527717499,1.0845997973657548,0.052605703048180796,-0.14119534697152036,-0.575619425173439,0.21701602959309496,0.08500514021961307,0.10871068287125657
5/14/2002,-805.7180000000001,26626.7604,6.3553,160.3926,2.044,2.0507,-0.9193529295719076,-0.904004734661669,0.08064707042809233,1.0354609929078014,-0.04530593180756659,-0.15988491574188257,-0.5720268006700167,0.21701602959309496,0.08538334975473683,0.10866135313179386
5/15/2002,-805.7180000000001,26626.7604,6.3553,160.3926,2.035,2.0507,-0.9197080291970803,-0.8831722233182087,0.08151085476247698,1.0309017223910841,-0.0044031311154598685,-0.3127321850726106,-0.5371844439390494,0.08684593023255816,0.06864669235177966,0.1082745876929429
5/16/2002,-805.7180000000001,26626.7604,6.3553,160.3926,2.044,2.0507,-0.9181286549707602,-0.8725867179363935,0.08283016574137861,1.0354609929078014,0.004422604422604337,-0.3574347689405847,-0.5351375938139641,0.08684593023255816,0.06571251830600085,0.10828035752788774
5/17/2002,-805.7180000000001,26626.7604,6.3553,160.3926,2.0340000000000003,2.0507,-0.9116880861410211,-0.8627995831886072,0.08242493009685133,1.0303951367781157,-0.004892367906066397,-0.35632911392405053,-0.46739984289080905,0.08684593023255816,0.06572933770966098,0.10709247033298147
5/20/2002,-805.7180000000001,26626.7604,6.3553,160.3926,1.995,2.0507,-0.9135690148167404,-0.863919937613725,0.08084451108319489,1.0106382978723405,-0.019174041297935207,-0.3648519579751671,-0.4396067415730337,0.08684593023255816,0.06566563255733465,0.10680357347598679
5/21/2002,-805.7180000000001,26626.7604,6.3553,160.3926,2.044,2.0507,-0.9147587472371659,-0.8852329121314484,0.08283016574137861,1.0354609929078014,0.024561403508771784,-0.257267441860465,-0.4143266475644699,0.08684593023255816,0.061714982998991884,0.1068424958895339
5/22/2002,-805.7180000000001,26626.7604,6.3553,160.3926,2.044,2.0507,-0.9156382847001527,-0.8765528911634818,0.08283016574137861,1.0354609929078014,0.0,-0.3166165162153126,-0.33005571943625045,0.07418151678408602,0.05751279797490446,0.10568043571449323
5/23/2002,-805.7180000000001,26626.7604,6.3553,160.3926,2.084,2.0507,-0.9148275298348864,-0.8708108549942782,0.08445110831948778,1.0557244174265452,0.019569471624266255,-0.3407149636191079,0.055724417426545214,0.07418151678408602,0.05568808405645717,0.09561165081813788
5/24/2002,-805.7180000000001,26626.7604,6.3553,160.3926,1.984,2.0507,-0.9172609366529046,-0.8648817715501064,0.08039875187421486,1.005065856129686,-0.04798464491362764,-0.3876543209876544,-0.05253104106972295,0.07418151678408602,0.05513818452129874,0.09556788668584819
5/27/2002,-805.7180000000001,26626.7604,6.3553,160.3926,1.984,2.0507,-0.9166036149642707,-0.8700714585960487,0.08039875187421486,1.005065856129686,0.0,-0.3581365253963119,-0.10751237067026553,0.07418151678408602,0.05503366767319886,0.09527490493727979
5/28/2002,-805.7180000000001,26626.7604,6.3553,160.3926,1.795,2.0507,-0.9213857136600534,-0.8755310296500679,0.07273979819264903,1.0,-0.09526209677419362,-0.368402533427164,-0.24989552862515685,0.07418151678408602,0.05593696757185235,0.09557123985614434
5/29/2002,-805.7180000000001,26626.7604,6.3553,160.3926,1.675,2.0507,-0.9214978675540142,-0.8649763321929044,0.06787697045832151,1.0,-0.06685236768802227,-0.4186046511627908,-0.35378086419753085,0.07418151678408602,0.05626379753128684,0.09532045967910613
5/30/2002,-805.7180000000001,26626.7604,6.3553,160.3926,1.496,2.0507,-0.9280734650704361,-0.8623972306360883,0.060623252421282976,1.0,-0.10686567164179106,-0.47728860936408113,-0.43376230128690385,0.07418151678408602,0.058911336767069125,0.09616750124517054
5/31/2002,-805.7180000000001,26626.7604,6.3553,160.3926,1.466,2.0507,-0.9290725240698631,-0.8649184769461513,0.0594075454877011,1.0,-0.020053475935828846,-0.47492836676217765,-0.4387442572741195,0.07418151678408602,0.05893505780329263,0.0961831142180182
6/3/2002,-805.7180000000001,26626.7604,6.3553,160.3926,1.3359999999999999,2.0507,-0.9315678942785433,-0.8764021922860216,0.05413948210884629,1.0,-0.08867667121418832,-0.44633236634894335,-0.6011940298507463,0.07418151678408602,0.055444028579497026,0.08941165541002648
6/4/2002,-805.7180000000001,26626.7604,6.3553,160.3926,1.386,2.0507,-0.9270295882910393,-0.8635358534273981,0.05616566033148276,1.0374251497005988,0.03742514970059885,-0.4652777777777778,-0.7157506152584086,0.052605703048180796,0.05262322481521844,0.0669151857478524
6/5/2002,-805.7180000000001,26626.7604,6.3553,160.3926,1.3659999999999999,2.0507,-0.9185012827396933,-0.8602112045820656,0.05535518904242817,1.0224550898203593,-0.01443001443001446,-0.4169867690994452,-0.7448636533432947,0.052605703048180796,0.05030857901307863,0.06526035951463405
6/6/2002,-805.7180000000001,26626.7604,6.3553,160.3926,1.246,2.0507,-0.9287918619270774,-0.8592410561206996,0.05049236130810066,1.0,-0.08784773060029272,-0.49411287048315067,-0.7650829562594268,0.052605703048180796,0.04903272096090495,0.06581268434527399
6/7/2002,-805.7180000000001,26626.7604,6.3553,160.3926,1.296,2.0507,-0.935781180318121,-0.8878648233486943,0.052518539530737124,1.0401284109149278,0.0401284109149278,-0.42730888201502426,-0.734208367514356,0.052605703048180796,0.04992960525788245,0.06579458774996781
6/10/2002,-805.7180000000001,26626.7604,6.3553,160.3926,1.147,2.0507,-0.9425954656924078,-0.898203293128472,0.04648052842728047,1.0,-0.11496913580246915,-0.43608652900688305,-0.7498909725250763,0.052605703048180796,0.05105895643672108,0.06671416820646846
6/11/2002,-805.7180000000001,26626.7604,6.3553,160.3926,1.224,2.0507,-0.9378427787934187,-0.8912756449319521,0.04960084289014062,1.0671316477768091,0.06713164777680913,-0.42830453059318074,-0.7266026356935449,0.06713164777680913,0.05225604225360067,0.06759951570592077
6/12/2002,-805.7180000000001,26626.7604,6.3553,160.3926,1.196,2.0507,-0.9396934247680516,-0.8969342476805163,0.048466183085464194,1.042720139494333,-0.022875816993464082,-0.41487279843444236,-0.7095677513355998,0.06713164777680913,0.052047503626120865,0.0671352358897062
6/13/2002,-805.7180000000001,26626.7604,6.3553,160.3926,1.196,2.0507,-0.9401431359791802,-0.8981532455833041,0.048466183085464194,1.042720139494333,0.0,-0.41228501228501235,-0.7109714838086032,0.06713164777680913,0.05213859150311146,0.06711223647044569
6/14/2002,-805.7180000000001,26626.7604,6.3553,160.3926,1.177,2.0507,-0.9419911286347955,-0.8992607195662888,0.047696235360862343,1.0261551874455102,-0.015886287625417994,-0.4241682974559686,-0.7085190688459633,0.06713164777680913,0.05177896631847698,0.06710671644933106
6/17/2002,-805.7180000000001,26626.7604,6.3553,160.3926,1.555,2.0507,-0.9263661331565489,-0.9036840609906241,0.063014142723994,1.3557105492589363,0.32115548003398464,-0.23549655850540818,-0.5938887437973361,0.32115548003398464,0.09157741004025156,0.07933983201572001
6/18/2002,-805.7180000000001,26626.7604,6.3553,160.3926,1.695,2.0507,-0.9313125582526239,-0.9191554889168051,0.07469263649583571,1.4777680906713164,0.090032154340836,-0.15037593984962405,-0.5143266475644699,0.32115548003398464,0.09404366545100212,0.07972365271829747
6/19/2002,-805.7180000000001,26626.7604,6.3553,160.3926,1.795,2.0507,-0.9179840994242895,-0.9066069633555698,0.07909928171682896,1.5649520488230164,0.05899705014749257,-0.12181996086105684,-0.5161725067385445,0.32115548003398464,0.09486123683035357,0.07966683909942478
6/20/2002,-805.7180000000001,26626.7604,6.3553,160.3926,1.8940000000000001,2.0507,-0.9162428691460665,-0.9096095166497148,0.0834618604856123,1.6512641673931998,0.05515320334261853,-0.07338551859099796,-0.47227640011145167,0.32115548003398464,0.09568656528087097,0.0800049768049199
6/21/2002,-805.7180000000001,26626.7604,6.3553,160.3926,1.874,2.0507,-0.91712731614558,-0.9078406226506877,0.08258053144141365,1.6338273757628596,-0.010559662090813049,-0.10076775431861806,-0.4583815028901733,0.32115548003398464,0.09561023137949624,0.07992127065673783
6/24/2002,-805.7180000000001,26626.7604,6.3553,160.3926,1.835,2.0507,-0.9191380601947737,-0.9125721588154938,0.08290038400722836,1.5998256320836965,-0.020811099252935006,-0.07510080645161288,-0.45386904761904756,0.32115548003398464,0.09512604743489933,0.07989151657786205
6/25/2002,-805.7180000000001,26626.7604,6.3553,160.3926,1.7369999999999999,2.0507,-0.920703035836567,-0.9094270714448756,0.07847300655071153,1.5143853530950304,-0.05340599455040873,-0.1244959677419355,-0.4704268292682927,0.32115548003398464,0.09584382353275626,0.08008130151737598
6/26/2002,-805.7180000000001,26626.7604,6.3553,160.3926,1.496,2.0507,-0.9321080099841161,-0.9185386884501929,0.06758527219335893,1.3042720139494333,-0.13874496257915936,-0.16657381615598887,-0.5439024390243903,0.32115548003398464,0.09838833626416074,0.08177440594735252
6/27/2002,-805.7180000000001,26626.7604,6.3553,160.3926,1.466,2.0507,-0.9337700474361871,-0.9243279873503502,0.06680337206652996,1.2781168265039233,-0.020053475935828846,-0.12477611940298516,-0.5475308641975309,0.32115548003398464,0.09742785928323339,0.0817849716511119
6/28/2002,-805.7180000000001,26626.7604,6.3553,160.3926,1.406,2.0507,-0.9326886250478744,-0.9283799310608962,0.06406926406926407,1.225806451612903,-0.04092769440654842,-0.06016042780748665,-0.5299231026412572,0.32115548003398464,0.09491446081468505,0.081431350997168
7/1/2002,-805.7180000000001,26626.7604,6.3553,160.3926,1.466,2.0507,-0.93319662793347,-0.93319662793347,0.06760121737526514,1.2781168265039233,0.04267425320056906,0.0,-0.467296511627907,0.32115548003398464,0.09520570621945805,0.08116896156577828
7/2/2002,-805.7180000000001,26626.7604,6.3553,160.3926,1.276,2.0507,-0.9411601955178456,-0.9383934335516001,0.060508345978755686,1.112467306015693,-0.12960436562073663,-0.04491017964071842,-0.5,0.32115548003398464,0.09758637479371542,0.08222360849322483
7/3/2002,-805.7180000000001,26626.7604,6.3553,160.3926,1.3359999999999999,2.0507,-0.9344455348380766,-0.9319921491658488,0.06335356600910469,1.164777680906713,0.047021943573667624,-0.03607503607503615,-0.5488010807159744,0.32115548003398464,0.09778269998217723,0.07968992283022543
7/4/2002,-805.7180000000001,26626.7604,6.3553,160.3926,1.3359999999999999,2.0507,-0.9366464339908953,-0.9352238239757208,0.06750202101859336,1.164777680906713,0.0,-0.02196193265007318,-0.5055514433752777,0.32115548003398464,0.09770856668925439,0.07907009791451274
7/5/2002,-805.7180000000001,26626.7604,6.3553,160.3926,1.446,2.0507,-0.9263822421342022,-0.9365645046329294,0.07305982215036377,1.2606800348735832,0.08233532934131738,0.160513643659711,-0.4857752489331436,0.32115548003398464,0.09683553885490528,0.07965683231865933
7/8/2002,-805.7180000000001,26626.7604,6.3553,160.3926,1.3159999999999998,2.0507,-0.928267742287147,-0.9293578981794397,0.06649151172190783,1.147340889276373,-0.08990318118948837,0.015432098765431945,-0.48250098309083767,0.32115548003398464,0.09903079862088082,0.07955728905739218
7/9/2002,-805.7180000000001,26626.7604,6.3553,160.3926,1.286,2.0507,-0.9304338418262469,-0.9379530455479823,0.06497574777687955,1.121185701830863,-0.022796352583586477,0.12118570183086308,-0.4648356221389929,0.32115548003398464,0.09542065230050857,0.07934927793061829
7/10/2002,-805.7180000000001,26626.7604,6.3553,160.3926,1.196,2.0507,-0.935197225834417,-0.9336801040312094,0.060428455941794655,1.042720139494333,-0.06998444790046665,-0.022875816993464082,-0.5202567188126757,0.32115548003398464,0.09596762368138978,0.07953492262684027
7/11/2002,-805.7180000000001,26626.7604,6.3553,160.3926,1.153,2.0507,-0.9371182373472949,-0.9347731239092496,0.058255860953920775,1.005231037489102,-0.035953177257525004,-0.035953177257525004,-0.5260994656802302,0.32115548003398464,0.09618572393921299,0.07958626656719023
7/12/2002,-805.7180000000001,26626.7604,6.3553,160.3926,1.177,2.0507,-0.9378038469668146,-0.9367998309025576,0.05946847210994341,1.0261551874455102,0.020815264527320076,-0.015886287625417994,-0.602499155690645,0.32115548003398464,0.09626782768745865,0.07426858634300028
7/15/2002,-805.7180000000001,26626.7604,6.3553,160.3926,1.157,2.0507,-0.9403085177733065,-0.939276685755559,0.05845796281325788,1.00871839581517,-0.016992353440951624,-0.016992353440951624,-0.6362779000314367,0.32115548003398464,0.09627915855111009,0.07344544166618253
7/16/2002,-805.7180000000001,26626.7604,6.3553,160.3926,1.456,2.0507,-0.9264349232012935,-0.9214329021827001,0.07408915123142681,1.2693984306887531,0.2584269662921348,-0.06366559485530543,-0.5392405063291139,0.2584269662921348,0.08638828771235027,0.08103660811922887
7/17/2002,-805.7180000000001,26626.7604,6.3553,160.3926,1.745,2.0507,-0.907886402027027,-0.9105257601351351,0.08879503358436801,1.5213600697471665,0.19848901098901117,0.029498525073746285,-0.4444444444444444,0.2584269662921348,0.09485030553273571,0.08515556947864016
7/18/2002,-805.7180000000001,26626.7604,6.3553,160.3926,1.645,2.0507,-0.916293507022186,-0.908660696112355,0.0853968748377719,1.4341761115954663,-0.05730659025787965,-0.08356545961002781,-0.4022529069767441,0.2584269662921348,0.09496198167811166,0.08407496843378535
7/19/2002,-805.7180000000001,26626.7604,6.3553,160.3926,1.685,2.0507,-0.912526605409334,-0.9016767897004621,0.08783361134278565,1.4690496948561464,0.024316109422492405,-0.11034846884899685,-0.4366432631227014,0.2584269662921348,0.09430096143949879,0.08334088638640186
7/22/2002,-805.7180000000001,26626.7604,6.3553,160.3926,1.745,2.0507,-0.9074466956613981,-0.9006046462289169,0.09096121768140117,1.5213600697471665,0.035608308605341366,-0.06883671291355387,-0.4479595064852895,0.2584269662921348,0.09461852772639609,0.08312600781666121
7/23/2002,-805.7180000000001,26626.7604,6.3553,160.3926,1.695,2.0507,-0.9099123040127558,-0.9024714323677917,0.08835487906588824,1.4777680906713164,-0.028653295128939882,-0.07629427792915522,-0.47685185185185186,0.2584269662921348,0.09472279505128413,0.08307628851229502
7/24/2002,-805.7180000000001,26626.7604,6.3553,160.3926,1.725,2.0507,-0.9094202898550725,-0.9087901701323251,0.089918682235196,1.5039232781168266,0.017699115044247815,-0.006908462867011966,-0.44192817858298283,0.2584269662921348,0.09397663309142094,0.08298203942885322
7/25/2002,-805.7180000000001,26626.7604,6.3553,160.3926,1.705,2.0507,-0.9099978885135135,-0.9210304054054054,0.08887614678899082,1.4864864864864866,-0.011594202898550732,0.13970588235294112,-0.40007037297677694,0.2584269662921348,0.08826680089011249,0.0824360123538693
7/26/2002,-805.7180000000001,26626.7604,6.3553,160.3926,1.615,2.0507,-0.9128675478823847,-0.9209063933099542,0.08418473728106755,1.4080209241499564,-0.05278592375366575,0.10163710777626189,-0.4394307532106908,0.2584269662921348,0.08910345285718559,0.08261899945619008
7/29/2002,-805.7180000000001,26626.7604,6.3553,160.3926,1.656,2.0507,-0.9136780650542119,-0.9267097581317765,0.09130506699013066,1.4437663469921533,0.025386996904024794,0.17780938833570414,-0.42138364779874216,0.2584269662921348,0.08845034321449766,0.08271337280431441
7/30/2002,-805.7180000000001,26626.7604,6.3553,160.3926,1.745,2.0507,-0.9016790624295695,-0.9173991435654721,0.09621216298175002,1.5213600697471665,0.05374396135265713,0.19031377899045032,-0.3749999999999999,0.2584269662921348,0.08867938917047494,0.08301014526491057
7/31/2002,-805.7180000000001,26626.7604,6.3553,160.3926,1.744,2.0507,-0.9038429729282682,-0.9296465788167834,0.1003509983313194,1.5204882301656495,-0.0005730659025788842,0.3667711598746082,-0.27724823870700377,0.2584269662921348,0.08265591371309426,0.08128507424833427
8/1/2002,-805.7180000000001,26626.7604,6.3553,160.3926,1.605,2.0507,-0.9076471603659589,-0.9231256113700443,0.0999190686671232,1.3993025283347864,-0.07970183486238536,0.20134730538922163,-0.3807870370370371,0.2584269662921348,0.08502065138556586,0.0812683304005323
8/2/2002,-805.7180000000001,26626.7604,6.3553,160.3926,1.426,2.0507,-0.9041408980908846,-0.910190911535359,0.08877544667870262,1.2432432432432432,-0.1115264797507789,0.06736526946107801,-0.39137857447716606,0.2584269662921348,0.0891845286376615,0.08157199588249826
8/5/2002,-805.7180000000001,26626.7604,6.3553,160.3926,1.436,2.0507,-0.8923618919121505,-0.8916123229143242,0.08939799539313951,1.2519616390584132,0.007012622720897532,-0.006915629322268302,-0.41697117336581413,0.2584269662921348,0.08748571175070433,0.08127217241315446
8/6/2002,-805.7180000000001,26626.7604,6.3553,160.3926,1.3359999999999999,2.0507,-0.903600548380114,-0.905043653943286,0.08317250824877047,1.164777680906713,-0.0696378830083566,0.015197568389057725,-0.4096332302253646,0.2584269662921348,0.08651569102824808,0.08111128771059888
8/7/2002,-805.7180000000001,26626.7604,6.3553,160.3926,1.246,2.0507,-0.9058272239437685,-0.9028040208601013,0.07756956981883834,1.0863121185701832,-0.06736526946107779,-0.031104199066874005,-0.38741396263520167,0.2584269662921348,0.08774384091100768,0.08057640459978367
8/8/2002,-805.7180000000001,26626.7604,6.3553,160.3926,1.3259999999999998,2.0507,-0.8984841525034452,-0.9084366865717348,0.08254995953433356,1.156059285091543,0.0642054574638844,0.10869565217391286,-0.3806632414759459,0.2584269662921348,0.08713289879986265,0.08072271556114796
8/9/2002,-805.7180000000001,26626.7604,6.3553,160.3926,1.266,2.0507,-0.901031894934334,-0.9098655409631019,0.07881466724771213,1.1037489102005231,-0.04524886877828038,0.09800520381613187,-0.38062622309197647,0.2584269662921348,0.08739200661626374,0.08072225144859416
8/12/2002,-805.7180000000001,26626.7604,6.3553,160.3926,1.3359999999999999,2.0507,-0.8904379202886665,-0.9034771198950303,0.08317250824877047,1.164777680906713,0.055292259083728146,0.13508920985556472,-0.34348894348894365,0.2584269662921348,0.08797018527513183,0.08107385416971592
8/13/2002,-805.7180000000001,26626.7604,6.3553,160.3926,1.496,2.0507,-0.8871879948721816,-0.912751677852349,0.09313328767976095,1.3042720139494333,0.11976047904191622,0.29299913569576486,-0.2681017612524462,0.2584269662921348,0.09092558495135053,0.08254733714709471
8/14/2002,-805.7180000000001,26626.7604,6.3553,160.3926,1.496,2.0507,-0.8915077235477554,-0.8944085865545,0.09313328767976095,1.3042720139494333,0.0,0.027472527472527597,-0.26450344149459204,0.19848901098901117,0.07198717387925399,0.08254667562352858
8/15/2002,-805.7180000000001,26626.7604,6.3553,160.3926,1.446,2.0507,-0.890046384305376,-0.8673104706866398,0.09002054410757643,1.2606800348735832,-0.03342245989304815,-0.1713467048710603,-0.2751879699248121,0.11976047904191622,0.05679106445979132,0.08261477251673997
8/16/2002,-805.7180000000001,26626.7604,6.3553,160.3926,1.845,2.0507,-0.8629271916790491,-0.8777860326894502,0.11486023781360892,1.6085440278988665,0.27593360995850635,0.12158054711246202,-0.09735812133072408,0.27593360995850635,0.08276000723963622,0.0896832803967989
8/19/2002,-805.7180000000001,26626.7604,6.3553,160.3926,1.835,2.0507,-0.8578841387856257,-0.869501239157373,0.11423768909917202,1.5998256320836965,-0.005420054200542035,0.08902077151335308,-0.10225048923679059,0.27593360995850635,0.08273020768957771,0.08968787683353753
8/20/2002,-805.7180000000001,26626.7604,6.3553,160.3926,1.795,2.0507,-0.864844514720277,-0.8686092914690159,0.1117474942414244,1.5649520488230164,-0.021798365122615793,0.02865329512893977,-0.1386756238003839,0.27593360995850635,0.08268890314106953,0.08970832265773925
8/21/2002,-805.7180000000001,26626.7604,6.3553,160.3926,1.685,2.0507,-0.8731270235675024,-0.8723740682177547,0.10489945838261845,1.4690496948561464,-0.06128133704735372,-0.005899705014749235,-0.15070564516129026,0.27593360995850635,0.08364105451330663,0.08984170243665446
8/22/2002,-805.7180000000001,26626.7604,6.3553,160.3926,1.795,2.0507,-0.862987558201664,-0.8683306617815434,0.1117474942414244,1.5649520488230164,0.06528189910979232,0.04057971014492745,-0.09526209677419362,0.27593360995850635,0.08470279163757916,0.09020461417665396
8/23/2002,-805.7180000000001,26626.7604,6.3553,160.3926,1.685,2.0507,-0.8591725867112411,-0.8575010447137484,0.10489945838261845,1.4690496948561464,-0.06128133704735372,-0.011730205278592365,-0.06128133704735372,0.27593360995850635,0.08587709636455612,0.08971311521091167
8/26/2002,-805.7180000000001,26626.7604,6.3553,160.3926,1.685,2.0507,-0.8467903255137298,-0.8531551191125659,0.10489945838261845,1.4690496948561464,0.0,0.04334365325077405,0.005970149253731405,0.27593360995850635,0.08493940891587916,0.08927180702362805
8/27/2002,-805.7180000000001,26626.7604,6.3553,160.3926,1.555,2.0507,-0.8584819803421915,-0.8492901346923917,0.09680632509493868,1.3557105492589363,-0.07715133531157281,-0.060990338164251146,0.03943850267379667,0.27593360995850635,0.08665136616225493,0.08875505647568978
8/28/2002,-805.7180000000001,26626.7604,6.3553,160.3926,1.416,2.0507,-0.8802536997885835,-0.8524312896405919,0.0881528979642657,1.2345248474280732,-0.0893890675241158,-0.18853868194842416,-0.034106412005457054,0.27593360995850635,0.08786028631971737,0.08948755030825928
8/29/2002,-805.7180000000001,26626.7604,6.3553,160.3926,1.306,2.0507,-0.8895560253699788,-0.8525158562367865,0.08130486210545976,1.1386224934612033,-0.0776836158192089,-0.25114678899082565,-0.022455089820359153,0.27593360995850635,0.08920168720600205,0.08931625594226639
8/30/2002,-805.7180000000001,26626.7604,6.3553,160.3926,1.426,2.0507,-0.8794080338266385,-0.8642706131078224,0.08877544667870262,1.2432432432432432,0.09188361408882084,-0.1115264797507789,0.02886002886002892,0.27593360995850635,0.09036445079679464,0.08991360971674084
9/2/2002,-805.7180000000001,26626.7604,6.3553,160.3926,1.426,2.0507,-0.8794080338266385,-0.8794080338266385,0.08877544667870262,1.2432432432432432,0.0,0.0,0.04392386530014636,0.27593360995850635,0.08681261311610969,0.08988391178677181
9/3/2002,-805.7180000000001,26626.7604,6.3553,160.3926,1.395,2.0507,-0.8820295983086681,-0.8785623678646934,0.08684554566394821,1.2162162162162162,-0.021739130434782594,-0.028551532033426086,0.1195826645264848,0.27593360995850635,0.08697800709454627,0.08917303012555446
9/4/2002,-805.7180000000001,26626.7604,6.3553,160.3926,1.446,2.0507,-0.8791475135812787,-0.8883409945674885,0.09002054410757643,1.2606800348735832,0.03655913978494629,0.08233532934131738,0.1157407407407407,0.27593360995850635,0.08568533095445313,0.08915175412975879
9/5/2002,-805.7180000000001,26626.7604,6.3553,160.3926,1.396,2.0507,-0.8879884457995667,-0.9000240712509027,0.08690780053539189,1.217088055797733,-0.03457814661134162,0.12038523274478319,0.21708805579773305,0.27593360995850635,0.08455366758829458,0.08796911372420628
9/6/2002,-805.7180000000001,26626.7604,6.3553,160.3926,1.456,2.0507,-0.8845635455482439,-0.8948703718385792,0.09064309282201333,1.2693984306887531,0.04297994269340988,0.0980392156862746,0.1895424836601307,0.27593360995850635,0.08398024919490094,0.08775360388221871
9/9/2002,-805.7180000000001,26626.7604,6.3553,160.3926,1.486,2.0507,-0.8768236074270557,-0.8950596816976127,0.09251073896532404,1.2955536181342633,0.02060439560439553,0.17377567140600303,0.24247491638795982,0.27593360995850635,0.08313510425072754,0.08769175268143603
9/10/2002,-805.7180000000001,26626.7604,6.3553,160.3926,1.446,2.0507,-0.8871370590071808,-0.895722759912582,0.09002054410757643,1.2606800348735832,-0.026917900403768513,0.08233532934131738,0.20903010033444813,0.27593360995850635,0.08286511437863163,0.08779166319550614
9/11/2002,-805.7180000000001,26626.7604,6.3553,160.3926,1.456,2.0507,-0.8925461254612547,-0.8895940959409594,0.09064309282201333,1.2693984306887531,0.006915629322268302,-0.0267379679144385,0.23704333050127424,0.27593360995850635,0.07872774859869643,0.08774479425553709
9/12/2002,-805.7180000000001,26626.7604,6.3553,160.3926,1.436,2.0507,-0.8937083641746855,-0.8892672094744634,0.08939799539313951,1.2519616390584132,-0.013736263736263798,-0.0401069518716578,-0.07652733118971056,0.27593360995850635,0.078797034963569,0.0780016059482985
9/13/2002,-805.7180000000001,26626.7604,6.3553,160.3926,1.466,2.0507,-0.8890318673832412,-0.8905457573234425,0.09126564153645023,1.2781168265039233,0.020891364902507092,0.013831258644536604,-0.13510324483775815,0.27593360995850635,0.07851014217218044,0.07721928700052233
9/16/2002,-805.7180000000001,26626.7604,6.3553,160.3926,1.416,2.0507,-0.888442448593713,-0.8546442921295202,0.0881528979642657,1.2345248474280732,-0.034106412005457054,-0.23252032520325205,-0.21114206128133706,0.09188361408882084,0.04785000355386859,0.07697159173177462
9/17/2002,-805.7180000000001,26626.7604,6.3553,160.3926,1.3359999999999999,2.0507,-0.8996318834047029,-0.8621440913530163,0.08317250824877047,1.164777680906713,-0.05649717514124297,-0.27193460490463217,-0.2946145723336855,0.09188361408882084,0.04881775403298011,0.07694294146145533
9/18/2002,-805.7180000000001,26626.7604,6.3553,160.3926,1.306,2.0507,-0.9006919625883963,-0.863508478442704,0.08130486210545976,1.1386224934612033,-0.022455089820359153,-0.2724233983286908,-0.3030949839914622,0.09188361408882084,0.04882330414956789,0.07697692242342948
9/19/2002,-805.7180000000001,26626.7604,6.3553,160.3926,1.187,2.0507,-0.9231914067555326,-0.8909667400025884,0.07389653240366059,1.0348735832606801,-0.09111791730474728,-0.2955489614243323,-0.353133514986376,0.09188361408882084,0.05067054898236001,0.07774553176443556
9/20/2002,-805.7180000000001,26626.7604,6.3553,160.3926,1.246,2.0507,-0.9169111763136837,-0.8803014137103228,0.07756956981883834,1.0863121185701832,0.049705139005897125,-0.305849582172702,-0.2826712723085779,0.09188361408882084,0.04953302436541315,0.07777586926704723
9/23/2002,-805.7180000000001,26626.7604,6.3553,160.3926,1.196,2.0507,-0.9255431737533462,-0.8951005416173815,0.07996790585718107,1.042720139494333,-0.0401284109149278,-0.29020771513353116,-0.2005347593582888,0.09188361408882084,0.04877659704045441,0.07595971052986686
9/24/2002,-805.7180000000001,26626.7604,6.3553,160.3926,1.196,2.0507,-0.920032094142819,-0.8873361861460284,0.08018235451863771,1.042720139494333,0.0,-0.29020771513353116,-0.184174624829468,0.09188361408882084,0.04877659704045441,0.07592009716962542
9/25/2002,-805.7180000000001,26626.7604,6.3553,160.3926,1.206,2.0507,-0.919147224456959,-0.895749530705283,0.08228150371835982,1.051438535309503,0.008361204013378032,-0.2244372990353698,-0.14224751066856323,0.09188361408882084,0.04686454143458996,0.07575124287080798
9/26/2002,-805.7180000000001,26626.7604,6.3553,160.3926,1.177,2.0507,-0.9196970730708877,-0.9033908712560551,0.08237681970884658,1.0261551874455102,-0.024046434494195634,-0.16878531073446323,-0.19713506139154158,0.09188361408882084,0.0434420996830976,0.07561434152811149
9/27/2002,-805.7180000000001,26626.7604,6.3553,160.3926,1.147,2.0507,-0.9181240631022913,-0.9067742165750589,0.08027715565509519,1.0,-0.02548853016142738,-0.1217457886676876,-0.10109717868338564,0.09188361408882084,0.04065110539095418,0.07387246557032744
9/30/2002,-805.7180000000001,26626.7604,6.3553,160.3926,1.087,2.0507,-0.9239221724524076,-0.9001959686450168,0.07957540263543192,1.0,-0.052310374891020084,-0.2377279102384292,-0.18637724550898194,0.049705139005897125,0.03521601473847962,0.07393023841403952
10/1/2002,-805.7180000000001,26626.7604,6.3553,160.3926,0.917,2.0507,-0.9280332757808821,-0.8880866425992779,0.0671303074670571,1.0,-0.1563937442502299,-0.3569424964936886,-0.31362275449101784,0.049705139005897125,0.04704686817887494,0.07648558906158792
10/2/2002,-805.7180000000001,26626.7604,6.3553,160.3926,0.768,2.0507,-0.9381293804881978,-0.8876178200273906,0.05622254758418741,1.0,-0.16248636859323884,-0.44946236559139785,-0.46887966804979253,0.049705139005897125,0.05644081862491051,0.07826575157428292
10/3/2002,-805.7180000000001,26626.7604,6.3553,160.3926,0.7979999999999999,2.0507,-0.9334167709637047,-0.8793491864831039,0.058418740849194725,1.0390625,0.0390625,-0.4481327800829876,-0.3936170212765957,0.049705139005897125,0.05658289079659991,0.0777509121868684
10/4/2002,-805.7180000000001,26626.7604,6.3553,160.3926,0.409,2.0507,-0.964235746764603,-0.8779293459251487,0.02994143484626647,1.0,-0.48746867167919794,-0.7070200573065902,-0.6819595645412131,0.049705139005897125,0.11551999703968839,0.09868096629891693
10/7/2002,-805.7180000000001,26626.7604,6.3553,160.3926,0.319,2.0507,-0.9698743979601473,-0.8624988195297006,0.02335285505124451,1.0,-0.22004889975550113,-0.7809065934065934,-0.7332775919732442,0.049705139005897125,0.11937561005213342,0.10185196656649684
10/8/2002,-805.7180000000001,26626.7604,6.3553,160.3926,0.26899999999999996,2.0507,-0.9729403480535157,-0.850518056533548,0.019692532942898973,1.0,-0.15673981191222586,-0.8189771197846568,-0.766695576756288,0.049705139005897125,0.11963385245264427,0.10338103584999946
10/9/2002,-805.7180000000001,26626.7604,6.3553,160.3926,0.22899999999999998,2.0507,-0.9756951814901295,-0.8465293992782849,0.016764275256222545,1.0,-0.14869888475836424,-0.8416320885200553,-0.8054375531011045,0.049705139005897125,0.12045046366934302,0.10458613228300306
10/10/2002,-805.7180000000001,26626.7604,6.3553,160.3926,0.289,2.0507,-0.96883424997304,-0.8429850102447967,0.021156661786237187,1.262008733624454,0.2620087336244541,-0.801510989010989,-0.7502160760587727,0.2620087336244541,0.1403090842366742,0.1104355112258151
10/11/2002,-805.7180000000001,26626.7604,6.3553,160.3926,0.21899999999999997,2.0507,-0.9741592920353982,-0.8305604719764011,0.01603221083455344,1.0,-0.24221453287197237,-0.8474930362116992,-0.8495879120879121,0.2620087336244541,0.1451178669886283,0.1084354715640194
10/14/2002,-805.7180000000001,26626.7604,6.3553,160.3926,0.19899999999999998,2.0507,-0.9800421221542474,-0.8529736235081737,0.014568081991215226,1.0,-0.091324200913242,-0.864256480218281,-0.8859598853868195,0.2620087336244541,0.143531844453528,0.10498117481146899
10/15/2002,-805.7180000000001,26626.7604,6.3553,160.3926,0.22899999999999998,2.0507,-0.9757209499575912,-0.8498727735368957,0.016764275256222545,1.150753768844221,0.1507537688442211,-0.838276836158192,-0.8607902735562311,0.2620087336244541,0.1518313961248794,0.1072782169542961
10/16/2002,-805.7180000000001,26626.7604,6.3553,160.3926,0.209,2.0507,-0.9778178730630439,-0.8582042029293144,0.015300146412884333,1.050251256281407,-0.0873362445414847,-0.843562874251497,-0.8759643916913946,0.2620087336244541,0.1518445997301212,0.10738481613373552
10/17/2002,-805.7180000000001,26626.7604,6.3553,160.3926,0.22899999999999998,2.0507,-0.9749808805856004,-0.8573145416803234,0.016764275256222545,1.150753768844221,0.09569377990430628,-0.824655436447167,-0.8687679083094556,0.2620087336244541,0.1558820112355511,0.10820489475708313
10/18/2002,-805.7180000000001,26626.7604,6.3553,160.3926,0.21899999999999997,2.0507,-0.9732142857142857,-0.8548189823874756,0.01603221083455344,1.100502512562814,-0.04366812227074235,-0.8155012636899748,-0.8707964601769912,0.2620087336244541,0.15583941872751084,0.10822940482061702
10/21/2002,-805.7180000000001,26626.7604,6.3553,160.3926,0.22899999999999998,2.0507,-0.9731062830299472,-0.8536699941280094,0.016764275256222545,1.150753768844221,0.04566210045662111,-0.8162118780096308,-0.8672463768115942,0.2620087336244541,0.1556950469175582,0.10846578688410485
10/22/2002,-805.7180000000001,26626.7604,6.3553,160.3926,0.22899999999999998,2.0507,-0.9739890958655156,-0.8641526578827805,0.016764275256222545,1.150753768844221,0.0,-0.8085284280936456,-0.8656891495601173,0.2620087336244541,0.15624355113913896,0.10849852979022426
10/23/2002,-805.7180000000001,26626.7604,6.3553,160.3926,0.22899999999999998,2.0507,-0.9750626157029293,-0.8697593379070021,0.016764275256222545,1.150753768844221,0.0,-0.8085284280936456,-0.8582043343653251,0.2620087336244541,0.15624355113913896,0.10848195271219502
10/24/2002,-805.7180000000001,26626.7604,6.3553,160.3926,0.26899999999999996,2.0507,-0.9654108267969654,-0.8449273498778449,0.019692532942898973,1.3517587939698492,0.1746724890829694,-0.7769485903814262,-0.83756038647343,0.2620087336244541,0.16399737438059564,0.11117215196865465
10/25/2002,-805.7180000000001,26626.7604,6.3553,160.3926,0.33899999999999997,2.0507,-0.9456033376123235,-0.8111360718870346,0.02481698389458272,1.7035175879396984,0.2602230483271377,-0.7119796091758709,-0.805730659025788,0.2620087336244541,0.17773511091921917,0.11634899848463368
10/28/2002,-805.7180000000001,26626.7604,6.3553,160.3926,0.369,2.0507,-0.9467532467532468,-0.8344877344877345,0.027013177159590042,1.8542713567839197,0.08849557522123908,-0.6782911944202267,-0.7884174311926606,0.2620087336244541,0.17993658317065817,0.11710551193036087
10/29/2002,-805.7180000000001,26626.7604,6.3553,160.3926,0.319,2.0507,-0.9565868263473054,-0.8520685900925422,0.02335285505124451,1.6030150753768846,-0.1355013550135501,-0.7065317387304508,-0.8012461059190031,0.2620087336244541,0.18125087980197863,0.11779789395422051
10/30/2002,-805.7180000000001,26626.7604,6.3553,160.3926,0.389,2.0507,-0.9503636595636086,-0.8829909404108716,0.02847730600292826,1.9547738693467338,0.21943573667711602,-0.5757906215921483,-0.7272089761570828,0.2620087336244541,0.18750828822082946,0.12088488714871266
10/31/2002,-805.7180000000001,26626.7604,6.3553,160.3926,0.369,2.0507,-0.9583239213914615,-0.913259543709058,0.027013177159590042,1.8542713567839197,-0.05141388174807204,-0.51953125,-0.7430362116991643,0.2620087336244541,0.18486349126813664,0.12095739346037257
11/1/2002,-805.7180000000001,26626.7604,6.3553,160.3926,0.389,2.0507,-0.96163708086785,-0.921301775147929,0.02847730600292826,1.9547738693467338,0.05420054200542013,-0.512531328320802,-0.7088323353293413,0.2620087336244541,0.18511679903819234,0.12103430448536978
11/4/2002,-805.7180000000001,26626.7604,6.3553,160.3926,0.509,2.0507,-0.947960331254473,-0.958184234740824,0.03726207906295754,2.5577889447236184,0.3084832904884318,0.24449877750611249,-0.5914927768860353,0.3084832904884318,0.16378027952350044,0.12733014373577858
11/5/2002,-805.7180000000001,26626.7604,6.3553,160.3926,0.499,2.0507,-0.9530750423170962,-0.970001880759827,0.03653001464128843,2.5075376884422114,-0.01964636542239684,0.5642633228840126,-0.6236802413273002,0.3084832904884318,0.15448610857235895,0.12702840875949872
11/6/2002,-805.7180000000001,26626.7604,6.3553,160.3926,0.608,2.0507,-0.9474321286529483,-0.9767421753415182,0.044509516837481694,3.055276381909548,0.21843687374749488,1.2602230483271377,-0.5197472353870458,0.3084832904884318,0.15319208574763765,0.13004800657095614
11/7/2002,-805.7180000000001,26626.7604,6.3553,160.3926,0.509,2.0507,-0.9541317473190952,-0.9793637920158601,0.03726207906295754,2.5577889447236184,-0.16282894736842102,1.2227074235807862,-0.6190119760479041,0.3084832904884318,0.15413838392903717,0.1313792680065941
11/8/2002,-805.7180000000001,26626.7604,6.3553,160.3926,0.469,2.0507,-0.9564450222882616,-0.9731612184249628,0.03433382137628111,2.35678391959799,-0.07858546168958747,0.6228373702422145,-0.6864973262032086,0.3084832904884318,0.14849999871260597,0.1306908234672364
11/11/2002,-805.7180000000001,26626.7604,6.3553,160.3926,0.389,2.0507,-0.9638744427934621,-0.9796619613670133,0.02847730600292826,1.9547738693467338,-0.17057569296375263,0.7762557077625574,-0.7399732620320856,0.3084832904884318,0.1425532760845244,0.13225503116017087
11/12/2002,-805.7180000000001,26626.7604,6.3553,160.3926,0.349,2.0507,-0.9687472015760723,-0.9821796364287633,0.025549048316251828,1.7537688442211055,-0.10282776349614409,0.7537688442211055,-0.7586445366528354,0.3084832904884318,0.14309177728301145,0.13272549798783242
11/13/2002,-805.7180000000001,26626.7604,6.3553,160.3926,0.439,2.0507,-0.962369278244471,-0.9803703068746785,0.03213762811127379,2.206030150753769,0.2578796561604586,0.9170305676855897,-0.762059620596206,0.3084832904884318,0.14915470617730742,0.13210966690175543
11/14/2002,-805.7180000000001,26626.7604,6.3553,160.3926,0.469,2.0507,-0.9637893761581223,-0.9838634959851761,0.03433382137628111,2.35678391959799,0.06833712984054663,1.2440191387559807,-0.7444141689373297,0.3084832904884318,0.1462737777012943,0.1325066723381704
11/15/2002,-805.7180000000001,26626.7604,6.3553,160.3926,0.469,2.0507,-0.9620979473088734,-0.9814934540164861,0.03433382137628111,2.35678391959799,0.0,1.0480349344978168,-0.7387186629526463,0.3084832904884318,0.14623302572254926,0.13250942634145899
11/18/2002,-805.7180000000001,26626.7604,6.3553,160.3926,0.449,2.0507,-0.9616763400477979,-0.9813076135199726,0.0328696925329429,2.256281407035176,-0.04264392324093813,1.0502283105022836,-0.7335311572700296,0.3084832904884318,0.14620237939786873,0.1324178670825533
11/19/2002,-805.7180000000001,26626.7604,6.3553,160.3926,0.598,2.0507,-0.9493005510809666,-0.9805849936413734,0.04377745241581259,3.005025125628141,0.33184855233852995,1.611353711790393,-0.6668523676880223,0.33184855233852995,0.1590980726878053,0.1390048988142516
11/20/2002,-805.7180000000001,26626.7604,6.3553,160.3926,0.5770000000000001,2.0507,-0.94809750832059,-0.9794009175137177,0.042240117130307474,2.8994974874371864,-0.03511705685618716,1.5196506550218345,-0.657566765578635,0.33184855233852995,0.1599205993070459,0.13887985539050676
11/21/2002,-805.7180000000001,26626.7604,6.3553,160.3926,0.5479999999999999,2.0507,-0.9510583191926409,-0.9795480932392605,0.04011713030746705,2.7537688442211055,-0.05025996533795518,1.393013100436681,-0.6747774480712166,0.33184855233852995,0.16117688252454698,0.1389843531717871
11/22/2002,-805.7180000000001,26626.7604,6.3553,160.3926,0.628,2.0507,-0.9487932159165036,-0.9780658838878017,0.045973645680819915,3.155778894472362,0.14598540145985406,1.3345724907063201,-0.5961414790996784,0.33184855233852995,0.16022113387021272,0.14002314438694283
11/25/2002,-805.7180000000001,26626.7604,6.3553,160.3926,0.828,2.0507,-0.9335633475086256,-0.9727994864799807,0.060614934114202046,4.160804020100502,0.31847133757961776,1.442477876106195,-0.4152542372881356,0.33184855233852995,0.16444431430738832,0.14534281996737416
11/26/2002,-805.7180000000001,26626.7604,6.3553,160.3926,0.748,2.0507,-0.9402221689442979,-0.9705106689043395,0.05475841874084919,3.7587939698492465,-0.09661835748792269,1.02710027100271,-0.42725880551301687,0.33184855233852995,0.1675111226621933,0.14553054260187712
11/27/2002,-805.7180000000001,26626.7604,6.3553,160.3926,0.7979999999999999,2.0507,-0.9305241163155146,-0.9722270590283824,0.058418740849194725,4.010050251256281,0.06684491978609608,1.5015673981191222,-0.4403927068723703,0.33184855233852995,0.16225419021886855,0.14531541053827443
11/28/2002,-805.7180000000001,26626.7604,6.3553,160.3926,0.7979999999999999,2.0507,-0.9289846044317879,-0.9653822194535908,0.058418740849194725,4.010050251256281,0.0,1.0514138817480716,-0.4403927068723703,0.33184855233852995,0.15822949025495686,0.14531541053827443
11/29/2002,-805.7180000000001,26626.7604,6.3553,160.3926,0.748,2.0507,-0.9322893093147461,-0.9665972662261247,0.05475841874084919,3.7587939698492465,-0.06265664160400997,1.02710027100271,-0.4637992831541219,0.33184855233852995,0.1585931520991954,0.1455131586259009
12/2/2002,-805.7180000000001,26626.7604,6.3553,160.3926,0.718,2.0507,-0.9329973870847331,-0.963699141470698,0.05256222547584187,3.6080402010050254,-0.0401069518716578,0.8457583547557839,-0.5034578146611342,0.33184855233852995,0.15965654721002498,0.14553197378526914
12/3/2002,-805.7180000000001,26626.7604,6.3553,160.3926,0.667,2.0507,-0.9371288528607786,-0.9520218682250919,0.04882869692532943,3.3517587939698497,-0.0710306406685236,0.3104125736738703,-0.5222063037249283,0.33184855233852995,0.14894820860548452,0.14574330005648448
12/4/2002,-805.7180000000001,26626.7604,6.3553,160.3926,0.628,2.0507,-0.9399560187398412,-0.952289893871307,0.045973645680819915,3.155778894472362,-0.058470764617691184,0.2585170340681362,-0.5686813186813187,0.33184855233852995,0.1497378449901925,0.14581281987802236
12/5/2002,-805.7180000000001,26626.7604,6.3553,160.3926,0.588,2.0507,-0.9510204081632653,-0.9493544356518118,0.04304538799414348,2.9547738693467336,-0.06369426751592366,-0.03289473684210531,-0.604306864064603,0.33184855233852995,0.14364847918194365,0.14598539976514918
12/6/2002,-805.7180000000001,26626.7604,6.3553,160.3926,0.568,2.0507,-0.953572012424391,-0.9583946378943927,0.041581259150805266,2.8542713567839195,-0.03401360544217691,0.11591355599214137,-0.6071922544951591,0.33184855233852995,0.13868354696314522,0.14600634123696027
12/9/2002,-805.7180000000001,26626.7604,6.3553,160.3926,0.528,2.0507,-0.9585947302383939,-0.9632214554579673,0.038653001464128846,2.653266331658292,-0.07042253521126751,0.12579957356076776,-0.6373626373626373,0.33184855233852995,0.138423838501809,0.14623966198360308
12/10/2002,-805.7180000000001,26626.7604,6.3553,160.3926,0.499,2.0507,-0.9620849479522833,-0.970442975457792,0.03653001464128843,2.5075376884422114,-0.05492424242424243,0.2827763496143958,-0.6525069637883008,0.33184855233852995,0.13291020581256638,0.14637119568997461
12/11/2002,-805.7180000000001,26626.7604,6.3553,160.3926,0.578,2.0507,-0.9538228009906528,-0.9721179196293042,0.04231332357247437,2.9045226130653266,0.1583166332665329,0.6561604584527221,-0.6057298772169168,0.33184855233852995,0.13312280058658837,0.14779084303815881
12/12/2002,-805.7180000000001,26626.7604,6.3553,160.3926,0.588,2.0507,-0.9530238875129824,-0.9649276983302708,0.04304538799414348,2.9547738693467336,0.01730103806228378,0.33940774487471526,-0.5847457627118644,0.33184855233852995,0.12263237444754212,0.1477610890891859
12/13/2002,-805.7180000000001,26626.7604,6.3553,160.3926,0.5579999999999999,2.0507,-0.954978215265451,-0.9621591092464096,0.04084919472913616,2.8040201005025125,-0.05102040816326536,0.18976545842217485,-0.5823353293413174,0.33184855233852995,0.12306182308134815,0.14773053092144417
12/16/2002,-805.7180000000001,26626.7604,6.3553,160.3926,0.518,2.0507,-0.9596006863203869,-0.9634222430198097,0.03792093704245974,2.603015075376885,-0.07168458781361997,0.10447761194029859,-0.6033690658499234,0.33184855233852995,0.12447480291320663,0.14796723234787174
12/17/2002,-805.7180000000001,26626.7604,6.3553,160.3926,0.509,2.0507,-0.9610320012249273,-0.9656254784872148,0.03726207906295754,2.5577889447236184,-0.01737451737451734,0.13363028953229406,-0.5711878685762426,0.33184855233852995,0.12404924102108095,0.14755311920040529
12/18/2002,-805.7180000000001,26626.7604,6.3553,160.3926,0.489,2.0507,-0.9623324603296872,-0.953936219380681,0.035797950219619325,2.4572864321608043,-0.03929273084479379,-0.18227424749163879,-0.6075441412520064,0.31847133757961776,0.10046494984486556,0.14747402320633504
12/19/2002,-805.7180000000001,26626.7604,6.3553,160.3926,0.429,2.0507,-0.9669542443383146,-0.9555538437837006,0.03140556368960468,2.155778894472362,-0.12269938650306744,-0.25649913344887354,-0.6413043478260869,0.31847133757961776,0.10353868635336351,0.1481689234655584
12/20/2002,-805.7180000000001,26626.7604,6.3553,160.3926,0.419,2.0507,-0.9693265007320644,-0.959882869692533,0.03166805230141335,2.1055276381909547,-0.023310023310023298,-0.2354014598540145,-0.649665551839465,0.31847133757961776,0.10317325964102089,0.1481854943731752
12/23/2002,-805.7180000000001,26626.7604,6.3553,160.3926,0.389,2.0507,-0.9704205003421793,-0.952246977416166,0.02940064998866299,1.9547738693467338,-0.07159904534606198,-0.3805732484076433,-0.6774461028192371,0.31847133757961776,0.09770455368054497,0.1484087819224616
12/24/2002,-805.7180000000001,26626.7604,6.3553,160.3926,0.349,2.0507,-0.9729499302433732,-0.9358239032708108,0.02637744690499584,1.7537688442211055,-0.10282776349614409,-0.5785024154589372,-0.7034834324553951,0.1583166332665329,0.061665919997014575,0.14888947183454979
12/25/2002,-805.7180000000001,26626.7604,6.3553,160.3926,0.349,2.0507,-0.9736225530950041,-0.9434661023354244,0.02663918784825586,1.7537688442211055,0.0,-0.5334224598930482,-0.6957279860505667,0.1583166332665329,0.06071280937864339,0.14887534020549298
12/26/2002,-805.7180000000001,26626.7604,6.3553,160.3926,0.419,2.0507,-0.9680177085718648,-0.9390886191893748,0.032475585180592154,2.1055276381909547,0.20057306590257884,-0.474937343358396,-0.6145354185832567,0.20057306590257884,0.07671608441074756,0.15103902269562045
12/27/2002,-805.7180000000001,26626.7604,6.3553,160.3926,0.39899999999999997,2.0507,-0.9690745620833979,-0.9381491241667959,0.03186137506987143,2.0050251256281406,-0.04773269689737469,-0.5,-0.5648854961832062,0.20057306590257884,0.07656540804235085,0.14987983626328027
12/30/2002,-805.7180000000001,26626.7604,6.3553,160.3926,0.39899999999999997,2.0507,-0.9681386249301286,-0.9402699033777848,0.03405599180607716,2.0050251256281406,0.0,-0.46657754010695196,-0.48046875,0.20057306590257884,0.07644343065033778,0.1484594360180933
12/31/2002,-805.7180000000001,26626.7604,6.3553,160.3926,0.409,2.0507,-0.9650904745646979,-0.9387162854216456,0.03685680814634585,2.0552763819095476,0.02506265664160412,-0.4303621169916435,-0.48746867167919794,0.20057306590257884,0.07719776923140913,0.14841185223610948
1/1/2003,-805.7180000000001,26626.7604,6.3553,160.3926,0.409,2.0507,-0.9631431918536542,-0.9398936649544922,0.03732432925716371,2.0552763819095476,0.0,-0.3868065967016493,0.0,0.20057306590257884,0.07657639807362909,0.1346180122239448
1/2/2003,-805.7180000000001,26626.7604,6.3553,160.3926,0.465,2.0507,-0.9575652491330535,-0.9426902719474357,0.04668206003413312,2.3366834170854274,0.13691931540342317,-0.25955414012738853,0.457680250783699,0.20057306590257884,0.08329165413717143,0.13234020907559305
1/3/2003,-805.7180000000001,26626.7604,6.3553,160.3926,0.429,2.0507,-0.9569320349362513,-0.9409697821503865,0.04616377918863661,2.155778894472362,-0.07741935483870976,-0.27040816326530615,0.5947955390334574,0.20057306590257884,0.08377768415755026,0.13106002797528976
1/6/2003,-805.7180000000001,26626.7604,6.3553,160.3926,0.479,2.0507,-0.948455826966534,-0.9388787259227376,0.05308655657763493,2.4070351758793973,0.1165501165501166,-0.15669014084507038,1.091703056768559,0.20057306590257884,0.0881053722940916,0.12996142499343097
1/7/2003,-805.7180000000001,26626.7604,6.3553,160.3926,0.5579999999999999,2.0507,-0.9381580405630057,-0.9414828770918763,0.061841959436994345,2.8040201005025125,0.16492693110647183,0.05681818181818166,0.9307958477508649,0.20057306590257884,0.09407378892451668,0.1275941044335112
1/8/2003,-805.7180000000001,26626.7604,6.3553,160.3926,0.628,2.0507,-0.9304000886623074,-0.9446968857364513,0.07272727272727272,3.155778894472362,0.1254480286738353,0.2585170340681362,1.8675799086757996,0.20057306590257884,0.09637632450505039,0.12385351401814182
1/9/2003,-805.7180000000001,26626.7604,6.3553,160.3926,0.598,2.0507,-0.924751478545363,-0.9272681515037121,0.06925303995367689,3.005025125628141,-0.047770700636942665,0.03460207612456756,2.005025125628141,0.20057306590257884,0.09144582478379389,0.12332073229529047
1/10/2003,-805.7180000000001,26626.7604,6.3553,160.3926,0.598,2.0507,-0.9212950776520137,-0.9226112134772309,0.06925303995367689,3.005025125628141,0.0,0.017006802721088343,1.611353711790393,0.20057306590257884,0.09141146536367546,0.12229030796634079
1/13/2003,-805.7180000000001,26626.7604,6.3553,160.3926,0.578,2.0507,-0.9330631152287203,-0.9353792704111176,0.07095506997299286,2.9045226130653266,-0.03344481605351168,0.03584229390681015,1.7655502392344498,0.20057306590257884,0.09095601667664693,0.12169924213643887
1/14/2003,-805.7180000000001,26626.7604,6.3553,160.3926,0.638,2.0507,-0.9216793518291186,-0.9364105082248957,0.08018097272841522,3.206030150753769,0.10380622837370246,0.23166023166023164,1.7860262008733625,0.20057306590257884,0.0915750279886873,0.12178167046885525
1/15/2003,-805.7180000000001,26626.7604,6.3553,160.3926,0.618,2.0507,-0.922332537388463,-0.9360311675254493,0.08444930308827549,3.105527638190955,-0.031347962382445194,0.21414538310412579,1.8219178082191783,0.20057306590257884,0.09186319322970463,0.12168253967224837
1/16/2003,-805.7180000000001,26626.7604,6.3553,160.3926,0.648,2.0507,-0.9114512161792839,-0.9331784640612188,0.09076901526824487,3.256281407035176,0.04854368932038833,0.32515337423312896,1.8296943231441052,0.20057306590257884,0.09135496267165585,0.12169161545069374
1/17/2003,-805.7180000000001,26626.7604,6.3553,160.3926,0.598,2.0507,-0.916234766774058,-0.9399075500770416,0.0862914862914863,3.005025125628141,-0.07716049382716061,0.3939393939393938,1.611353711790393,0.20057306590257884,0.08835642257412654,0.12231723492858233
1/20/2003,-805.7180000000001,26626.7604,6.3553,160.3926,0.598,2.0507,-0.9137085137085137,-0.9395382395382396,0.0921275612386381,3.005025125628141,0.0,0.4272076372315037,1.611353711790393,0.20057306590257884,0.08793732251613057,0.12231723492858233
1/21/2003,-805.7180000000001,26626.7604,6.3553,160.3926,0.509,2.0507,-0.9215837313202896,-0.940070867354799,0.08508859913072551,2.5577889447236184,-0.148829431438127,0.3084832904884318,0.8921933085501861,0.20057306590257884,0.09342926770206923,0.12260056839476373
1/22/2003,-805.7180000000001,26626.7604,6.3553,160.3926,0.5579999999999999,2.0507,-0.9067201604814443,-0.9416583082581077,0.1042211430706014,2.8040201005025125,0.09626719056974453,0.5988538681948423,0.6460176991150441,0.20057306590257884,0.09073309450967453,0.11904296745309818
1/23/2003,-805.7180000000001,26626.7604,6.3553,160.3926,0.5579999999999999,2.0507,-0.8945976577257273,-0.9340763128069512,0.1042211430706014,2.8040201005025125,0.0,0.5988538681948423,0.5121951219512193,0.20057306590257884,0.09073309450967453,0.11867611576565743
1/24/2003,-805.7180000000001,26626.7604,6.3553,160.3926,0.528,2.0507,-0.8923766816143498,-0.9145943742356298,0.09861785580874113,2.653266331658292,-0.053763440860214895,0.2601431980906923,0.6551724137931034,0.16492693110647183,0.08296362865330903,0.11746711818648882
1/27/2003,-805.7180000000001,26626.7604,6.3553,160.3926,0.518,2.0507,-0.9004803073967339,-0.923342939481268,0.09675009338812103,2.603015075376885,-0.018939393939393923,0.298245614035088,0.3316195372750643,0.16492693110647183,0.08212102890465532,0.11455579512107933
1/28/2003,-805.7180000000001,26626.7604,6.3553,160.3926,0.509,2.0507,-0.8936481404095278,-0.9166318428750523,0.09506910720956295,2.5577889447236184,-0.01737451737451734,0.2756892230576442,0.37940379403794044,0.16492693110647183,0.0823738179382197,0.11433908535774102
1/29/2003,-805.7180000000001,26626.7604,6.3553,160.3926,0.509,2.0507,-0.8947477253928867,-0.9154259718775848,0.09506910720956295,2.5577889447236184,0.0,0.24449877750611249,0.3084832904884318,0.16492693110647183,0.08239973699315196,0.1142130160386532
1/30/2003,-805.7180000000001,26626.7604,6.3553,160.3926,0.568,2.0507,-0.8908741594620557,-0.9214217098943324,0.1060889054912215,2.8542713567839195,0.11591355599214137,0.3887530562347188,0.11591355599214137,0.16492693110647183,0.08527270148697678,0.10853690305150224
1/31/2003,-805.7180000000001,26626.7604,6.3553,160.3926,0.5579999999999999,2.0507,-0.8893954410307235,-0.9078295341922695,0.1042211430706014,2.8040201005025125,-0.017605633802816878,0.19999999999999973,0.11823647294589157,0.16492693110647183,0.08117128994714397,0.10852908596734058
2/3/2003,-805.7180000000001,26626.7604,6.3553,160.3926,0.568,2.0507,-0.88107202680067,-0.910175879396985,0.1060889054912215,2.8542713567839195,0.017921146953405076,0.3240093240093238,-0.06578947368421062,0.16492693110647183,0.0785557424002358,0.10511997528497788
2/4/2003,-805.7180000000001,26626.7604,6.3553,160.3926,0.578,2.0507,-0.8685467364111894,-0.8910620877871276,0.10795666791184161,2.9045226130653266,0.01760563380281699,0.20668058455114813,0.1355599214145382,0.16492693110647183,0.07513768739865728,0.10293714567643157
2/5/2003,-805.7180000000001,26626.7604,6.3553,160.3926,0.578,2.0507,-0.8685467364111894,-0.8730952922447124,0.10795666791184161,2.9045226130653266,0.0,0.03584229390681015,0.23240938166311298,0.1254480286738353,0.06642775577414728,0.1023597055446944
2/6/2003,-805.7180000000001,26626.7604,6.3553,160.3926,0.598,2.0507,-0.843414506415292,-0.8355590468709087,0.1116921927530818,3.005025125628141,0.03460207612456756,-0.047770700636942665,0.537275064267352,0.11591355599214137,0.06083003652942208,0.09981570996858993
2/7/2003,-805.7180000000001,26626.7604,6.3553,160.3926,0.698,2.0507,-0.803932584269663,-0.8320224719101124,0.13036981695928276,3.507537688442211,0.16722408026755842,0.16722408026755842,1.0,0.16722408026755842,0.06990124493854258,0.10062856580084341
2/10/2003,-805.7180000000001,26626.7604,6.3553,160.3926,0.738,2.0507,-0.7885386819484241,-0.8286532951289398,0.13784086664176318,3.7085427135678395,0.057306590257879764,0.234113712374582,0.6810933940774486,0.16722408026755842,0.07061909613528758,0.09590278928236175
2/11/2003,-805.7180000000001,26626.7604,6.3553,160.3926,0.738,2.0507,-0.7581120943952803,-0.8105539167486071,0.13784086664176318,3.7085427135678395,0.0,0.2768166089965398,0.5735607675906185,0.16722408026755842,0.0699066697289275,0.09564665136766592
2/12/2003,-805.7180000000001,26626.7604,6.3553,160.3926,0.748,2.0507,-0.6210739614994933,-0.6767983789260386,0.13970862906238327,3.7587939698492465,0.013550135501354976,0.17241379310344818,0.5948827292110874,0.16722408026755842,0.06681595472330609,0.09563590671646277
2/13/2003,-805.7180000000001,26626.7604,6.3553,160.3926,0.688,2.0507,-0.6714422158548233,-0.7048710601719197,0.12850205453866267,3.457286432160804,-0.0802139037433156,0.11326860841423936,0.5322939866369709,0.16722408026755842,0.06912824846928473,0.0960955407844428
2/14/2003,-805.7180000000001,26626.7604,6.3553,160.3926,0.688,2.0507,-0.6905083220872695,-0.708502024291498,0.12850205453866267,3.457286432160804,0.0,0.061728395061728225,0.15050167224080258,0.16722408026755842,0.06849175391187903,0.08687693639787131
2/17/2003,-805.7180000000001,26626.7604,6.3553,160.3926,0.688,2.0507,-0.7124947764312579,-0.7501044713748433,0.12850205453866267,3.457286432160804,0.0,0.15050167224080258,0.19237435008665482,0.16722408026755842,0.06587962487588801,0.08672321071567224
2/18/2003,-805.7180000000001,26626.7604,6.3553,160.3926,0.728,2.0507,-0.7191358024691359,-0.7692901234567902,0.13597310422114306,3.6582914572864325,0.058139534883721034,0.21739130434782616,0.3284671532846717,0.16722408026755842,0.06671011042781358,0.08665869750149274
2/19/2003,-805.7180000000001,26626.7604,6.3553,160.3926,0.748,2.0507,-0.7168811506434519,-0.807342922028766,0.13970862906238327,3.7587939698492465,0.027472527472527597,0.4695481335952849,0.19108280254777066,0.16722408026755842,0.05570868887001616,0.08488315083857113
2/20/2003,-805.7180000000001,26626.7604,6.3553,160.3926,0.778,2.0507,-0.7021439509954058,-0.7863705972434916,0.14531191632424356,3.9095477386934676,0.04010695187165769,0.39426523297491056,-0.060386473429951626,0.16722408026755842,0.05314905635737632,0.07503545450491356
2/21/2003,-805.7180000000001,26626.7604,6.3553,160.3926,0.748,2.0507,-0.7767164179104478,-0.8334328358208956,0.13970862906238327,3.7587939698492465,-0.03856041131105403,0.34050179211469556,0.0,0.16722408026755842,0.05442506752500981,0.0741598957742622
2/24/2003,-805.7180000000001,26626.7604,6.3553,160.3926,0.768,2.0507,-0.8424938474159147,-0.8917145200984413,0.14344415390362347,3.8592964824120606,0.02673796791443861,0.4545454545454546,-0.03759398496240596,0.16722408026755842,0.05209522475977284,0.07377080429957902
2/25/2003,-805.7180000000001,26626.7604,6.3553,160.3926,0.748,2.0507,-0.8602913709376168,-0.903249906611879,0.14102564102564105,3.7587939698492465,-0.02604166666666674,0.444015444015444,-0.06265664160400997,0.16722408026755842,0.05237771764816815,0.07385501319825052
2/26/2003,-805.7180000000001,26626.7604,6.3553,160.3926,0.718,2.0507,-0.8646304675716441,-0.9040346907993967,0.14725184577522557,3.6080402010050254,-0.0401069518716578,0.4106090373280942,-0.0401069518716578,0.16722408026755842,0.05338989937145054,0.0735928974455008
2/27/2003,-805.7180000000001,26626.7604,6.3553,160.3926,0.6579999999999999,2.0507,-0.8650533223954061,-0.895611156685808,0.14348015699956387,3.306532663316583,-0.08356545961002793,0.2927308447937129,-0.08356545961002793,0.16722408026755842,0.05772227190895447,0.07419448994347694
2/28/2003,-805.7180000000001,26626.7604,6.3553,160.3926,0.648,2.0507,-0.8587003924989097,-0.8761447884866986,0.14473978110341745,3.256281407035176,-0.015197568389057614,0.14084507042253525,-0.028485757121439303,0.16722408026755842,0.053028711453572144,0.07364877077673691
3/3/2003,-805.7180000000001,26626.7604,6.3553,160.3926,0.6779999999999999,2.0507,-0.8485593031047577,-0.8753629662720572,0.1638472692121798,3.407035175879397,0.04629629629629606,0.21505376344086025,0.07961783439490433,0.16722408026755842,0.053343173343649075,0.07344097499710146
3/4/2003,-805.7180000000001,26626.7604,6.3553,160.3926,0.648,2.0507,-0.8426420592520641,-0.8620689655172414,0.1565973900434993,3.256281407035176,-0.044247787610619316,0.14084507042253525,0.10204081632653073,0.16722408026755842,0.054628072115101026,0.07319321908778172
3/5/2003,-805.7180000000001,26626.7604,6.3553,160.3926,0.6779999999999999,2.0507,-0.8361527307878203,-0.860318994683422,0.16790490341753342,3.407035175879397,0.04629629629629606,0.17301038062283736,0.193661971830986,0.16722408026755842,0.05524422930742979,0.07321811730355658
3/6/2003,-805.7180000000001,26626.7604,6.3553,160.3926,0.648,2.0507,-0.8395245170876672,-0.856859831599802,0.1692347871506921,3.256281407035176,-0.044247787610619316,0.12110726643598624,0.2272727272727273,0.16722408026755842,0.05643711473265357,0.07285445120666409
3/7/2003,-805.7180000000001,26626.7604,6.3553,160.3926,0.648,2.0507,-0.8307652128493079,-0.8438234525985897,0.17466307277628032,3.256281407035176,0.0,0.08361204013377943,0.2985971943887775,0.16722408026755842,0.05609291130351118,0.0724436988846587
3/10/2003,-805.7180000000001,26626.7604,6.3553,160.3926,0.648,2.0507,-0.8143266475644699,-0.8,0.17466307277628032,3.256281407035176,0.0,-0.07163323782234943,0.12110726643598624,0.058139534883721034,0.042071231084185874,0.069795550663565
3/11/2003,-805.7180000000001,26626.7604,6.3553,160.3926,0.618,2.0507,-0.8334231805929919,-0.801078167115903,0.1721928113680691,3.105527638190955,-0.04629629629629639,-0.16260162601626016,0.05102040816326525,0.058139534883721034,0.04073860894727787,0.0700616238370518
3/12/2003,-805.7180000000001,26626.7604,6.3553,160.3926,0.608,2.0507,-0.8305934800780161,-0.7943716912789078,0.17572254335260115,3.055276381909548,-0.016181229773462813,-0.17615176151761514,0.08960573476702516,0.058139534883721034,0.040740438066542546,0.06976412712031792
3/13/2003,-805.7180000000001,26626.7604,6.3553,160.3926,0.618,2.0507,-0.8213872832369942,-0.783815028901734,0.18392857142857144,3.105527638190955,0.016447368421052655,-0.1737967914438503,0.1930501930501931,0.058139534883721034,0.04082325038498412,0.06910887911444301
3/14/2003,-805.7180000000001,26626.7604,6.3553,160.3926,0.628,2.0507,-0.8130952380952381,-0.7952380952380953,0.19146341463414634,3.155778894472362,0.016181229773462702,-0.08720930232558133,0.23379174852652262,0.058139534883721034,0.03762017608634788,0.0690622560481655
3/17/2003,-805.7180000000001,26626.7604,6.3553,160.3926,0.738,2.0507,-0.775,-0.7902439024390244,0.225,3.7085427135678395,0.17515923566878988,0.07267441860465129,0.50920245398773,0.17515923566878988,0.0542245038296969,0.07203391724905152
3/18/2003,-805.7180000000001,26626.7604,6.3553,160.3926,0.7979999999999999,2.0507,-0.7567073170731707,-0.7902439024390244,0.24629629629629626,4.010050251256281,0.08130081300813008,0.15988372093023262,0.86013986013986,0.17515923566878988,0.056718233540658504,0.07058771671977433
3/19/2003,-805.7180000000001,26626.7604,6.3553,160.3926,0.937,2.0507,-0.7108024691358025,-0.7753086419753087,0.2891975308641975,4.70854271356784,0.174185463659148,0.2870879120879122,1.236276849642005,0.17515923566878988,0.06658539428313488,0.07331517126522077
3/20/2003,-805.7180000000001,26626.7604,6.3553,160.3926,1.107,2.0507,-0.629889669007021,-0.7499164159144098,0.3416666666666666,5.5628140703517595,0.18143009605122717,0.47994652406417115,1.8457583547557839,0.18143009605122717,0.07595044879229118,0.07537423231781398
3/21/2003,-805.7180000000001,26626.7604,6.3553,160.3926,1.306,2.0507,-0.5254360465116279,-0.7172965116279069,0.4030864197530864,6.5628140703517595,0.1797651309846433,0.6786632390745502,2.742120343839542,0.18143009605122717,0.08341650086656906,0.07638408136161534
3/24/2003,-805.7180000000001,26626.7604,6.3553,160.3926,1.266,2.0507,-0.5039184952978056,-0.7068965517241379,0.3907407407407407,6.361809045226131,-0.030627871362940318,0.6925133689839573,2.6275071633237825,0.18143009605122717,0.08311713763337725,0.07663570188210918
3/25/2003,-805.7180000000001,26626.7604,6.3553,160.3926,1.107,2.0507,-0.6261398176291794,-0.7406281661600811,0.3416666666666666,5.5628140703517595,-0.1255924170616114,0.44140625,1.6420047732696896,0.18143009605122717,0.08966269220691155,0.07548303239983824
3/26/2003,-805.7180000000001,26626.7604,6.3553,160.3926,1.147,2.0507,-0.5754996299037749,-0.7231680236861584,0.35401234567901235,5.763819095477388,0.03613369467028016,0.5334224598930482,1.87468671679198,0.18143009605122717,0.08904958243480786,0.07503906514843325
3/27/2003,-805.7180000000001,26626.7604,6.3553,160.3926,1.256,2.0507,-0.5533428165007113,-0.7446657183499289,0.3876543209876543,6.311557788944724,0.09503051438535315,0.7493036211699164,2.147869674185464,0.18143009605122717,0.08905679564332561,0.07559247664864711
3/28/2003,-805.7180000000001,26626.7604,6.3553,160.3926,1.296,2.0507,-0.4903657097915848,-0.7412504915454188,0.39999999999999997,6.512562814070352,0.031847133757961776,0.9696048632218848,2.168704156479218,0.18143009605122717,0.08513501089535508,0.07560307941763027
3/31/2003,-805.7180000000001,26626.7604,6.3553,160.3926,1.286,2.0507,-0.4648356221389929,-0.7303370786516854,0.3969135802469136,6.462311557788945,-0.007716049382716084,0.9845679012345678,2.1442542787286065,0.18143009605122717,0.08492509625790766,0.07564418951643184
4/1/2003,-805.7180000000001,26626.7604,6.3553,160.3926,1.296,2.0507,-0.48014440433213,-0.7280385078219014,0.39999999999999997,6.512562814070352,0.007776049766718529,0.9115044247787614,1.7870967741935484,0.18143009605122717,0.08511726556398654,0.07418975099059218
4/2/2003,-805.7180000000001,26626.7604,6.3553,160.3926,1.376,2.0507,-0.4344430743937526,-0.7336621454993835,0.4246913580246913,6.914572864321608,0.061728395061728225,1.1234567901234565,2.207459207459207,0.18143009605122717,0.08333147875176566,0.07333901541834872
4/3/2003,-805.7180000000001,26626.7604,6.3553,160.3926,1.436,2.0507,-0.5150287065180683,-0.7710233029381965,0.4432098765432098,7.216080402010051,0.043604651162790775,1.1179941002949856,1.9979123173277662,0.18143009605122717,0.08332281208748407,0.07237923123578958
4/4/2003,-805.7180000000001,26626.7604,6.3553,160.3926,1.426,2.0507,-0.5517132977051242,-0.7962904746934927,0.44012345679012344,7.165829145728644,-0.0069637883008356605,1.200617283950617,1.5555555555555558,0.18143009605122717,0.08183254141545276,0.07003205938685296
4/7/2003,-805.7180000000001,26626.7604,6.3553,160.3926,1.226,2.0507,-0.6120253164556962,-0.7949367088607595,0.37839506172839504,6.160804020100503,-0.1402524544179523,0.8919753086419753,0.9522292993630572,0.18143009605122717,0.09062257560288711,0.07140327543627219
4/8/2003,-805.7180000000001,26626.7604,6.3553,160.3926,1.177,2.0507,-0.6252785737026425,-0.7936962750716332,0.3632716049382716,5.914572864321609,-0.03996737357259372,0.816358024691358,0.968227424749164,0.18143009605122717,0.09179800112115333,0.07130264912821659
4/9/2003,-805.7180000000001,26626.7604,6.3553,160.3926,1.187,2.0507,-0.5686773255813953,-0.7754360465116279,0.36635802469135803,5.964824120603016,0.008496176720475868,0.9207119741100325,0.9849498327759199,0.18143009605122717,0.09020487306890801,0.07128523558108095
4/10/2003,-805.7180000000001,26626.7604,6.3553,160.3926,1.177,2.0507,-0.6064861250417921,-0.7967235038448679,0.3632716049382716,5.914572864321609,-0.008424599831508006,0.9358552631578949,1.0363321799307963,0.18143009605122717,0.08999907860427715,0.0710896122513169
4/11/2003,-805.7180000000001,26626.7604,6.3553,160.3926,1.3459999999999999,2.0507,-0.5741853843720341,-0.8044922492882,0.415432098765432,6.763819095477387,0.14358538657604059,1.1779935275080904,1.1097178683385578,0.18143009605122717,0.09287019928840996,0.07207205854602201
4/14/2003,-805.7180000000001,26626.7604,6.3553,160.3926,1.256,2.0507,-0.6123456790123457,-0.8061728395061729,0.4063409899708832,6.311557788944724,-0.06686478454680522,1.0,1.0323624595469254,0.18143009605122717,0.09573711872306644,0.0725728762495955
4/15/2003,-805.7180000000001,26626.7604,6.3553,160.3926,1.296,2.0507,-0.5807182141701714,-0.7612423164024588,0.4498438042346407,6.512562814070352,0.031847133757961776,0.7560975609756098,1.0,0.18143009605122717,0.0904155694840255,0.072474519353008
4/16/2003,-805.7180000000001,26626.7604,6.3553,160.3926,1.246,2.0507,-0.5615763546798029,-0.7192118226600985,0.43248871919472404,6.261306532663317,-0.03858024691358031,0.56140350877193,1.0836120401337794,0.18143009605122717,0.09086215894378845,0.07185582482948692
4/17/2003,-805.7180000000001,26626.7604,6.3553,160.3926,1.196,2.0507,-0.5848663658451927,-0.6747657063519612,0.41788958770090845,6.010050251256282,-0.0401284109149278,0.2764140875133403,1.0,0.18143009605122717,0.08515512966376665,0.07216082469338644
4/18/2003,-805.7180000000001,26626.7604,6.3553,160.3926,1.196,2.0507,-0.5821104122990916,-0.6132075471698113,0.42836676217765046,6.010050251256282,0.0,0.08039747064137304,1.3497053045186638,0.1797651309846433,0.0761596800732662,0.0691317453176449
4/21/2003,-805.7180000000001,26626.7604,6.3553,160.3926,1.3259999999999998,2.0507,-0.5250716332378224,-0.5322349570200573,0.511574074074074,6.663316582914573,0.10869565217391286,0.015313935681469992,1.3763440860215055,0.14358538657604059,0.06934564039836404,0.0693820268088732
4/22/2003,-805.7180000000001,26626.7604,6.3553,160.3926,1.3359999999999999,2.0507,-0.44633236634894335,-0.47534189805221716,0.5154320987654321,6.71356783919598,0.007541478129713397,0.055292259083728146,1.3942652329749103,0.14358538657604059,0.06891824630811896,0.06936028604671325
4/23/2003,-805.7180000000001,26626.7604,6.3553,160.3926,1.426,2.0507,-0.44984567901234573,-0.5729166666666667,0.5789687373122209,7.165829145728644,0.06736526946107801,0.28816621499548334,1.7007575757575757,0.14358538657604059,0.06329116595594438,0.06906700593572167
4/24/2003,-805.7180000000001,26626.7604,6.3553,160.3926,1.665,2.0507,-0.2893725992317542,-0.5104566794707639,0.6760048721071864,8.366834170854272,0.1676016830294531,0.4516129032258065,2.2142857142857144,0.1676016830294531,0.07154946968246266,0.07141005511568503
4/25/2003,-805.7180000000001,26626.7604,6.3553,160.3926,1.715,2.0507,-0.30369468128298827,-0.49005278116118556,0.7578435704816616,8.618090452261308,0.03003003003003002,0.3654458598726116,2.369351669941061,0.1676016830294531,0.06953232286755671,0.07124753263054258
4/28/2003,-805.7180000000001,26626.7604,6.3553,160.3926,1.795,2.0507,-0.206805125939019,-0.42730888201502426,0.8383932741709481,9.020100502512562,0.04664723032069973,0.38503086419753085,2.5265225933202355,0.1676016830294531,0.06976281912068201,0.07125901721689418
4/29/2003,-805.7180000000001,26626.7604,6.3553,160.3926,1.695,2.0507,-0.16666666666666674,-0.36774827925270415,0.7916861279775806,8.517587939698494,-0.05571030640668517,0.3180404354587869,1.984154929577465,0.1676016830294531,0.07141084681522729,0.07091410299352631
4/30/2003,-805.7180000000001,26626.7604,6.3553,160.3926,1.665,2.0507,-0.22232601588042966,-0.3946753853339561,0.7989443378119002,8.366834170854272,-0.017699115044247815,0.2847222222222221,1.983870967741936,0.1676016830294531,0.07176626300964467,0.07091490102189814
5/1/2003,-805.7180000000001,26626.7604,6.3553,160.3926,1.625,2.0507,-0.20499021526418792,-0.32681017612524466,0.7797504798464491,8.165829145728644,-0.024024024024024038,0.18095930232558155,1.860915492957747,0.1676016830294531,0.07137766968815308,0.071130171476287
5/2/2003,-805.7180000000001,26626.7604,6.3553,160.3926,1.595,2.0507,-0.21621621621621634,-0.29434889434889444,0.7653550863723608,8.015075376884422,-0.01846153846153853,0.11072423398328701,1.7595155709342563,0.1676016830294531,0.07121550931505284,0.07128829964587462
5/5/2003,-805.7180000000001,26626.7604,6.3553,160.3926,1.755,2.0507,-0.14138943248532299,-0.302348336594912,0.842130518234165,8.819095477386934,0.10031347962382431,0.23071528751753156,2.036332179930796,0.1676016830294531,0.07393184786988405,0.07198210771496408
5/6/2003,-805.7180000000001,26626.7604,6.3553,160.3926,1.9140000000000001,2.0507,-0.05899705014749268,-0.39724680432645043,0.9184261036468331,9.618090452261308,0.09059829059829072,0.5611745513866233,2.2006688963210705,0.1676016830294531,0.06691690152744507,0.07250618904503757
5/7/2003,-805.7180000000001,26626.7604,6.3553,160.3926,1.874,2.0507,-0.060651629072681734,-0.4100250626566416,0.8992322456813819,9.41708542713568,-0.020898641588296796,0.5921835174171624,1.684813753581662,0.1676016830294531,0.06613789031891101,0.07023024472689063
5/8/2003,-805.7180000000001,26626.7604,6.3553,160.3926,1.815,2.0507,-0.11203522504892371,-0.4192759295499021,0.8709213051823416,9.120603015075378,-0.031483457844183604,0.5290648694187026,1.459349593495935,0.1676016830294531,0.06718501992550927,0.07032237427390121
5/9/2003,-805.7180000000001,26626.7604,6.3553,160.3926,2.2230000000000003,2.0507,0.08757338551859117,-0.4241682974559686,1.0,11.170854271356786,0.22479338842975238,0.8887000849617674,2.01219512195122,0.22479338842975238,0.07989524299587733,0.075006879735975
5/12/2003,-805.7180000000001,26626.7604,6.3553,160.3926,2.194,2.0507,0.052783109404990425,-0.35412667946257204,0.9869545659019342,11.025125628140705,-0.0130454340980658,0.6300148588410106,1.9331550802139037,0.22479338842975238,0.0763443918076328,0.07512021589036605
5/13/2003,-805.7180000000001,26626.7604,6.3553,160.3926,2.094,2.0507,0.05544354838709675,-0.36693548387096775,0.9419703103913628,10.522613065326633,-0.04557885141294449,0.6671974522292992,2.0436046511627906,0.22479338842975238,0.07518053829083947,0.07450009284937055
5/14/2003,-805.7180000000001,26626.7604,6.3553,160.3926,2.154,2.0507,0.08568548387096775,-0.3467741935483871,0.9689608636977056,10.824120603015077,0.02865329512893977,0.662037037037037,2.130813953488372,0.22479338842975238,0.07517375824100575,0.07446084999992537
5/15/2003,-805.7180000000001,26626.7604,6.3553,160.3926,2.363,2.0507,0.3164345403899722,-0.305849582172702,1.0,11.874371859296483,0.09702878365831014,0.8964686998394864,2.434593023255814,0.22479338842975238,0.07508469107943214,0.0750233780902893
5/16/2003,-805.7180000000001,26626.7604,6.3553,160.3926,2.403,2.0507,0.43462686567164166,-0.28597014925373143,1.0,12.075376884422111,0.016927634363097743,1.0091973244147159,2.300824175824176,0.22479338842975238,0.07330059742579628,0.07488643627761128
5/19/2003,-805.7180000000001,26626.7604,6.3553,160.3926,2.702,2.0507,0.8061497326203209,-0.2005347593582888,1.0,13.577889447236181,0.12442779858510189,1.2591973244147159,2.6122994652406417,0.22479338842975238,0.07523520822377547,0.0759936995394374
5/20/2003,-805.7180000000001,26626.7604,6.3553,160.3926,2.6919999999999997,2.0507,0.8362892223738061,-0.0954979536152798,0.9962990377498149,13.527638190954773,-0.0037009622501851247,1.0301659125188536,2.4601542416452435,0.22479338842975238,0.07425088135126176,0.07603787707293709
5/21/2003,-805.7180000000001,26626.7604,6.3553,160.3926,2.592,2.0507,0.9401197604790421,0.0,0.9592894152479645,13.025125628140705,-0.03714710252600284,0.9401197604790421,2.46524064171123,0.22479338842975238,0.07575440867256272,0.07601974577482166
5/22/2003,-805.7180000000001,26626.7604,6.3553,160.3926,2.602,2.0507,0.8773448773448773,0.02886002886002892,0.9629903774981495,13.075376884422111,0.0038580246913579863,0.8246844319775597,2.388020833333333,0.22479338842975238,0.07564862378633572,0.07605445131725687
5/23/2003,-805.7180000000001,26626.7604,6.3553,160.3926,2.4930000000000003,2.0507,0.8250366032210839,0.21888726207906317,0.9226498889711326,12.527638190954777,-0.04189085318985375,0.49729729729729755,2.33288770053476,0.22479338842975238,0.07044838434806083,0.07624280597134814
5/26/2003,-805.7180000000001,26626.7604,6.3553,160.3926,2.4930000000000003,2.0507,1.0008025682182988,0.3764044943820226,0.9226498889711326,12.527638190954777,0.0,0.45364431486880474,2.472144846796658,0.22479338842975238,0.07057342151444307,0.07588231440629421
5/27/2003,-805.7180000000001,26626.7604,6.3553,160.3926,2.931,2.0507,1.261574074074074,0.38503086419753085,1.0,14.728643216080403,0.17569193742478917,0.6328690807799444,3.4544072948328273,0.22479338842975238,0.07819998250572877,0.07705002369765233
5/28/2003,-805.7180000000001,26626.7604,6.3553,160.3926,3.0610000000000004,2.0507,1.66870095902354,0.4777680906713164,1.0,15.381909547738697,0.04435346298191756,0.8058997050147494,3.723765432098766,0.22479338842975238,0.07596868652164561,0.07689201507247474
5/29/2003,-805.7180000000001,26626.7604,6.3553,160.3926,3.0410000000000004,2.0507,1.484477124183007,0.3602941176470589,0.9934661875204182,15.281407035175883,-0.006533812479581846,0.8264264264264267,3.4852507374631276,0.22479338842975238,0.07564861157939141,0.07697411235402367
5/30/2003,-805.7180000000001,26626.7604,6.3553,160.3926,3.031,2.0507,1.5342809364548495,0.3586956521739131,0.9901992812806272,15.231155778894474,-0.00328839197632369,0.8652307692307692,3.677469135802469,0.22479338842975238,0.07501879303945572,0.07653543120973365
6/2/2003,-805.7180000000001,26626.7604,6.3553,160.3926,3.24,2.0507,1.7090301003344486,0.3336120401337792,1.0,16.28140703517588,0.06895414054767413,1.0313479623824455,3.778761061946903,0.22479338842975238,0.07446700815337068,0.07667816795253074
6/3/2003,-805.7180000000001,26626.7604,6.3553,160.3926,3.011,2.0507,1.5581988105352593,0.4910790144435002,0.9293209876543209,15.13065326633166,-0.07067901234567908,0.7156695156695159,3.6466049382716053,0.22479338842975238,0.07649172528895717,0.07715005851401445
6/4/2003,-805.7180000000001,26626.7604,6.3553,160.3926,3.0010000000000003,2.0507,0.9299035369774922,0.23086816720257253,0.9262345679012346,15.080402010050253,-0.0033211557622051524,0.5679205851619644,3.6311728395061733,0.22479338842975238,0.07542504545045225,0.07717025976229472
6/5/2003,-805.7180000000001,26626.7604,6.3553,160.3926,3.181,2.0507,0.8766961651917404,0.10560471976401176,0.9817901234567901,15.98492462311558,0.05998000666444514,0.6974386339381002,3.90895061728395,0.22479338842975238,0.07507392715055844,0.07719660874709966
6/6/2003,-805.7180000000001,26626.7604,6.3553,160.3926,3.1210000000000004,2.0507,0.7387186629526465,0.011142061281337101,0.9632716049382717,15.68341708542714,-0.01886199308393577,0.719559228650138,4.050161812297735,0.22479338842975238,0.07462307628677349,0.07684523760513594
6/9/2003,-805.7180000000001,26626.7604,6.3553,160.3926,2.9410000000000003,2.0507,0.5527983104540655,0.1737064413938756,0.9077160493827161,14.778894472361811,-0.05767382249279085,0.3229869545659019,3.8371710526315796,0.17569193742478917,0.06185650488043883,0.07741268122771935
6/10/2003,-805.7180000000001,26626.7604,6.3553,160.3926,3.031,2.0507,0.6173959445037354,0.17075773745997846,0.9354938271604938,15.231155778894474,0.030601836110166536,0.3814949863263446,3.9045307443365695,0.17569193742478917,0.061594475000442815,0.07739873536070517
6/11/2003,-805.7180000000001,26626.7604,6.3553,160.3926,2.971,2.0507,0.6190735694822889,0.1411444141689373,0.9169753086419753,14.929648241206031,-0.01979544704717917,0.4188156638013374,3.730891719745223,0.17569193742478917,0.06052765229618682,0.0776224785108139
6/12/2003,-805.7180000000001,26626.7604,6.3553,160.3926,3.091,2.0507,0.779504893494531,0.24006908462867016,0.9540123456790124,15.532663316582918,0.04039044092898014,0.43500464252553406,3.188346883468835,0.17569193742478917,0.06068051554645983,0.07531861285375283
6/13/2003,-805.7180000000001,26626.7604,6.3553,160.3926,3.031,2.0507,1.0260695187165778,0.5795454545454546,0.9354938271604938,15.231155778894474,-0.019411193788418046,0.2826914938637326,2.798245614035088,0.17569193742478917,0.05847536304540445,0.07518717766002558
6/16/2003,-805.7180000000001,26626.7604,6.3553,160.3926,3.07,2.0507,1.0941336971350615,0.6391541609822646,0.9475308641975307,15.427135678391961,0.012867040580666345,0.2775697045359966,2.27641408751334,0.17569193742478917,0.05847007323774843,0.07269760109167638
6/17/2003,-805.7180000000001,26626.7604,6.3553,160.3926,2.9410000000000003,2.0507,1.0917496443812236,0.9217638691322902,0.9077160493827161,14.778894472361811,-0.042019543973941254,0.08845299777942284,1.6567299006323402,0.17569193742478917,0.05373964423118929,0.07017594097366633
6/18/2003,-805.7180000000001,26626.7604,6.3553,160.3926,2.991,2.0507,1.0402455661664396,0.8362892223738061,0.9231481481481482,15.030150753768845,0.01700102006120363,0.11106983655274894,1.290199081163859,0.17569193742478917,0.05375516666823569,0.06704897624696576
6/19/2003,-805.7180000000001,26626.7604,6.3553,160.3926,2.9410000000000003,2.0507,1.3048589341692791,1.031347962382445,0.9077160493827161,14.778894472361811,-0.016716817118020644,0.1346450617283952,1.3230647709320698,0.17569193742478917,0.053109837561149884,0.06691784270644804
6/20/2003,-805.7180000000001,26626.7604,6.3553,160.3926,2.9610000000000003,2.0507,1.2163173652694614,0.9476047904191618,0.913888888888889,14.879396984924625,0.006800408024481452,0.13797079169869342,1.6747967479674801,0.17569193742478917,0.05310415678481944,0.06444594968246405
6/23/2003,-805.7180000000001,26626.7604,6.3553,160.3926,2.6519999999999997,2.0507,0.9850299401197604,0.8660179640718568,0.8185185185185184,13.326633165829145,-0.10435663627153013,0.06377858002406711,1.312118570183086,0.17569193742478917,0.057567966256606234,0.06620406987837126
6/24/2003,-805.7180000000001,26626.7604,6.3553,160.3926,2.782,2.0507,0.9239280774550485,0.7240663900414941,0.858641975308642,13.97989949748744,0.0490196078431373,0.11592458884877654,1.2149681528662422,0.17569193742478917,0.05836572261462718,0.06556278270222865
6/25/2003,-805.7180000000001,26626.7604,6.3553,160.3926,2.9210000000000003,2.0507,1.219604863221885,1.2272036474164136,0.9015432098765432,14.678391959798997,0.04996405463695197,-0.003411804844762778,1.253858024691358,0.06895414054767413,0.045121769775571995,0.06567871327030529
6/26/2003,-805.7180000000001,26626.7604,6.3553,160.3926,2.842,2.0507,1.2099533437013998,1.3802488335925354,0.8771604938271604,14.281407035175882,-0.0270455323519343,-0.07154524665142115,1.2099533437013998,0.06895414054767413,0.04436125729734325,0.06583158477439874
6/27/2003,-805.7180000000001,26626.7604,6.3553,160.3926,2.9810000000000003,2.0507,1.4924749163879603,1.542642140468228,0.9200617283950617,14.97989949748744,0.048909218859957804,-0.019730351857941475,1.3001543209876547,0.06895414054767413,0.04574235506904547,0.065965563439751
6/30/2003,-805.7180000000001,26626.7604,6.3553,160.3926,3.031,2.0507,1.6287944492627928,1.6287944492627928,0.9354938271604938,15.231155778894474,0.016772895001677224,0.0,1.2027616279069768,0.06895414054767413,0.04587815073121435,0.06569850932033708
7/1/2003,-805.7180000000001,26626.7604,6.3553,160.3926,2.951,2.0507,1.5072217502124046,1.752761257434155,0.9108024691358024,14.829145728643217,-0.026393929396238858,-0.08919753086419757,1.055013927576602,0.05998000666444514,0.04347371956160372,0.06579272825837315
7/2/2003,-805.7180000000001,26626.7604,6.3553,160.3926,3.051,2.0507,1.6369922212618842,1.602420051858254,0.9416666666666667,15.33165829145729,0.03388681802778715,0.013284623048821054,1.1395511921458628,0.05998000666444514,0.0413328194099656,0.06578873069537035
7/3/2003,-805.7180000000001,26626.7604,6.3553,160.3926,3.23,2.0507,1.2184065934065935,1.061126373626374,0.9969135802469135,16.231155778894475,0.05866928875778421,0.07630789736754395,1.634584013050571,0.05998000666444514,0.043148268559211216,0.06297024566822641
7/4/2003,-805.7180000000001,26626.7604,6.3553,160.3926,3.23,2.0507,0.8510028653295127,0.8229226361031519,0.9969135802469135,16.231155778894475,0.0,0.015403961018547685,1.7442650807136788,0.05866928875778421,0.041228292735464744,0.06258369994832093
7/7/2003,-805.7180000000001,26626.7604,6.3553,160.3926,3.44,2.0507,1.0911854103343464,0.8972644376899699,1.0,17.286432160804022,0.06501547987616108,0.10221082986222352,1.8980623420387528,0.06501547987616108,0.04316895793292721,0.06285013676402314
7/8/2003,-805.7180000000001,26626.7604,6.3553,160.3926,3.739,2.0507,1.2189910979228484,0.7454005934718102,1.0,18.78894472361809,0.08691860465116275,0.27133628017681044,2.176720475785896,0.08691860465116275,0.044102210377767966,0.06332828458676998
7/9/2003,-805.7180000000001,26626.7604,6.3553,160.3926,3.8789999999999996,2.0507,1.2229226361031516,0.7369627507163323,1.0,19.492462311557787,0.03744316662209135,0.27977565160013174,1.8818722139673105,0.08691860465116275,0.04426809364861158,0.061379773198732106
7/10/2003,-805.7180000000001,26626.7604,6.3553,160.3926,3.739,2.0507,1.2058997050147493,0.752802359882006,0.9639082237690128,18.78894472361809,-0.03609177623098725,0.2584988219454729,1.9769108280254777,0.08691860465116275,0.04500400609218659,0.060807624685937145
7/11/2003,-805.7180000000001,26626.7604,6.3553,160.3926,3.54,2.0507,1.052173913043478,0.7918840579710145,0.9126063418406807,17.78894472361809,-0.05322278684140136,0.14526043351666118,1.7314814814814814,0.08691860465116275,0.04665540428653174,0.061463058488189545
7/14/2003,-805.7180000000001,26626.7604,6.3553,160.3926,3.739,2.0507,1.1929618768328445,0.7777126099706746,0.9639082237690128,18.78894472361809,0.05621468926553663,0.23358627515671393,2.0008025682182984,0.08691860465116275,0.04738535024148838,0.06121939427243321
7/15/2003,-805.7180000000001,26626.7604,6.3553,160.3926,3.53,2.0507,1.1857585139318885,0.9009287925696594,0.9100283578241816,17.738693467336685,-0.05589729874297944,0.14983713355048867,1.951505016722408,0.08691860465116275,0.049583909249287086,0.06149808059623728
7/16/2003,-805.7180000000001,26626.7604,6.3553,160.3926,3.609,2.0507,1.1793478260869565,0.7759661835748795,0.9303944315545245,18.1356783919598,0.022379603399433456,0.227133628017681,2.017558528428094,0.08691860465116275,0.048320700848816435,0.061450620260156665
7/17/2003,-805.7180000000001,26626.7604,6.3553,160.3926,3.32,2.0507,0.9025787965616043,0.7140401146131805,0.8558906934777005,16.683417085427138,-0.08007758381823227,0.1099966566365762,1.5037707390648567,0.08691860465116275,0.05219777219650952,0.061630858992788085
7/18/2003,-805.7180000000001,26626.7604,6.3553,160.3926,3.36,2.0507,0.926605504587156,0.6863532110091746,0.8662026295436969,16.884422110552766,0.012048192771084265,0.14246854811288667,1.5149700598802398,0.08691860465116275,0.051940500756303194,0.061622962486739014
7/21/2003,-805.7180000000001,26626.7604,6.3553,160.3926,3.3,2.0507,1.05607476635514,0.8448598130841123,0.8507347254447023,16.582914572864322,-0.017857142857142905,0.11448834853090162,1.3141654978962132,0.08691860465116275,0.052238861253249794,0.061424006511859405
7/22/2003,-805.7180000000001,26626.7604,6.3553,160.3926,3.32,2.0507,1.3281907433380082,0.8597475455820476,0.8558906934777005,16.683417085427138,0.0060606060606061,0.25188536953242835,0.9939939939939939,0.08691860465116275,0.045667557570919476,0.05824787668774223
7/23/2003,-805.7180000000001,26626.7604,6.3553,160.3926,3.52,2.0507,1.4512534818941507,0.9373259052924792,0.9074503738076825,17.68844221105528,0.06024096385542177,0.2652767792954709,1.0524781341107872,0.08691860465116275,0.046188151191695975,0.05851735232192636
7/24/2003,-805.7180000000001,26626.7604,6.3553,160.3926,3.6489999999999996,2.0507,1.7312874251497008,1.1863772455089823,0.9407063676205207,18.33668341708543,0.03664772727272725,0.24922971585073572,1.0328690807799443,0.08691860465116275,0.04573414113334487,0.05843836636167838
7/25/2003,-805.7180000000001,26626.7604,6.3553,160.3926,3.609,2.0507,1.8964686998394864,1.2808988764044944,0.9303944315545245,18.1356783919598,-0.010961907371882629,0.2698803659394793,1.129203539823009,0.08691860465116275,0.04518512659384175,0.0578597096823807
7/28/2003,-805.7180000000001,26626.7604,6.3553,160.3926,3.639,2.0507,1.744343891402715,1.248114630467572,0.9381283836040217,18.286432160804022,0.00831255195344971,0.22073129822207282,1.1855855855855855,0.08691860465116275,0.044407429336708916,0.05772512364130015
7/29/2003,-805.7180000000001,26626.7604,6.3553,160.3926,3.839,2.0507,2.032385466034755,1.3941548183254344,0.9896880639340037,19.291457286432163,0.05496015388843101,0.26657868690201236,1.3624615384615386,0.08691860465116275,0.04544762671039124,0.05774252690658784
7/30/2003,-805.7180000000001,26626.7604,6.3553,160.3926,3.7289999999999996,2.0507,1.7911676646706587,1.2088323353293418,0.9613302397525135,18.738693467336685,-0.028653295128939882,0.26363944425618424,1.3379310344827586,0.08691860465116275,0.04554637395782571,0.05785282946488665
7/31/2003,-805.7180000000001,26626.7604,6.3553,160.3926,3.8289999999999997,2.0507,1.5594919786096253,1.039438502673797,0.9871100799175045,19.241206030150753,0.026816840976133127,0.2549983611930513,1.1817663817663817,0.08691860465116275,0.04540390234946382,0.05683984731382312
8/1/2003,-805.7180000000001,26626.7604,6.3553,160.3926,3.8289999999999997,2.0507,1.5594919786096253,1.1590909090909092,0.9871100799175045,19.241206030150753,0.0,0.18544891640866856,1.000522466039707,0.08691860465116275,0.04416752394834727,0.05601008407857348
8/4/2003,-805.7180000000001,26626.7604,6.3553,160.3926,3.988,2.0507,1.7579529737206085,1.2337482710926695,1.0,20.04020100502513,0.04152520240271618,0.23467492260061928,1.128068303094984,0.08691860465116275,0.0446682505602589,0.0559611336219234
8/5/2003,-805.7180000000001,26626.7604,6.3553,160.3926,3.889,2.0507,1.1078590785907858,0.8644986449864498,0.9751755265797392,19.542713567839197,-0.02482447342026084,0.13052325581395352,1.1426997245179065,0.08691860465116275,0.043527843061526295,0.055880971955445544
8/6/2003,-805.7180000000001,26626.7604,6.3553,160.3926,3.978,2.0507,1.167847411444142,1.037602179836512,0.997492477432297,19.989949748743722,0.022885060426845127,0.06392083444771335,0.7894736842105261,0.06024096385542177,0.03970702732189549,0.048933378721926823
8/7/2003,-805.7180000000001,26626.7604,6.3553,160.3926,3.928,2.0507,1.188300835654596,1.1610027855153202,0.9849548645937813,19.738693467336685,-0.012569130216189106,0.012632121680845598,0.7903372835004558,0.06024096385542177,0.039077564595684684,0.048929729619681755
8/8/2003,-805.7180000000001,26626.7604,6.3553,160.3926,3.819,2.0507,1.2664688427299704,1.2189910979228484,0.9576228686058175,19.190954773869347,-0.027749490835030532,0.021396095212623756,0.8237822349570201,0.06024096385542177,0.038718877588688395,0.048651270442566355
8/11/2003,-805.7180000000001,26626.7604,6.3553,160.3926,3.978,2.0507,1.2161559888579387,0.9721448467966576,0.997492477432297,19.989949748743722,0.04163393558523176,0.12372881355932197,0.8467966573816157,0.06024096385542177,0.03750169580802747,0.04875581044828684
8/12/2003,-805.7180000000001,26626.7604,6.3553,160.3926,3.29,2.0507,0.9525222551928783,1.2189910979228484,0.824974924774323,16.532663316582916,-0.17295123177476124,-0.12008558438085049,0.39229792636479055,0.06024096385542177,0.05255513257125775,0.05276595839648553
8/13/2003,-805.7180000000001,26626.7604,6.3553,160.3926,3.49,2.0507,1.0712166172106827,1.094955489614243,0.8751253761283853,17.537688442211056,0.06079027355623112,-0.011331444759206666,0.45235122763212665,0.06079027355623112,0.05303434427028982,0.053191516650660776
8/14/2003,-805.7180000000001,26626.7604,6.3553,160.3926,3.27,2.0507,1.1028938906752415,1.3209003215434083,0.8199598796389168,16.432160804020103,-0.06303724928366772,-0.09393183707398167,0.2102146558105107,0.06079027355623112,0.054557320112183366,0.051760003599730764
8/15/2003,-805.7180000000001,26626.7604,6.3553,160.3926,3.181,2.0507,1.2464689265536726,1.3446327683615817,0.7976429287863591,15.98492462311558,-0.027217125382262952,-0.04186746987951806,0.18164933135215477,0.06079027355623112,0.05199106142874425,0.051903692478609875
8/18/2003,-805.7180000000001,26626.7604,6.3553,160.3926,2.872,2.0507,1.1990811638591117,1.5727411944869831,0.720160481444333,14.432160804020102,-0.09713926438226983,-0.14523809523809528,0.1080246913580245,0.06079027355623112,0.055964291721198565,0.05320461391822453
8/19/2003,-805.7180000000001,26626.7604,6.3553,160.3926,2.6919999999999997,2.0507,0.8877980364656382,1.3141654978962132,0.675025075225677,13.527638190954773,-0.06267409470752094,-0.18424242424242432,0.03458877786318215,0.06079027355623112,0.05728358751947899,0.05384452284711338
8/20/2003,-805.7180000000001,26626.7604,6.3553,160.3926,3.0410000000000004,2.0507,1.1325385694249652,1.3281907433380082,0.7625376128385156,15.281407035175883,0.12964338781575058,-0.0840361445783131,0.2198154833533894,0.12964338781575058,0.06467139530079777,0.05588844055223224
8/21/2003,-805.7180000000001,26626.7604,6.3553,160.3926,3.26,2.0507,1.3369175627240142,1.5232974910394264,0.8174523570712136,16.381909547738694,0.07201578428148614,-0.07386363636363646,0.3076614520657839,0.12964338781575058,0.06528713001643231,0.056523542263276584
8/22/2003,-805.7180000000001,26626.7604,6.3553,160.3926,3.1910000000000003,2.0507,1.2067773167358231,1.5235131396957122,0.8001504513540623,16.035175879396988,-0.02116564417177902,-0.12551383940805683,0.08870692596383489,0.12964338781575058,0.06481309780326634,0.05226358871618487
8/25/2003,-805.7180000000001,26626.7604,6.3553,160.3926,3.1510000000000002,2.0507,1.2571633237822355,1.585243553008596,0.7901203610832498,15.83417085427136,-0.012535255405828893,-0.12690495982266548,0.029402156158118142,0.12964338781575058,0.06482208903359057,0.052023606976618446
8/26/2003,-805.7180000000001,26626.7604,6.3553,160.3926,3.181,2.0507,1.1847527472527473,1.4993131868131866,0.7976429287863591,15.98492462311558,0.00952078705172954,-0.12585875240450672,0.046037487668529886,0.12964338781575058,0.06483445095872367,0.05202134854077059
8/27/2003,-805.7180000000001,26626.7604,6.3553,160.3926,3.27,2.0507,1.2005383580080755,1.5834454912516822,0.8199598796389168,16.432160804020103,0.027978623074504938,-0.1482156811669706,0.07885186407126366,0.12964338781575058,0.0638609841029191,0.05211841677331147
8/28/2003,-805.7180000000001,26626.7604,6.3553,160.3926,3.29,2.0507,1.2752420470262793,1.5788381742738586,0.824974924774323,16.532663316582916,0.006116207951070374,-0.11772593188522384,0.015432098765431945,0.12964338781575058,0.0636840268753023,0.051424166340359095
8/29/2003,-805.7180000000001,26626.7604,6.3553,160.3926,3.34,2.0507,1.2939560439560438,1.629807692307692,0.8375125376128385,16.78391959798995,0.015197568389057725,-0.127709584747976,0.10926602457655266,0.12964338781575058,0.06345341679882258,0.050609783573675224
9/1/2003,-805.7180000000001,26626.7604,6.3553,160.3926,3.34,2.0507,1.3259052924791086,1.666434540389972,0.8375125376128385,16.78391959798995,0.0,-0.127709584747976,0.11296234588470488,0.12964338781575058,0.06345341679882258,0.05060488961310804
9/2/2003,-805.7180000000001,26626.7604,6.3553,160.3926,3.29,2.0507,1.2442019099590724,1.7203274215552526,0.824974924774323,16.532663316582916,-0.014970059880239472,-0.175025075225677,0.034265954102483454,0.12964338781575058,0.06259622055355812,0.0501221794105296
9/3/2003,-805.7180000000001,26626.7604,6.3553,160.3926,3.25,2.0507,1.2951977401129944,1.7464689265536721,0.8149448345035105,16.331658291457288,-0.012158054711246202,-0.16430959115453836,0.04133290611983331,0.12964338781575058,0.06247874743142992,0.05008470863804726
9/4/2003,-805.7180000000001,26626.7604,6.3553,160.3926,3.32,2.0507,1.4850299401197606,1.9775449101796414,0.8324974924774322,16.683417085427138,0.021538461538461506,-0.16540975364504784,0.12886773206392377,0.12964338781575058,0.06244766731797615,0.04955637217619171
9/5/2003,-805.7180000000001,26626.7604,6.3553,160.3926,3.27,2.0507,1.5038284839203673,2.007656967840735,0.8199598796389168,16.432160804020103,-0.015060240963855387,-0.16751527494908347,0.07885186407126366,0.12964338781575058,0.06246183004869266,0.04948245821541021
9/8/2003,-805.7180000000001,26626.7604,6.3553,160.3926,3.38,2.0507,1.8475147430497048,2.2173546756529063,0.847542627883651,16.984924623115578,0.03363914373088672,-0.11495155799947632,0.1376640861662739,0.12964338781575058,0.06286621377200573,0.0495531070689067
9/9/2003,-805.7180000000001,26626.7604,6.3553,160.3926,3.6189999999999998,2.0507,1.9044943820224716,2.1926163723916536,0.9074724172517552,18.185929648241206,0.07071005917159767,-0.09024635495223743,0.17081850533807819,0.12964338781575058,0.06422356592108505,0.05006387393082914
9/10/2003,-805.7180000000001,26626.7604,6.3553,160.3926,3.34,2.0507,1.7926421404682276,1.7508361204013378,0.8375125376128385,16.78391959798995,-0.07709311964631116,0.015197568389057725,0.10194655229297256,0.12964338781575058,0.05411076786107026,0.05101307692635367
9/11/2003,-805.7180000000001,26626.7604,6.3553,160.3926,3.36,2.0507,1.8093645484949832,1.9180602006688967,0.8425275827482447,16.884422110552766,0.0059880239520957446,-0.037249283667621924,0.09446254071661242,0.12964338781575058,0.052434273059708464,0.050998655555482164
9/12/2003,-805.7180000000001,26626.7604,6.3553,160.3926,3.4,2.0507,1.8192371475953566,1.711442786069652,0.8525576730190572,17.085427135678394,0.011904761904761862,0.039755351681957096,0.15606936416184958,0.12964338781575058,0.050479713489585354,0.05068682556236315
9/15/2003,-805.7180000000001,26626.7604,6.3553,160.3926,3.39,2.0507,1.8802039082412914,1.7026338147833475,0.8500501504513541,17.035175879396988,-0.002941176470588225,0.0657026092423767,0.13340020060180535,0.12964338781575058,0.05002765370070356,0.050664045462769085
9/16/2003,-805.7180000000001,26626.7604,6.3553,160.3926,3.37,2.0507,1.938099389712293,1.5039232781168264,0.8450351053159478,16.934673366834172,-0.005899705014749235,0.17339832869080785,0.1458687521251274,0.12964338781575058,0.04443451529498936,0.05061347846096137
9/17/2003,-805.7180000000001,26626.7604,6.3553,160.3926,3.27,2.0507,2.0082796688132474,1.4765409383624655,0.8199598796389168,16.432160804020103,-0.029673590504451064,0.2147102526002973,0.1043566362715298,0.12964338781575058,0.04232268288518026,0.05078291070000947
9/18/2003,-805.7180000000001,26626.7604,6.3553,160.3926,3.33,2.0507,2.6314067611777534,2.3162486368593243,0.8350050150451355,16.733668341708544,0.01834862385321112,0.0950345281157512,0.25565610859728527,0.07201578428148614,0.032418147948916794,0.048922876102040866
9/19/2003,-805.7180000000001,26626.7604,6.3553,160.3926,3.24,2.0507,3.21875,3.244791666666666,0.8124373119358075,16.28140703517588,-0.027027027027026973,-0.006134969325153228,0.16462976276060393,0.07071005917159767,0.02920003694241403,0.04875267906090908
9/22/2003,-805.7180000000001,26626.7604,6.3553,160.3926,3.33,2.0507,3.1729323308270683,2.9987468671679207,0.8350050150451355,16.733668341708544,0.02777777777777768,0.04356001253525532,0.14002054091064697,0.07071005917159767,0.029369304864946755,0.04849191945072816
9/23/2003,-805.7180000000001,26626.7604,6.3553,160.3926,3.29,2.0507,7.0440097799511,6.704156479217605,0.824974924774323,16.532663316582916,-0.012012012012012074,0.04411298000634711,0.1576354679802956,0.07071005917159767,0.02935617876559564,0.048377216238568506
9/24/2003,-805.7180000000001,26626.7604,6.3553,160.3926,3.29,2.0507,9.31347962382445,8.9717868338558,0.824974924774323,16.532663316582916,0.0,0.034265954102483454,0.10365649111036546,0.07071005917159767,0.029315345075379185,0.04802797227014839
9/25/2003,-805.7180000000001,26626.7604,6.3553,160.3926,3.1710000000000003,2.0507,10.788104089219333,11.156133828996284,0.7951354062186561,15.934673366834174,-0.03617021276595733,-0.03027522935779814,0.04618937644341803,0.07071005917159767,0.029812862161927207,0.04824093832261596
9/26/2003,-805.7180000000001,26626.7604,6.3553,160.3926,3.141,2.0507,12.716157205240176,13.366812227074238,0.7876128385155466,15.783919597989952,-0.009460737937559194,-0.04528875379939212,0.06438495425279567,0.07071005917159767,0.029819758890993916,0.04812787303119129
9/29/2003,-805.7180000000001,26626.7604,6.3553,160.3926,3.181,2.0507,10.006920415224915,10.557093425605537,0.7976429287863591,15.98492462311558,0.012734797835084466,-0.04760479041916166,0.042608980662077967,0.07071005917159767,0.029754426098063964,0.047976475731652306
9/30/2003,-805.7180000000001,26626.7604,6.3553,160.3926,3.1910000000000003,2.0507,13.570776255707766,14.251141552511417,0.8001504513540623,16.035175879396988,0.0031436655139893688,-0.044610778443113674,-0.012074303405572695,0.07071005917159767,0.029772346851216203,0.047422068374572635
10/1/2003,-805.7180000000001,26626.7604,6.3553,160.3926,3.1910000000000003,2.0507,15.035175879396988,15.532663316582916,0.8001504513540623,15.26794258373206,0.0,-0.030091185410334287,-0.012074303405572695,0.07071005917159767,0.02961872278344634,0.047422068374572635
10/2/2003,-805.7180000000001,26626.7604,6.3553,160.3926,3.39,2.0507,13.80349344978166,13.192139737991267,0.8500501504513541,16.220095693779907,0.06236289564399877,0.04307692307692301,-0.014534883720930147,0.07071005917159767,0.03253945749466651,0.04736540167559449
10/3/2003,-805.7180000000001,26626.7604,6.3553,160.3926,3.49,2.0507,15.698564593301437,14.885167464114833,0.8751253761283853,15.936073059360734,0.029498525073746285,0.051204819277108626,-0.0665953463492912,0.07071005917159767,0.032817320614391014,0.046222052890708146
10/6/2003,-805.7180000000001,26626.7604,6.3553,160.3926,3.51,2.0507,14.327510917030567,13.279475982532752,0.8801404212637913,16.027397260273975,0.005730659025787732,0.07339449541284404,-0.09512761020881666,0.07071005917159767,0.03256120825084208,0.04597957362017309
10/7/2003,-805.7180000000001,26626.7604,6.3553,160.3926,3.54,2.0507,15.164383561643838,14.4337899543379,0.8876629889669008,15.458515283842797,0.008547008547008517,0.047337278106508895,-0.05322278684140136,0.07071005917159767,0.03186772090935377,0.045766006341620744
10/8/2003,-805.7180000000001,26626.7604,6.3553,160.3926,3.639,2.0507,14.890829694323145,14.80349344978166,0.9124874623871614,15.890829694323145,0.02796610169491509,0.005526388505112001,0.02796610169491509,0.06236289564399877,0.028492190856178972,0.0453791903748901
10/9/2003,-805.7180000000001,26626.7604,6.3553,160.3926,3.679,2.0507,15.065502183406114,13.585152838427948,0.9225175526579739,16.065502183406114,0.01099203077768629,0.10149700598802402,-0.016047071409467817,0.06236289564399877,0.022281109146710065,0.044854015973322586
10/10/2003,-805.7180000000001,26626.7604,6.3553,160.3926,3.51,2.0507,14.327510917030567,13.672489082969433,0.8801404212637913,13.048327137546469,-0.04593639575971731,0.044642857142857206,-0.005665722379603388,0.06236289564399877,0.02487803824365623,0.044668250150447904
10/13/2003,-805.7180000000001,26626.7604,6.3553,160.3926,3.7289999999999996,2.0507,12.862453531598513,11.639405204460967,0.9350551654964894,11.689655172413792,0.062393162393162394,0.09676470588235286,0.03325020781379884,0.062393162393162394,0.02807869446074831,0.045258902517361255
10/14/2003,-805.7180000000001,26626.7604,6.3553,160.3926,3.8289999999999997,2.0507,10.294985250737463,9.000000000000002,0.9601303911735205,12.003134796238243,0.026816840976133127,0.12949852507374615,0.15331325301204823,0.062393162393162394,0.028418404944228353,0.04413909787571686
10/15/2003,-805.7180000000001,26626.7604,6.3553,160.3926,3.938,2.0507,9.67208672086721,8.13279132791328,0.9874623871614845,12.344827586206897,0.028466962653434402,0.1685459940652818,0.17202380952380958,0.062393162393162394,0.028675346082668682,0.04424023972298193
10/16/2003,-805.7180000000001,26626.7604,6.3553,160.3926,4.018,2.0507,11.595611285266457,9.25078369905956,1.0,11.512893982808023,0.02031488065007614,0.22874617737003056,0.21757575757575753,0.062393162393162394,0.02745500029218928,0.044204254898639654
10/17/2003,-805.7180000000001,26626.7604,6.3553,160.3926,4.178,2.0507,9.740359897172237,7.560411311053985,1.0,11.971346704871062,0.03982080637132901,0.25465465465465464,0.2584337349397592,0.062393162393162394,0.028163797607496353,0.04443224779974311
10/20/2003,-805.7180000000001,26626.7604,6.3553,160.3926,4.118,2.0507,10.15989159891599,7.7804878048780495,0.9856390617520345,11.799426934097422,-0.014360938247965471,0.2709876543209877,0.16988636363636367,0.062393162393162394,0.027429445775120707,0.0439179959403203
10/21/2003,-805.7180000000001,26626.7604,6.3553,160.3926,4.098,2.0507,9.534704370179949,7.560411311053985,0.9808520823360459,11.742120343839542,-0.004856726566294434,0.2306306306306305,0.12304741024938348,0.062393162393162394,0.027405746611747665,0.04372311794274594
10/22/2003,-805.7180000000001,26626.7604,6.3553,160.3926,4.138,2.0507,7.129666011787819,5.4636542239685655,0.990426041168023,11.8567335243553,0.009760858955588203,0.25775075987841944,0.14657799944582983,0.062393162393162394,0.02692770845007181,0.043695785086243014
10/23/2003,-805.7180000000001,26626.7604,6.3553,160.3926,3.958,2.0507,6.93186372745491,5.593186372745491,0.9473432264241264,11.340974212034386,-0.04349927501208306,0.2030395136778116,0.08766144545204746,0.062393162393162394,0.029401631816395116,0.04408269843260355
10/24/2003,-805.7180000000001,26626.7604,6.3553,160.3926,3.7289999999999996,2.0507,5.133223684210526,4.21546052631579,0.8925323121110579,10.684813753581661,-0.05785750378979293,0.1759697256385997,-0.028653295128939882,0.062393162393162394,0.0313904237995511,0.04420097580503504
10/27/2003,-805.7180000000001,26626.7604,6.3553,160.3926,3.988,2.0507,6.834970530451867,5.170923379174853,0.9545236955481091,11.426934097421205,0.06945561812818468,0.2696593441579114,0.06945561812818468,0.06945561812818468,0.033799499701910325,0.044879456033852516
10/28/2003,-805.7180000000001,26626.7604,6.3553,160.3926,3.968,2.0507,7.460554371002132,5.782515991471215,0.9497367161321206,11.369627507163324,-0.005015045135406182,0.24740647595095888,0.03630190650300347,0.06945561812818468,0.03400090977347309,0.044775563531364214
10/29/2003,-805.7180000000001,26626.7604,6.3553,160.3926,4.188,2.0507,9.766066838046271,7.203084832904885,1.0,12.0,0.05544354838709675,0.31244124099028503,0.09375816139984328,0.06945561812818468,0.035278055947797676,0.04528602109886204
10/30/2003,-805.7180000000001,26626.7604,6.3553,160.3926,4.188,2.0507,11.0,8.143266475644701,1.0,12.0,0.0,0.31244124099028503,0.05015045135406204,0.06945561812818468,0.035278055947797676,0.04500957481781449
10/31/2003,-805.7180000000001,26626.7604,6.3553,160.3926,4.058,2.0507,8.24373576309795,6.722095671981777,0.9689589302769819,11.627507163323783,-0.031041069723018122,0.19705014749262517,0.043455901259964014,0.06945561812818468,0.03470903098303077,0.045075647838179814
11/3/2003,-805.7180000000001,26626.7604,6.3553,160.3926,4.078,2.0507,7.6950959488272925,6.441364605543711,0.9737344794651386,11.684813753581663,0.00492853622474132,0.1684813753581662,0.02513826043237799,0.06945561812818468,0.03440239436472215,0.04499622720180444
11/4/2003,-805.7180000000001,26626.7604,6.3553,160.3926,3.918,2.0507,7.3539445628997875,6.484008528784648,0.9355300859598855,11.226361031518627,-0.03923491907797938,0.11623931623931627,-0.002545824847250411,0.06945561812818468,0.0359169189635963,0.04525456516480929
11/5/2003,-805.7180000000001,26626.7604,6.3553,160.3926,3.948,2.0507,7.7928730512249444,6.8841870824053455,0.9426934097421203,11.312320916905446,0.007656967840734996,0.11525423728813555,0.03377847604084838,0.06945561812818468,0.035914117337985045,0.0451115106988123
11/6/2003,-805.7180000000001,26626.7604,6.3553,160.3926,3.988,2.0507,5.668896321070235,5.085284280936455,0.9522445081184336,11.426934097421205,0.010131712259371817,0.09590546853531201,0.002513826043237799,0.06945561812818468,0.035573488802221484,0.04483380995621135
11/7/2003,-805.7180000000001,26626.7604,6.3553,160.3926,3.958,2.0507,5.859618717504333,5.376083188908145,0.9450811843361988,11.340974212034386,-0.0075225677031093285,0.0758358249524329,0.2030395136778116,0.06945561812818468,0.03564614697216003,0.0389346028246757
11/10/2003,-805.7180000000001,26626.7604,6.3553,160.3926,3.799,2.0507,5.9324817518248185,5.405109489051095,0.9071155682903534,10.885386819484241,-0.04017180394138464,0.08233618233618234,0.08853868194842396,0.06945561812818468,0.035261773895438615,0.038622531815052125
11/11/2003,-805.7180000000001,26626.7604,6.3553,160.3926,3.49,2.0507,4.557324840764331,4.937898089171974,0.8333333333333335,10.000000000000002,-0.08133719399842054,-0.0640922499329577,0.06727828746177367,0.06945561812818468,0.03732374569216158,0.03918486435581927
11/12/2003,-805.7180000000001,26626.7604,6.3553,160.3926,3.5989999999999998,2.0507,3.3466183574879222,3.624396135265701,0.859360076408787,10.312320916905444,0.031232091690544195,-0.060067902846696275,0.13140521848475317,0.06945561812818468,0.037509012462934935,0.03917903366785982
11/13/2003,-805.7180000000001,26626.7604,6.3553,160.3926,3.6889999999999996,2.0507,3.9318181818181817,4.264705882352941,0.8808500477554918,10.570200573065902,0.02500694637399281,-0.06323006602336223,0.2844707520891363,0.06945561812818468,0.03737460113834329,0.037126494168380125
11/14/2003,-805.7180000000001,26626.7604,6.3553,160.3926,3.46,2.0507,3.3358395989974943,4.035087719298246,0.8261700095510984,9.914040114613181,-0.062076443480617916,-0.1388750622200099,0.2852897473997029,0.06945561812818468,0.03914934739282941,0.037109085734018304
11/17/2003,-805.7180000000001,26626.7604,6.3553,160.3926,3.36,2.0507,3.2105263157894735,4.235588972431078,0.8022922636103152,9.627507163323783,-0.028901734104046284,-0.19578745811393017,0.10489970404472193,0.06945561812818468,0.03795006636227433,0.03371761593468736
11/18/2003,-805.7180000000001,26626.7604,6.3553,160.3926,3.31,2.0507,3.425133689839572,4.505347593582888,0.7903533906399236,9.484240687679083,-0.014880952380952328,-0.19621175327829043,0.015337423312883569,0.06945561812818468,0.037953476225523475,0.032571159291153326
11/19/2003,-805.7180000000001,26626.7604,6.3553,160.3926,3.29,2.0507,3.582172701949861,4.7075208913649025,0.785577841451767,9.426934097421205,-0.006042296072507614,-0.19716935090287946,0.031024757129426428,0.06945561812818468,0.03794686134373111,0.03246246166619956
11/20/2003,-805.7180000000001,26626.7604,6.3553,160.3926,3.29,2.0507,3.9325337331334334,5.203898050974512,0.785577841451767,9.426934097421205,0.0,-0.2049299178347027,0.04411298000634711,0.06945561812818468,0.03775570679205804,0.03241650712824221
11/21/2003,-805.7180000000001,26626.7604,6.3553,160.3926,3.36,2.0507,4.350318471337579,5.302547770700637,0.8022922636103152,9.627507163323783,0.02127659574468077,-0.15108640727640232,0.05627161270040859,0.06945561812818468,0.037542688301521805,0.03249887730922273
11/24/2003,-805.7180000000001,26626.7604,6.3553,160.3926,3.48,2.0507,4.918367346938775,5.341836734693877,0.830945558739255,9.971346704871062,0.03571428571428581,-0.06677393403057108,0.06422018348623859,0.06945561812818468,0.03676107285804997,0.032615353738399
11/25/2003,-805.7180000000001,26626.7604,6.3553,160.3926,3.49,2.0507,5.1443661971831,6.021126760563381,0.8333333333333335,10.000000000000002,0.00287356321839094,-0.12487462387161474,0.06079027355623112,0.05544354838709675,0.032900944021864435,0.032610532929268694
11/26/2003,-805.7180000000001,26626.7604,6.3553,160.3926,3.47,2.0507,5.571969696969697,6.515151515151515,0.8285577841451768,9.942693409742121,-0.005730659025787954,-0.1255040322580645,0.038922155688622784,0.05544354838709675,0.032900452678714144,0.032574942320323874
11/27/2003,-805.7180000000001,26626.7604,6.3553,160.3926,3.47,2.0507,5.953907815631263,7.392785571142284,0.8285577841451768,9.942693409742121,0.0,-0.17144221585482322,0.038922155688622784,0.03571428571428581,0.029816657096565682,0.032574942320323874
11/28/2003,-805.7180000000001,26626.7604,6.3553,160.3926,3.45,2.0507,4.96885813148789,6.2456747404844295,0.8237822349570202,9.885386819484243,-0.0057636887608069065,-0.1762177650429798,0.04863221884498481,0.03571428571428581,0.0297611537661321,0.03252215510682916
12/1/2003,-805.7180000000001,26626.7604,6.3553,160.3926,3.45,2.0507,4.867346938775511,5.901360544217687,0.8237822349570202,9.885386819484243,0.0,-0.14982750123213395,0.06153846153846154,0.03571428571428581,0.029367247941010997,0.032477187848259356
12/2/2003,-805.7180000000001,26626.7604,6.3553,160.3926,3.39,2.0507,5.075268817204302,6.308243727598567,0.8094555873925502,9.713467048710603,-0.017391304347826098,-0.16871015203531148,0.02108433734939763,0.03571428571428581,0.029307212620691584,0.03245953997178829
12/3/2003,-805.7180000000001,26626.7604,6.3553,160.3926,3.39,2.0507,5.544401544401545,6.563706563706564,0.8094555873925502,9.713467048710603,0.0,-0.13476263399693722,0.03669724770642202,0.03571428571428581,0.028478140753736458,0.0323958560701675
12/4/2003,-805.7180000000001,26626.7604,6.3553,160.3926,3.34,2.0507,5.56188605108055,6.756385068762278,0.7975167144221585,9.570200573065902,-0.014749262536873253,-0.15400202634245186,-0.01183431952662728,0.03571428571428581,0.028341698811699997,0.03218466092990876
12/5/2003,-805.7180000000001,26626.7604,6.3553,160.3926,3.161,2.0507,5.4642126789366054,7.155419222903886,0.7547755491881567,9.05730659025788,-0.0535928143712574,-0.20737211634904718,-0.12655429676706265,0.03571428571428581,0.029732374784025697,0.03160496494308243
12/8/2003,-805.7180000000001,26626.7604,6.3553,160.3926,3.35,2.0507,6.808857808857809,8.226107226107226,0.7999044890162369,9.598853868194844,0.05979120531477378,-0.15361293582617486,0.0029940119760478723,0.05979120531477378,0.03347124518175378,0.03103487221416972
12/9/2003,-805.7180000000001,26626.7604,6.3553,160.3926,3.43,2.0507,7.186157517899762,8.066825775656325,0.8190066857688635,9.828080229226362,0.023880597014925398,-0.09713082390102656,0.02083333333333348,0.05979120531477378,0.03325026130455627,0.031167280924880074
12/10/2003,-805.7180000000001,26626.7604,6.3553,160.3926,3.53,2.0507,8.074550128534703,7.971722365038561,0.8428844317096467,10.114613180515759,0.02915451895043719,0.011461318051575908,0.03823529411764692,0.05979120531477378,0.028912657281759308,0.03134163211440294
12/11/2003,-805.7180000000001,26626.7604,6.3553,160.3926,3.659,2.0507,9.484240687679083,9.312320916905444,0.873686723973257,10.484240687679083,0.03654390934844187,0.016671297582661948,0.07935103244837749,0.05979120531477378,0.0292125728851608,0.031653160246311374
12/12/2003,-805.7180000000001,26626.7604,6.3553,160.3926,3.6489999999999996,2.0507,9.455587392550143,9.570200573065902,0.8712989493791785,9.145363408521304,-0.002732987154960398,-0.010843046896177877,0.08278931750741814,0.05979120531477378,0.02870480071863571,0.031643398327694555
12/15/2003,-805.7180000000001,26626.7604,6.3553,160.3926,3.53,2.0507,7.424821002386635,7.257756563245824,0.8428844317096467,8.847117794486216,-0.032611674431351045,0.02023121387283222,0.07951070336391441,0.05979120531477378,0.026129848566081745,0.03169259576565686
12/16/2003,-805.7180000000001,26626.7604,6.3553,160.3926,3.49,2.0507,7.746867167919801,7.421052631578947,0.8333333333333335,8.7468671679198,-0.011331444759206666,0.038690476190476275,0.048048048048048075,0.05979120531477378,0.025385883792543026,0.031661869491599236
12/17/2003,-805.7180000000001,26626.7604,6.3553,160.3926,3.46,2.0507,7.6716791979949885,7.295739348370928,0.8261700095510984,8.459657701711492,-0.008595988538682042,0.0453172205438066,0.06790123456790109,0.05979120531477378,0.0252119497878992,0.03148110628467417
12/18/2003,-805.7180000000001,26626.7604,6.3553,160.3926,3.52,2.0507,7.6063569682151595,7.0440097799511,0.8404966571155683,8.60635696821516,0.01734104046242768,0.06990881458966558,0.05705705705705699,0.05979120531477378,0.025335865773589643,0.0313680253711742
12/19/2003,-805.7180000000001,26626.7604,6.3553,160.3926,3.48,2.0507,7.508557457212714,7.0440097799511,0.830945558739255,8.111888111888112,-0.011363636363636354,0.05775075987841949,0.05775075987841949,0.05979120531477378,0.02553553766967699,0.031363671150060675
12/22/2003,-805.7180000000001,26626.7604,6.3553,160.3926,3.47,2.0507,6.462365591397849,6.225806451612902,0.8285577841451768,8.088578088578089,-0.002873563218390718,0.032738095238095344,0.054711246200607855,0.05979120531477378,0.025212401504103706,0.03136779525583095
12/23/2003,-805.7180000000001,26626.7604,6.3553,160.3926,3.639,2.0507,7.482517482517482,7.111888111888112,0.8689111747851003,7.597077244258872,0.0487031700288183,0.045689655172413746,0.14758751182592222,0.05979120531477378,0.02622408794542511,0.03155322342345129
12/24/2003,-805.7180000000001,26626.7604,6.3553,160.3926,3.6289999999999996,2.0507,6.576200417536533,6.286012526096034,0.8665234001910219,7.129666011787818,-0.002748007694421628,0.039828080229226126,0.15536453358802915,0.05979120531477378,0.026248280756552618,0.03152288871797738
12/25/2003,-805.7180000000001,26626.7604,6.3553,160.3926,3.6289999999999996,2.0507,5.503584229390681,5.2186379928315425,0.8665234001910219,7.129666011787818,0.0,0.04582132564841479,0.14083621502672106,0.05979120531477378,0.026191576271466885,0.03149887935379229
12/26/2003,-805.7180000000001,26626.7604,6.3553,160.3926,3.639,2.0507,4.794585987261146,4.525477707006369,0.8689111747851003,7.149312377210215,0.0027555800496004146,0.0487031700288183,0.14039486054528338,0.05979120531477378,0.026185537534278523,0.03149880588592624
12/29/2003,-805.7180000000001,26626.7604,6.3553,160.3926,3.6489999999999996,2.0507,5.10200668896321,4.76923076923077,0.8712989493791785,7.168958742632612,0.002748007694421517,0.05768115942028973,0.14352867439674055,0.05979120531477378,0.026115529504871032,0.031497082615586834
12/30/2003,-805.7180000000001,26626.7604,6.3553,160.3926,3.609,2.0507,5.035117056856188,4.76923076923077,0.8617478510028653,7.090373280943026,-0.010961907371882629,0.046086956521739,0.06460176991150446,0.05979120531477378,0.02628740626787666,0.030595721036764553
12/31/2003,-805.7180000000001,26626.7604,6.3553,160.3926,3.7689999999999997,2.0507,5.52076124567474,4.865051903114187,0.8999522445081184,7.404715127701374,0.04433361041839845,0.11179941002949834,0.07994269340974203,0.05979120531477378,0.027383076054640403,0.030870875994608433
1/1/2004,-805.7180000000001,26626.7604,6.3553,160.3926,3.7689999999999997,2.0507,4.907523510971786,4.313479623824452,0.8999522445081184,7.404715127701374,0.0,0.11179941002949834,0.07378917378917382,0.05979120531477378,0.027383076054640403,0.030867226700265538
1/2/2004,-805.7180000000001,26626.7604,6.3553,160.3926,4.078,2.0507,5.598705501618124,4.4045307443365695,0.9737344794651386,8.011787819253438,0.08198461130273293,0.2209580838323355,0.1519774011299435,0.08198461130273293,0.031628784003675636,0.032478373300321876
1/5/2004,-805.7180000000001,26626.7604,6.3553,160.3926,4.537,2.0507,6.001543209876543,3.878086419753086,1.0,8.913555992141454,0.1125551741049533,0.43530528313824735,0.2467710909590548,0.1125551741049533,0.03546820639651955,0.03517359848266808
1/6/2004,-805.7180000000001,26626.7604,6.3553,160.3926,4.437,2.0507,6.419732441471573,4.602006688963211,0.9779590037469694,8.717092337917485,-0.022040996253030576,0.32447761194029856,0.2060342484370754,0.1125551741049533,0.03513306202518161,0.03531527155888979
1/7/2004,-805.7180000000001,26626.7604,6.3553,160.3926,4.487,2.0507,6.503344481605351,4.735785953177258,0.9889795018734847,8.81532416502947,0.01126887536623844,0.30816326530612237,0.2783475783475784,0.1125551741049533,0.035064076032028595,0.034752386358714984
1/8/2004,-805.7180000000001,26626.7604,6.3553,160.3926,4.686,2.0507,8.206286836935167,5.93516699410609,1.0,9.206286836935167,0.04435034544238903,0.3274787535410766,0.2566371681415931,0.1125551741049533,0.03555802139566609,0.03433942874834057
1/9/2004,-805.7180000000001,26626.7604,6.3553,160.3926,4.836,2.0507,7.666666666666668,5.557347670250897,1.0,9.50098231827112,0.03201024327784907,0.3216725881388358,0.26299294855053557,0.1125551741049533,0.03542884082071336,0.0344007606762943
1/12/2004,-805.7180000000001,26626.7604,6.3553,160.3926,4.985,2.0507,7.9336917562724025,5.539426523297491,1.0,9.793713163064833,0.030810587262200206,0.36612770622088275,0.26587100050787194,0.1125551741049533,0.03539558071688416,0.03442858374951761
1/13/2004,-805.7180000000001,26626.7604,6.3553,160.3926,5.235,2.0507,8.914772727272727,5.68560606060606,1.0,10.284872298624755,0.050150451354062264,0.48300283286118995,0.3028870084619215,0.1125551741049533,0.034358491952618,0.03485462475642703
1/14/2004,-805.7180000000001,26626.7604,6.3553,160.3926,5.155,2.0507,8.951737451737452,5.737451737451738,0.9847182425978988,10.12770137524558,-0.015281757402101248,0.4770773638968482,0.23384394447103896,0.1125551741049533,0.03454592379558608,0.03465242196473938
1/15/2004,-805.7180000000001,26626.7604,6.3553,160.3926,4.886,2.0507,8.599214145383105,5.797642436149312,0.9333333333333333,9.599214145383105,-0.05218234723569348,0.41213872832369947,0.18649830014570168,0.1125551741049533,0.03748923285875231,0.035295978514727384
1/16/2004,-805.7180000000001,26626.7604,6.3553,160.3926,5.035,2.0507,8.891944990176817,5.915520628683693,0.9617956064947468,9.023297491039427,0.030495292672943153,0.4303977272727273,0.22864812103465115,0.1125551741049533,0.037601134582332114,0.03544451068126572
1/19/2004,-805.7180000000001,26626.7604,6.3553,160.3926,5.035,2.0507,7.864436619718312,5.126760563380282,0.9617956064947468,9.023297491039427,0.0,0.44683908045977017,0.2167713871435477,0.1125551741049533,0.037239824589239676,0.035439749839356605
1/20/2004,-805.7180000000001,26626.7604,6.3553,160.3926,4.945,2.0507,7.862007168458783,5.2186379928315425,0.944603629417383,8.70598591549296,-0.01787487586891756,0.4250720461095101,0.2493683678625569,0.1125551741049533,0.03780754933502932,0.035033667523499866
1/21/2004,-805.7180000000001,26626.7604,6.3553,160.3926,4.766,2.0507,7.390845070422536,5.406690140845071,0.9104106972301814,8.24567474048443,-0.03619817997977759,0.30970046716130817,0.27809064092249947,0.1125551741049533,0.038848255042255087,0.0345179498629386
1/22/2004,-805.7180000000001,26626.7604,6.3553,160.3926,4.567,2.0507,6.9013840830449835,5.278546712802767,0.8723973256924547,7.9013840830449835,-0.04175409148132603,0.25847340865252155,0.14518555667000999,0.1125551741049533,0.040564911114227886,0.033981052551710696
1/23/2004,-805.7180000000001,26626.7604,6.3553,160.3926,4.487,2.0507,6.762975778546713,5.278546712802767,0.8571155682903534,7.503344481605351,-0.017516969564265406,0.236428768255718,0.130796370967742,0.1125551741049533,0.04099684136252014,0.034063336382218395
1/26/2004,-805.7180000000001,26626.7604,6.3553,160.3926,4.487,2.0507,6.503344481605351,5.085284280936455,0.8571155682903534,7.379934210526316,0.0,0.233031052486947,0.07139446036294173,0.1125551741049533,0.04102873026120411,0.03338333373278149
1/27/2004,-805.7180000000001,26626.7604,6.3553,160.3926,4.5169999999999995,2.0507,5.47134670487106,4.2277936962750715,0.8628462273161412,7.429276315789473,0.006685981724983137,0.23787338996985485,0.07855778414517656,0.1125551741049533,0.040999054996547976,0.03338866960171794
1/28/2004,-805.7180000000001,26626.7604,6.3553,160.3926,4.397,2.0507,4.9579945799458,3.8902439024390247,0.8399235912129895,7.2319078947368425,-0.02656630506973634,0.2183430313106125,0.08353868900936434,0.1125551741049533,0.04155448855430897,0.03332249452474562
1/29/2004,-805.7180000000001,26626.7604,6.3553,160.3926,4.337,2.0507,4.876693766937669,4.107046070460704,0.8284622731614134,7.133223684210526,-0.013645667500568726,0.1507031042716902,0.06351152525747894,0.1125551741049533,0.04110026301958013,0.03337662952829686
1/30/2004,-805.7180000000001,26626.7604,6.3553,160.3926,4.437,2.0507,4.9318181818181825,4.038770053475935,0.8475644699140401,7.297697368421053,0.023057412958266132,0.17723534093924131,0.13246554364471663,0.1125551741049533,0.04119808689578337,0.03307109365819628
2/2/2004,-805.7180000000001,26626.7604,6.3553,160.3926,4.437,2.0507,5.449127906976745,4.927325581395349,0.8475644699140401,7.297697368421053,0.0,0.08803334968121623,0.12386018237082075,0.1125551741049533,0.03762442967106833,0.03306593916439114
2/3/2004,-805.7180000000001,26626.7604,6.3553,160.3926,4.1080000000000005,2.0507,4.970930232558141,5.594476744186047,0.7847182425978988,6.756578947368422,-0.07414919990984892,-0.09455587392550124,0.030090270812437536,0.050150451354062264,0.0325805016392565,0.034424588396853646
2/4/2004,-805.7180000000001,26626.7604,6.3553,160.3926,3.938,2.0507,4.723837209302326,5.449127906976745,0.7522445081184336,6.4769736842105265,-0.041382667964946496,-0.11246337615505975,-0.005053057099545177,0.050150451354062264,0.033373554882808014,0.034822607643345334
2/5/2004,-805.7180000000001,26626.7604,6.3553,160.3926,3.988,2.0507,4.478021978021978,5.163461538461538,0.7617956064947469,6.559210526315789,0.012696800406297504,-0.11121016269222195,0.049749934193208833,0.050150451354062264,0.033410071046460356,0.034461518857913265
2/6/2004,-805.7180000000001,26626.7604,6.3553,160.3926,4.138,2.0507,4.532085561497326,5.264705882352941,0.7904489016236866,6.805921052631579,0.03761283851554653,-0.11694408877507467,0.18567335243553007,0.050150451354062264,0.032940903003356115,0.033089286192993145
2/9/2004,-805.7180000000001,26626.7604,6.3553,160.3926,4.138,2.0507,4.318766066838046,5.215938303341902,0.7904489016236866,6.805921052631579,0.0,-0.1443341604631928,0.14976382328424576,0.050150451354062264,0.0318465248366285,0.03289653454836482
2/10/2004,-805.7180000000001,26626.7604,6.3553,160.3926,4.238,2.0507,4.665775401069519,5.664438502673797,0.8095510983763133,6.970394736842106,0.024166263895601947,-0.1498495486459378,0.14882081865004082,0.050150451354062264,0.031484007612462415,0.03288752733589806
2/11/2004,-805.7180000000001,26626.7604,6.3553,160.3926,4.3069999999999995,2.0507,4.608072916666666,5.81640625,0.8227316141356255,7.083881578947368,0.016281264747522117,-0.17726838586437454,0.24479768786127165,0.03761283851554653,0.029181290608608662,0.03186280446782914
2/12/2004,-805.7180000000001,26626.7604,6.3553,160.3926,4.138,2.0507,4.532085561497326,5.891711229946525,0.7904489016236866,6.805921052631579,-0.03923844903645224,-0.19728419010669263,0.2315476190476191,0.03761283851554653,0.029905171298621917,0.032060825759071265
2/13/2004,-805.7180000000001,26626.7604,6.3553,160.3926,3.938,2.0507,4.484679665738162,5.805013927576602,0.7522445081184336,6.4769736842105265,-0.04833252779120345,-0.1940237413016782,0.18972809667673718,0.03761283851554653,0.029644167481968957,0.032647018995613536
2/16/2004,-805.7180000000001,26626.7604,6.3553,160.3926,3.938,2.0507,4.984802431610944,6.651975683890579,0.7522445081184336,6.4769736842105265,0.0,-0.21787487586891752,0.19696048632218854,0.03761283851554653,0.028287785718177486,0.032628062859597295
2/17/2004,-805.7180000000001,26626.7604,6.3553,160.3926,4.188,2.0507,5.462962962962962,6.770061728395062,0.7999999999999999,6.888157894736842,0.06348400203148796,-0.16822244289970212,0.27294832826747717,0.06348400203148796,0.03261143650388601,0.03349105015380913
2/18/2004,-805.7180000000001,26626.7604,6.3553,160.3926,4.138,2.0507,5.103244837758113,6.293510324483777,0.7904489016236866,6.805921052631579,-0.011938872970391534,-0.16319514661274026,0.2315476190476191,0.06348400203148796,0.03254925654390448,0.03348225591498434
2/19/2004,-805.7180000000001,26626.7604,6.3553,160.3926,4.188,2.0507,5.462962962962962,6.354938271604938,0.7999999999999999,6.888157894736842,0.012083131947800752,-0.12127570289550993,0.20344827586206882,0.06348400203148796,0.03215623699067194,0.03325116072839512
2/20/2004,-805.7180000000001,26626.7604,6.3553,160.3926,4.277,2.0507,5.3082595870206495,5.735988200589971,0.8170009551098376,7.034539473684211,0.021251193887297237,-0.06349901467046204,0.22550143266475642,0.06348400203148796,0.031551902382089575,0.03332627819070091
2/23/2004,-805.7180000000001,26626.7604,6.3553,160.3926,3.938,2.0507,5.077160493827161,5.924382716049383,0.7522445081184336,6.4769736842105265,-0.07926116436754738,-0.12235346556719406,0.13487031700288177,0.06348400203148796,0.03562184723412376,0.03491421268495551
2/24/2004,-805.7180000000001,26626.7604,6.3553,160.3926,3.958,2.0507,5.1080246913580245,5.924382716049383,0.7560649474689589,6.509868421052632,0.00507872016251909,-0.1178961444172052,0.14063400576368879,0.06348400203148796,0.0356788252242743,0.03491396408514568
2/25/2004,-805.7180000000001,26626.7604,6.3553,160.3926,3.998,2.0507,5.169753086419753,5.970679012345678,0.7637058261700096,6.5756578947368425,0.010106114199090355,-0.11489926942661044,0.15884057971014487,0.06348400203148796,0.035744205941926475,0.034909269066774384
2/26/2004,-805.7180000000001,26626.7604,6.3553,160.3926,4.118,2.0507,5.6634304207119746,6.114886731391586,0.7866284622731614,6.773026315789474,0.030015007503751967,-0.06345235387764381,0.19362318840579706,0.06348400203148796,0.03618106083250567,0.03507296517409523
2/27/2004,-805.7180000000001,26626.7604,6.3553,160.3926,4.407,2.0507,6.248355263157895,6.133223684210526,0.8418338108882522,7.131067961165049,0.07017969888295283,0.016140189070786404,0.30000000000000004,0.07017969888295283,0.03937119783923062,0.03595922404989676
3/1/2004,-805.7180000000001,26626.7604,6.3553,160.3926,4.417,2.0507,6.147249190938511,6.1796116504854375,0.8437440305635148,7.0334394904458595,0.002269117313365099,-0.004507550146495509,0.3029498525073746,0.07017969888295283,0.03906246923661299,0.03595547085959474
3/2/2004,-805.7180000000001,26626.7604,6.3553,160.3926,4.407,2.0507,6.017515923566879,6.065286624203822,0.8418338108882522,5.971544715447155,-0.0022639800769752583,-0.006761325219743153,0.31946107784431144,0.07017969888295283,0.03906710022511053,0.03588008659949004
3/3/2004,-805.7180000000001,26626.7604,6.3553,160.3926,4.477,2.0507,5.06639566395664,4.566395663956641,0.8552053486150908,5.610275689223059,0.01588382119355569,0.08982473222979537,0.41632394811768436,0.07017969888295283,0.03522692746470205,0.03510836102512514
3/4/2004,-805.7180000000001,26626.7604,6.3553,160.3926,4.626,2.0507,4.7969924812030085,3.93483709273183,0.8836676217765043,4.937033084311633,0.033281215099396855,0.17470797359065515,0.3808955223880597,0.07017969888295283,0.03409296785334265,0.03461029703348039
3/5/2004,-805.7180000000001,26626.7604,6.3553,160.3926,4.636,2.0507,3.9477054429028815,3.256136606189968,0.8855778414517669,4.187895212285456,0.002161694768698652,0.1624874623871615,0.351603498542274,0.07017969888295283,0.03410184888485076,0.0345345735047568
3/8/2004,-805.7180000000001,26626.7604,6.3553,160.3926,4.387,2.0507,2.962962962962963,2.7380307136404696,0.8380133715377267,3.962962962962963,-0.053710094909404815,0.06017399710004834,0.24277620396600552,0.07017969888295283,0.03588017554149724,0.035186173486844045
3/9/2004,-805.7180000000001,26626.7604,6.3553,160.3926,4.238,2.0507,2.2450229709035225,2.1684532924961712,0.8095510983763133,3.8283649503161703,-0.03396398449965787,0.024166263895601947,0.15823995627220566,0.07017969888295283,0.03679512688542536,0.035257547327412396
3/10/2004,-805.7180000000001,26626.7604,6.3553,160.3926,4.138,2.0507,2.268562401263823,2.3475513428120065,0.7904489016236866,3.7380307136404696,-0.023596035865974585,-0.023596035865974585,0.13400931762126622,0.07017969888295283,0.03681880462971274,0.0354093520110216
3/11/2004,-805.7180000000001,26626.7604,6.3553,160.3926,3.948,2.0507,2.5663956639566394,2.8906955736224025,0.7541547277936962,3.4420226678291193,-0.045915901401643255,-0.08335268168098431,0.11841359773371107,0.07017969888295283,0.037888564006983844,0.0356615720399809
3/12/2004,-805.7180000000001,26626.7604,6.3553,160.3926,4.038,2.0507,2.5204882301656495,2.6076721883173493,0.7713467048710602,3.4307561597281224,0.02279635258358681,-0.024166263895601614,0.1570200573065903,0.07017969888295283,0.03737347740613166,0.03570881894228126
3/15/2004,-805.7180000000001,26626.7604,6.3553,160.3926,3.938,2.0507,2.1353503184713376,2.1353503184713376,0.7522445081184336,3.3457943925233646,-0.024764735017335338,0.0,0.13815028901734117,0.07017969888295283,0.03620060223804729,0.03585089162211243
3/16/2004,-805.7180000000001,26626.7604,6.3553,160.3926,3.938,2.0507,2.0385802469135803,2.0385802469135803,0.7522445081184336,3.3457943925233646,0.0,0.0,0.11875000000000013,0.07017969888295283,0.03620060223804729,0.03580307909622651
3/17/2004,-805.7180000000001,26626.7604,6.3553,160.3926,3.978,2.0507,2.0933125972006223,2.2566096423017106,0.7598853868194843,3.3797790994052677,0.01015744032503818,-0.0501432664756446,0.1431034482758622,0.07017969888295283,0.03332726020093576,0.0357722128733266
3/18/2004,-805.7180000000001,26626.7604,6.3553,160.3926,3.8989999999999996,2.0507,2.0084876543209873,2.192901234567901,0.7447946513849092,3.3126593033135086,-0.019859225741578834,-0.057757370710488254,0.1236311239193082,0.07017969888295283,0.033490822250287544,0.03587913160534365
3/19/2004,-805.7180000000001,26626.7604,6.3553,160.3926,3.839,2.0507,1.7899709302325584,2.0436046511627906,0.7333333333333333,3.2616822429906542,-0.015388561169530579,-0.08333333333333326,0.05496015388843101,0.07017969888295283,0.03343785218961766,0.03545349156117206
3/22/2004,-805.7180000000001,26626.7604,6.3553,160.3926,3.609,2.0507,1.5132311977715878,1.9784122562674096,0.6893982808022923,3.066270178419711,-0.05991143526960141,-0.15618424129062425,-0.005511160099200718,0.07017969888295283,0.03507274505226491,0.03628474637307921
3/23/2004,-805.7180000000001,26626.7604,6.3553,160.3926,3.44,2.0507,1.41234221598878,1.7615708274894812,0.6571155682903533,2.92268479184367,-0.04682737600443332,-0.12646013204672424,-0.05208046293744828,0.07017969888295283,0.03236230910025788,0.03677266213528138
3/24/2004,-805.7180000000001,26626.7604,6.3553,160.3926,3.44,2.0507,1.8058727569331157,2.2283849918433933,0.6571155682903533,2.92268479184367,0.0,-0.1308741788782214,-0.0546853531189887,0.07017969888295283,0.03229493029036115,0.03677074370764296
3/25/2004,-805.7180000000001,26626.7604,6.3553,160.3926,3.6689999999999996,2.0507,2.1172472387425656,2.3967714528462194,0.7008595988538681,3.1172472387425656,0.06656976744186038,-0.0822911455727865,0.005480953685941259,0.07017969888295283,0.035869497874875804,0.037721022446645464
3/26/2004,-805.7180000000001,26626.7604,6.3553,160.3926,3.7889999999999997,2.0507,2.192080876158382,2.469250210614996,0.72378223495702,3.2192013593882747,0.03270645952575646,-0.0798931520155417,0.04987531172069826,0.07017969888295283,0.0359996996630398,0.03790252540446572
3/29/2004,-805.7180000000001,26626.7604,6.3553,160.3926,3.8789999999999996,2.0507,2.295666949872557,2.744265080713679,0.7409742120343839,3.243311036789297,0.02375296912114,-0.11980939414567748,0.029185460334306246,0.06656976744186038,0.032515814420943596,0.03761477242246494
3/30/2004,-805.7180000000001,26626.7604,6.3553,160.3926,3.7889999999999997,2.0507,1.8150074294205054,2.281575037147103,0.72378223495702,3.1680602006688963,-0.023201856148491795,-0.14217794883405033,0.005306447333510267,0.06656976744186038,0.0326840507688696,0.03773957260558818
3/31/2004,-805.7180000000001,26626.7604,6.3553,160.3926,3.8689999999999998,2.0507,2.0804140127388533,2.5087579617834397,0.7390639923591212,3.2349498327759196,0.02111375032990237,-0.12207851145904247,-0.05125061304561074,0.06656976744186038,0.03323849254339092,0.036381828461108795
4/1/2004,-805.7180000000001,26626.7604,6.3553,160.3926,3.52,2.0507,1.7160493827160495,2.4544753086419755,0.6723973256924546,2.9431438127090304,-0.0902041871284569,-0.2137592137592138,-0.22415693189332153,0.06656976744186038,0.037579949584952387,0.03519657944259081
4/2/2004,-805.7180000000001,26626.7604,6.3553,160.3926,3.659,2.0507,1.936597110754414,2.7126805778491176,0.6989493791786054,3.059364548494983,0.0394886363636362,-0.20903588413316054,-0.17534370069867034,0.06656976744186038,0.03796566252901681,0.03552327292397624
4/5/2004,-805.7180000000001,26626.7604,6.3553,160.3926,3.8489999999999998,2.0507,2.218227424749164,2.876254180602007,0.7352435530085959,3.218227424749164,0.051926755944247116,-0.16975841242450396,-0.1421885446846446,0.06656976744186038,0.04027260727996151,0.03614008994614839
4/6/2004,-805.7180000000001,26626.7604,6.3553,160.3926,3.8989999999999996,2.0507,2.2600334448160533,2.6680602006688963,0.7447946513849092,2.940422322775264,0.01299038711353595,-0.11123774789149765,-0.16794707639778073,0.06656976744186038,0.0391038790136707,0.03570781002518563
4/7/2004,-805.7180000000001,26626.7604,6.3553,160.3926,3.7889999999999997,2.0507,1.8574660633484164,2.1960784313725497,0.72378223495702,2.836077844311377,-0.02821236214413947,-0.10594620103822572,-0.21650124069478915,0.06656976744186038,0.03890952419401195,0.03558089474733999
4/8/2004,-805.7180000000001,26626.7604,6.3553,160.3926,3.908,2.0507,1.9251497005988027,2.097305389221557,0.7465138490926456,2.740532959326788,0.031406703615729725,-0.055582406959884034,-0.2160481444333,0.06656976744186038,0.03941410658896614,0.03559017306892077
4/9/2004,-805.7180000000001,26626.7604,6.3553,160.3926,3.908,2.0507,1.7405329593267882,1.7685834502103788,0.7465138490926456,2.4501567398119124,0.0,-0.010131712259371817,-0.2534861509073544,0.06656976744186038,0.038106238904274586,0.034931799295121906
4/12/2004,-805.7180000000001,26626.7604,6.3553,160.3926,3.948,2.0507,1.371171171171171,1.4252252252252253,0.7541547277936962,2.475235109717868,0.010235414534288667,-0.022288261515601815,-0.23414161008729395,0.06656976744186038,0.037831677323781635,0.03494707997394832
4/13/2004,-805.7180000000001,26626.7604,6.3553,160.3926,3.8489999999999998,2.0507,1.2443148688046644,1.296209912536443,0.7352435530085959,2.413166144200627,-0.025075987841945313,-0.02260030472320984,-0.2122390503479329,0.06656976744186038,0.037841767172100894,0.03450357186032129
4/14/2004,-805.7180000000001,26626.7604,6.3553,160.3926,3.938,2.0507,1.193871866295265,1.193871866295265,0.7522445081184336,2.4689655172413794,0.023122889062094254,0.0,-0.21787487586891752,0.06656976744186038,0.03818870552407677,0.03439983651857166
4/15/2004,-805.7180000000001,26626.7604,6.3553,160.3926,4.0680000000000005,2.0507,1.4000000000000004,1.3469026548672565,0.7770773638968482,2.550470219435737,0.033011681056373865,0.022624434389140413,-0.1920556107249255,0.06656976744186038,0.038792446205489856,0.03470109225480082
4/16/2004,-805.7180000000001,26626.7604,6.3553,160.3926,4.247,2.0507,1.5507507507507508,1.3417417417417417,0.8112702960840495,2.6626959247648903,0.04400196656833799,0.08925365478327785,-0.1411526794742165,0.06656976744186038,0.03950677494318235,0.035139878133711853
4/19/2004,-805.7180000000001,26626.7604,6.3553,160.3926,4.397,2.0507,1.7058461538461538,1.3624615384615386,0.8399235912129895,2.756739811912226,0.03531904874028724,0.14535035165407661,-0.07742341586235835,0.06656976744186038,0.03975782376149022,0.035165844434321344
4/20/2004,-805.7180000000001,26626.7604,6.3553,160.3926,4.238,2.0507,1.6570532915360503,1.2626959247648903,0.8095510983763133,2.4148148148148154,-0.03616101887650669,0.17428650595732909,-0.07203853733304133,0.06656976744186038,0.038053101910223854,0.03506735646252815
4/21/2004,-805.7180000000001,26626.7604,6.3553,160.3926,4.327,2.0507,1.4655270655270658,0.9601139601139601,0.8265520534861508,2.384022038567493,0.0210004719207173,0.2578488372093024,-0.03565856919991084,0.06656976744186038,0.035953596428041454,0.03510295733881869
4/22/2004,-805.7180000000001,26626.7604,6.3553,160.3926,4.596,2.0507,1.4012539184952977,0.7972831765935213,0.8779369627507163,2.5322314049586776,0.06216778368384568,0.336046511627907,0.024292400267439174,0.06656976744186038,0.03747705246454583,0.035965125011591464
4/23/2004,-805.7180000000001,26626.7604,6.3553,160.3926,4.437,2.0507,1.3676627534685166,0.9578441835645675,0.8475644699140401,2.444628099173554,-0.034595300261096584,0.20932134096484067,-0.017710870046490856,0.06216778368384568,0.036956992447112064,0.036235340251549064
4/26/2004,-805.7180000000001,26626.7604,6.3553,160.3926,4.487,2.0507,1.4721763085399449,1.087603305785124,0.8571155682903534,2.1427889207258835,0.01126887536623844,0.1842174716283982,0.020468501250852755,0.06216778368384568,0.036585447741775946,0.03609499378431005
4/27/2004,-805.7180000000001,26626.7604,6.3553,160.3926,4.287,2.0507,0.9284750337381913,0.7449392712550602,0.8189111747851002,2.0472779369627507,-0.044573211499888576,0.10518174787316337,-0.011528706479132955,0.06216778368384568,0.038185931809823624,0.03650495582807416
4/28/2004,-805.7180000000001,26626.7604,6.3553,160.3926,4.088,2.0507,0.863263445761167,0.7269826800364629,0.7808978032473735,1.9522445081184339,-0.04641940751107998,0.07891264185801017,-0.07865675005634443,0.06216778368384568,0.03937539113113322,0.036859554018959066
4/29/2004,-805.7180000000001,26626.7604,6.3553,160.3926,4.048,2.0507,0.9331423113658073,0.8476599808978034,0.7732569245463228,1.8792943361188488,-0.009784735812133127,0.046265184802274595,-0.08767185034933522,0.06216778368384568,0.03929573477339482,0.03687748944128756
4/30/2004,-805.7180000000001,26626.7604,6.3553,160.3926,3.988,2.0507,0.8514391829155061,0.6341689879294337,0.7617956064947469,1.6876851460008464,-0.014822134387351804,0.13295454545454555,-0.02921129503407993,0.06216778368384568,0.033360218352437014,0.0357128181320044
5/3/2004,-805.7180000000001,26626.7604,6.3553,160.3926,3.8689999999999998,2.0507,0.6373254337706304,0.5484553533643672,0.7390639923591212,1.6100707449022054,-0.02983951855566702,0.05739273025416769,-0.01752158456069075,0.06216778368384568,0.03336178506267321,0.03552535637005052
5/4/2004,-805.7180000000001,26626.7604,6.3553,160.3926,3.8489999999999998,2.0507,0.6017478152309612,0.6017478152309612,0.7352435530085959,1.543922984356197,-0.0051692943913156375,0.0,-0.034854563691073315,0.06216778368384568,0.031463809637710234,0.03549646221406143
5/5/2004,-805.7180000000001,26626.7604,6.3553,160.3926,3.7689999999999997,2.0507,0.39489267209474455,0.44300518134715006,0.7199617956064946,1.5118331327717607,-0.020784619381657543,-0.03334188253398307,-0.08917351377477045,0.06216778368384568,0.03165447112924669,0.035261746433558415
5/6/2004,-805.7180000000001,26626.7604,6.3553,160.3926,3.6889999999999996,2.0507,0.37035661218424965,0.4075037147102527,0.7046800382043934,1.4797432811873241,-0.021225789334040845,-0.026392187912377962,-0.1085065248912519,0.06216778368384568,0.031391310755100404,0.03535462301319119
5/7/2004,-805.7180000000001,26626.7604,6.3553,160.3926,3.33,2.0507,0.2847222222222221,0.507716049382716,0.6361031518624641,1.335740072202166,-0.09731634589319582,-0.14790174002047074,-0.2142520056630487,0.06216778368384568,0.03687544377059114,0.03721274534828609
5/10/2004,-805.7180000000001,26626.7604,6.3553,160.3926,3.2110000000000003,2.0507,0.23405073020753275,0.5019215987701768,0.6133715377268386,1.2880064179703168,-0.03573573573573563,-0.17835209825997944,-0.25446946830740635,0.06216778368384568,0.03736076100081117,0.03735189631269684
5/11/2004,-805.7180000000001,26626.7604,6.3553,160.3926,3.27,2.0507,0.3116726835138386,0.5836341756919372,0.6246418338108882,1.3116726835138386,0.01837433821239487,-0.17173252279635254,-0.2097631706138231,0.06216778368384568,0.03760772371037519,0.0371790237355635
5/12/2004,-805.7180000000001,26626.7604,6.3553,160.3926,3.32,2.0507,0.33172884075411124,0.543922984356197,0.6341929321872014,1.2518853695324283,0.015290519877675823,-0.13743829566121069,-0.15693245302183856,0.06216778368384568,0.037736065720093824,0.03679103001433273
5/13/2004,-805.7180000000001,26626.7604,6.3553,160.3926,3.38,2.0507,0.15319003752985316,0.3435687478676219,0.6456542502387774,1.2745098039215688,0.01807228915662651,-0.1416962925342814,-0.1416962925342814,0.06216778368384568,0.03755464455463845,0.03687748430100683
5/14/2004,-805.7180000000001,26626.7604,6.3553,160.3926,3.38,2.0507,0.10421430904933016,0.32897745834694536,0.6456542502387774,1.2745098039215688,0.0,-0.169124877089479,-0.19293218720152816,0.06216778368384568,0.03649092002374547,0.035921293798142066
5/17/2004,-805.7180000000001,26626.7604,6.3553,160.3926,3.26,2.0507,0.07201578428148614,0.39658007234462334,0.6227316141356255,1.2292609351432882,-0.03550295857988173,-0.23239934071109025,-0.2121797970033833,0.06216778368384568,0.0349003954729368,0.036140497706570955
5/18/2004,-805.7180000000001,26626.7604,6.3553,160.3926,3.36,2.0507,0.10854503464203225,0.45067634444077864,0.6418338108882521,1.2669683257918554,0.030674846625766916,-0.23584261996816014,-0.19770773638968475,0.06216778368384568,0.03459947008523839,0.036342043729275325
5/19/2004,-805.7180000000001,26626.7604,6.3553,160.3926,3.42,2.0507,0.05555555555555536,0.3080246913580247,0.653295128939828,1.2895927601809956,0.017857142857142794,-0.1930155733836716,-0.20037409399111528,0.06216778368384568,0.034732593035413775,0.03630826683607845
5/20/2004,-805.7180000000001,26626.7604,6.3553,160.3926,3.41,2.0507,0.13251411491198928,0.4370640983062104,0.6513849092645654,1.2858220211161389,-0.0029239766081871066,-0.21192512133117625,-0.13407821229050276,0.06216778368384568,0.03406553147192635,0.03496733531947365
5/21/2004,-805.7180000000001,26626.7604,6.3553,160.3926,3.44,2.0507,0.1462845718093968,0.5314895034988336,0.6571155682903533,1.297134238310709,0.008797653958944274,-0.2515230635335074,-0.1308741788782214,0.030674846625766916,0.030118562909216433,0.03498205505653009
5/24/2004,-805.7180000000001,26626.7604,6.3553,160.3926,3.55,2.0507,0.11600125746620549,0.3948443885570576,0.6781279847182425,1.3386123680241329,0.03197674418604657,-0.1999098489970702,-0.11205602801400705,0.03197674418604657,0.031242626341343453,0.03520803838884182
5/25/2004,-805.7180000000001,26626.7604,6.3553,160.3926,3.7689999999999997,2.0507,0.2076257609740466,0.43768023069528983,0.7199617956064946,1.4211915535444948,0.061690140845070296,-0.16001782928460007,-0.08474987858183602,0.061690140845070296,0.034710701730760095,0.03588169170620758
5/26/2004,-805.7180000000001,26626.7604,6.3553,160.3926,3.8689999999999998,2.0507,0.3155389323359399,0.4576674600476027,0.7390639923591212,1.458898944193062,0.026532236667551112,-0.09750408210870076,-0.12207851145904247,0.061690140845070296,0.03439900608475415,0.034897656211191175
5/27/2004,-805.7180000000001,26626.7604,6.3553,160.3926,3.908,2.0507,0.28934345100626846,0.34872979214780586,0.7465138490926456,1.473604826546003,0.010080124063065465,-0.04403131115459891,-0.11523658591804387,0.061690140845070296,0.033125778283725475,0.034924976041432285
5/28/2004,-805.7180000000001,26626.7604,6.3553,160.3926,3.8489999999999998,2.0507,0.295523392797038,0.3625042073375968,0.7352435530085959,1.4513574660633486,-0.015097236438075812,-0.04916007905138342,-0.12661674608577267,0.061690140845070296,0.03321152270665306,0.03496788701875859
5/31/2004,-805.7180000000001,26626.7604,6.3553,160.3926,3.8489999999999998,2.0507,0.2452280815270138,0.29019734713684886,0.7352435530085959,1.4513574660633486,0.0,-0.034854563691073315,-0.1402725039088677,0.061690140845070296,0.03307952699190149,0.03489744078119528
6/1/2004,-805.7180000000001,26626.7604,6.3553,160.3926,3.908,2.0507,0.28934345100626846,0.2764764104256019,0.7465138490926456,1.473604826546003,0.01532865679397255,0.010080124063065465,-0.15520968439256388,0.061690140845070296,0.03258591479668706,0.03467905735827484
6/2/2004,-805.7180000000001,26626.7604,6.3553,160.3926,3.988,2.0507,0.2990228013029317,0.2537459283387622,0.7617956064947469,1.503770739064857,0.020470829068577334,0.036113276175630205,-0.13977566867989644,0.061690140845070296,0.03282284476648411,0.03479166795496389
6/3/2004,-805.7180000000001,26626.7604,6.3553,160.3926,3.889,2.0507,0.32233934036042133,0.2815368922135326,0.7428844317096466,1.4664404223227754,-0.02482447342026084,0.03183868400106138,-0.11351720993845449,0.061690140845070296,0.03297587990844895,0.03428293973061664
6/4/2004,-805.7180000000001,26626.7604,6.3553,160.3926,3.889,2.0507,0.3002340354396522,0.2333667669675692,0.7428844317096466,1.4664404223227754,0.0,0.054215234480889274,-0.08235016517225124,0.061690140845070296,0.03255014028005614,0.03402750829598309
6/7/2004,-805.7180000000001,26626.7604,6.3553,160.3926,4.138,2.0507,0.40700442026521566,0.1322679360761645,0.7904489016236866,1.5603318250377076,0.06402674209308312,0.24264264264264268,0.0,0.06402674209308312,0.02607688869972279,0.034860699092437365
6/8/2004,-805.7180000000001,26626.7604,6.3553,160.3926,4.188,2.0507,0.4143870314083078,0.08443093549476521,0.7999999999999999,1.5791855203619911,0.012083131947800752,0.3042665836188101,0.0607902735562309,0.06402674209308312,0.023806578586817437,0.03437480184094843
6/9/2004,-805.7180000000001,26626.7604,6.3553,160.3926,4.1080000000000005,2.0507,0.5490196078431377,0.23303167420814486,0.7847182425978988,1.5260029717682024,-0.019102196752626366,0.25626911314984735,0.01733531451213488,0.06402674209308312,0.024768445524937253,0.034361929196568476
6/10/2004,-805.7180000000001,26626.7604,6.3553,160.3926,4.228,2.0507,0.5197699496764916,0.19338605319913715,0.8076408787010505,1.5705794947994056,0.02921129503407971,0.27349397590361435,0.07364144235652614,0.06402674209308312,0.025067567745184434,0.034385610216005294
6/11/2004,-805.7180000000001,26626.7604,6.3553,160.3926,4.228,2.0507,0.44744950359465907,0.1571379664498458,0.8076408787010505,1.5705794947994056,0.0,0.2508875739644969,0.07364144235652614,0.06402674209308312,0.025154198673417026,0.034385610216005294
6/14/2004,-805.7180000000001,26626.7604,6.3553,160.3926,4.078,2.0507,0.43490499648135117,0.18930330752990843,0.7789875835721108,1.5148588410104014,-0.035477767265846616,0.20650887573964516,0.02513826043237799,0.06402674209308312,0.027050750448730978,0.0346843072526549
6/15/2004,-805.7180000000001,26626.7604,6.3553,160.3926,4.138,2.0507,0.3881247903388123,0.09359275410935908,0.7904489016236866,1.537147102526003,0.014713094654242198,0.26932515337423313,0.06129776865863046,0.06402674209308312,0.025034360500739105,0.03462252109212421
6/16/2004,-805.7180000000001,26626.7604,6.3553,160.3926,4.058,2.0507,0.33883206862421633,0.10854503464203225,0.7751671442215854,1.5074294205052008,-0.019333011116481447,0.20773809523809517,0.057046105756707544,0.06402674209308312,0.0255145171947857,0.03465717903416812
6/17/2004,-805.7180000000001,26626.7604,6.3553,160.3926,4.058,2.0507,0.37512707556760416,0.1589291765503218,0.7751671442215854,1.5074294205052008,0.0,0.18654970760233924,0.1244111942366306,0.06402674209308312,0.025513818235285344,0.03375574955455217
6/18/2004,-805.7180000000001,26626.7604,6.3553,160.3926,4.128,2.0507,0.3529990167158308,0.117666338905277,0.788538681948424,1.5334323922734028,0.01724987678659451,0.21055718475073304,0.19999999999999996,0.06402674209308312,0.025442523416708454,0.03320857381679903
6/21/2004,-805.7180000000001,26626.7604,6.3553,160.3926,3.958,2.0507,0.22538699690402475,0.06501547987616108,0.7560649474689589,1.470282317979198,-0.04118217054263562,0.1505813953488373,0.1505813953488373,0.06402674209308312,0.027739942804380423,0.03367949067776857
6/22/2004,-805.7180000000001,26626.7604,6.3553,160.3926,4.138,2.0507,0.2811145510835913,0.09907120743034059,0.7904489016236866,1.537147102526003,0.04547751389590693,0.16563380281690154,0.12782774597983115,0.06402674209308312,0.0284924197013427,0.033135723908224626
6/23/2004,-805.7180000000001,26626.7604,6.3553,160.3926,4.287,2.0507,0.2462209302325582,0.0956395348837209,0.8189111747851002,1.5924962852897475,0.03600773320444661,0.13743698593791454,0.13143309580364226,0.06402674209308312,0.026544022142838745,0.03318690143413377
6/24/2004,-805.7180000000001,26626.7604,6.3553,160.3926,4.397,2.0507,0.17598288312382993,0.03476865472051349,0.8399235912129895,1.6333580980683509,0.02565896897597386,0.1364693719307315,0.1335395720546535,0.06402674209308312,0.026511708346990896,0.033207441401399
6/25/2004,-805.7180000000001,26626.7604,6.3553,160.3926,4.507,2.0507,0.1618973962361434,0.007476153647847372,0.8609360076408786,1.674219910846954,0.025017057084375516,0.15327533265097237,0.18949590921087367,0.06402674209308312,0.026812844914435,0.033160198065962584
6/28/2004,-805.7180000000001,26626.7604,6.3553,160.3926,4.257,2.0507,0.13853971650173835,0.029419630917357553,0.8131805157593122,1.5813521545319464,-0.05546927002440649,0.10600155884645357,0.10028431119152237,0.06402674209308312,0.02977204413136107,0.03389248960758896
6/29/2004,-805.7180000000001,26626.7604,6.3553,160.3926,4.317,2.0507,0.21949152542372885,0.08728813559322024,0.8246418338108882,1.6036404160475486,0.014094432699083947,0.12159002338269698,0.22642045454545467,0.06402674209308312,0.02980706537009704,0.03179383610151392
6/30/2004,-805.7180000000001,26626.7604,6.3553,160.3926,4.437,2.0507,0.1866809307301418,0.04519925113666767,0.8475644699140401,1.6482169390787522,0.027797081306462745,0.13536335721596737,0.2126264006559171,0.06402674209308312,0.03012668475530499,0.03161546309267324
7/1/2004,-805.7180000000001,26626.7604,6.3553,160.3926,4.417,2.0507,0.2512747875354109,0.12974504249291785,0.8437440305635148,1.6407875185735514,-0.004507550146495509,0.10757271815446345,0.14757079760976888,0.06402674209308312,0.03004032400629222,0.03101679077822935
7/2/2004,-805.7180000000001,26626.7604,6.3553,160.3926,4.377,2.0507,0.21280133000831247,0.07758381823219729,0.8361031518624641,1.62592867756315,-0.009055920307901255,0.12548212908202627,0.12259553731726092,0.06402674209308312,0.02944059998554843,0.031022779427625023
7/5/2004,-805.7180000000001,26626.7604,6.3553,160.3926,4.377,2.0507,0.31837349397590353,0.17138554216867474,0.8361031518624641,1.62592867756315,0.0,0.12548212908202627,0.15518606492478226,0.06402674209308312,0.02944059998554843,0.030777667700200774
7/6/2004,-805.7180000000001,26626.7604,6.3553,160.3926,4.277,2.0507,0.2729166666666667,0.2315476190476191,0.8170009551098376,1.5887815750371472,-0.022846698652044695,0.03359110681488642,0.0944216990788127,0.04547751389590693,0.026879946312059637,0.030722230887672827
7/7/2004,-805.7180000000001,26626.7604,6.3553,160.3926,4.342,2.0507,0.3157575757575757,0.26909090909090905,0.8294173829990448,1.612927191679049,0.015197568389057725,0.036771728748806076,0.11105424769703176,0.04547751389590693,0.02694732670189037,0.030766694322955913
7/8/2004,-805.7180000000001,26626.7604,6.3553,160.3926,4.287,2.0507,0.2912650602409639,0.23734939759036178,0.8189111747851002,1.5924962852897475,-0.012666973744817955,0.04357351509250229,0.08586626139817621,0.04547751389590693,0.02673024975343064,0.030804809641252213
7/9/2004,-805.7180000000001,26626.7604,6.3553,160.3926,4.257,2.0507,0.20937499999999987,0.20113636363636367,0.8131805157593122,1.5813521545319464,-0.0069979006298110935,0.006859035004730396,0.10600155884645357,0.04547751389590693,0.02607239089831407,0.030634343224663862
7/12/2004,-805.7180000000001,26626.7604,6.3553,160.3926,4.3469999999999995,2.0507,0.19128528363935327,0.15867360920800233,0.830372492836676,1.6147845468053492,0.02114164904862581,0.028145695364238277,0.10385982732351429,0.04547751389590693,0.026451408081160834,0.030613387997594495
7/13/2004,-805.7180000000001,26626.7604,6.3553,160.3926,4.327,2.0507,0.19894707675256296,0.12995289553893064,0.8265520534861508,1.6073551263001487,-0.004600874166091451,0.06105934281510539,0.06366764995083574,0.04547751389590693,0.02510801640822294,0.030365281710753422
7/14/2004,-805.7180000000001,26626.7604,6.3553,160.3926,4.317,2.0507,0.18631492168178077,0.1371255839516352,0.8246418338108882,1.6036404160475486,-0.0023110700254217464,0.0432576123731272,0.016482222745467512,0.04547751389590693,0.02498982640912064,0.02987484496961777
7/15/2004,-805.7180000000001,26626.7604,6.3553,160.3926,4.3469999999999995,2.0507,0.13232612659546739,0.057046105756707544,0.830372492836676,1.6147845468053492,0.006949270326615631,0.07121734844751093,-0.011371389583807345,0.04547751389590693,0.024504730692818312,0.029556760509224733
7/16/2004,-805.7180000000001,26626.7604,6.3553,160.3926,4.287,2.0507,0.14963797264682221,0.08822740681147767,0.8189111747851002,1.5924962852897475,-0.013802622498274575,0.056431739773287415,0.011562057574327378,0.04547751389590693,0.02478871205806062,0.029245075623582202
7/19/2004,-805.7180000000001,26626.7604,6.3553,160.3926,4.327,2.0507,0.13006006790284674,0.07808827370070515,0.8265520534861508,1.6073551263001487,0.009330534173081384,0.04820736434108519,0.0,0.04547751389590693,0.02461934185986193,0.029150626565568404
7/20/2004,-805.7180000000001,26626.7604,6.3553,160.3926,4.427,2.0507,0.1561765474014103,0.03369025855314711,0.8456542502387774,1.6445022288261515,0.023110700254217686,0.11849418898433539,-0.036771105308964436,0.04547751389590693,0.022844690263061462,0.028216633426146123
7/21/2004,-805.7180000000001,26626.7604,6.3553,160.3926,4.367,2.0507,0.09503510531594794,0.03761283851554653,0.8341929321872015,1.62221396731055,-0.01355319629545959,0.05534074432092795,-0.015776425512733838,0.03600773320444661,0.02126953503450244,0.02792594728977796
7/22/2004,-805.7180000000001,26626.7604,6.3553,160.3926,4.457,2.0507,0.14605296991514538,0.10233993314476741,0.8513849092645653,1.6556463595839526,0.02060911380810615,0.03965477023559605,-0.006685981724983359,0.027797081306462745,0.02031075053765883,0.028010670701302854
7/23/2004,-805.7180000000001,26626.7604,6.3553,160.3926,4.457,2.0507,0.12041226747109102,0.10532931121166422,0.8513849092645653,1.6556463595839526,0.0,0.013645667500568504,0.03965477023559605,0.027797081306462745,0.019578186242231423,0.027415979329276228
7/26/2004,-805.7180000000001,26626.7604,6.3553,160.3926,4.247,2.0507,0.08121181262729116,0.1474032586558045,0.8112702960840495,1.5776374442793464,-0.047116894772268325,-0.0576880408253827,0.03889432485322897,0.027797081306462745,0.02136850324073379,0.027435567640403648
7/27/2004,-805.7180000000001,26626.7604,6.3553,160.3926,4.487,2.0507,0.1749148991882692,0.11468970934799683,0.8571155682903534,1.6667904903417536,0.05651047798445963,0.05402865867982154,0.10844861660079053,0.05651047798445963,0.0214884642865227,0.028274567061789862
7/28/2004,-805.7180000000001,26626.7604,6.3553,160.3926,4.457,2.0507,0.12041226747109102,0.08521870286576161,0.8513849092645653,1.6556463595839526,-0.006685981724983359,0.032429928190873314,0.11760280842527582,0.05651047798445963,0.021417203925566,0.02821485785912584
7/29/2004,-805.7180000000001,26626.7604,6.3553,160.3926,4.477,2.0507,0.36079027355623117,0.34863221884498485,0.8552053486150908,1.6630757800891534,0.0044873233116446976,0.009015100292990796,0.15714654949599405,0.05651047798445963,0.020587068755013403,0.027916771341127227
7/30/2004,-805.7180000000001,26626.7604,6.3553,160.3926,5.015,2.0507,0.4369627507163323,0.2656160458452721,0.9579751671442215,1.862927191679049,0.12016975653339279,0.13538600860312422,0.30293582748765924,0.12016975653339279,0.033166368212321655,0.031573163649452035
8/2/2004,-805.7180000000001,26626.7604,6.3553,160.3926,5.155,2.0507,0.5764525993883793,0.3385321100917431,0.9847182425978988,1.9149331352154535,0.027916251246261403,0.17774731551290857,0.3677368002122581,0.12016975653339279,0.03327680757896788,0.03153539988922079
8/3/2004,-805.7180000000001,26626.7604,6.3553,160.3926,5.185,2.0507,0.629990569003458,0.3759823954731216,0.9904489016236866,1.9260772659732541,0.005819592628515835,0.1846013251085219,0.4055299539170507,0.12016975653339279,0.03322820232495402,0.031349675101864045
8/4/2004,-805.7180000000001,26626.7604,6.3553,160.3926,5.175,2.0507,0.8018802228412256,0.4892061281337048,0.988538681948424,1.9223625557206538,-0.0019286403085824189,0.20996025251344386,0.554054054054054,0.12016975653339279,0.03254479220030427,0.02845404919379595
8/5/2004,-805.7180000000001,26626.7604,6.3553,160.3926,5.065,2.0507,0.8815007429420509,0.6129271916790491,0.9675262655205349,1.665570536007892,-0.021256038647342934,0.16651312759097214,0.5773902211149176,0.12016975653339279,0.03319689514057937,0.02815682498897147
8/6/2004,-805.7180000000001,26626.7604,6.3553,160.3926,4.945,2.0507,0.6261098322920091,0.40973364024991765,0.944603629417383,1.574339382362305,-0.02369200394866733,0.1534872871471893,0.5122324159021407,0.12016975653339279,0.033622261067146476,0.028395994856919324
8/9/2004,-805.7180000000001,26626.7604,6.3553,160.3926,4.656000000000001,2.0507,0.4282208588957057,0.3058282208588956,0.8893982808022923,1.4823304680038205,-0.058442871587461975,0.09372797744890793,0.4024096385542171,0.12016975653339279,0.036472395748398646,0.029544020600812446
8/10/2004,-805.7180000000001,26626.7604,6.3553,160.3926,4.965,2.0507,0.5559385772485113,0.3622688812284547,0.9484240687679082,1.5807067812798472,0.06636597938144306,0.14216701173222912,0.46893491124260356,0.12016975653339279,0.038744453538962255,0.03047919023793881
8/11/2004,-805.7180000000001,26626.7604,6.3553,160.3926,5.005,2.0507,0.5883846397968897,0.3732148524278005,0.9560649474689589,1.5934415791149315,0.00805639476334341,0.15669054772359603,0.48076923076923084,0.12016975653339279,0.038652620254173084,0.03046807474336562
8/12/2004,-805.7180000000001,26626.7604,6.3553,160.3926,5.065,2.0507,0.5922665828355864,0.35712040238918585,0.9675262655205349,1.6125437758675583,0.011988011988012026,0.17326847347695162,0.5536809815950923,0.12016975653339279,0.038594374757810586,0.029990858405588572
8/13/2004,-805.7180000000001,26626.7604,6.3553,160.3926,5.255,2.0507,0.6070336391437308,0.32935779816513744,1.0,1.6730340655842089,0.0375123395853898,0.2088796871405567,0.5639880952380953,0.12016975653339279,0.03911266600838112,0.030088463565667134
8/16/2004,-805.7180000000001,26626.7604,6.3553,160.3926,5.105,2.0507,0.5516717325227964,0.30303951367781146,0.9714557564224549,1.6252785737026425,-0.028544243577545148,0.19080942383951482,0.4926900584795324,0.12016975653339279,0.03968519726801589,0.030398693963168067
8/17/2004,-805.7180000000001,26626.7604,6.3553,160.3926,5.085,2.0507,0.5224550898203593,0.29550898203592824,0.9676498572787822,1.6189111747851002,-0.003917727717923647,0.17517910792697022,0.4912023460410557,0.12016975653339279,0.039786171189229474,0.030404091493961612
8/18/2004,-805.7180000000001,26626.7604,6.3553,160.3926,5.215,2.0507,0.561377245508982,0.3254491017964072,0.9923882017126546,1.6602992677491244,0.02556538839724687,0.17799864468037052,0.5159883720930232,0.12016975653339279,0.039834979324913984,0.03049503660876746
8/19/2004,-805.7180000000001,26626.7604,6.3553,160.3926,5.175,2.0507,0.5729483282674772,0.32735562310030386,0.9847764034253093,1.6475644699140402,-0.007670182166826467,0.1850240439661095,0.4577464788732395,0.12016975653339279,0.03969208428880119,0.030381741312464027
8/20/2004,-805.7180000000001,26626.7604,6.3553,160.3926,5.215,2.0507,0.6046153846153846,0.3713846153846154,0.9923882017126546,1.6602992677491244,0.007729468599033895,0.17006955351133057,0.38365614221278865,0.12016975653339279,0.03960062065442965,0.029548376302531973
8/23/2004,-805.7180000000001,26626.7604,6.3553,160.3926,5.125,2.0507,0.5436746987951808,0.3424698795180723,0.9752616555661275,1.6316459726201846,-0.017257909875359467,0.14987659860892988,0.3246316877746189,0.12016975653339279,0.03995745297242458,0.029562824066965997
8/24/2004,-805.7180000000001,26626.7604,6.3553,160.3926,5.075,2.0507,0.5519877675840978,0.2987767584097858,0.9657469077069458,1.6157274753263293,-0.009756097560975618,0.19496114904638584,0.298618219037871,0.12016975653339279,0.03820143382761807,0.029612292324397108
8/25/2004,-805.7180000000001,26626.7604,6.3553,160.3926,5.155,2.0507,0.525147928994083,0.32751479289940844,0.9809705042816366,1.641197070996498,0.015763546798029493,0.14887452640962784,0.3393089114055601,0.12016975653339279,0.03668230631811335,0.02953670444413167
8/26/2004,-805.7180000000001,26626.7604,6.3553,160.3926,5.035,2.0507,0.3912683061619233,0.231555678364189,0.9581351094196005,1.6029926774912449,-0.023278370514064006,0.12968364370652918,0.3081319823330737,0.12016975653339279,0.03717287196178123,0.029746004058156264
8/27/2004,-805.7180000000001,26626.7604,6.3553,160.3926,5.205,2.0507,0.5583832335329342,0.34041916167664676,0.9904852521408183,1.6571155682903533,0.03376365441906648,0.16260888988161715,0.3318833162743091,0.12016975653339279,0.03764127758952311,0.029942277597876103
8/30/2004,-805.7180000000001,26626.7604,6.3553,160.3926,5.085,2.0507,0.5133928571428572,0.4925595238095237,0.9676498572787822,1.6189111747851002,-0.023054755043227737,0.013958125623130702,0.275075225677031,0.06636597938144306,0.02801842049791601,0.030081197188461358
8/31/2004,-805.7180000000001,26626.7604,6.3553,160.3926,5.185,2.0507,0.5249999999999999,0.5161764705882355,0.9866793529971455,1.650748169372811,0.019665683382497523,0.005819592628515835,0.33324762149652853,0.06636597938144306,0.027678380649767954,0.0299081349037043
9/1/2004,-805.7180000000001,26626.7604,6.3553,160.3926,5.155,2.0507,0.5206489675516224,0.5294985250737461,0.9809705042816366,1.641197070996498,-0.005785920925747257,-0.005785920925747257,0.32553355618410906,0.06636597938144306,0.02768564246195534,0.029932633523060057
9/2/2004,-805.7180000000001,26626.7604,6.3553,160.3926,5.165,2.0507,0.532640949554896,0.5356083086053411,0.9828734538534729,1.644380770455269,0.0019398642095052043,-0.0019323671497584183,0.2481875302078298,0.06636597938144306,0.027684430744440294,0.02896138768937868
9/3/2004,-805.7180000000001,26626.7604,6.3553,160.3926,5.135,2.0507,0.5703363914373087,0.5489296636085628,0.9771646051379638,1.6348296720789557,-0.0058083252662149976,0.01382033563672258,0.22612225405921693,0.06636597938144306,0.027286196850926328,0.028967872395574534
9/6/2004,-805.7180000000001,26626.7604,6.3553,160.3926,5.135,2.0507,0.542042042042042,0.484984984984985,0.9771646051379638,1.6348296720789557,0.0,0.03842264914054594,0.24999999999999978,0.06636597938144306,0.026697365396143483,0.02882554390353673
9/7/2004,-805.7180000000001,26626.7604,6.3553,160.3926,5.245,2.0507,0.6188271604938271,0.4370370370370371,0.9980970504281637,1.6698503661254378,0.02142161635832518,0.1265034364261166,0.24053926206244092,0.06636597938144306,0.023079817242741427,0.028731991913398553
9/8/2004,-805.7180000000001,26626.7604,6.3553,160.3926,5.484,2.0507,0.6468468468468469,0.49099099099099086,1.0,1.7459407831900668,0.045567206863679655,0.10453172205438066,0.29706717123935666,0.045567206863679655,0.020678363055314074,0.029203800342748255
9/9/2004,-805.7180000000001,26626.7604,6.3553,160.3926,5.504,2.0507,0.6729483282674771,0.5212765957446808,1.0,1.752308182107609,0.003646973012399579,0.09970029970029959,0.34968121628249116,0.045567206863679655,0.020667601650185483,0.028751382521375414
9/10/2004,-805.7180000000001,26626.7604,6.3553,160.3926,5.982,2.0507,0.8182370820668694,0.5395136778115504,1.0,1.9044890162368673,0.08684593023255816,0.18104639684106605,0.4456259062348962,0.08684593023255816,0.027354484931599747,0.030519448095397885
9/13/2004,-805.7180000000001,26626.7604,6.3553,160.3926,5.7829999999999995,2.0507,0.8237149164301478,0.6572059287291074,0.9667335339351386,1.8411333970073223,-0.03326646606486139,0.10047573739295901,0.4250862493839329,0.08684593023255816,0.02792985631846498,0.030757865605030497
9/14/2004,-805.7180000000001,26626.7604,6.3553,160.3926,6.062,2.0507,0.929958611907036,0.6252785737026425,1.0,1.9177475482442266,0.04824485561127467,0.1874632713026445,0.4938393297190735,0.08684593023255816,0.02835146619792453,0.03120108696329998
9/15/2004,-805.7180000000001,26626.7604,6.3553,160.3926,5.972,2.0507,0.8773970449544171,0.5985539138635649,0.9851534147146157,1.8892755457133819,-0.014846585285384295,0.1744346116027533,0.4467054263565893,0.08684593023255816,0.028690784684665956,0.03129061086887281
9/16/2004,-805.7180000000001,26626.7604,6.3553,160.3926,6.152,2.0507,0.9279222814164838,0.6342839235349418,1.0,1.9462195507750712,0.030140656396516974,0.17967401725790988,0.5543203638201111,0.08684593023255816,0.028847243002182804,0.030829982528728924
9/17/2004,-805.7180000000001,26626.7604,6.3553,160.3926,6.381,2.0507,0.9996866186148541,0.6217486681291129,1.0,2.018664979436887,0.03722366710013003,0.23304347826086969,0.5420492991783472,0.08684593023255816,0.029266096574547512,0.030683104001443372
9/20/2004,-805.7180000000001,26626.7604,6.3553,160.3926,6.321000000000001,2.0507,0.8646017699115045,0.5383480825958702,0.9905970850963799,1.9996836444163242,-0.009402914903620108,0.21208053691275186,0.47445766270118983,0.08684593023255816,0.02958204564828315,0.030532073746420297
9/21/2004,-805.7180000000001,26626.7604,6.3553,160.3926,6.511,2.0507,0.8656160458452722,0.46848137535816603,1.0,2.0597912053147738,0.030058535041923573,0.2704390243902439,0.4807823516033658,0.08684593023255816,0.02923336422044215,0.03058129010389168
9/22/2004,-805.7180000000001,26626.7604,6.3553,160.3926,6.282,2.0507,0.7897435897435898,0.445868945868946,0.9648287513438796,1.9873457766529579,-0.035171248656120424,0.23783251231527092,0.3938318171732862,0.08684593023255816,0.03066412468821112,0.030937915050901408
9/23/2004,-805.7180000000001,26626.7604,6.3553,160.3926,6.531000000000001,2.0507,0.8449152542372882,0.45621468926553677,1.0,2.066118316988295,0.039637058261700275,0.26692531522793406,0.5341789992952786,0.08684593023255816,0.0312991148470718,0.030214684665797097
9/24/2004,-805.7180000000001,26626.7604,6.3553,160.3926,6.571000000000001,2.0507,0.8057158560043971,0.3836218741412478,1.0,2.078772540335337,0.006124636349716717,0.30506454816286,0.5221218438730602,0.08684593023255816,0.030293535625185233,0.03020226732826181
9/27/2004,-805.7180000000001,26626.7604,6.3553,160.3926,6.311,2.0507,0.7154117966838816,0.41478662680076117,0.9604322021001369,1.9965200885795633,-0.03956779789986309,0.21248799231508153,0.42235744872661707,0.08684593023255816,0.031982560921289316,0.030647909088646622
9/28/2004,-805.7180000000001,26626.7604,6.3553,160.3926,6.242000000000001,2.0507,0.7783475783475786,0.4487179487179489,0.9499315172728656,1.9746915533059162,-0.010933291079068153,0.22753195673549675,0.4131763640479966,0.08684593023255816,0.0314671629961212,0.03069429853655911
9/29/2004,-805.7180000000001,26626.7604,6.3553,160.3926,6.75,2.0507,0.8101367658889784,0.39045320461249666,1.0,2.13540018981335,0.08138417173982693,0.3018322082931535,0.5421521590130227,0.08684593023255816,0.03506481669267141,0.03206513929976045
9/30/2004,-805.7180000000001,26626.7604,6.3553,160.3926,6.979,2.0507,0.8226691042047534,0.3463045181509534,1.0,2.207845618475166,0.033925925925925915,0.3538312318137731,0.5944710989262052,0.08684593023255816,0.035059858862174456,0.03222347460939436
10/1/2004,-805.7180000000001,26626.7604,6.3553,160.3926,6.93,2.0507,0.759776536312849,0.3115794819705433,0.9929789368104313,2.1923441948750395,-0.007021063189568744,0.3417231364956437,0.6202945990180031,0.08684593023255816,0.035281905861867045,0.032040842646320504
10/4/2004,-805.7180000000001,26626.7604,6.3553,160.3926,6.968999999999999,2.0507,0.7344449975111995,0.2779990044798408,0.9985671299613124,2.204682062638405,0.005627705627705648,0.35715676728334955,0.6050207277752189,0.08684593023255816,0.03503732703067252,0.03202972977961615
10/5/2004,-805.7180000000001,26626.7604,6.3553,160.3926,6.91,2.0507,0.6539013882240308,0.22905696505505024,0.9901131967330563,2.1860170832015187,-0.008466063997703999,0.3456669912366115,0.6118497783998134,0.08684593023255816,0.03526915767214634,0.03199029482836849
10/6/2004,-805.7180000000001,26626.7604,6.3553,160.3926,6.968999999999999,2.0507,0.6923263720252546,0.2736765420106848,0.9985671299613124,2.204682062638405,0.008538350217076607,0.3286939942802667,0.6370683579985905,0.08684593023255816,0.03526059178308723,0.03193188445098655
10/7/2004,-805.7180000000001,26626.7604,6.3553,160.3926,7.099,2.0507,0.7323084431429967,0.33821376281112747,1.0,2.2458082885162924,0.01865403931697518,0.2944930707512765,0.6330802852541986,0.08684593023255816,0.03454552315363628,0.03191733823210493
10/8/2004,-805.7180000000001,26626.7604,6.3553,160.3926,7.358,2.0507,0.778153697438376,0.33011116481391967,1.0,2.3277443846883896,0.036484011832652374,0.33684593023255816,0.7004853247053384,0.08684593023255816,0.034846529447487534,0.03206877722408542
10/11/2004,-805.7180000000001,26626.7604,6.3553,160.3926,7.547999999999999,2.0507,0.9070237493683675,0.5113693784739768,1.0,2.3878519455868394,0.025822234302799618,0.2617853560682044,0.7484364141765112,0.08138417173982693,0.030822785386078428,0.03210520759576363
10/12/2004,-805.7180000000001,26626.7604,6.3553,160.3926,8.066,2.0507,1.1630463931348891,0.5508179136497722,1.0,2.5517241379310347,0.06862745098039236,0.3947777969911812,0.8555325511847254,0.08138417173982693,0.03142418531302125,0.03295826066087337
10/13/2004,-805.7180000000001,26626.7604,6.3553,160.3926,7.457999999999999,2.0507,0.8701103309929787,0.520060180541625,0.9246218695759979,2.3593799430559947,-0.0753781304240021,0.23028703398218386,0.7396780965710286,0.08138417173982693,0.03635865168079924,0.03456107353542784
10/14/2004,-805.7180000000001,26626.7604,6.3553,160.3926,7.837000000000001,2.0507,0.9750504032258067,0.5050403225806452,0.9716092239028019,2.479278709269219,0.05081791364977217,0.3122906898861353,0.8111855789230416,0.08138417173982693,0.03688548407534676,0.034952677200484276
10/15/2004,-805.7180000000001,26626.7604,6.3553,160.3926,8.076,2.0507,0.9283667621776506,0.4689589302769819,1.0,2.554887693767795,0.03049636340436379,0.31274382314694416,0.824260221368873,0.08138417173982693,0.03689350537405723,0.03500948561319716
10/18/2004,-805.7180000000001,26626.7604,6.3553,160.3926,8.375,2.0507,0.9997612225405923,0.5236389684813756,1.0,2.6494780132869344,0.037023278850916164,0.31249020529697535,0.9177925349209983,0.08138417173982693,0.03688713943714412,0.03503635258694349
10/19/2004,-805.7180000000001,26626.7604,6.3553,160.3926,8.126,2.0507,1.0024642681123708,0.5576638738294728,0.9702686567164178,2.5707054729515972,-0.02973134328358218,0.2855560828982753,0.8231994615212026,0.08138417173982693,0.03777914027949802,0.035385576181671305
10/20/2004,-805.7180000000001,26626.7604,6.3553,160.3926,8.076,2.0507,0.9803825404610103,0.5966159882295241,0.9642985074626866,2.554887693767795,-0.006153088850602839,0.2403624635232684,0.8119811532420913,0.08138417173982693,0.037774209892600684,0.03542261043946332
10/21/2004,-805.7180000000001,26626.7604,6.3553,160.3926,8.186,2.0507,1.0893312914752422,0.6033690658499233,0.9774328358208955,2.5896868079721607,0.013620604259534375,0.30308818847500785,0.9274782199199436,0.08138417173982693,0.03626343956932152,0.034658923536723514
10/22/2004,-805.7180000000001,26626.7604,6.3553,160.3926,8.026,2.0507,1.0329280648429586,0.6542553191489364,0.9583283582089552,2.539069914583992,-0.019545565599804582,0.22890828357066284,0.788722977490528,0.08138417173982693,0.03641459526308397,0.034373330931193304
10/25/2004,-805.7180000000001,26626.7604,6.3553,160.3926,7.897,2.0507,0.9801905717151456,0.6476930792377134,0.9429253731343283,2.4982600442897818,-0.01607276351856457,0.20179576928930132,0.771819609602872,0.08138417173982693,0.036867087938069705,0.034466352669955964
10/26/2004,-805.7180000000001,26626.7604,6.3553,160.3926,8.106,2.0507,1.0480040424456796,0.5944921677614956,0.9678805970149253,2.5643783612780764,0.02646574648600719,0.28442402154967517,0.8105874469510832,0.08138417173982693,0.03525951167544306,0.034523983698430155
10/27/2004,-805.7180000000001,26626.7604,6.3553,160.3926,8.116,2.0507,1.136351671492498,0.6430639642011058,0.9690746268656716,2.567541917114837,0.0012336540833950416,0.3002242870874716,0.618344965104686,0.08138417173982693,0.03495244712402124,0.031526560782301226
10/28/2004,-805.7180000000001,26626.7604,6.3553,160.3926,8.226,2.0507,1.3570200573065905,0.9340974212034383,0.9822089552238807,2.6023410313192032,0.013553474618038575,0.2186666666666668,0.5957322987390883,0.06862745098039236,0.0312729520332579,0.03143314825775293
10/29/2004,-805.7180000000001,26626.7604,6.3553,160.3926,8.345,2.0507,1.3186996387885528,0.9391497638232844,0.9964179104477613,2.639987345776653,0.014466326282518871,0.19573004728471144,0.6094503375120544,0.06862745098039236,0.030811263132562584,0.031442673774253145
11/1/2004,-805.7180000000001,26626.7604,6.3553,160.3926,8.974,2.0507,1.4326375711574957,0.8785578747628084,1.0,2.8389750079088896,0.07537447573397249,0.2949494949494951,0.7341062801932368,0.07537447573397249,0.03377261682920857,0.032535769146115084
11/2/2004,-805.7180000000001,26626.7604,6.3553,160.3926,8.984,2.0507,1.5965317919075144,1.0141618497109826,1.0,2.84213856374565,0.0011143302874971894,0.2891376094131153,0.7737413622902269,0.07537447573397249,0.033835690337148665,0.032318352251170836
11/3/2004,-805.7180000000001,26626.7604,6.3553,160.3926,8.974,2.0507,1.6708333333333334,1.056547619047619,0.9988869100623331,2.8389750079088896,-0.0011130899376669001,0.298697539797395,0.8147623862487361,0.07537447573397249,0.033643076285853224,0.03206689781715167
11/4/2004,-805.7180000000001,26626.7604,6.3553,160.3926,8.974,2.0507,1.7111782477341388,1.1054380664652568,0.9988869100623331,2.8389750079088896,0.0,0.2877026833118095,0.9274054982817868,0.07537447573397249,0.033751895838277216,0.03087814729011695
11/5/2004,-805.7180000000001,26626.7604,6.3553,160.3926,9.052999999999999,2.0507,1.7516717325227962,1.1577507598784194,1.0,2.8639670990192974,0.008803209271227797,0.2752500352162275,0.8233635448136958,0.07537447573397249,0.03373280376209979,0.03005199504331434
11/8/2004,-805.7180000000001,26626.7604,6.3553,160.3926,9.083,2.0507,1.760790273556231,1.2364741641337385,1.0,2.873457766529579,0.003313818623660758,0.23443870617015494,0.8147852147852148,0.07537447573397249,0.033312144610088135,0.030062928117509966
11/9/2004,-805.7180000000001,26626.7604,6.3553,160.3926,8.863999999999999,2.0507,1.638095238095238,1.2464285714285714,0.9758890234504017,2.8041758937045236,-0.024110976549598262,0.17435082140964497,0.7500493583415593,0.07537447573397249,0.033947787703881536,0.030365829659283545
11/10/2004,-805.7180000000001,26626.7604,6.3553,160.3926,8.844,2.0507,1.5413793103448272,1.3178160919540232,0.9736871077837718,2.7978487820310027,-0.002256317689530607,0.0964542524175549,0.6829686013320646,0.07537447573397249,0.03104168981588086,0.030184193467648435
11/11/2004,-805.7180000000001,26626.7604,6.3553,160.3926,8.874,2.0507,1.5426934097421205,1.1369627507163322,0.9769899812837168,2.8073394495412844,0.0033921302578019397,0.18986323411102202,0.7382957884427033,0.07537447573397249,0.025041264538950253,0.029813842777405078
11/12/2004,-805.7180000000001,26626.7604,6.3553,160.3926,9.173,2.0507,1.6435158501440923,1.2585014409221902,1.0,2.9019297690604238,0.03369393734505288,0.1704733954319253,0.8039331366764995,0.07537447573397249,0.023848311287531555,0.02992237009601307
11/15/2004,-805.7180000000001,26626.7604,6.3553,160.3926,9.243,2.0507,1.6636887608069162,1.3273775216138328,1.0,2.9240746599177476,0.007631091246048216,0.1445022288261515,0.7723873441994249,0.07537447573397249,0.02327481648914918,0.029855618259695148
11/16/2004,-805.7180000000001,26626.7604,6.3553,160.3926,8.904,2.0507,1.580869565217391,1.4275362318840576,0.9633235962349886,2.8168301170515657,-0.036676403765011356,0.06316417910447769,0.7205797101449276,0.07537447573397249,0.024018455110107678,0.03034523925333553
11/17/2004,-805.7180000000001,26626.7604,6.3553,160.3926,8.974,2.0507,1.601159420289855,1.3553623188405792,0.9708968949475278,2.8389750079088896,0.007861635220125729,0.10435638690622695,0.7208053691275169,0.07537447573397249,0.02281270353316336,0.030345147673808977
11/18/2004,-805.7180000000001,26626.7604,6.3553,160.3926,8.984,2.0507,1.6501474926253685,1.382300884955752,0.9719787947636048,2.84213856374565,0.0011143302874971894,0.11243189697870215,0.7529756097560976,0.07537447573397249,0.022690152417775465,0.03017556158432404
11/19/2004,-805.7180000000001,26626.7604,6.3553,160.3926,8.874,2.0507,1.617699115044248,1.4147492625368732,0.9600778967867576,2.8073394495412844,-0.012243989314336567,0.08404593207915956,0.7485714285714287,0.07537447573397249,0.022918280707724323,0.03020264021920887
11/22/2004,-805.7180000000001,26626.7604,6.3553,160.3926,8.979,2.0507,1.6883233532934132,1.4029940119760478,0.9714378448555663,2.84055678582727,0.011832319134550184,0.11873909793172177,0.7418040737148397,0.07537447573397249,0.022314843826703217,0.030193240328054947
11/23/2004,-805.7180000000001,26626.7604,6.3553,160.3926,8.754,2.0507,1.769376779500158,1.4982600442897818,0.947095098993833,2.7262535035814386,-0.02505846976277981,0.10852222362922626,0.7386295928500495,0.07537447573397249,0.022831165538377135,0.030225026332648737
11/24/2004,-805.7180000000001,26626.7604,6.3553,160.3926,8.904,2.0507,1.6579104477611941,1.4197014925373135,0.9633235962349886,2.7729679227654933,0.01713502398903355,0.09844559585492219,0.7106628242074928,0.07537447573397249,0.02248398395434441,0.030079864786168548
11/25/2004,-805.7180000000001,26626.7604,6.3553,160.3926,8.904,2.0507,1.5959183673469388,1.3661807580174923,0.9633235962349886,2.7729679227654933,0.0,0.0970921636274027,0.7510324483775812,0.07537447573397249,0.022495149499597456,0.029822769770747323
11/26/2004,-805.7180000000001,26626.7604,6.3553,160.3926,8.425,2.0507,1.3866855524079322,1.3303116147308787,0.9115005950448989,2.623793210837745,-0.05379604672057492,0.024191587648918045,0.6248794599807139,0.07537447573397249,0.025731731313912144,0.0308325383469793
11/29/2004,-805.7180000000001,26626.7604,6.3553,160.3926,8.974,2.0507,1.4525826728614377,1.2806777808144303,0.9708968949475278,2.7947679850513856,0.06516320474777437,0.07537447573397249,0.7408341416100872,0.07537447573397249,0.029163218656544233,0.03159972625383906
11/30/2004,-805.7180000000001,26626.7604,6.3553,160.3926,9.572000000000001,2.0507,1.6231844340915327,1.459303918881886,1.0,2.981002802865151,0.06663695119233348,0.06663695119233348,0.8532429816069702,0.06663695119233348,0.028136232340580273,0.032397101945929284
12/1/2004,-805.7180000000001,26626.7604,6.3553,160.3926,9.941,2.0507,1.8161473087818703,1.545042492917847,1.0,3.0959202740579257,0.038549937317175154,0.10652270703472855,0.9359298928919184,0.06663695119233348,0.02914859739898536,0.03252203243196298
12/2/2004,-805.7180000000001,26626.7604,6.3553,160.3926,9.931000000000001,2.0507,1.8455587392550146,1.5713467048710599,0.998994064983402,3.0928059794456555,-0.0010059350165979586,0.10664140851348347,0.9339824732229798,0.06663695119233348,0.02914744047402546,0.032527793974768564
12/3/2004,-805.7180000000001,26626.7604,6.3553,160.3926,10.589,2.0507,2.060404624277457,1.5936416184971098,1.0,3.2977265649330425,0.06625717450407809,0.1799643414308001,1.0188751191611058,0.06663695119233348,0.03199877930958199,0.033241274753836
12/6/2004,-805.7180000000001,26626.7604,6.3553,160.3926,10.04,2.0507,1.852272727272727,1.571875,0.9481537444517895,3.1267517907194016,-0.05184625554821054,0.10902463271843588,0.8307804522246534,0.06663695119233348,0.03459174952954798,0.03390196359692644
12/7/2004,-805.7180000000001,26626.7604,6.3553,160.3926,9.821,2.0507,1.822126436781609,1.6100574712643678,0.927471904806875,3.0585487387106816,-0.021812749003984,0.08125068809864566,0.7843386627906979,0.06663695119233348,0.03510208977653761,0.03413235160490365
12/8/2004,-805.7180000000001,26626.7604,6.3553,160.3926,9.891,2.0507,1.8504322766570604,1.5544668587896249,0.9340825384833317,3.080348800996574,0.0071275837491091565,0.11586191335740081,0.6534603811434303,0.06663695119233348,0.03449420173176491,0.032676643537245885
12/9/2004,-805.7180000000001,26626.7604,6.3553,160.3926,9.841000000000001,2.0507,1.7043143720802423,1.4303380049464138,0.9293606572858627,3.064777327935223,-0.005055100596501716,0.11273179556761659,0.7017119142313681,0.06663695119233348,0.03453225168343972,0.032285523570581266
12/10/2004,-805.7180000000001,26626.7604,6.3553,160.3926,9.412,2.0507,1.5935519426839355,1.4453017360154319,0.8888469166115781,2.931174089068826,-0.04359313077939231,0.060626549470362834,0.5526228967337512,0.06663695119233348,0.0361699543244698,0.03255635970237973
12/13/2004,-805.7180000000001,26626.7604,6.3553,160.3926,9.642000000000001,2.0507,1.656930283824746,1.527693579498485,0.9105675701199358,3.002802865151043,0.024436889077773083,0.051128311348523026,0.614534494306765,0.06663695119233348,0.03583748979362589,0.032497112412078664
12/14/2004,-805.7180000000001,26626.7604,6.3553,160.3926,9.891,2.0507,1.7180544105523499,1.5399835119538339,0.9340825384833317,3.080348800996574,0.02582451773490968,0.07010710808179166,0.6077698309492847,0.06663695119233348,0.03617378583903214,0.03245452253239935
12/15/2004,-805.7180000000001,26626.7604,6.3553,160.3926,9.502,2.0507,1.6040010961907378,1.440120580981091,0.8973463027670224,2.9592027405792587,-0.039328682640784485,0.06716082659478895,0.48910829023664015,0.06663695119233348,0.03632666394423769,0.03277724281021575
12/16/2004,-805.7180000000001,26626.7604,6.3553,160.3926,9.662,2.0507,1.6771958991410365,1.4865613743419228,0.9124563225989234,3.009031454375584,0.016838560303094052,0.07666592377980841,0.5285556082898275,0.06663695119233348,0.03643046022261645,0.0327338879346969
12/17/2004,-805.7180000000001,26626.7604,6.3553,160.3926,9.721,2.0507,1.5791987264526401,1.3836561422127889,0.9180281424119369,3.0274057925879787,0.006106396191264629,0.08203472840605519,0.49301182614037775,0.06663695119233348,0.03642593973438783,0.03260391178889001
12/20/2004,-805.7180000000001,26626.7604,6.3553,160.3926,9.432,2.0507,1.5025205624834177,1.3544706818784826,0.8907356690905657,2.9374026782933664,-0.029729451702499743,0.06288032454361048,0.5014326647564471,0.06663695119233348,0.037020152400441785,0.032497686785821864
12/21/2004,-805.7180000000001,26626.7604,6.3553,160.3926,9.392000000000001,2.0507,1.3030897498773912,1.2018146150073563,0.8869581641325905,2.924945499844285,-0.004240882103477395,0.04599621338679172,0.43806461491348947,0.06663695119233348,0.03700664509426749,0.03225595824710773
12/22/2004,-805.7180000000001,26626.7604,6.3553,160.3926,9.472000000000001,2.0507,1.0877231650870622,0.9294688119903018,0.894513174048541,2.949859856742448,0.008517887563884052,0.08201964816084106,0.4414853142596258,0.06663695119233348,0.03646461312877126,0.03225716834002161
12/23/2004,-805.7180000000001,26626.7604,6.3553,160.3926,9.602,2.0507,1.1640748253324316,1.0067613252197427,0.9067900651619605,2.990345686701962,0.01372466216216206,0.07839173405211142,0.5214704484233879,0.06663695119233348,0.03641257016682483,0.031728596599884175
12/24/2004,-805.7180000000001,26626.7604,6.3553,160.3926,9.602,2.0507,1.13995988410965,0.9843993759750389,0.9067900651619605,2.990345686701962,0.0,0.07839173405211142,0.5382890099327138,0.06663695119233348,0.03641257016682483,0.03165777489064227
12/27/2004,-805.7180000000001,26626.7604,6.3553,160.3926,9.173,2.0507,0.957533077251387,0.7979086641058475,0.8662763244876759,2.856742447835565,-0.04467819204332435,0.08878338278931741,0.35896296296296293,0.06663695119233348,0.035734145401157734,0.030877113309549255
12/28/2004,-805.7180000000001,26626.7604,6.3553,160.3926,9.372,2.0507,0.9379652605459055,0.8556658395368073,0.8850694116536028,2.9187169106197444,0.021694102256622605,0.04435034544238903,0.3428858002579165,0.06663695119233348,0.03322518986635336,0.0307326322048184
12/29/2004,-805.7180000000001,26626.7604,6.3553,160.3926,9.173,2.0507,0.8401203610832497,0.9201604814443332,0.8662763244876759,2.856742447835565,-0.021233461374306484,-0.041684078562474025,0.32366522366522377,0.06625717450407809,0.030146658560684797,0.030875272445448496
12/30/2004,-805.7180000000001,26626.7604,6.3553,160.3926,9.163,2.0507,0.750334288443171,0.8989493791786056,0.865331948248182,2.8536281532232946,-0.0010901558922925547,-0.07826174429131882,0.314822786626489,0.06625717450407809,0.02871447217731805,0.030884415354513868
12/31/2004,-805.7180000000001,26626.7604,6.3553,160.3926,9.253,2.0507,0.7949563530552861,0.9264791464597479,0.8738313344036264,2.8816568047337277,0.009822110662446759,-0.06827107038566116,0.3390738060781475,0.06625717450407809,0.028857985590131554,0.030843431951781616
1/3/2005,-805.7180000000001,26626.7604,6.3553,160.3926,9.152999999999999,2.0507,0.87331150225133,1.1672124437167417,0.8643875720086881,2.850513858611024,-0.010807305738679496,-0.1356124279913119,0.31338786052518297,0.02582451773490968,0.02412747671215585,0.03090500370477863
1/4/2005,-805.7180000000001,26626.7604,6.3553,160.3926,9.093,2.0507,0.8059582919563058,0.9940417080436939,0.8587213145717253,2.8318280909374023,-0.00655522779416573,-0.09432270916334651,0.28088463163825894,0.02582451773490968,0.021795548033114346,0.030885985003424533
1/5/2005,-805.7180000000001,26626.7604,6.3553,160.3926,8.854,2.0507,0.7584905660377357,0.9505461767626613,0.8361507224478231,2.7573964497041414,-0.02628395469042133,-0.09846247836269229,0.20331611851046483,0.02582451773490968,0.021994289197397078,0.030846823458661396
1/6/2005,-805.7180000000001,26626.7604,6.3553,160.3926,8.934,2.0507,0.8066734074823052,1.0002022244691608,0.8437057323637737,2.782310806602304,0.009035464196973209,-0.09675462541704583,0.1836248012718602,0.02582451773490968,0.022049418616259114,0.030722335491023392
1/7/2005,-805.7180000000001,26626.7604,6.3553,160.3926,8.704,2.0507,0.8262694083088544,1.064834242551406,0.821985078855416,2.710682030520087,-0.025744347436758352,-0.11553703891880907,0.0790974460699232,0.02582451773490968,0.022527805470599148,0.029763595592926906
1/10/2005,-805.7180000000001,26626.7604,6.3553,160.3926,8.884,2.0507,0.9452594701116708,1.0608714692358223,0.8389838511663047,2.766739333540953,0.020680147058823595,-0.056098597535061634,0.1912040761598286,0.02582451773490968,0.021445930357359907,0.028172179986915354
1/11/2005,-805.7180000000001,26626.7604,6.3553,160.3926,8.734,2.0507,0.9465121462001336,1.148874526409628,0.8248182075738975,2.7200249143568977,-0.016884286357496614,-0.0941713337481851,0.11445706265152467,0.02582451773490968,0.02073228517113305,0.027610919442316802
1/12/2005,-805.7180000000001,26626.7604,6.3553,160.3926,8.655,2.0507,0.9289057276576775,1.204368174726989,0.8173576352818962,2.6954219869199623,-0.009045111060224431,-0.12496208674552634,0.07169390787518548,0.021694102256622605,0.01954519459889692,0.027403505424036145
1/13/2005,-805.7180000000001,26626.7604,6.3553,160.3926,8.585,2.0507,0.9005977418640694,1.103608589771973,0.8107470016054397,2.6736219246340704,-0.008087810514153526,-0.09650599873710797,0.025074626865671634,0.021694102256622605,0.018023458132163463,0.02704645843190633
1/14/2005,-805.7180000000001,26626.7604,6.3553,160.3926,8.804,2.0507,1.0022742779167615,1.1974073231748918,0.8314288412503541,2.7418249766427905,0.02550960978450778,-0.08880149037466367,0.08343588481417674,0.02550960978450778,0.018629843089525172,0.02693755618568024
1/17/2005,-805.7180000000001,26626.7604,6.3553,160.3926,8.804,2.0507,1.029974636845746,1.241411113673046,0.8314288412503541,2.7418249766427905,0.0,-0.09433185886225692,0.09014363546310045,0.02550960978450778,0.018507336188686697,0.026920042854324918
1/18/2005,-805.7180000000001,26626.7604,6.3553,160.3926,9.093,2.0507,1.0493576741041242,1.125760649087221,0.8587213145717253,2.8318280909374023,0.032825988187187516,-0.03594147582697205,0.1107989249938921,0.032825988187187516,0.019269316594314995,0.027164562779536366
1/19/2005,-805.7180000000001,26626.7604,6.3553,160.3926,8.744,2.0507,0.97070092404778,1.1167455487942304,0.8257625838133912,2.723139208969168,-0.03838117233036409,-0.06899488926746178,0.08945925741340632,0.032825988187187516,0.020879388659643148,0.027507339872815676
1/20/2005,-805.7180000000001,26626.7604,6.3553,160.3926,8.196,2.0507,0.995131450827653,1.3057448880233689,0.7740107658891302,2.5524758642167544,-0.06267154620311066,-0.13471283783783794,0.03786247942256549,0.032825988187187516,0.024370768884359222,0.028598643233140538
1/21/2005,-805.7180000000001,26626.7604,6.3553,160.3926,8.645,2.0507,1.1952767902488572,1.4382935500253935,0.8164132590424025,2.692307692307692,0.05478282088823816,-0.09966673609664656,0.06649395509499123,0.05478282088823816,0.02752407303420821,0.029221236637039946
1/24/2005,-805.7180000000001,26626.7604,6.3553,160.3926,8.171,2.0507,1.0488966900702104,1.4077231695085257,0.7716498252903956,2.5446901276860787,-0.054829381145170664,-0.14903145178087907,0.006776737309019287,0.05478282088823816,0.029586730193358793,0.03006898491986155
1/25/2005,-805.7180000000001,26626.7604,6.3553,160.3926,8.116,2.0507,0.9613339777670371,1.2167713871435475,0.7664557559731796,2.527561507318592,-0.006731122261657063,-0.11522947781532766,-0.013372234378799086,0.05478282088823816,0.02831713889169028,0.030036085563511686
1/26/2005,-805.7180000000001,26626.7604,6.3553,160.3926,8.515,2.0507,1.0577573707104881,1.2648622522957953,0.8041363679289829,2.651821862348178,0.04916214884179415,-0.09144259496372165,0.020371479928100733,0.05478282088823816,0.03020411571604215,0.030613885415715907
1/27/2005,-805.7180000000001,26626.7604,6.3553,160.3926,8.475,2.0507,0.9997640396413399,1.1644643699858421,0.8003588629710076,2.6393646838990965,-0.004697592483852153,-0.0760928812820234,-0.055605081346111085,0.05478282088823816,0.029950145949128613,0.029091275564676985
1/28/2005,-805.7180000000001,26626.7604,6.3553,160.3926,8.575,2.0507,0.9909449732992803,1.1274669143255167,0.8098026253659457,2.6705076300218,0.01179941002949847,-0.06417112299465255,-0.04552537845057891,0.05478282088823816,0.03012994363219954,0.02913191108826407
1/31/2005,-805.7180000000001,26626.7604,6.3553,160.3926,8.535,2.0507,1.0625906234896085,1.236104398260029,0.8060251204079705,2.6580504515727186,-0.004664723032069884,-0.07759645520371772,-0.048919099621127726,0.05478282088823816,0.029993982511655033,0.02913690183879092
2/1/2005,-805.7180000000001,26626.7604,6.3553,160.3926,8.664,2.0507,1.2001015744032504,1.3242762823768408,0.8182075738974407,2.6982248520710055,0.015114235500878648,-0.05342510652245158,-0.03454423891241365,0.05478282088823816,0.03020691649689102,0.029202222286843847
2/2/2005,-805.7180000000001,26626.7604,6.3553,160.3926,8.994,2.0507,1.2839004570848145,1.309040121889284,0.8493719898007366,2.800996574275926,0.03808864265927969,-0.010887495875948505,-0.006517176626532617,0.05478282088823816,0.031429433592503234,0.029577535841773854
2/3/2005,-805.7180000000001,26626.7604,6.3553,160.3926,9.062999999999999,2.0507,1.1640401146131802,1.1141356255969437,0.8558881858532438,2.8224852071005913,0.00767178118745826,0.023605150214592197,-0.002201915666630083,0.05478282088823816,0.03088089894435208,0.029589729997837683
2/4/2005,-805.7180000000001,26626.7604,6.3553,160.3926,9.273,2.0507,1.2409376510391494,1.1590140164330593,0.8757200868826139,2.887885393958268,0.02317113538563409,0.03794492948287442,0.04614169675090252,0.05478282088823816,0.031204173425837797,0.029557747312008786
2/7/2005,-805.7180000000001,26626.7604,6.3553,160.3926,9.243,2.0507,1.2070200573065906,1.0783190066857693,0.8728869581641326,2.8785425101214575,-0.00323519896473623,0.06192555147058809,0.04511533242876542,0.05478282088823816,0.030575050563092603,0.029559821678400773
2/8/2005,-805.7180000000001,26626.7604,6.3553,160.3926,9.432,2.0507,1.205284077624503,1.0771568856675238,0.8907356690905657,2.9374026782933664,0.020447906523855863,0.06168392615938756,0.06288032454361048,0.05478282088823816,0.030568496123467015,0.029658810951808372
2/9/2005,-805.7180000000001,26626.7604,6.3553,160.3926,9.293,2.0507,1.359827323514474,1.2178770949720668,0.8776088393616016,2.8941139831828084,-0.014737065309584518,0.06400274788184102,0.0130818707075111,0.05478282088823816,0.0305011151527534,0.029435097070643023
2/10/2005,-805.7180000000001,26626.7604,6.3553,160.3926,8.595,2.0507,1.1715512885295603,1.1867104598281957,0.8116913778449335,2.6767362192463406,-0.07511029807381886,-0.006932409012131546,-0.07010710808179155,0.05478282088823816,0.034934290442780375,0.03092592437453618
2/11/2005,-805.7180000000001,26626.7604,6.3553,160.3926,8.615,2.0507,1.1548274137068533,1.1473236618309155,0.8135801303239211,2.682964808470881,0.0023269342641070168,0.0034944670937682165,-0.032457322551662116,0.05478282088823816,0.03488376852521387,0.030582213152291413
2/14/2005,-805.7180000000001,26626.7604,6.3553,160.3926,8.355,2.0507,1.028897523069451,1.1379310344827585,0.7890263480970819,2.601993148551853,-0.030179918746372603,-0.05099954566106313,-0.06897704479607758,0.05478282088823816,0.035024260392850885,0.030798032923314532
2/15/2005,-805.7180000000001,26626.7604,6.3553,160.3926,8.505,2.0507,0.9298842750170186,0.9977308826866349,0.8031919916894892,2.648707567735908,0.01795332136445249,-0.03396183552930476,-0.053317008014247436,0.05478282088823816,0.0352909913718215,0.030886675734355797
2/16/2005,-805.7180000000001,26626.7604,6.3553,160.3926,8.834,2.0507,1.0,1.058637083993661,0.8342619699688355,2.751167860479601,0.03868312757201631,-0.028483448806774447,-0.004507550146495509,0.05478282088823816,0.03559388955773603,0.031236117984596908
2/17/2005,-805.7180000000001,26626.7604,6.3553,160.3926,8.824,2.0507,1.0022691173133649,0.9841161788064443,0.8333175937293418,2.748053565867331,-0.0011319900384876291,0.009149130832570851,-0.017262501392137142,0.05478282088823816,0.03453801190124955,0.031202337730362968
2/18/2005,-805.7180000000001,26626.7604,6.3553,160.3926,8.874,2.0507,0.9821308912218003,0.8306901943265579,0.8380394749268109,2.7636250389286827,0.005666364460562123,0.08272327964860926,0.013708019191226883,0.05478282088823816,0.03130609072842585,0.03104081492307199
2/21/2005,-805.7180000000001,26626.7604,6.3553,160.3926,8.874,2.0507,0.9182879377431907,0.8687851275399912,0.8380394749268109,2.7636250389286827,0.0,0.02648930017351092,-0.003369272237196741,0.04916214884179415,0.02909001428365031,0.03096939823148152
2/22/2005,-805.7180000000001,26626.7604,6.3553,160.3926,8.704,2.0507,0.8774805867126834,0.7625107851596202,0.821985078855416,2.710682030520087,-0.019157088122605304,0.06523069391751335,-0.02246181491464505,0.04916214884179415,0.02655804706634241,0.031067478030979947
2/23/2005,-805.7180000000001,26626.7604,6.3553,160.3926,8.834,2.0507,1.0136767722817415,0.8500113973102348,0.8342619699688355,2.751167860479601,0.014935661764705843,0.08846722523410544,0.048545994065281706,0.04916214884179415,0.026567513371615607,0.030342100825944206
2/24/2005,-805.7180000000001,26626.7604,6.3553,160.3926,8.704,2.0507,1.053798961774422,1.0092024539877298,0.821985078855416,2.710682030520087,-0.014715870500339512,0.022196124486200786,-0.03008691776242478,0.03868312757201631,0.024781377378238437,0.029276667593146188
2/25/2005,-805.7180000000001,26626.7604,6.3553,160.3926,9.003,2.0507,1.1756887385210248,1.0480908651522474,0.850221928416281,2.8037994394269696,0.03435202205882337,0.062300884955752256,-0.05944421228583374,0.03868312757201631,0.025751438061395456,0.028358507240826517
2/28/2005,-805.7180000000001,26626.7604,6.3553,160.3926,8.674,2.0507,1.197061803444782,1.1719858156028367,0.8191519501369344,2.7013391466832757,-0.0365433744307454,0.011545189504373221,-0.12745196660295754,0.03868312757201631,0.02707156369748516,0.028265538025748518
3/1/2005,-805.7180000000001,26626.7604,6.3553,160.3926,8.964,2.0507,1.2199108469539377,1.1136701337295691,0.8465388610822552,2.7916536904391154,0.03343324878948595,0.05026362038664334,-0.09737186587453428,0.03868312757201631,0.02794243299901523,0.028611382794901417
3/2/2005,-805.7180000000001,26626.7604,6.3553,160.3926,9.093,2.0507,1.309040121889284,1.2001015744032504,0.8587213145717253,2.8318280909374023,0.01439089692101736,0.04951523545706382,-0.1412786854282747,0.03868312757201631,0.027926826825293582,0.027357196638028432
3/3/2005,-805.7180000000001,26626.7604,6.3553,160.3926,9.103,2.0507,1.311579481970543,1.2839004570848145,0.8596656908112191,2.8349423855496725,0.0010997470581766144,0.012119190571492133,-0.09332669322709153,0.03868312757201631,0.0267224938267168,0.02660547189244066
3/4/2005,-805.7180000000001,26626.7604,6.3553,160.3926,9.142999999999999,2.0507,1.2983911513323276,1.2782805429864248,0.8634431957691943,2.8473995639987537,0.004394155772821984,0.008827099194527177,-0.06903573974137067,0.03868312757201631,0.026690640299109215,0.026482614025233886
3/7/2005,-805.7180000000001,26626.7604,6.3553,160.3926,9.442,2.0507,1.42164657604514,1.378302128750962,0.8916800453300595,2.9405169729056366,0.032702614021655974,0.018224954168014618,-0.045394803356586744,0.03868312757201631,0.02716751281427393,0.02679999852465109
3/8/2005,-805.7180000000001,26626.7604,6.3553,160.3926,9.283,2.0507,1.418077624381349,1.407658244334462,0.8766644631221078,2.8909996885705382,-0.016839652615971312,0.004327599264307924,-0.0567015547200489,0.03868312757201631,0.027439848638599766,0.026874178226076493
3/9/2005,-805.7180000000001,26626.7604,6.3553,160.3926,9.293,2.0507,1.5749515101136047,1.6134663341645887,0.8776088393616016,2.8941139831828084,0.0010772379618657624,-0.014737065309584518,-0.012643433914152347,0.03868312757201631,0.02706119510163192,0.026303910134606853
3/10/2005,-805.7180000000001,26626.7604,6.3553,160.3926,9.222999999999999,2.0507,1.6811046511627903,1.7014534883720929,0.8709982056851449,2.872313920896916,-0.00753255138276121,-0.00753255138276121,-0.04345571458203712,0.03868312757201631,0.026914986152113483,0.02613548927040486
3/11/2005,-805.7180000000001,26626.7604,6.3553,160.3926,10.03,2.0507,1.9156976744186047,1.4985465116279073,0.9472093682122957,3.1236374961071314,0.08749864469261626,0.16695753344967978,0.014053179658275239,0.08749864469261626,0.027610400881386426,0.028205406159776313
3/14/2005,-805.7180000000001,26626.7604,6.3553,160.3926,9.662,2.0507,1.6334150994821481,1.3480512401199238,0.9124563225989234,3.009031454375584,-0.036689930209371724,0.12153221125943126,0.016838560303094052,0.08749864469261626,0.029256145494829345,0.02814703456972718
3/15/2005,-805.7180000000001,26626.7604,6.3553,160.3926,9.452,2.0507,1.4945896014779625,1.2050673000791767,0.8926244215695532,2.943631267517907,-0.02173463051128144,0.13129862357869526,-0.02173463051128144,0.08749864469261626,0.028790069260627493,0.02820879276718187
3/16/2005,-805.7180000000001,26626.7604,6.3553,160.3926,9.522,2.0507,1.454756380510441,1.192575406032483,0.89923505524601,2.965431329803799,0.007405840033855249,0.11957671957671945,-0.02047114494393576,0.08749864469261626,0.028667949908073507,0.02821377247155365
3/17/2005,-805.7180000000001,26626.7604,6.3553,160.3926,9.232999999999999,2.0507,1.4367907099498547,1.331485880179467,0.8719425819246386,2.8754282155091864,-0.03035076664566283,0.04516640253565751,-0.021098388464800832,0.08749864469261626,0.028663865885868247,0.028224461175492297
3/18/2005,-805.7180000000001,26626.7604,6.3553,160.3926,9.243,2.0507,1.388989402946498,1.2806926854484364,0.8728869581641326,2.8785425101214575,0.0010830715910323807,0.04748413417951047,-0.015864565587734303,0.08749864469261626,0.02865395029484858,0.028219365109908686
3/21/2005,-805.7180000000001,26626.7604,6.3553,160.3926,9.213,2.0507,1.6173295454545453,1.5210227272727272,0.870053829445651,2.869199626284646,-0.003245699448231165,0.03820148749154817,-0.027343750000000222,0.08749864469261626,0.02867216356638384,0.028201937267313782
3/22/2005,-805.7180000000001,26626.7604,6.3553,160.3926,9.213,2.0507,1.5179010658649905,1.4252528013118342,0.870053829445651,2.869199626284646,0.0,0.03820148749154817,-0.0405123932514061,0.08749864469261626,0.02867216356638384,0.028146783034954565
3/23/2005,-805.7180000000001,26626.7604,6.3553,160.3926,8.794,2.0507,1.2847492855287088,1.2613665887243442,0.8304844650108604,2.73871068203052,-0.04547921415391276,0.010340073529411686,-0.08414913559675063,0.08749864469261626,0.030186464705494145,0.028717272011821192
3/24/2005,-805.7180000000001,26626.7604,6.3553,160.3926,9.083,2.0507,1.3295716850474482,1.2657091561938962,0.8577769383322316,2.828713796325132,0.032863315897202705,0.028186551958342854,-0.009811403030633326,0.08749864469261626,0.03084900241463795,0.0284752142884408
3/25/2005,-805.7180000000001,26626.7604,6.3553,160.3926,9.083,2.0507,1.3972024280812883,1.2971760358933757,0.8577769383322316,2.828713796325132,0.0,0.043543198529411686,-0.030836534357661094,0.08749864469261626,0.030622097411192227,0.02834248069996585
3/28/2005,-805.7180000000001,26626.7604,6.3553,160.3926,8.924,2.0507,1.283520982599795,1.3037359263050154,0.8427613561242798,2.7791965119900337,-0.017505229549708345,-0.008774852826835544,-0.02714488171808571,0.08749864469261626,0.03000735034273004,0.028301509337792772
3/29/2005,-805.7180000000001,26626.7604,6.3553,160.3926,8.884,2.0507,1.2732855680655066,1.2195496417604912,0.8389838511663047,2.766739333540953,-0.0044822949350066255,0.024210283606179495,-0.03044854305358502,0.08749864469261626,0.02884827669259261,0.02830676070372455
3/30/2005,-805.7180000000001,26626.7604,6.3553,160.3926,8.764,2.0507,1.2198581560283688,1.2705167173252283,0.8276513362923787,2.729367798193709,-0.013507429085997447,-0.022311468094600717,-0.05284772506214208,0.08749864469261626,0.02806034486122817,0.0283275041737874
3/31/2005,-805.7180000000001,26626.7604,6.3553,160.3926,9.133,2.0507,1.3728241101584828,1.3624318004676539,0.8624988195297005,2.8442852693864835,0.042104062072113146,0.004398988232706458,-0.0021850759313886137,0.08749864469261626,0.029424428733996425,0.028796464540646532
4/1/2005,-805.7180000000001,26626.7604,6.3553,160.3926,8.844,2.0507,1.2458100558659218,1.311579481970543,0.8352063462083293,2.7542821550918712,-0.031643490638344485,-0.028452158629023394,-0.027383701748597833,0.08749864469261626,0.030253177157367896,0.029066032805116326
4/4/2005,-805.7180000000001,26626.7604,6.3553,160.3926,8.693999999999999,2.0507,1.13716814159292,1.2475417895771872,0.8210407026159221,2.7075677359078165,-0.016960651289009587,-0.04910860767800507,-0.018070928393946306,0.08749864469261626,0.030423098389711575,0.028953697899505065
4/5/2005,-805.7180000000001,26626.7604,6.3553,160.3926,8.874,2.0507,1.0894749234753944,1.2232163880386158,0.8380394749268109,2.7636250389286827,0.020703933747412195,-0.06015674645202285,-0.006715916722632498,0.08749864469261626,0.029846701702683432,0.02904879529772424
4/6/2005,-805.7180000000001,26626.7604,6.3553,160.3926,9.062999999999999,2.0507,1.061178075960882,1.1112121901296335,0.8558881858532438,2.8224852071005913,0.02129817444219051,-0.023699235161047105,0.0412454044117645,0.08749864469261626,0.030092066341596568,0.028972830517680414
4/7/2005,-805.7180000000001,26626.7604,6.3553,160.3926,8.964,2.0507,1.1151486550259557,1.1927796130250115,0.8465388610822552,2.7916536904391154,-0.010923535253227201,-0.03540299149897763,0.00900495272399815,0.08749864469261626,0.030170100072863963,0.02890105909164068
4/8/2005,-805.7180000000001,26626.7604,6.3553,160.3926,9.043,2.0507,1.0899006239889069,1.1314998844464985,0.8539994333742562,2.8162566178760504,0.008813029897367208,-0.019516426325490555,0.0353789787039156,0.08749864469261626,0.030211827829982097,0.028832244470372696
4/11/2005,-805.7180000000001,26626.7604,6.3553,160.3926,9.093,2.0507,0.9784595300261096,1.182332463011314,0.8587213145717253,2.8318280909374023,0.00552913856021231,-0.0934197407776669,0.05060658578856159,0.042104062072113146,0.02261167173650393,0.028809124106647176
4/12/2005,-805.7180000000001,26626.7604,6.3553,160.3926,8.984,2.0507,1.0247915258057243,1.1775974757719179,0.8484276135612427,2.7978822796636558,-0.01198724293412512,-0.07017180707927972,0.04647641234711686,0.042104062072113146,0.02146203703980447,0.028833562494700232
4/13/2005,-805.7180000000001,26626.7604,6.3553,160.3926,8.974,2.0507,1.0,1.1065299754847335,0.847483237321749,2.7947679850513856,-0.0011130899376669001,-0.05057130765975448,0.019309404815992748,0.042104062072113146,0.02104110635870808,0.028665098761993565
4/14/2005,-805.7180000000001,26626.7604,6.3553,160.3926,8.974,2.0507,1.0933053417308143,1.2211336599020295,0.847483237321749,2.7947679850513856,0.0,-0.05755093467758876,0.019309404815992748,0.042104062072113146,0.020932838090990846,0.028665098761993565
4/15/2005,-805.7180000000001,26626.7604,6.3553,160.3926,8.595,2.0507,1.1024951076320941,1.2585616438356162,0.8116913778449335,2.6767362192463406,-0.04223311789614437,-0.06909996750785208,-0.054767403497195555,0.042104062072113146,0.02186023683018705,0.02886776859031159
4/18/2005,-805.7180000000001,26626.7604,6.3553,160.3926,8.66,2.0507,1.139328063241107,1.2833498023715415,0.8178298234016432,2.6969791342260976,0.0075625363583478045,-0.06307475927729089,-0.009606587374199393,0.042104062072113146,0.02196880781950777,0.028472562474061446
4/19/2005,-805.7180000000001,26626.7604,6.3553,160.3926,8.495,2.0507,1.1301404212637913,1.3101805416248746,0.8022476154499951,2.645593273123637,-0.01905311778291008,-0.07793335504178878,0.03648121034651042,0.042104062072113146,0.022251425624187634,0.02742915925498095
4/20/2005,-805.7180000000001,26626.7604,6.3553,160.3926,8.635,2.0507,1.231842853450504,1.3812354613595246,0.8154688828029086,2.689193397695422,0.01648028251912903,-0.06273743623141204,-0.0011567379988431936,0.042104062072113146,0.022672112181929972,0.026629253293846383
4/21/2005,-805.7180000000001,26626.7604,6.3553,160.3926,8.924,2.0507,1.3185242920239024,1.2847492855287088,0.8427613561242798,2.7791965119900337,0.03346844238563973,0.01478280645894925,0.0921551829641416,0.042104062072113146,0.021775099987567555,0.02599537380780113
4/22/2005,-805.7180000000001,26626.7604,6.3553,160.3926,8.744,2.0507,1.3199787742106661,1.4099230565136645,0.8257625838133912,2.723139208969168,-0.020170327207530203,-0.037322470549377984,0.07737801872843764,0.042104062072113146,0.020945247229630173,0.026120779713968673
4/25/2005,-805.7180000000001,26626.7604,6.3553,160.3926,9.013,2.0507,1.4432095418812687,1.46218487394958,0.8511663046557748,2.80691373403924,0.03076395242451979,-0.007706704833204903,0.05848502642395759,0.042104062072113146,0.022106473909042915,0.025678627667551215
4/26/2005,-805.7180000000001,26626.7604,6.3553,160.3926,8.724,2.0507,1.6198198198198197,1.6798798798798797,0.8238738313344036,2.7169106197446276,-0.03206479529568396,-0.02241147467503357,0.02938053097345139,0.042104062072113146,0.02289277977053049,0.02600980458513074
4/27/2005,-805.7180000000001,26626.7604,6.3553,160.3926,8.754,2.0507,1.7262535035814386,1.766739333540953,0.826706960052885,2.6852760736196317,0.003438789546079679,-0.014633048176497132,0.02087463556851321,0.042104062072113146,0.02289483775905,0.025974040203410004
4/28/2005,-805.7180000000001,26626.7604,6.3553,160.3926,8.425,2.0507,1.5764525993883796,1.6801223241590213,0.7956369817735386,2.5843558282208594,-0.03758281928261353,-0.03868096759470541,-0.01288810779144689,0.042104062072113146,0.024149656974598095,0.02641030335144638
4/29/2005,-805.7180000000001,26626.7604,6.3553,160.3926,8.455,2.0507,1.5466867469879522,1.7509036144578314,0.79847011049202,2.593558282208589,0.0035608308605341588,-0.0742362859958392,-0.024122807017543768,0.03346844238563973,0.02203415136444813,0.02634465572847571
5/2/2005,-805.7180000000001,26626.7604,6.3553,160.3926,8.435,2.0507,1.495562130177515,1.616568047337278,0.7965813580130324,2.587423312883436,-0.0023654642223536193,-0.046246042514699104,-0.06215254614187227,0.03346844238563973,0.021064924847882412,0.02588922779257335
5/3/2005,-805.7180000000001,26626.7604,6.3553,160.3926,8.515,2.0507,1.5192307692307696,1.572189349112426,0.8041363679289829,2.611963190184049,0.009484291641967957,-0.02058891189325951,-0.06046562948251111,0.03346844238563973,0.020918282084007457,0.025899673548551612
5/4/2005,-805.7180000000001,26626.7604,6.3553,160.3926,9.552,2.0507,1.9300613496932515,1.7220858895705526,0.9020681839644914,2.842857142857143,0.12178508514386355,0.07640297498309656,0.030087350372047794,0.12178508514386355,0.03378289928235287,0.030016043233371148
5/5/2005,-805.7180000000001,26626.7604,6.3553,160.3926,9.672,2.0507,1.878571428571429,1.6973214285714282,0.9134006988384172,2.8363636363636364,0.012562814070351758,0.06719629261833848,0.04641350210970474,0.12178508514386355,0.033613034589901884,0.030046869488947036
5/6/2005,-805.7180000000001,26626.7604,6.3553,160.3926,10.12,2.0507,1.9590643274853798,1.6210526315789475,0.9557087543677399,2.9677419354838706,0.04631927212572351,0.1289602855867915,0.07294317217981328,0.12178508514386355,0.03467906483197612,0.03048833972498945
5/9/2005,-805.7180000000001,26626.7604,6.3553,160.3926,10.26,2.0507,2.0087976539589443,1.6519061583577708,0.9689300217206535,2.9825581395348837,0.013833992094861802,0.13457923255556792,0.10405681695900149,0.12178508514386355,0.03471423796104591,0.030454388812292753
5/10/2005,-805.7180000000001,26626.7604,6.3553,160.3926,10.519,2.0507,2.0578488372093022,1.6433139534883723,0.9933893663235432,2.963098591549296,0.025243664717349068,0.15682393049598597,0.2238510762070971,0.12178508514386355,0.034950116308043254,0.02894195847414777
5/11/2005,-805.7180000000001,26626.7604,6.3553,160.3926,10.409,2.0507,1.9321126760563385,1.5307042253521126,0.9830012276891114,2.7617405147253917,-0.010457267801121772,0.15861531611754232,0.20824143934997097,0.12178508514386355,0.034908987900580335,0.028995889116162268
5/12/2005,-805.7180000000001,26626.7604,6.3553,160.3926,10.24,2.0507,1.7169010347572304,1.3810029185460335,0.9670412692416659,2.6604312808521695,-0.016235949658949034,0.1410742143971473,0.22561340514661876,0.12178508514386355,0.03525187712996605,0.028787824452889087
5/13/2005,-805.7180000000001,26626.7604,6.3553,160.3926,10.28,2.0507,1.6570173171362108,1.3194623933833034,0.970818774199641,2.670823590542998,0.00390625,0.14553153554713605,0.20870076425631967,0.12178508514386355,0.035224090250741455,0.028729449019880962
5/16/2005,-805.7180000000001,26626.7604,6.3553,160.3926,10.33,2.0507,1.643295803480041,1.1993346980552713,0.9755406553971102,2.683813977656534,0.004863813229571967,0.20186154741128548,0.1693457097577542,0.12178508514386355,0.03337976512997671,0.02837346085230725
5/17/2005,-805.7180000000001,26626.7604,6.3553,160.3926,10.369000000000002,2.0507,1.693946479605093,1.2499350480644327,0.9792237227311362,2.693946479605093,0.0037754114230399427,0.19734411085450354,0.17509066183136923,0.12178508514386355,0.03339985756230767,0.028369027884041553
5/18/2005,-805.7180000000001,26626.7604,6.3553,160.3926,10.798,2.0507,1.8054040010392312,1.2070667705897633,1.0,2.7765492414502444,0.04137332433214369,0.27110064743967044,0.21681316204642775,0.12178508514386355,0.03345405373454053,0.028777923499651203
5/19/2005,-805.7180000000001,26626.7604,6.3553,160.3926,11.347000000000001,2.0507,1.9035312180143298,1.2095701125895597,1.0,2.9177166366675245,0.050842748657158765,0.3140706427330633,0.27867928780707696,0.12178508514386355,0.03450796033940822,0.029384233682767377
5/20/2005,-805.7180000000001,26626.7604,6.3553,160.3926,11.217,2.0507,1.812688064192578,1.2377131394182546,0.9885432272847448,2.8842890203137057,-0.011456772715255248,0.25694755714926054,0.2887178308823528,0.12178508514386355,0.03460936083168074,0.029300885349439497
5/23/2005,-805.7180000000001,26626.7604,6.3553,160.3926,11.217,2.0507,1.8842890203137057,1.2483929030599126,0.9885432272847448,2.8842890203137057,0.0,0.2828225068618482,0.2697532261716098,0.12178508514386355,0.03396040057332443,0.029275052499714828
5/24/2005,-805.7180000000001,26626.7604,6.3553,160.3926,10.898,2.0507,1.8022627924916432,1.3175623553612756,0.9604300696219263,2.753410813542193,-0.02843897655344574,0.20914234993897707,0.25206801470588225,0.12178508514386355,0.03481133115484473,0.029468550240868547
5/25/2005,-805.7180000000001,26626.7604,6.3553,160.3926,10.857999999999999,2.0507,1.6239729337844366,1.108264862252296,0.9569049087864632,2.7433046993431023,-0.003670398238208916,0.24461256304447487,0.20604243030101066,0.12178508514386355,0.03364238382214756,0.02922506015846671
5/26/2005,-805.7180000000001,26626.7604,6.3553,160.3926,11.017999999999999,2.0507,1.6308500477554917,1.0902578796561606,0.9710055521283156,2.783729156139464,0.014735678762203053,0.2586246287411469,0.2702328798708784,0.12178508514386355,0.033605907148303034,0.02880609624439455
5/27/2005,-805.7180000000001,26626.7604,6.3553,160.3926,11.187000000000001,2.0507,1.7232229795520935,1.0508763388510225,0.9858993566581475,2.8264274886306215,0.01533853693955356,0.32783382789317517,0.24799196787148592,0.12178508514386355,0.03166738463145859,0.028599397325934858
5/30/2005,-805.7180000000001,26626.7604,6.3553,160.3926,11.187000000000001,2.0507,1.6459318826868499,0.9997634815515613,0.9858993566581475,2.8264274886306215,0.0,0.32312241277350684,0.2302870339821843,0.12178508514386355,0.0317358034213153,0.028571824651361308
5/31/2005,-805.7180000000001,26626.7604,6.3553,160.3926,11.147,2.0507,1.6364711447492906,0.9950331125827816,0.9823741958226844,2.816321374431531,-0.003575578796817802,0.32151748666271485,0.22454135999121183,0.12178508514386355,0.031767854950614106,0.028584718060374867
6/1/2005,-805.7180000000001,26626.7604,6.3553,160.3926,11.167,2.0507,1.7383521333987244,1.0880333496812162,0.9841367762404158,2.8213744315310763,0.001794204718758463,0.3114503816793892,0.22137154106967083,0.12178508514386355,0.03186451377277933,0.02858544643503537
6/2/2005,-805.7180000000001,26626.7604,6.3553,160.3926,11.187000000000001,2.0507,1.7034799420009672,1.3083615273078784,0.9858993566581475,2.8264274886306215,0.0017909913136922029,0.17116834170854278,0.18481253971616196,0.050842748657158765,0.02002718978819913,0.02834158345184166
6/3/2005,-805.7180000000001,26626.7604,6.3553,160.3926,10.948,2.0507,1.6978807294233613,1.3834401182848697,0.9648365206662554,2.766043456291056,-0.02136408331098605,0.13192721257237383,0.17936012065065188,0.050842748657158765,0.02096516419283911,0.028398546654715803
6/6/2005,-805.7180000000001,26626.7604,6.3553,160.3926,11.107000000000001,2.0507,1.7370625924100547,1.4938393297190733,0.9788490349872213,2.806215260232441,0.014523200584581675,0.09752964426877497,0.1952006886904123,0.050842748657158765,0.01897043947275167,0.028434309080774985
6/7/2005,-805.7180000000001,26626.7604,6.3553,160.3926,10.908,2.0507,1.6424418604651159,1.4854651162790695,0.9613113598307921,2.7559373420919653,-0.01791662915278669,0.06315789473684208,0.18269543532473165,0.050842748657158765,0.019457585007179232,0.028527594092900507
6/8/2005,-805.7180000000001,26626.7604,6.3553,160.3926,10.698,2.0507,1.7028802425467409,1.657655381505811,0.9428042654446108,2.5853069115514744,-0.01925192519251917,0.017016826694552734,0.06660019940179462,0.050842748657158765,0.01934789664055238,0.02653157000111432
6/9/2005,-805.7180000000001,26626.7604,6.3553,160.3926,10.847999999999999,2.0507,1.6215563073948767,1.5154664088931855,0.9560236185775974,2.5542736048975745,0.014021312394840058,0.04217504083005075,0.12274891326847426,0.050842748657158765,0.01936176828608655,0.026124644976830435
6/10/2005,-805.7180000000001,26626.7604,6.3553,160.3926,10.937999999999999,2.0507,1.551434569629111,1.388616748308841,0.9639552304573894,2.575465034141747,0.008296460176991038,0.06816406249999996,0.1572154041472702,0.050842748657158765,0.01893259072848786,0.02595492561979196
6/13/2005,-805.7180000000001,26626.7604,6.3553,160.3926,11.337,2.0507,1.578348874232431,1.3379576984307477,0.999118709791134,2.6694137037909114,0.0364783324190896,0.10282101167315183,0.1906112161310649,0.050842748657158765,0.020270521688921968,0.026297158955870502
6/14/2005,-805.7180000000001,26626.7604,6.3553,160.3926,11.706,2.0507,1.5972930996228092,1.2919902374084757,1.0,2.7562985636920176,0.032548293199259115,0.13320425943852854,0.26784360446225497,0.050842748657158765,0.021151552103635844,0.026200332429597472
6/15/2005,-805.7180000000001,26626.7604,6.3553,160.3926,12.094000000000001,2.0507,1.8409678177120044,1.4357528776133432,1.0,2.8476571697668946,0.033145395523663135,0.16636126916771143,0.3084496375635617,0.050842748657158765,0.021940668011289067,0.026450919265301402
6/16/2005,-805.7180000000001,26626.7604,6.3553,160.3926,12.384,2.0507,1.868658790826963,1.5012740328932126,1.0,2.9159406639981165,0.02397883247891519,0.14687905167623638,0.3441875610550311,0.050842748657158765,0.0209050707867795,0.026542701086602144
6/17/2005,-805.7180000000001,26626.7604,6.3553,160.3926,12.423,2.0507,1.7998647734956048,1.557358575614154,1.0,2.925123616670591,0.0031492248062015005,0.09482682647395779,0.3484207098664931,0.0364783324190896,0.018304689714076988,0.026536012637696033
6/20/2005,-805.7180000000001,26626.7604,6.3553,160.3926,12.224,2.0507,1.7674892460946343,1.5395064523432196,0.9839813249617645,2.8782670120084766,-0.016018675038235508,0.0897744494963002,0.3900386627245849,0.0364783324190896,0.018529000641170707,0.025881934558822862
6/21/2005,-805.7180000000001,26626.7604,6.3553,160.3926,12.254000000000001,2.0507,1.7996344528215675,1.5627141877998634,0.9863962005956695,2.8853308217565345,0.0024541884816755566,0.09244896139787828,0.34911372894418147,0.0364783324190896,0.018508483844932744,0.025647056329330738
6/22/2005,-805.7180000000001,26626.7604,6.3553,160.3926,12.264000000000001,2.0507,1.8019191226867721,1.48983321909984,0.9872011591403044,2.8876854250058868,0.0008160600620206182,0.1253440998348323,0.35021468677749645,0.0364783324190896,0.016949976221113532,0.02564465561386102
6/23/2005,-805.7180000000001,26626.7604,6.3553,160.3926,12.234000000000002,2.0507,1.860416179565116,1.538695347205985,0.9847862835063995,2.8806216152578297,-0.0024461839530331986,0.12672683735494594,0.3709099058718066,0.0364783324190896,0.0169179416787446,0.025500405947696037
6/24/2005,-805.7180000000001,26626.7604,6.3553,160.3926,13.012,2.0507,1.9967756794104101,1.5375403040073699,1.0,3.0638097480574524,0.06359326467222481,0.18097658377200965,0.46465556055830715,0.06359326467222481,0.021056631051757736,0.026500574842331075
6/27/2005,-805.7180000000001,26626.7604,6.3553,160.3926,12.802,2.0507,1.9862374620947048,1.6095171448565435,0.9838610513372271,3.01436307982105,-0.01613894866277288,0.144363993921516,0.4607485166590599,0.06359326467222481,0.021632550629550367,0.02653452995381641
6/28/2005,-805.7180000000001,26626.7604,6.3553,160.3926,13.42,2.0507,2.1524547803617575,1.6279069767441867,1.0,3.159877560631034,0.04827370723324487,0.19960668633235001,0.4693966933099749,0.06359326467222481,0.023383369446877345,0.026679529690879045
6/29/2005,-805.7180000000001,26626.7604,6.3553,160.3926,13.919,2.0507,2.2019783758914198,1.5642972164711297,1.0,3.277372262773723,0.03718330849478391,0.24867677401991561,0.5738353686114881,0.06359326467222481,0.023974964080847504,0.026502342262657824
6/30/2005,-805.7180000000001,26626.7604,6.3553,160.3926,13.46,2.0507,2.110700254217703,1.580771897388491,0.9670234930670307,3.169295973628444,-0.032976506932969274,0.20533715411480258,0.5481941568898094,0.06359326467222481,0.025768850455604977,0.026816305927550906
7/1/2005,-805.7180000000001,26626.7604,6.3553,160.3926,13.68,2.0507,2.1688672689367614,1.5913829047949966,0.982829226237517,3.221097245114198,0.01634472511144125,0.22284794851166523,0.5415821501014197,0.06359326467222481,0.025754065833158424,0.02678678604446627
7/4/2005,-805.7180000000001,26626.7604,6.3553,160.3926,13.68,2.0507,2.1469979296066257,1.518518518518519,0.982829226237517,3.221097245114198,0.0,0.24954329557910104,0.509433962264151,0.06359326467222481,0.02486227718718601,0.026740821453997886
7/5/2005,-805.7180000000001,26626.7604,6.3553,160.3926,13.899000000000001,2.0507,2.242127361791463,1.5908560765103803,0.9985631151663195,3.272663056275018,0.01600877192982475,0.2513730080129648,0.5505354752342704,0.06359326467222481,0.024875047394597432,0.026666479798333257
7/6/2005,-805.7180000000001,26626.7604,6.3553,160.3926,14.687000000000001,2.0507,2.394268546336954,1.5209151837300667,1.0,3.458205792323994,0.05669472623929783,0.34644297763109666,0.6241291606767667,0.06359326467222481,0.025844002582304737,0.027382269844406434
7/7/2005,-805.7180000000001,26626.7604,6.3553,160.3926,14.796,2.0507,2.342218206460357,1.4165348994804612,1.0,3.4838709677419355,0.0074215292435486635,0.383062254627033,0.6271857472781259,0.06359326467222481,0.02472961724458451,0.027380457172890213
7/8/2005,-805.7180000000001,26626.7604,6.3553,160.3926,15.295,2.0507,2.5024043966109457,1.4840851843370735,1.0,3.6013656698846246,0.033725331170586736,0.4099373156342183,0.7024710596616206,0.06359326467222481,0.025028799768264803,0.027444733167499614
7/11/2005,-805.7180000000001,26626.7604,6.3553,160.3926,15.435,2.0507,2.4630917657617233,1.454117119138434,1.0,3.6343301153755596,0.009153318077803174,0.4111354909489855,0.7199687987519501,0.06359326467222481,0.025014960356892806,0.027415132377557834
7/12/2005,-805.7180000000001,26626.7604,6.3553,160.3926,14.936,2.0507,2.35113304913619,1.543639219205744,0.9676708778749594,3.5168354132328705,-0.03232912212504058,0.3174561171385728,0.664363717405839,0.06359326467222481,0.026757994808696964,0.02788495373452606
7/13/2005,-805.7180000000001,26626.7604,6.3553,160.3926,15.125,2.0507,2.5613374146456325,1.7562985636920176,0.9799157758341431,3.393538254431232,0.012653990358864498,0.29207244148300027,0.7597440372309481,0.06359326467222481,0.02640159633396153,0.027121548128924207
7/14/2005,-805.7180000000001,26626.7604,6.3553,160.3926,14.815999999999999,2.0507,2.3019835079117446,1.6953420993982617,0.9598963394881761,3.3242091092663224,-0.020429752066115747,0.22507028278485186,0.7108545034642031,0.06359326467222481,0.02690120799232334,0.027379587868208797
7/15/2005,-805.7180000000001,26626.7604,6.3553,160.3926,14.796,2.0507,2.319721785954678,1.7785505945703388,0.958600583090379,3.3048916685280316,-0.0013498920086393307,0.19476744186046502,0.7417304296645086,0.06359326467222481,0.02681328431691613,0.02717797896259221
7/18/2005,-805.7180000000001,26626.7604,6.3553,160.3926,14.467,2.0507,2.2314049586776856,1.7748492293946838,0.9372853903466148,3.1071735395189,-0.022235739389024012,0.16453352652338404,0.6753908511870297,0.06359326467222481,0.02764237806943743,0.027447084368697715
7/19/2005,-805.7180000000001,26626.7604,6.3553,160.3926,14.915999999999999,2.0507,1.9742771684945164,1.4374875373878369,0.9663751214771622,3.2036082474226797,0.03103615124075465,0.2202225130890052,0.6714477812640072,0.06359326467222481,0.027535813071276165,0.027413208218988353
7/20/2005,-805.7180000000001,26626.7604,6.3553,160.3926,15.155,2.0507,1.9398642095053344,1.3771096023278373,0.9818594104308389,3.2549398625429546,0.016023062483239592,0.23673902399216562,0.7331884720951509,0.06359326467222481,0.02751207208280108,0.027179940158085912
7/21/2005,-805.7180000000001,26626.7604,6.3553,160.3926,14.757,2.0507,1.8460945033751206,1.3652844744455161,0.9560738581146744,3.1694587628865976,-0.026261959749257602,0.20327788649706435,0.6373016753578165,0.06359326467222481,0.028602775784358506,0.027396250145959193
7/22/2005,-805.7180000000001,26626.7604,6.3553,160.3926,14.767000000000001,2.0507,1.8535265700483095,1.364057971014493,0.956721736313573,3.171606529209622,0.0006776445076914772,0.20704593755108713,0.6926868408986704,0.06359326467222481,0.028547054692389162,0.026926318344408093
7/25/2005,-805.7180000000001,26626.7604,6.3553,160.3926,14.657,2.0507,1.8937808489634747,1.5690029615004937,0.9495950761256884,3.147981099656357,-0.007449041782352617,0.12642176452505383,0.6743203107151017,0.05669472623929783,0.02588733686469271,0.026995715590797588
7/26/2005,-805.7180000000001,26626.7604,6.3553,160.3926,15.005999999999998,2.0507,2.034580384226491,1.5888776541961573,0.9722060252672496,3.222938144329896,0.023811148256805525,0.17216059990626453,0.7811275964391688,0.05669472623929783,0.025645751492108897,0.02640470231899881
7/27/2005,-805.7180000000001,26626.7604,6.3553,160.3926,15.165,2.0507,2.2570876288659787,1.8823024054982813,0.9825072886297376,3.0543806646525677,0.010595761695321837,0.13002980625931437,0.793613246599645,0.05669472623929783,0.023941586767088345,0.026393893037578407
7/28/2005,-805.7180000000001,26626.7604,6.3553,160.3926,15.953,2.0507,2.213091641490433,1.803423967774421,1.0,3.187412587412587,0.05196175403890546,0.14613118758531485,0.8912863070539416,0.05669472623929783,0.025090278920753134,0.026878070158251666
7/29/2005,-805.7180000000001,26626.7604,6.3553,160.3926,16.541,2.0507,2.304895104895105,1.6893106893106897,1.0,3.285203574975174,0.03685827117156659,0.22890044576523016,0.9425719318849088,0.05669472623929783,0.024163715505463344,0.0270816897036101
8/1/2005,-805.7180000000001,26626.7604,6.3553,160.3926,16.202,2.0507,2.198815399802567,1.7008884501480748,0.9795054712532496,3.217874875868918,-0.020494528746750396,0.18435672514619905,0.6961892797319935,0.05669472623929783,0.025012947183140278,0.02336724832628899
8/2/2005,-805.7180000000001,26626.7604,6.3553,160.3926,15.484000000000002,2.0507,1.946527117031399,1.603235014272122,0.936098180279306,3.075273088381331,-0.04431551660288857,0.13187134502923992,0.6009098428453268,0.05669472623929783,0.02750128368266226,0.024295459855233403
8/3/2005,-805.7180000000001,26626.7604,6.3553,160.3926,14.587,2.0507,1.8573947110675806,1.722624877571009,0.8818692944803821,2.8971201588877853,-0.05793076724360646,0.049499964026188836,0.44140316205533603,0.05669472623929783,0.030735627452259346,0.02516326955568989
8/4/2005,-805.7180000000001,26626.7604,6.3553,160.3926,14.258,2.0507,1.8039331366764992,1.8882989183874144,0.8619793241037421,2.8317775571002977,-0.02255432919723044,-0.029209505004425873,0.3896686159844054,0.05196175403890546,0.028570338753153592,0.02540008919647283
8/5/2005,-805.7180000000001,26626.7604,6.3553,160.3926,14.388,2.0507,1.7589645254074786,1.8372003835091082,0.8698385829151805,2.85759682224429,0.009117688315331884,-0.027575020275750206,0.36781062838672884,0.05196175403890546,0.02859778268442622,0.025279417488680234
8/8/2005,-805.7180000000001,26626.7604,6.3553,160.3926,14.218,2.0507,1.74743961352657,1.9555555555555557,0.8595610906232997,2.8238331678252235,-0.01181540172365858,-0.07041516835567174,0.36593332692861935,0.05196175403890546,0.027544970326550733,0.02529364353787951
8/9/2005,-805.7180000000001,26626.7604,6.3553,160.3926,14.308,2.0507,1.7436241610738255,1.9597315436241614,0.8650021159542953,2.841708043694141,0.0063300042200027384,-0.07301587301587309,0.39726562499999996,0.05196175403890546,0.027488963005352675,0.025143446889844896
8/10/2005,-805.7180000000001,26626.7604,6.3553,160.3926,14.597000000000001,2.0507,1.8481951219512198,1.914341463414634,0.8824738528504927,2.8991062562065544,0.020198490355046284,-0.022696839850026684,0.4199416342412454,0.05196175403890546,0.02709701319207515,0.025209100188112246
8/11/2005,-805.7180000000001,26626.7604,6.3553,160.3926,14.587,2.0507,1.874285714285714,1.980295566502463,0.8818692944803821,2.8971201588877853,-0.0006850722751251537,-0.0355702479338843,0.41210067763794767,0.05196175403890546,0.026923086522812577,0.025222438946325636
8/12/2005,-805.7180000000001,26626.7604,6.3553,160.3926,14.457,2.0507,1.8044616876818624,1.8741028128031036,0.8740100356689439,2.8713008937437934,-0.00891204497154996,-0.024230561555075525,0.394252097598611,0.05196175403890546,0.02663127748955819,0.02528945555698123
8/15/2005,-805.7180000000001,26626.7604,6.3553,160.3926,14.492,2.0507,1.8782522343594836,1.9386295928500497,0.8761259899643311,2.8499508357915437,0.002420972539254329,-0.02054609353879422,0.34210038896091866,0.05196175403890546,0.026640296000014056,0.024873538591209398
8/16/2005,-805.7180000000001,26626.7604,6.3553,160.3926,14.228,2.0507,1.733525456292027,1.7794428434197886,0.8601656489934103,2.79803343166175,-0.018216947281258666,-0.016520356673809466,0.253899709174231,0.05196175403890546,0.026491490775335108,0.02433585237179664
8/17/2005,-805.7180000000001,26626.7604,6.3553,160.3926,14.089,2.0507,1.7706981317600787,1.9333333333333331,0.8517622876488725,2.743719571567673,-0.009769468653359481,-0.05544381871815485,0.2560399393777302,0.05196175403890546,0.025545611154873218,0.024319615931418546
8/18/2005,-805.7180000000001,26626.7604,6.3553,160.3926,13.999,2.0507,1.6999035679845713,1.922854387656702,0.8463212623178769,2.726192794547225,-0.006387962240045453,-0.07627845595513028,0.24801640367299638,0.05196175403890546,0.02520329422488341,0.02434949788646585
8/19/2005,-805.7180000000001,26626.7604,6.3553,160.3926,14.128,2.0507,1.7406401551891366,1.8626576139670221,0.854120065292304,2.7513145082765336,0.0092149439245659,-0.04262383953378057,0.2963846577353644,0.05196175403890546,0.024784528237561727,0.024004759285887002
8/22/2005,-805.7180000000001,26626.7604,6.3553,160.3926,14.757,2.0507,1.8571151984511132,1.859051306873185,0.8921467867722628,2.873807205452775,0.044521517553793855,-0.0006771856165775914,0.35909007183643404,0.05196175403890546,0.026768975769759538,0.024505718919443083
8/23/2005,-805.7180000000001,26626.7604,6.3553,160.3926,14.737,2.0507,1.8699123661148978,1.8543330087633887,0.8909376700320416,2.8699123661148978,-0.0013552890153825103,0.005458142866889615,0.337538573243783,0.05196175403890546,0.026713638432893084,0.02448832001400661
8/24/2005,-805.7180000000001,26626.7604,6.3553,160.3926,14.796,2.0507,1.8814021421616358,1.9222979552093475,0.8945045644156943,2.820972354623451,0.0040035285336228466,-0.013994402239104309,0.32260659694287996,0.05196175403890546,0.02619780567570598,0.024452153481601638
8/25/2005,-805.7180000000001,26626.7604,6.3553,160.3926,15.015999999999998,2.0507,1.8629170638703525,1.8913250714966634,0.9078048485581282,2.7381473377097008,0.014868883482022088,-0.009825255522584952,0.34227228032537726,0.05196175403890546,0.026303403268741435,0.024477406561359858
8/26/2005,-805.7180000000001,26626.7604,6.3553,160.3926,14.617,2.0507,1.665390226112327,1.9090080233406272,0.883682969590714,2.6557049418604657,-0.026571656899307183,-0.08374600388641629,0.31129451870458413,0.044521517553793855,0.02400804067353031,0.024776627352197305
8/29/2005,-805.7180000000001,26626.7604,6.3553,160.3926,14.467,2.0507,1.628452034883721,2.0052688953488373,0.8746145940390545,2.501642745979596,-0.010262023671067988,-0.1253854059609455,0.29551356675920126,0.044521517553793855,0.02213948740685337,0.02484520162477189
8/30/2005,-805.7180000000001,26626.7604,6.3553,160.3926,14.856,2.0507,1.4834503510531594,1.7084587094617185,0.8981319146363581,2.56890887082829,0.026888781364484693,-0.08307616343661284,0.3279699651381065,0.044521517553793855,0.022999473626172662,0.025003080615240852
8/31/2005,-805.7180000000001,26626.7604,6.3553,160.3926,15.005999999999998,2.0507,1.5948469652429536,1.6775030261110158,0.9072002901880175,2.5127260549229735,0.010096930533117776,-0.03087057607853294,0.37066130800146135,0.044521517553793855,0.02121021263441643,0.024784941446022734
9/1/2005,-805.7180000000001,26626.7604,6.3553,160.3926,15.375,2.0507,1.5362916529198283,1.4063015506433518,0.9295084940451,2.5745144005358336,0.024590163934426368,0.05402070336601095,0.3842621770054919,0.044521517553793855,0.017510727979032567,0.02487752720198872
9/2/2005,-805.7180000000001,26626.7604,6.3553,160.3926,15.225,2.0507,1.5493971868720693,1.3874748827863361,0.9204401184934405,2.4748049414824447,-0.009756097560975618,0.06782157385327547,0.39576457645764584,0.044521517553793855,0.01679773463883388,0.024774787141677055
9/5/2005,-805.7180000000001,26626.7604,6.3553,160.3926,15.225,2.0507,1.4748049414824447,1.3387516254876464,0.9204401184934405,2.4391220762576094,0.0,0.05817347789824856,0.42316320807627594,0.044521517553793855,0.016756619943781005,0.02458119318469913
9/6/2005,-805.7180000000001,26626.7604,6.3553,160.3926,15.185,2.0507,1.3797210468578593,1.2281774016611817,0.918021885012998,2.4327138737584106,-0.002627257799671545,0.06801237867491916,0.39979719764011823,0.044521517553793855,0.01647268086290074,0.024582104635992332
9/7/2005,-805.7180000000001,26626.7604,6.3553,160.3926,15.514000000000001,2.0507,1.4543584875810787,1.2635658914728678,0.937911855389638,2.485421339314322,0.021666117879486357,0.08428850992451786,0.41835801791918104,0.044521517553793855,0.016948383792842924,0.024662911762239503
9/8/2005,-805.7180000000001,26626.7604,6.3553,160.3926,15.604000000000001,2.0507,1.3965596682537247,1.2418983259099985,0.9433528807206336,2.49983979493752,0.0058012118086889775,0.06898677810509013,0.3763782305724619,0.044521517553793855,0.016546655578385114,0.024349501041856198
9/9/2005,-805.7180000000001,26626.7604,6.3553,160.3926,15.902999999999999,2.0507,1.5315186246418335,1.322031200254696,0.9614291759869414,2.547741108619032,0.019161753396564896,0.09021731678892153,0.35853408508457196,0.044521517553793855,0.016870625912948637,0.02416625665040903
9/12/2005,-805.7180000000001,26626.7604,6.3553,160.3926,15.514000000000001,2.0507,1.3754402082376358,1.2135966926963713,0.937911855389638,2.485421339314322,-0.0244607935609632,0.07311337068548118,0.28278485199272363,0.044521517553793855,0.01779340429847904,0.024180156557506407
9/13/2005,-805.7180000000001,26626.7604,6.3553,160.3926,15.205,2.0507,1.3139552579516054,1.2054481814031348,0.9192310017532193,2.4359179750080098,-0.01991749387649866,0.04919955837703549,0.22779392764857875,0.044521517553793855,0.018515201250981345,0.024234781604695603
9/14/2005,-805.7180000000001,26626.7604,6.3553,160.3926,14.627,2.0507,1.317699255268579,1.2544763112026618,0.8842875279608247,2.3433194488945848,-0.038013811246300544,0.028043294911442196,0.17741286323754335,0.044521517553793855,0.020059737576474588,0.024794191646061413
9/15/2005,-805.7180000000001,26626.7604,6.3553,160.3926,14.886,2.0507,1.384812560076898,1.2571291252803585,0.8999455897466899,2.2053333333333334,0.017706980242018,0.05656895450351329,0.21776832460732987,0.044521517553793855,0.02018300535009329,0.02474323827505158
9/16/2005,-805.7180000000001,26626.7604,6.3553,160.3926,14.975999999999999,2.0507,1.2186666666666666,1.0739259259259262,0.9053866150776857,2.1672937771345873,0.006045949214026569,0.06979069933566673,0.2221315488819975,0.044521517553793855,0.02008157531631625,0.024745087001452754
9/19/2005,-805.7180000000001,26626.7604,6.3553,160.3926,15.036,2.0507,1.1544633901705112,1.0243587906576872,0.9090139652983495,2.1759768451519537,0.004006410256410353,0.0642695356738392,0.22602739726027377,0.044521517553793855,0.020038408152329913,0.024742793173782827
9/20/2005,-805.7180000000001,26626.7604,6.3553,160.3926,14.507,2.0507,1.0933621933621933,1.1294372294372295,0.877032827519497,2.0994211287988422,-0.035182229316307545,-0.0169411126922816,0.18579368971718146,0.026888781364484693,0.01934923141577817,0.025209860766317784
9/21/2005,-805.7180000000001,26626.7604,6.3553,160.3926,14.228,2.0507,1.041612856937868,1.1146505954943322,0.8601656489934103,2.0590448625180895,-0.019232094850761716,-0.0345389156544752,0.0934521979711036,0.026888781364484693,0.019771207355862627,0.024136853509061505
9/22/2005,-805.7180000000001,26626.7604,6.3553,160.3926,14.497,2.0507,1.0979739507959478,1.141244573082489,0.8764282691493863,2.0802123690629934,0.018906381782400894,-0.020208164368748283,0.13240118731448214,0.026888781364484693,0.020239965215904855,0.024122805684246264
9/23/2005,-805.7180000000001,26626.7604,6.3553,160.3926,14.388,2.0507,1.0645716745587603,1.1546850337207633,0.8698385829151805,2.0267643330046483,-0.007518796992481147,-0.041822056473095226,0.0721311475409836,0.026888781364484693,0.01996244664622316,0.023420259629973385
9/26/2005,-805.7180000000001,26626.7604,6.3553,160.3926,14.507,2.0507,1.0435272573601915,1.0590223975207778,0.877032827519497,1.9715955422669205,0.008270781206560995,-0.007525484025449947,0.04224441411020896,0.026888781364484693,0.01923909305799306,0.022986543589418876
9/27/2005,-805.7180000000001,26626.7604,6.3553,160.3926,14.975999999999999,2.0507,1.0353356890459362,0.9661592824136995,0.9053866150776857,2.00804505229284,0.032329220376370094,0.03518352111702483,0.11263001485884083,0.032329220376370094,0.020337003141558566,0.02290580052024656
9/28/2005,-805.7180000000001,26626.7604,6.3553,160.3926,14.806,2.0507,0.9615792262851088,0.9682034976152625,0.8951091227858049,1.985250737463127,-0.011351495726495742,-0.0033656435110394067,0.08230994152046778,0.032329220376370094,0.01968407798651731,0.022890919221709327
9/29/2005,-805.7180000000001,26626.7604,6.3553,160.3926,15.365,2.0507,0.9049094966526157,0.8604016860897592,0.9289039356749894,2.0602038079914187,0.03775496420370117,0.023923763827802258,0.12317251461988299,0.03775496420370117,0.021254348139708546,0.023340442933778578
9/30/2005,-805.7180000000001,26626.7604,6.3553,160.3926,15.405,2.0507,1.0655671761866454,1.0615446500402252,0.9313221691554319,1.9656756411892304,0.002603319232020729,0.0019512195121951237,0.10835311892941935,0.03775496420370117,0.02058280296616882,0.023272728071909544
10/3/2005,-805.7180000000001,26626.7604,6.3553,160.3926,15.624,2.0507,0.9936200076559907,0.9427076687507974,0.9445619974608549,1.9784728377865013,0.014216163583252284,0.026206896551724146,0.06379791652481792,0.03775496420370117,0.020662101914821217,0.022252603376304466
10/4/2005,-805.7180000000001,26626.7604,6.3553,160.3926,15.106,2.0507,0.8704804358593361,0.8852154531946506,0.9132458738891239,1.9128783082183107,-0.03315412186379929,-0.007816091954022997,0.020951608542849387,0.03775496420370117,0.02200062520665917,0.022653972087206542
10/5/2005,-805.7180000000001,26626.7604,6.3553,160.3926,15.135,2.0507,0.8071641791044777,0.8131343283582091,0.9149990931624448,1.9165505888312016,0.001919766980007953,-0.003292723081988802,-0.010460934946060818,0.03775496420370117,0.021997321410667733,0.0222543272861865
10/6/2005,-805.7180000000001,26626.7604,6.3553,160.3926,15.265,2.0507,0.8785380260890969,0.9091804085650999,0.9228583519738831,1.9330125364062303,0.008589362405021506,-0.016050019337372712,-0.011013929381276322,0.03775496420370117,0.0215357808150355,0.022250730768298664
10/7/2005,-805.7180000000001,26626.7604,6.3553,160.3926,15.325,2.0507,0.8975978207033182,0.9321446260525013,0.9264857021945468,1.9406103583639356,0.003930560104814962,-0.01788003076134337,0.026044456347080747,0.03775496420370117,0.021512058940906412,0.021864812245163814
10/10/2005,-805.7180000000001,26626.7604,6.3553,160.3926,15.215,2.0507,0.8586611287564134,0.9427070608355728,0.9198355601233299,1.9266810181081422,-0.007177814029363794,-0.04326227755769341,0.005950413223140494,0.03775496420370117,0.021063116749030334,0.021831848525355933
10/11/2005,-805.7180000000001,26626.7604,6.3553,160.3926,14.856,2.0507,0.8509843010216795,0.9329678544729632,0.8981319146363581,1.8812207167278712,-0.0235951363785738,-0.04241330411241462,0.0026997840172786614,0.03775496420370117,0.021017537297605048,0.021883974148912258
10/12/2005,-805.7180000000001,26626.7604,6.3553,160.3926,14.408,2.0507,0.8244903127770038,0.9254147144485247,0.8710476996554016,1.7774488033555391,-0.03015616585891223,-0.05241696810259788,-0.02622330359556635,0.03775496420370117,0.021569118479887364,0.022216959581870074
10/13/2005,-805.7180000000001,26626.7604,6.3553,160.3926,14.537,2.0507,0.793362941031335,0.8044658277818901,0.8788465026298289,1.7911532774765897,0.008953359244864068,-0.006153004717303623,0.004838598188981802,0.03775496420370117,0.02006768817855145,0.022064496218046622
10/14/2005,-805.7180000000001,26626.7604,6.3553,160.3926,14.995999999999999,2.0507,0.8477082306554953,0.8341547560374569,0.9065957318179069,1.8477082306554953,0.031574602737841184,0.00738949348381035,0.005363368195226537,0.03775496420370117,0.020894164460848085,0.022076688469794038
10/17/2005,-805.7180000000001,26626.7604,6.3553,160.3926,15.095999999999998,2.0507,0.8351568198395327,0.820568927789934,0.9126413155190133,1.8600295712173482,0.0066684449186449335,0.008012820512820484,-0.003893104585945273,0.03775496420370117,0.02090277826028814,0.022000731902795927
10/18/2005,-805.7180000000001,26626.7604,6.3553,160.3926,15.056,2.0507,0.804194128220491,0.8017974835230675,0.9102230820385707,1.8551010349926071,-0.002649708532061368,0.001330140994945328,0.020261570779968707,0.03775496420370117,0.020898821785514356,0.02174267744534488
10/19/2005,-805.7180000000001,26626.7604,6.3553,160.3926,15.255,2.0507,0.6999108535770002,0.6165589480722085,0.9222537936037725,1.8796205027106951,0.01321732199787462,0.0515613152271317,0.033046658088982106,0.03775496420370117,0.01940915230846549,0.02180116854738123
10/20/2005,-805.7180000000001,26626.7604,6.3553,160.3926,14.936,2.0507,0.6625111308993767,0.5837043633125556,0.9029683815972432,1.8403154263183834,-0.020911176663389153,0.049761034579701935,0.01903527324827725,0.03775496420370117,0.019506696986167565,0.021948312069664057
10/21/2005,-805.7180000000001,26626.7604,6.3553,160.3926,15.425,2.0507,0.7188544684644529,0.6154446177847113,0.9325312858956533,1.9005667816658454,0.03273968934118909,0.06401324411947296,0.027922164467546473,0.03775496420370117,0.020305771607552637,0.02212910218679399
10/24/2005,-805.7180000000001,26626.7604,6.3553,160.3926,15.923,2.0507,0.774348116781814,0.6032984176509917,0.9626382927271628,1.9619270576638739,0.03228525121555914,0.10668612732832927,0.049983514671942064,0.03775496420370117,0.021101765368700995,0.022452237887660636
10/25/2005,-805.7180000000001,26626.7604,6.3553,160.3926,15.534,2.0507,0.7158952833314927,0.602452225781509,0.9391209721298591,1.9139970428782653,-0.024430069710481672,0.07079341007789353,-0.026264652416473355,0.03775496420370117,0.022038026543019784,0.02170730722995352
10/26/2005,-805.7180000000001,26626.7604,6.3553,160.3926,14.895999999999999,2.0507,0.639986788506,0.6487944511725199,0.9005501481168006,1.835386890093642,-0.04107119866100173,-0.005341880341880323,-0.09944985188319944,0.03775496420370117,0.023034107754418515,0.021782355412292075
10/27/2005,-805.7180000000001,26626.7604,6.3553,160.3926,14.607000000000001,2.0507,0.6479016245487368,0.670351985559567,0.8830784112206034,1.799778215869887,-0.019401181525241507,-0.013440497095771886,-0.09844463646463397,0.03775496420370117,0.023297888749061805,0.02176734873268026
10/28/2005,-805.7180000000001,26626.7604,6.3553,160.3926,14.607000000000001,2.0507,0.6516282225237451,0.7373360470375396,0.8830784112206034,1.799778215869887,0.0,-0.04933289944679464,-0.056639111340738846,0.03273968934118909,0.02160256265651505,0.021063096534940404
10/31/2005,-805.7180000000001,26626.7604,6.3553,160.3926,14.727,2.0507,0.6595672751859363,0.7359702501690331,0.890333111661931,1.8145638245441105,0.00821523926884371,-0.04401168451801363,0.009597586892438503,0.03273968934118909,0.021699230586023438,0.01977371781698461
11/1/2005,-805.7180000000001,26626.7604,6.3553,160.3926,14.627,2.0507,0.594571023656383,0.7032595661179548,0.8842875279608247,1.8022424839822575,-0.0067902492021456595,-0.06381208397337423,0.02588020760274934,0.03273968934118909,0.021400501528050276,0.019578053603043166
11/2/2005,-805.7180000000001,26626.7604,6.3553,160.3926,14.587,2.0507,0.5781672617115654,0.6343178621659633,0.8818692944803821,1.797313947757516,-0.0027346687632461286,-0.034357209056004256,0.013830970252988628,0.03273968934118909,0.020250031050564523,0.0195517575402048
11/3/2005,-805.7180000000001,26626.7604,6.3553,160.3926,14.856,2.0507,0.6684636118598384,0.6997978436657681,0.8981319146363581,1.830458353868901,0.01844107767189973,-0.018434093161546095,0.04487269658179782,0.03273968934118909,0.020704063743694382,0.01961820047934943
11/4/2005,-805.7180000000001,26626.7604,6.3553,160.3926,15.325,2.0507,0.7077111655894806,0.7010251838644974,0.9264857021945468,1.8882454411039922,0.03156973613354874,0.003930560104814962,0.07107911657813815,0.03273968934118909,0.02179700801110422,0.019985436279458136
11/7/2005,-805.7180000000001,26626.7604,6.3553,160.3926,15.305,2.0507,0.7035841495992876,0.7058103294746214,0.9252765854543256,1.8857811729916216,-0.0013050570962479524,-0.0013050570962479524,0.04850311707885169,0.03273968934118909,0.021784704252401154,0.01984034379739243
11/8/2005,-805.7180000000001,26626.7604,6.3553,160.3926,16.382,2.0507,0.8460671624971827,0.7145593869731799,0.9903875219152409,2.01848201084278,0.07036916040509644,0.07670062438383196,0.12305477479947902,0.07036916040509644,0.02653298226699187,0.021680392902514927
11/9/2005,-805.7180000000001,26626.7604,6.3553,160.3926,16.98,2.0507,0.8910791847644506,0.654527230203809,1.0,2.0921636274026616,0.03650347942864118,0.14297253634895002,0.1745175347582486,0.07036916040509644,0.02666477777371834,0.022060926791767792
11/10/2005,-805.7180000000001,26626.7604,6.3553,160.3926,17.05,2.0507,0.9476810600868177,0.6458761708933058,1.0,2.1007885657959586,0.0041224970553592755,0.18337034980566358,0.1765111785812863,0.07036916040509644,0.025309340245243908,0.022061503696741366
11/11/2005,-805.7180000000001,26626.7604,6.3553,160.3926,17.08,2.0507,0.9182389937106916,0.6326370170709794,1.0,2.1044849679645146,0.0017595307917888103,0.17493292976542607,0.20044981726173727,0.07036916040509644,0.02534942929536362,0.021897191758027113
11/14/2005,-805.7180000000001,26626.7604,6.3553,160.3926,16.92,2.0507,0.9002695417789759,0.6841868823000896,0.9906323185011712,2.0847708230655497,-0.009367681498828828,0.1283008802347294,0.20093690112854,0.07036916040509644,0.025018589939582933,0.021893429831707938
11/15/2005,-805.7180000000001,26626.7604,6.3553,160.3926,16.82,2.0507,0.9964391691394658,0.7918100890207711,0.9847775175644029,2.0724494825036963,-0.005910165484633634,0.11420243773184957,0.20151439388527748,0.07036916040509644,0.025153470672707262,0.02189015679675677
11/16/2005,-805.7180000000001,26626.7604,6.3553,160.3926,16.651,2.0507,0.8554713617116112,0.6777356808558055,0.9748829039812648,2.0516264169541647,-0.01004756242568372,0.10593783209351759,0.17858154020385042,0.07036916040509644,0.025323948143863635,0.02193858581502952
11/17/2005,-805.7180000000001,26626.7604,6.3553,160.3926,17.349,2.0507,0.8124738821562889,0.5937108232344337,1.0,2.1376293740758996,0.041919404239985525,0.13726647000983272,0.17564545639357587,0.07036916040509644,0.026529393784003267,0.021861172934204046
11/18/2005,-805.7180000000001,26626.7604,6.3553,160.3926,17.608,2.0507,0.7712503772256312,0.5024645407906647,1.0,2.169541646131099,0.014928814340884111,0.17889662560257102,0.19481576983103754,0.07036916040509644,0.025822990493160156,0.02190740372528741
11/21/2005,-805.7180000000001,26626.7604,6.3553,160.3926,18.266,2.0507,0.8392911086496824,0.5532171986708287,1.0,2.2506160670280924,0.03736937755565628,0.18418152350081018,0.23452284401189494,0.07036916040509644,0.02606180197111056,0.022329727437538385
11/22/2005,-805.7180000000001,26626.7604,6.3553,160.3926,18.625,2.0507,0.7589007460572292,0.5037302861460005,1.0,2.2948496796451456,0.019654001970874857,0.1696916410224203,0.24034363345764542,0.07036916040509644,0.025625115790799603,0.022376787519617632
11/23/2005,-805.7180000000001,26626.7604,6.3553,160.3926,18.575,2.0507,0.8500996015936255,0.5472111553784862,0.9973154362416107,2.288689009364219,-0.0026845637583893245,0.19576413029483697,0.2707805979339124,0.07036916040509644,0.02467951966158987,0.022056184389911082
11/24/2005,-805.7180000000001,26626.7604,6.3553,160.3926,18.575,2.0507,0.8913552591385805,0.5167498218104063,0.9973154362416107,2.288689009364219,0.0,0.24697905477980675,0.2839565908619617,0.07036916040509644,0.02200983527895853,0.021986576041071255
11/25/2005,-805.7180000000001,26626.7604,6.3553,160.3926,18.077,2.0507,0.8276210696592865,0.47679708826205647,0.9705771812080538,2.2273287333661904,-0.026810228802153335,0.23755733552406388,0.21681475498115255,0.07036916040509644,0.022570254425497926,0.022133654147648663
11/28/2005,-805.7180000000001,26626.7604,6.3553,160.3926,17.927,2.0507,0.8216644649933948,0.48430037597805087,0.9625234899328858,2.2088467225234107,-0.008297837030480815,0.22728828643800902,0.19465547114487558,0.07036916040509644,0.022833234493162963,0.022164645994459678
11/29/2005,-805.7180000000001,26626.7604,6.3553,160.3926,17.637999999999998,2.0507,0.8739906502337438,0.5647046323841902,0.9470067114093959,2.173238048299655,-0.016120934902660866,0.1976641542744617,0.14718699186991868,0.07036916040509644,0.023537356905314246,0.022120445976222872
11/30/2005,-805.7180000000001,26626.7604,6.3553,160.3926,18.386,2.0507,0.9068657954781163,0.5170089193113461,0.9871677852348993,2.2654016757023165,0.042408436330649835,0.2569904970260477,0.2076190476190476,0.07036916040509644,0.02433420162885478,0.022627771453571456
12/1/2005,-805.7180000000001,26626.7604,6.3553,160.3926,19.134,2.0507,0.9344858962693359,0.4747750480234556,1.0,2.357565303104978,0.040683128467312146,0.31171591142798394,0.2567487684729064,0.07036916040509644,0.024925926800999684,0.023108955950438055
12/2/2005,-805.7180000000001,26626.7604,6.3553,160.3926,19.114,2.0507,1.0115765102083771,0.5634603241422858,0.9989547402529528,2.3551010349926074,-0.001045259747047167,0.28661820140010774,0.2587421797826803,0.07036916040509644,0.02508694522824927,0.023102613189768195
12/5/2005,-805.7180000000001,26626.7604,6.3553,160.3926,18.894000000000002,2.0507,0.9554957565721383,0.5861105361208858,0.9874568830354344,2.3279940857565307,-0.011509888040179939,0.2328874388254487,0.21786773237076185,0.07036916040509644,0.025199253293647732,0.02306966499857899
12/6/2005,-805.7180000000001,26626.7604,6.3553,160.3926,18.884,2.0507,0.9425984980969035,0.5744264993313444,0.9869342531619107,2.326761951700345,-0.0005292685508627715,0.2338451486442339,0.21020251217636488,0.07036916040509644,0.025181928873100033,0.023072794301875962
12/7/2005,-805.7180000000001,26626.7604,6.3553,160.3926,18.595,2.0507,0.9714800678541136,0.7368532654792197,0.9718302498170794,2.2911532774765893,-0.015303961025206592,0.13508729092906835,0.16927623718795193,0.042408436330649835,0.021667096329374722,0.02309905025909967
12/8/2005,-805.7180000000001,26626.7604,6.3553,160.3926,18.635,2.0507,0.9841354344122657,0.8079216354344121,0.9739207693111739,2.296081813701331,0.002151115891368738,0.09746760895170792,0.20117313394353498,0.042408436330649835,0.020537936330677638,0.022835320832788955
12/9/2005,-805.7180000000001,26626.7604,6.3553,160.3926,18.775,2.0507,0.9821579391891888,0.8000422297297296,0.9812375875405037,2.313331690487925,0.007512744834987872,0.10117302052785915,0.23479118710950342,0.042408436330649835,0.020547015652073886,0.022648791747210763
12/12/2005,-805.7180000000001,26626.7604,6.3553,160.3926,18.426,2.0507,0.9189752134971878,0.7787960841491353,0.9629978049545311,2.2703302119270576,-0.018588548601864208,0.0788056206088994,0.2597251657892936,0.042408436330649835,0.02116787818750117,0.022200877763682222
12/13/2005,-805.7180000000001,26626.7604,6.3553,160.3926,17.628,2.0507,0.8358675275984169,0.7621328889814623,0.9212919410473502,2.17200591424347,-0.04330836860957332,0.04184397163120557,0.1841999193873438,0.042408436330649835,0.02340353776166687,0.022908954339314655
12/14/2005,-805.7180000000001,26626.7604,6.3553,160.3926,17.957,2.0507,0.9575929357898181,0.8336422108361496,0.9384864638862758,2.2125431246919667,0.018663489902428054,0.06759809750297263,0.19905181623931645,0.042408436330649835,0.023590670762673203,0.022991520261237523
12/15/2005,-805.7180000000001,26626.7604,6.3553,160.3926,17.837,2.0507,0.9032223644899702,0.7766752027315407,0.9322149054039929,2.197757516017743,-0.00668263072896369,0.07122695333613605,0.18628624634211222,0.042408436330649835,0.02350616124156782,0.0230244675578971
12/16/2005,-805.7180000000001,26626.7604,6.3553,160.3926,17.887,2.0507,0.9499618445437699,0.891311457538428,0.9348280547716108,2.2039181862986696,0.0028031619666983865,0.03101043287797567,0.23299096987661128,0.042408436330649835,0.021801092579155197,0.022500554292034257
12/19/2005,-805.7180000000001,26626.7604,6.3553,160.3926,17.319000000000003,2.0507,0.8901014951435122,0.9216413838262578,0.9051426779554721,2.133932971907344,-0.031754905797506394,-0.016412994093593758,0.2172476806297443,0.042408436330649835,0.02274246239268088,0.022759133133903306
12/20/2005,-805.7180000000001,26626.7604,6.3553,160.3926,17.409000000000002,2.0507,0.8814438560466877,0.9740624662271693,0.9098463468171842,2.145022178413012,0.005196604884808664,-0.046917770721559005,0.20086914534041544,0.042408436330649835,0.02108403862078717,0.022673646321782547
12/21/2005,-805.7180000000001,26626.7604,6.3553,160.3926,17.748,2.0507,0.939036381514258,1.0348519611056486,0.9275634995296331,2.1867915229176935,0.019472686541444073,-0.04708724832214761,0.23352793994995835,0.042408436330649835,0.021074730827864926,0.022723554464025658
12/22/2005,-805.7180000000001,26626.7604,6.3553,160.3926,17.758,2.0507,0.9529308259100406,1.0427801605630704,0.9280861294031566,2.1880236569738787,0.0005634437683117444,-0.043983849259757735,0.2240987109671193,0.042408436330649835,0.021082013236751865,0.022718688990902375
12/23/2005,-805.7180000000001,26626.7604,6.3553,160.3926,18.027,2.0507,1.0360289134854308,1.0979218432346962,0.9421448730009407,2.2211680630852637,0.015148102263768504,-0.02950201884253023,0.20372596153846168,0.042408436330649835,0.02140792824376629,0.022468375772955962
12/26/2005,-805.7180000000001,26626.7604,6.3553,160.3926,18.027,2.0507,1.017797179314977,1.0233937765838372,0.9421448730009407,2.2211680630852637,0.0,-0.0027659456768269752,0.2175469404295558,0.042408436330649835,0.020588463073901712,0.022395245979713867
12/27/2005,-805.7180000000001,26626.7604,6.3553,160.3926,17.947,2.0507,1.0619255514705879,1.0596277573529411,0.9379638340127521,2.211310990635781,-0.004437787762800349,0.0011156356334021122,0.1680442564269442,0.042408436330649835,0.020527164148954506,0.021977496799758144
12/28/2005,-805.7180000000001,26626.7604,6.3553,160.3926,17.847,2.0507,1.0088923908149483,0.9853669518235026,0.9327375352775165,2.198989650073928,-0.00557196188778053,0.011849416033564042,0.15851996105160682,0.042408436330649835,0.020233396043985847,0.022002224839661022
12/29/2005,-805.7180000000001,26626.7604,6.3553,160.3926,17.917,2.0507,1.051408289443554,1.105106480421342,0.9363959443921815,2.2076145884672256,0.003922227825404745,-0.025508539105841277,0.1467613927291347,0.040683128467312146,0.017877852660090184,0.021952543532290293
12/30/2005,-805.7180000000001,26626.7604,6.3553,160.3926,17.847,2.0507,1.062045060658579,1.2107452339688045,0.9327375352775165,2.198989650073928,-0.00390690405759897,-0.06726246472248354,0.18145107904144053,0.019472686541444073,0.015102611612995972,0.02149273131706993
1/2/2006,-805.7180000000001,26626.7604,6.3553,160.3926,17.847,2.0507,1.0788584740827023,1.2264414676761795,0.9327375352775165,2.198989650073928,0.0,-0.06628649157685462,0.17918731417244804,0.019472686541444073,0.015111788785719468,0.021495468932223934
1/3/2006,-805.7180000000001,26626.7604,6.3553,160.3926,18.366,2.0507,1.086097228532485,1.1460699681962745,0.9598620257133897,2.2629374075899458,0.02908051773407294,-0.027945379485551092,0.2031444480838518,0.02908051773407294,0.016519422917858812,0.02173745880476315
1/4/2006,-805.7180000000001,26626.7604,6.3553,160.3926,18.665,2.0507,1.12005906406179,1.144934120854157,0.9754886589317445,2.2997782158698867,0.016280082761624737,-0.011597119254395327,0.2179445350734095,0.02908051773407294,0.01695592497209377,0.0218000184084153
1/5/2006,-805.7180000000001,26626.7604,6.3553,160.3926,18.665,2.0507,1.05267788408666,1.0449796546794237,0.9754886589317445,2.2997782158698867,0.0,0.0037644528098952357,0.2267499178442327,0.02908051773407294,0.016609444403906517,0.021762747781802035
1/6/2006,-805.7180000000001,26626.7604,6.3553,160.3926,18.675,2.0507,1.1357502287282708,1.1311756633119856,0.9760112888052681,2.3010103499260723,0.0005357621216179886,0.002146498524282281,0.25706785137318255,0.02908051773407294,0.01660423885799617,0.021489163827255093
1/9/2006,-805.7180000000001,26626.7604,6.3553,160.3926,18.795,2.0507,1.2931918008784775,1.2907515861395802,0.982282847287551,2.315795958600296,0.006425702811245104,0.0010652463382159194,0.30448362021099395,0.02908051773407294,0.016582094513305855,0.0210447380516792
1/10/2006,-805.7180000000001,26626.7604,6.3553,160.3926,18.685,2.0507,1.1613649508386352,1.1314054366685946,0.9765339186787916,2.302242483982257,-0.005852620377760243,0.014056224899598346,0.2853408543716034,0.02908051773407294,0.01608672382996189,0.021076215686400928
1/11/2006,-805.7180000000001,26626.7604,6.3553,160.3926,18.675,2.0507,1.2855219679353813,1.157385876881655,0.9760112888052681,2.3010103499260723,-0.0005351886540003736,0.05939414567733148,0.24533208855694877,0.02908051773407294,0.012541285956348378,0.020790073831532738
1/12/2006,-805.7180000000001,26626.7604,6.3553,160.3926,18.445999999999998,2.0507,1.272794480039428,1.2125431246919667,0.9640430647015782,2.2077797725912625,-0.012262382864792643,0.027231720220526556,0.22191308956014844,0.02908051773407294,0.01240358437777141,0.020883066287971416
1/13/2006,-805.7180000000001,26626.7604,6.3553,160.3926,18.506,2.0507,1.1733411626541397,1.0947739283617146,0.9671788439427198,2.214961101137044,0.0032527377209152775,0.03750630711442504,0.22914452709883104,0.02908051773407294,0.012270502998789264,0.020868728382887645
1/16/2006,-805.7180000000001,26626.7604,6.3553,160.3926,18.506,2.0507,1.183598820058997,1.1105604719764015,0.9671788439427198,2.214961101137044,0.0,0.03460613853636718,0.21311045558833164,0.02908051773407294,0.012274595055277983,0.020835797100701665
1/17/2006,-805.7180000000001,26626.7604,6.3553,160.3926,18.236,2.0507,1.1266472303207,1.019708454810496,0.9530678373575834,2.1826451226810293,-0.014589862747217075,0.05294762977077183,0.22094268880557055,0.02908051773407294,0.010357720266511326,0.020732372584522707
1/18/2006,-805.7180000000001,26626.7604,6.3553,160.3926,18.545,2.0507,1.1728178090216757,1.039718804920914,0.9692171004494617,2.2196289646918013,0.01694450537398562,0.06525360445746453,0.20226904376012977,0.02908051773407294,0.01081711592805689,0.02046542191941682
1/19/2006,-805.7180000000001,26626.7604,6.3553,160.3926,19.044,2.0507,1.1980609418282548,1.048476454293629,0.9952963311382879,2.2793536804308796,0.02690752224319226,0.0730223123732252,0.19600577780568984,0.02908051773407294,0.011482046242763222,0.020352769320337114
1/20/2006,-805.7180000000001,26626.7604,6.3553,160.3926,18.825,2.0507,1.0930620413609073,0.9744273960418055,0.9838507369081216,2.253141831238779,-0.011499684940138644,0.06008559522468748,0.2118578601776746,0.02908051773407294,0.011925501477425736,0.020135248147410228
1/23/2006,-805.7180000000001,26626.7604,6.3553,160.3926,18.854,2.0507,1.0803266026701976,0.9890764647467729,0.98536636354134,2.2566128067025732,0.0015405046480743145,0.045875630997947336,0.2657089151450054,0.02908051773407294,0.01158877418268869,0.019321599470356117
1/24/2006,-805.7180000000001,26626.7604,6.3553,160.3926,19.752,2.0507,1.1300549983824006,0.9440310579100617,1.0,2.364093357271095,0.04762915031293091,0.09568979863538019,0.35222838365167375,0.04762915031293091,0.015226269166971318,0.019854411714396145
1/25/2006,-805.7180000000001,26626.7604,6.3553,160.3926,20.051,2.0507,1.169317321216055,0.9416855999134479,1.0,2.3998803111909033,0.015137707573916526,0.11723407811890563,0.3726980214965425,0.04762915031293091,0.015252874244969952,0.019884594014642418
1/26/2006,-805.7180000000001,26626.7604,6.3553,160.3926,20.41,2.0507,1.1639100932994064,0.8921755725190841,1.0,2.442848593656493,0.017904343922996446,0.14360957023589394,0.3858898621579412,0.04762915031293091,0.015268675382020874,0.01994541047787559
1/27/2006,-805.7180000000001,26626.7604,6.3553,160.3926,20.819000000000003,2.0507,1.2402883891100833,0.9280103303561824,1.0,2.4918013165769004,0.020039196472317666,0.16196907964502993,0.42332672455048903,0.04762915031293091,0.015534331123548075,0.01996763619745767
1/30/2006,-805.7180000000001,26626.7604,6.3553,160.3926,20.54,2.0507,1.3897614892379289,1.0764397905759164,0.9865987799606127,2.4584081388390184,-0.013401220039387263,0.15089370762593135,0.4081031055049016,0.04762915031293091,0.016007371817193035,0.020086148270080026
1/31/2006,-805.7180000000001,26626.7604,6.3553,160.3926,21.785999999999998,2.0507,1.5288450377248983,1.0716192687173534,1.0,2.6075403949730696,0.06066212268743909,0.22070936291813736,0.46647819063004836,0.06066212268743909,0.019748566664584064,0.02119385057079487
2/1/2006,-805.7180000000001,26626.7604,6.3553,160.3926,21.098000000000003,2.0507,1.525194494314782,1.1982046678635547,0.9684200862939505,2.504213649851632,-0.03157991370604951,0.14875313078514663,0.3767047308319742,0.06066212268743909,0.021161525815793926,0.021471595037167238
2/2/2006,-805.7180000000001,26626.7604,6.3553,160.3926,20.639,2.0507,1.4266901822457374,1.1945914168136387,0.9473515101441293,2.4497329376854595,-0.021755616646127796,0.10575944280739358,0.3485135576608951,0.06066212268743909,0.02192662611816843,0.0217263068741745
2/3/2006,-805.7180000000001,26626.7604,6.3553,160.3926,20.49,2.0507,1.3194475888612178,1.1128594068372197,0.940512255576976,2.4320474777448067,-0.007219342022384834,0.09777658719528537,0.25076303259675226,0.06066212268743909,0.02206548753772183,0.020098351761423182
2/6/2006,-805.7180000000001,26626.7604,6.3553,160.3926,20.898000000000003,2.0507,1.3683136899365373,1.1163871260199456,0.9592398788212616,2.4804747774480713,0.019912152269399908,0.11903614457831346,0.2307420494699648,0.06066212268743909,0.022287523340506495,0.019768304833756023
2/7/2006,-805.7180000000001,26626.7604,6.3553,160.3926,20.37,2.0507,1.2954699121027722,1.1179851250845165,0.9350041310933629,2.4178041543026705,-0.025265575653172667,0.0837988826815641,0.19472140762463352,0.06066212268743909,0.02327985272981408,0.0200971748971838
2/8/2006,-805.7180000000001,26626.7604,6.3553,160.3926,20.51,2.0507,1.311246337615506,1.1055893621816542,0.9414302763242451,2.4344213649851634,0.0068728522336769515,0.09767192935509783,0.2008196721311477,0.06066212268743909,0.023173382285528968,0.02010230680689046
2/9/2006,-805.7180000000001,26626.7604,6.3553,160.3926,20.35,2.0507,1.3380055147058822,1.1455652573529411,0.934086110346094,2.4154302670623147,-0.007801072647489082,0.08969210174029452,0.20271867612293137,0.06066212268743909,0.023309294762097223,0.02008759132973628
2/10/2006,-805.7180000000001,26626.7604,6.3553,160.3926,20.729,2.0507,1.346502150781073,1.0880688249943398,0.9514826035068393,2.460415430267062,0.018624078624078555,0.12376667028081978,0.2324019024970272,0.06066212268743909,0.023182520769925646,0.02014721792376426
2/13/2006,-805.7180000000001,26626.7604,6.3553,160.3926,20.24,2.0507,1.3253676470588234,1.1261488970588234,0.9290369962361149,2.4023738872403557,-0.023590139418206424,0.09369934075434982,0.2155426100534501,0.06066212268743909,0.02405502153790732,0.020365381628934174
2/14/2006,-805.7180000000001,26626.7604,6.3553,160.3926,20.918000000000003,2.0507,1.3234477396423419,1.0555370432078197,0.9601578995685305,2.4828486646884276,0.033498023715415215,0.130336107208473,0.2057179088131882,0.06066212268743909,0.02483644741304778,0.020134167363249616
2/15/2006,-805.7180000000001,26626.7604,6.3553,160.3926,21.686,2.0507,1.5001152870647916,1.1023749135347014,0.9954098962636556,2.574005934718101,0.03671479108901421,0.18918622504935279,0.231599273057701,0.06066212268743909,0.02521565630354888,0.020522696125770568
2/16/2006,-805.7180000000001,26626.7604,6.3553,160.3926,21.945,2.0507,1.4481258366800533,1.068830879071843,1.0,2.604747774480712,0.011943189154293155,0.1833378269075221,0.20141246030877058,0.06066212268743909,0.025156297821874,0.02009172837777727
2/17/2006,-805.7180000000001,26626.7604,6.3553,160.3926,21.925,2.0507,1.411195425052238,1.0943582975915538,0.999088630667578,2.602373887240356,-0.000911369332421974,0.15128124343625293,0.17718120805369142,0.06066212268743909,0.024860734072658864,0.01998544809315521
2/20/2006,-805.7180000000001,26626.7604,6.3553,160.3926,21.925,2.0507,1.408546632978139,1.0679995605844228,0.999088630667578,2.602373887240356,0.0,0.16467463479415678,0.18034993270524913,0.06066212268743909,0.024557166913155716,0.019976452522119915
2/21/2006,-805.7180000000001,26626.7604,6.3553,160.3926,21.915,2.0507,1.3969156731926065,1.062124029312042,0.998632946001367,2.6011869436201778,-0.00045610034207532735,0.1623528163784873,0.17981157469717357,0.06066212268743909,0.024585523697891656,0.019977577348557988
2/22/2006,-805.7180000000001,26626.7604,6.3553,160.3926,22.284000000000002,2.0507,1.360093200593095,1.0919296759161194,1.0,2.6449851632047476,0.016837782340862528,0.12818955042527347,0.23272666924821594,0.06066212268743909,0.022933671066412278,0.01968808334099453
2/23/2006,-805.7180000000001,26626.7604,6.3553,160.3926,22.045,2.0507,1.3747710869331038,1.1599698373370675,0.989274816011488,2.6166172106824925,-0.010725183988511966,0.099446411650292,0.22970937691749893,0.06066212268743909,0.023112611488499118,0.019713933347537158
2/24/2006,-805.7180000000001,26626.7604,6.3553,160.3926,22.723000000000003,2.0507,1.4451737867211882,1.1962767674593784,1.0,2.697091988130564,0.030755273304604147,0.11332680058794731,0.2882979929697247,0.06066212268743909,0.02364165047570842,0.019846490670281696
2/27/2006,-805.7180000000001,26626.7604,6.3553,160.3926,22.584,2.0507,1.4486609563048902,1.2572915537243854,0.9938828499757953,2.680593471810089,-0.006117150024204654,0.08477832748931258,0.22832590014141196,0.06066212268743909,0.023519884828349574,0.01927391766900596
2/28/2006,-805.7180000000001,26626.7604,6.3553,160.3926,22.424,2.0507,1.235692921236291,1.0478564307078764,0.9868415262069268,2.66160237388724,-0.007084661707403517,0.09172346640701079,0.17194522838925463,0.06066212268743909,0.023323875845292316,0.01871714410440073
3/1/2006,-805.7180000000001,26626.7604,6.3553,160.3926,22.564,2.0507,1.3353342993169113,1.2548126681846403,0.9930026845046868,2.6782195845697325,0.00624331073849449,0.03571100706875985,0.18049597153918584,0.03671479108901421,0.019470173858912622,0.01871619193076415
3/2/2006,-805.7180000000001,26626.7604,6.3553,160.3926,22.853,2.0507,1.4177951756242066,1.2321201862039781,1.0,2.7125222551928783,0.012808012763694476,0.08318324011754652,0.209537419286546,0.03671479108901421,0.01801424083316105,0.018666828840809887
3/3/2006,-805.7180000000001,26626.7604,6.3553,160.3926,22.085,2.0507,1.3193656794791009,1.167506826296996,0.9663939088959874,2.6213649851632046,-0.03360609110401258,0.07006153398905002,0.16950857869095537,0.03671479108901421,0.019017922472084288,0.0192299244198963
3/6/2006,-805.7180000000001,26626.7604,6.3553,160.3926,21.855999999999998,2.0507,1.367161269359905,1.2192136900249109,0.9563733426683585,2.594183976261127,-0.010369028752547083,0.06666666666666665,0.17536972304382892,0.03671479108901421,0.01911802900128649,0.019165472796887396
3/7/2006,-805.7180000000001,26626.7604,6.3553,160.3926,21.296999999999997,2.0507,1.304122038299253,1.2609542356377803,0.9319126591694743,2.5278338278931747,-0.025576500732064522,0.019092736146999467,0.14284947679098448,0.03671479108901421,0.01970397127907109,0.01949493583055022
3/8/2006,-805.7180000000001,26626.7604,6.3553,160.3926,21.058000000000003,2.0507,1.2856832736350814,1.2110061869098017,0.9214545136305956,2.49946587537092,-0.01122223787387866,0.03377515954835553,0.12159786950732387,0.03671479108901421,0.01899031479163074,0.019557050487118664
3/9/2006,-805.7180000000001,26626.7604,6.3553,160.3926,21.158,2.0507,1.2965375013567786,1.2262021057201782,0.9258303067430972,2.5113353115727004,0.004748789058789837,0.03159434422233054,0.1482687506783893,0.03671479108901421,0.0189673313292611,0.019380815716424353
3/10/2006,-805.7180000000001,26626.7604,6.3553,160.3926,21.646,2.0507,1.4614509893108938,1.3140777803047534,0.9471841771321051,2.5692581602373887,0.02306456186785133,0.06368550368550374,0.2279328341275244,0.03671479108901421,0.0193893017915596,0.018647233357507904
3/13/2006,-805.7180000000001,26626.7604,6.3553,160.3926,21.326999999999998,2.0507,1.348012771110866,1.2821754926786304,0.9332253971032248,2.5313946587537086,-0.014737133881548625,0.02884847315355299,0.18767054630506186,0.03671479108901421,0.019422398447221403,0.018682041702782086
3/14/2006,-805.7180000000001,26626.7604,6.3553,160.3926,21.686,2.0507,1.3875371573268742,1.2283386546295274,0.9489344943771058,2.574005934718101,0.016833122333192785,0.07144268774703555,0.2157874081964457,0.03671479108901421,0.01880106995936404,0.01872228884187721
3/15/2006,-805.7180000000001,26626.7604,6.3553,160.3926,21.756,2.0507,1.4379202151501569,1.3440161362617666,0.9519975495558569,2.582314540059347,0.0032278889606198735,0.040061191318481626,0.21630234248336788,0.03671479108901421,0.017498127874818154,0.01872219181119936
3/16/2006,-805.7180000000001,26626.7604,6.3553,160.3926,21.506999999999998,2.0507,1.4208689779378654,1.4410175596578116,0.9411018247057278,2.5527596439169136,-0.011445118587975811,-0.00825417319929922,0.24181534730642618,0.030755273304604147,0.01579651926429427,0.018278729134355284
3/17/2006,-805.7180000000001,26626.7604,6.3553,160.3926,23.79,2.0507,1.7145139205842082,1.5039936102236422,1.0,2.8237388724035606,0.10615148556284004,0.08407382091592619,0.36653455109426125,0.10615148556284004,0.02805833816702549,0.022384512995475076
3/20/2006,-805.7180000000001,26626.7604,6.3553,160.3926,24.029,2.0507,1.6310084309646338,1.4006350596737112,1.0,2.8521068249258157,0.010046237915090517,0.09596351197263386,0.3538990308767185,0.10615148556284004,0.02806021419464478,0.022319040142415862
3/21/2006,-805.7180000000001,26626.7604,6.3553,160.3926,23.68,2.0507,1.677521483491633,1.4790818634102219,0.9854758833076699,2.810682492581602,-0.014524116692330113,0.08004561003420751,0.3334835003941885,0.10615148556284004,0.02836007815179054,0.02244862818101828
3/22/2006,-805.7180000000001,26626.7604,6.3553,160.3926,23.77,2.0507,1.734069473199908,1.520703933747412,0.9892213575263223,2.8213649851632043,0.0038006756756756577,0.08464522016883413,0.31857768902202244,0.10615148556284004,0.028341537380610175,0.0224099118671091
3/23/2006,-805.7180000000001,26626.7604,6.3553,160.3926,23.66,2.0507,1.6662159116520168,1.5111561866125762,0.9846435557035249,2.8083086053412463,-0.00462768195204033,0.06174833961586779,0.31247573084817204,0.10615148556284004,0.028251538164688773,0.022432937623830106
3/24/2006,-805.7180000000001,26626.7604,6.3553,160.3926,24.039,2.0507,1.652432969215492,1.4324175217919017,1.0,2.853293768545994,0.016018596787827688,0.09045134951236111,0.33944391820359954,0.10615148556284004,0.028194151212742588,0.022448549339954365
3/27/2006,-805.7180000000001,26626.7604,6.3553,160.3926,24.119,2.0507,1.6906514948683622,1.5349174475680503,1.0,2.862789317507418,0.0033279254544698045,0.06143554988337785,0.3514316131562727,0.10615148556284004,0.027544621807064493,0.022409614245950036
3/28/2006,-805.7180000000001,26626.7604,6.3553,160.3926,23.252,2.0507,1.571270596041137,1.4974013048767003,0.9640532360379783,2.7598813056379816,-0.03594676396202168,0.029578462628409463,0.29776190210414666,0.10615148556284004,0.028789522957831448,0.0229967190492339
3/29/2006,-805.7180000000001,26626.7604,6.3553,160.3926,23.101999999999997,2.0507,1.5406356537996255,1.4660728032552512,0.9578340727227496,2.742077151335311,-0.006451057973507757,0.030235462004994496,0.2944472460357481,0.10615148556284004,0.0287801117294378,0.023013768047150333
3/30/2006,-805.7180000000001,26626.7604,6.3553,160.3926,23.112,2.0507,1.572573463935886,1.5115761353517363,0.9582486836104316,2.743264094955489,0.000432862955588309,0.024286474029427296,0.2950075642965202,0.10615148556284004,0.02876316703567791,0.023012510250117836
3/31/2006,-805.7180000000001,26626.7604,6.3553,160.3926,23.340999999999998,2.0507,1.6009583240472471,1.5465790060173839,0.9677432729383473,2.770445103857566,0.009908272758740067,0.021353870389007934,0.2708809757159969,0.10615148556284004,0.028713192568544918,0.022806252016517706
4/3/2006,-805.7180000000001,26626.7604,6.3553,160.3926,23.441,2.0507,1.6121016269222195,1.4609984399375975,0.9718893818151665,2.782314540059347,0.004284306584979358,0.0613991396875706,0.25587998928475764,0.10615148556284004,0.02757237896482597,0.022752607303113435
4/4/2006,-805.7180000000001,26626.7604,6.3553,160.3926,23.061999999999998,2.0507,1.6831878999418262,1.5428737638161718,0.9561756291720219,2.737329376854599,-0.016168252207670375,0.0551793557833089,0.23557460487543525,0.10615148556284004,0.027743458707407617,0.02288775983830626
4/5/2006,-805.7180000000001,26626.7604,6.3553,160.3926,22.673000000000002,2.0507,1.6181293302540416,1.4592378752886832,0.9400472656411958,2.6911572700296738,-0.016867574364755722,0.0646100389726254,0.21408299866131197,0.10615148556284004,0.027358746603588294,0.023030099761824057
4/6/2006,-805.7180000000001,26626.7604,6.3553,160.3926,23.421,2.0507,1.757033549146557,1.4788699234844032,0.9710601600398027,2.7799406528189907,0.03299078198738581,0.11221388545920763,0.2461292897047085,0.10615148556284004,0.027879424385980484,0.02332879984453547
4/7/2006,-805.7180000000001,26626.7604,6.3553,160.3926,23.261999999999997,2.0507,1.693920092646207,1.4502605674580198,0.9644678469256601,2.7610682492581597,-0.006788779300627712,0.09944229133188376,0.24495584693604489,0.10615148556284004,0.028006948524351972,0.02333531869881327
4/10/2006,-805.7180000000001,26626.7604,6.3553,160.3926,22.941999999999997,2.0507,1.570820259973106,1.4255939040788888,0.951200298519839,2.7230860534124623,-0.013756340813343648,0.05987249376328174,0.22848728246318584,0.10615148556284004,0.027964292858664756,0.023433675691564328
4/11/2006,-805.7180000000001,26626.7604,6.3553,160.3926,22.743000000000002,2.0507,1.6009835315645016,1.4390439158279964,0.9429495418549692,2.6994658753709198,-0.008674047598291157,0.06639471092980753,0.23295023311287033,0.10615148556284004,0.027801435192418844,0.02339899415641941
4/12/2006,-805.7180000000001,26626.7604,6.3553,160.3926,23.081999999999997,2.0507,1.5609674914013087,1.4060801065128148,0.9570048509473857,2.739703264094955,0.014905685265795832,0.06437332841464527,0.2472711553009832,0.10615148556284004,0.02775807941091804,0.023442285712100396
4/13/2006,-805.7180000000001,26626.7604,6.3553,160.3926,23.031999999999996,2.0507,1.6400733608436493,1.4938101788170566,0.9549317965089762,2.7337685459940646,-0.002166190104843646,0.05865048722191557,0.24456932886631333,0.10615148556284004,0.027783977333440738,0.02344950266633403
4/14/2006,-805.7180000000001,26626.7604,6.3553,160.3926,23.031999999999996,2.0507,1.6310258167694767,1.4568197395476354,0.9549317965089762,2.7337685459940646,0.0,0.0709071465104385,0.2629962711120857,0.10615148556284004,0.02759665497716876,0.023337307175427067
4/17/2006,-805.7180000000001,26626.7604,6.3553,160.3926,22.803,2.0507,1.706587537091988,1.8237388724035606,0.9454372071810606,2.703378778897451,-0.00994268843348367,-0.04148802017654474,0.22960366675653798,0.03299078198738581,0.014593791229846593,0.023342138389169053
4/18/2006,-805.7180000000001,26626.7604,6.3553,160.3926,23.191999999999997,2.0507,1.742992312241277,1.841986989946777,0.9615655707118868,2.74949614700652,0.01705915888260301,-0.03483291023346802,0.21781138416299073,0.03299078198738581,0.014956886593461656,0.02321580792451689
4/19/2006,-805.7180000000001,26626.7604,6.3553,160.3926,23.67,2.0507,1.8061647895672794,1.807350326022525,0.9813839711430823,2.779800352319436,0.02061055536391887,-0.0004222972972972583,0.257370517928287,0.03299078198738581,0.015395249443441606,0.023236085917376144
4/20/2006,-805.7180000000001,26626.7604,6.3553,160.3926,23.68,2.0507,1.7809747504403992,1.7915443335290662,0.9817985820307641,2.479061976549414,0.00042247570764675224,-0.003786285233487563,0.2559669035748382,0.03299078198738581,0.015372200916457501,0.02323834457156329
4/21/2006,-805.7180000000001,26626.7604,6.3553,160.3926,23.191999999999997,2.0507,1.427973199329983,1.4769681742043552,0.9615655707118868,2.397849462365591,-0.020608108108108203,-0.019780219780219932,0.17415957877683264,0.03299078198738581,0.015992239907643,0.022751632356534757
4/24/2006,-805.7180000000001,26626.7604,6.3553,160.3926,23.66,2.0507,1.446236559139785,1.485421836228288,0.9809693602554003,2.3379446640316206,0.020179372197309586,-0.01576604684055083,0.17999102289162638,0.03299078198738581,0.016235332793739062,0.022804534049886263
4/25/2006,-805.7180000000001,26626.7604,6.3553,160.3926,24.009,2.0507,1.372430830039526,1.3833003952569172,0.995439280235499,2.34462890625,0.014750633981403194,-0.004560719764501009,0.17633512983831445,0.03299078198738581,0.016562647913944635,0.022774463413175756
4/26/2006,-805.7180000000001,26626.7604,6.3553,160.3926,25.605,2.0507,1.4956140350877192,1.2662768031189082,1.0,2.50048828125,0.0664750718480569,0.10119559607775686,0.22988616167923515,0.0664750718480569,0.02016366195513727,0.024055794214742413
4/27/2006,-805.7180000000001,26626.7604,6.3553,160.3926,25.256,2.0507,1.4009886871375605,1.196216370377412,0.9863698496387424,2.46640625,-0.013630150361257587,0.09323868063371155,0.22960077896786757,0.0664750718480569,0.0204229720722952,0.024058415895580117
4/28/2006,-805.7180000000001,26626.7604,6.3553,160.3926,25.046,2.0507,1.4061869535978477,1.2203862042463252,0.9781683264987306,2.4458984375,-0.008314855875831473,0.08367947386638974,0.14963738180482888,0.0664750718480569,0.02059743738174532,0.022962581474016308
5/1/2006,-805.7180000000001,26626.7604,6.3553,160.3926,25.186,2.0507,1.4595703125,1.27939453125,0.9836360085920719,2.45,0.005589714924538969,0.07904545649286665,0.19376244193762426,0.0664750718480569,0.020557352986792024,0.02254739903093068
5/2/2006,-805.7180000000001,26626.7604,6.3553,160.3926,26.173000000000002,2.0507,1.5460116731517513,1.2802529182879376,1.0,2.5336882865440464,0.03918843802112293,0.11654792884262632,0.2681331459857552,0.0664750718480569,0.021959459408414726,0.022771853456015716
5/3/2006,-805.7180000000001,26626.7604,6.3553,160.3926,26.303,2.0507,1.5462729912875122,1.2325266214908033,1.0,2.5366959205323556,0.004966950674359039,0.1405342121238402,0.28369936554416797,0.0664750718480569,0.021394333614065182,0.022726503524131646
5/4/2006,-805.7180000000001,26626.7604,6.3553,160.3926,26.283,2.0507,1.5347670942231648,1.1866139454142153,0.9992396304604038,2.4568143578238923,-0.0007603695395962395,0.15922021788029816,0.2576801607809358,0.0664750718480569,0.020795232445833207,0.022645364069117352
5/5/2006,-805.7180000000001,26626.7604,6.3553,160.3926,26.451999999999998,2.0507,1.4497129097981105,1.1690127801444712,1.0,2.4726117031220785,0.0064300117946960444,0.12941377396353704,0.2985763377515953,0.0664750718480569,0.0199423543492899,0.02233713699200495
5/8/2006,-805.7180000000001,26626.7604,6.3553,160.3926,26.671,2.0507,1.35048911606592,1.0500572838635756,1.0,2.4930828192185452,0.008279147134432119,0.1465480182271517,0.30039005363237425,0.0664750718480569,0.019729256324190904,0.02234035625378787
5/9/2006,-805.7180000000001,26626.7604,6.3553,160.3926,26.511999999999997,2.0507,1.363555317821164,1.0452884015333863,0.9940384687488282,2.4782202280800147,-0.0059615312511718255,0.15560979862261348,0.30280098280098255,0.0664750718480569,0.01939536579239137,0.02232532711363902
5/10/2006,-805.7180000000001,26626.7604,6.3553,160.3926,25.674,2.0507,1.2888472853704198,1.027547472586253,0.9626185744816468,2.399887829500841,-0.031608328304164046,0.1288748186255111,0.23855468184668815,0.0664750718480569,0.0209134105442083,0.02270458340669644
5/11/2006,-805.7180000000001,26626.7604,6.3553,160.3926,24.179000000000002,2.0507,1.2186639750412924,1.1180033033584142,0.9065651831577369,2.260142082632268,-0.05823011607073292,0.04752621090026876,0.19461462450592903,0.0664750718480569,0.02503793532435455,0.02376934048131186
5/12/2006,-805.7180000000001,26626.7604,6.3553,160.3926,24.189,2.0507,1.2277583348683003,1.1212009578191195,0.9069401222301376,2.261076836791924,0.0004135820339963292,0.05023445640847535,0.1563725021512572,0.0664750718480569,0.025020162559054482,0.023450211480395947
5/15/2006,-805.7180000000001,26626.7604,6.3553,160.3926,24.418000000000003,2.0507,1.2161916863314581,1.090397531312398,0.9155262269881146,2.2824827070480467,0.009467113150605666,0.06017714484195924,0.1259798948630455,0.0664750718480569,0.02505559896832141,0.023058369113526486
5/16/2006,-805.7180000000001,26626.7604,6.3553,160.3926,24.259,2.0507,1.1684991508000357,1.0383480825958702,0.9095646957369428,2.2676201159095157,-0.006511589810795471,0.06385124764285388,0.10544543176122123,0.0664750718480569,0.024977466831684572,0.023049056588224415
5/17/2006,-805.7180000000001,26626.7604,6.3553,160.3926,22.663,2.0507,1.025833556807008,1.0731205863949222,0.8497244197817855,2.1184333520284166,-0.0657900160765077,-0.022809589513625217,0.03366020524515401,0.0664750718480569,0.02891895016750594,0.02457330771188047
5/18/2006,-805.7180000000001,26626.7604,6.3553,160.3926,22.105,2.0507,0.983044765407733,1.1234412846505788,0.8288028195418244,2.066274069919611,-0.02462162996955386,-0.06611744824672583,0.00820980615735456,0.0664750718480569,0.028937036672640862,0.02478144388536367
5/19/2006,-805.7180000000001,26626.7604,6.3553,160.3926,22.235,2.0507,0.991134592997224,1.1205337154114803,0.833677027483034,2.078425873995139,0.005881022393123603,-0.06102195945945943,0.014601870864704658,0.0664750718480569,0.028992375903460165,0.024790659375079238
5/22/2006,-805.7180000000001,26626.7604,6.3553,160.3926,20.54,2.0507,0.8360597121659066,1.0731205863949222,0.7701248547111095,1.9199850439334454,-0.07623116707892963,-0.11434977578475325,-0.07826243044336756,0.0664750718480569,0.03298640698904597,0.026516044139242176
5/23/2006,-805.7180000000001,26626.7604,6.3553,160.3926,21.068,2.0507,0.9243697478991597,1.1611253196930944,0.7899216377338684,1.969340063563283,0.02570593962999035,-0.10955198647506337,-0.04431843955545478,0.0664750718480569,0.03322056027920957,0.02669604928441379
5/24/2006,-805.7180000000001,26626.7604,6.3553,160.3926,21.935,2.0507,0.9748807058611684,1.161609795624381,0.822428855311012,2.0503832492054586,0.041152458705145056,-0.08638427256445502,-0.03467851956167778,0.0664750718480569,0.03448017873735444,0.026922750166435003
5/25/2006,-805.7180000000001,26626.7604,6.3553,160.3926,23.391,2.0507,1.1443894389438944,1.3473597359735976,0.8770199842525589,2.186483454851374,0.06637793480738541,-0.08646748681898075,0.035733262486716155,0.06637793480738541,0.034470296276714184,0.0281856713649728
5/26/2006,-805.7180000000001,26626.7604,6.3553,160.3926,23.74,2.0507,1.2191063750233688,1.36081510562722,0.8901053578793445,2.1884218289085546,0.014920268479329701,-0.06002534051314545,0.058687120941848026,0.06637793480738541,0.03462275065126179,0.02822088723620005
5/29/2006,-805.7180000000001,26626.7604,6.3553,160.3926,23.74,2.0507,1.1884218289085546,1.308812684365782,0.8901053578793445,2.1704150667398063,0.0,-0.05214405493891239,0.052118418720084936,0.06637793480738541,0.034598837513566925,0.028214188308269002
5/30/2006,-805.7180000000001,26626.7604,6.3553,160.3926,22.873,2.0507,1.09115011885171,1.3026147376119952,0.8575981403022009,2.0175531445708743,-0.036520640269587124,-0.09183673469387754,0.000875158622500205,0.06637793480738541,0.035350995902187404,0.028568955688887555
5/31/2006,-805.7180000000001,26626.7604,6.3553,160.3926,22.823,2.0507,1.0131428067389963,1.3086354414748174,0.8557234449401973,1.9496839227746456,-0.0021859834739649253,-0.1279944981469454,0.033416345936155833,0.06637793480738541,0.03395036721215685,0.02823785381212646
6/1/2006,-805.7180000000001,26626.7604,6.3553,160.3926,23.88,2.0507,1.0399794976934906,1.246967367162139,0.8953545048929549,1.974532826194807,0.046312929939096525,-0.09211876972208499,0.09260614934114209,0.06637793480738541,0.03576513236514068,0.028770636527365785
6/2/2006,-805.7180000000001,26626.7604,6.3553,160.3926,23.84,2.0507,0.9712254010253016,1.1732263932528526,0.893854748603352,1.950261780104712,-0.0016750418760468344,-0.09294981547007575,0.11940648917687957,0.06637793480738541,0.03576157816810694,0.028560492906802907
6/5/2006,-805.7180000000001,26626.7604,6.3553,160.3926,22.693,2.0507,0.8324450904392766,1.1359819121447026,0.8508492369989877,1.8564299738219896,-0.04811241610738248,-0.1421064569786783,0.07764270111121663,0.06637793480738541,0.036926422551368146,0.029210674293850897
6/6/2006,-805.7180000000001,26626.7604,6.3553,160.3926,22.823,2.0507,0.8371568864203494,1.1469049343958786,0.8557234449401973,1.8670647905759161,0.00572863878729124,-0.14427655505980275,0.07869363834010779,0.06637793480738541,0.03687914592272308,0.02921263640914931
6/7/2006,-805.7180000000001,26626.7604,6.3553,160.3926,22.773000000000003,2.0507,0.8629744764397909,1.1688481675392666,0.8538487495781937,1.8614516920058852,-0.00219077246637156,-0.14103047676523817,0.05206504665989109,0.06637793480738541,0.036892290516741824,0.029086622889449514
6/8/2006,-805.7180000000001,26626.7604,6.3553,160.3926,23.241999999999997,2.0507,0.8966867961481961,1.0951526032315977,0.8714333920737879,1.8997874775216606,0.020594563737759364,-0.09472618212978123,0.08979228208374357,0.06637793480738541,0.03687871687728113,0.029114614333580133
6/9/2006,-805.7180000000001,26626.7604,6.3553,160.3926,22.723000000000003,2.0507,0.8528212654924985,0.971542726679713,0.85197405421619,1.8573647212685958,-0.022330264176920855,-0.06021754414988212,0.04781886931660995,0.06637793480738541,0.0350283431203687,0.02920597282546945
6/12/2006,-805.7180000000001,26626.7604,6.3553,160.3926,21.596,2.0507,0.7652444008500896,0.9771947032859243,0.809718420756627,1.686923918137791,-0.04959732429696795,-0.10719748646078797,-0.007354293068578821,0.06637793480738541,0.03649931960419896,0.02989574411124318
6/13/2006,-805.7180000000001,26626.7604,6.3553,160.3926,20.898000000000003,2.0507,0.6060559483553645,0.8765754687980327,0.7835476735030559,1.6324011873144824,-0.0323208001481754,-0.14415595052829877,-0.028316362114660043,0.06637793480738541,0.03682347698256154,0.030142915270631093
6/14/2006,-805.7180000000001,26626.7604,6.3553,160.3926,21.546999999999997,2.0507,0.6830963911888766,0.8949382908920482,0.8078812193018634,1.6055886736214604,0.0310556034070244,-0.11179356115256212,-0.09428331231609932,0.06637793480738541,0.03773603644291387,0.02722011269962485
6/15/2006,-805.7180000000001,26626.7604,6.3553,160.3926,23.441,2.0507,0.7467213114754099,0.6887481371087929,0.8788946796145626,1.7415304606240711,0.08790086787023732,0.0343290826457221,-0.024470431561862793,0.08790086787023732,0.040170653947768725,0.02941768274330105
6/16/2006,-805.7180000000001,26626.7604,6.3553,160.3926,22.813000000000002,2.0507,0.6389826855377543,0.5881169624254616,0.8553485058677965,1.6948736998514116,-0.026790665927221347,0.03202895272562767,-0.03661317567567557,0.08790086787023732,0.04024625225529965,0.029555849390903912
6/19/2006,-805.7180000000001,26626.7604,6.3553,160.3926,22.165,2.0507,0.6467310549777117,0.6519316493313521,0.8310524539762288,1.6202485380116958,-0.028404856879849394,-0.0031481897908702816,-0.06752208666386206,0.08790086787023732,0.04078428826240876,0.029763974389040552
6/20/2006,-805.7180000000001,26626.7604,6.3553,160.3926,22.613000000000003,2.0507,0.6529970760233921,0.5014619883040936,0.8478497244197819,1.652997076023392,0.020212046018497798,0.10092502434274597,-0.04425190194420947,0.08790086787023732,0.03694495854759519,0.02987507178496837
6/21/2006,-805.7180000000001,26626.7604,6.3553,160.3926,23.340999999999998,2.0507,0.7062134502923976,0.5400584795321639,0.8751452888905552,1.679329448161738,0.03219387078229308,0.10788874121891001,-0.02903614959024936,0.08790086787023732,0.037151298422162186,0.03008616042888131
6/22/2006,-805.7180000000001,26626.7604,6.3553,160.3926,22.941999999999997,2.0507,0.6506223469314336,0.5781710914454274,0.8601852199017659,1.638831345096078,-0.017094383274067093,0.04590836562571221,-0.048799701480160995,0.08790086787023732,0.03652860663976775,0.030159406084875075
6/23/2006,-805.7180000000001,26626.7604,6.3553,160.3926,23.101999999999997,2.0507,0.5729556750868112,0.5926329406958533,0.8661842450601777,1.6502607329094932,0.006974108621741859,-0.012355179342482203,-0.006451057973507757,0.08790086787023732,0.03353349288796772,0.029825184790952863
6/26/2006,-805.7180000000001,26626.7604,6.3553,160.3926,23.171999999999997,2.0507,0.5660989456609893,0.6044876993782102,0.8688088185669828,1.6552610900778624,0.003030040689117941,-0.023925863521482738,0.003030040689117941,0.08790086787023732,0.0333678220728297,0.02981431297134708
6/27/2006,-805.7180000000001,26626.7604,6.3553,160.3926,22.195,2.0507,0.45112781954887216,0.5521412226217717,0.8321772711934311,1.5854703907421959,-0.04216295529086811,-0.06508003369839921,-0.03967635860159213,0.08790086787023732,0.03457470579686881,0.030294630208481634
6/28/2006,-805.7180000000001,26626.7604,6.3553,160.3926,22.235,2.0507,0.44055717525105265,0.48189180434078405,0.833677027483034,1.5883277376955496,0.0018022077044379525,-0.027893149127792616,-0.047384430829870094,0.08790086787023732,0.03369710619593393,0.030268245629429313
6/29/2006,-805.7180000000001,26626.7604,6.3553,160.3926,23.590999999999998,2.0507,0.5794724156400641,0.5280530262453134,0.8845187657005736,1.6851917994142436,0.060984933663143615,0.033650265083468245,0.006399044409368226,0.08790086787023732,0.03628835712953153,0.03123490689157846
6/30/2006,-805.7180000000001,26626.7604,6.3553,160.3926,26.063000000000002,2.0507,0.7231735537190085,0.5788429752066115,0.9772037043980354,1.8617758411315095,0.10478572336908165,0.0914154103852598,0.1301274824386438,0.10478572336908165,0.04168480773998151,0.03380077272058676
7/3/2006,-805.7180000000001,26626.7604,6.3553,160.3926,25.055999999999997,2.0507,0.691144708423326,0.6090712742980562,0.9394473398072812,1.7898421315808268,-0.0386371484479916,0.051006711409395944,0.10510298593040157,0.10478572336908165,0.042746686400957835,0.034111806893868085
7/4/2006,-805.7180000000001,26626.7604,6.3553,160.3926,25.055999999999997,2.0507,0.6934306569343065,0.5337253311705867,0.9394473398072812,1.7898421315808268,0.0,0.10412902657207046,0.06980914563852947,0.10478572336908165,0.04111611725903586,0.03388325095716603
7/5/2006,-805.7180000000001,26626.7604,6.3553,160.3926,24.906999999999996,2.0507,0.7216423584710028,0.577590378101887,0.9338607476285102,1.7791985141795839,-0.005946679438058822,0.09131139639836983,0.0707161894935946,0.10478572336908165,0.041191895215511684,0.033880041933175474
7/6/2006,-805.7180000000001,26626.7604,6.3553,160.3926,25.076,2.0507,0.6811477607937786,0.5267497988736931,0.9401972179520828,1.7912708050575041,0.006785241096880501,0.10112852939884931,0.0930171737424812,0.10478572336908165,0.04116059588579094,0.033828245450513536
7/7/2006,-805.7180000000001,26626.7604,6.3553,160.3926,24.846999999999998,2.0507,0.6395249092708677,0.5336192675684592,0.9316111131941059,1.7749124937495533,-0.009132237996490766,0.06905601927544969,0.09251198170865749,0.10478572336908165,0.04112243201161641,0.03383061995473412
7/10/2006,-805.7180000000001,26626.7604,6.3553,160.3926,24.697,2.0507,0.6735786406451176,0.5398116148268621,0.9259870271080949,1.7641974426744766,-0.006036946110194341,0.08687233199841549,0.06996794038644838,0.10478572336908165,0.04075351462367753,0.033804272730813774
7/11/2006,-805.7180000000001,26626.7604,6.3553,160.3926,24.508000000000003,2.0507,0.6596465091081465,0.4624500575607773,0.9189006786397211,1.7506964783198802,-0.007652751346317266,0.13483978514539752,0.06408475164987881,0.10478572336908165,0.0389448288340125,0.0338212745399515
7/12/2006,-805.7180000000001,26626.7604,6.3553,160.3926,24.697,2.0507,0.6849969297946372,0.42580337040322047,0.9259870271080949,1.7641974426744766,0.007711767586094265,0.181787730883338,0.07229072594650932,0.10478572336908165,0.037903072165930383,0.0338295533296294
7/13/2006,-805.7180000000001,26626.7604,6.3553,160.3926,24.089000000000002,2.0507,0.6052912168465949,0.4358923097427696,0.9031907315061304,1.720765768983499,-0.02461837470138062,0.1179746600454823,0.05639608823400444,0.10478572336908165,0.0382031731493648,0.033961049252208664
7/14/2006,-805.7180000000001,26626.7604,6.3553,160.3926,22.673000000000002,2.0507,0.4950873722387077,0.5457303000329707,0.8500993588541863,1.619615686834774,-0.05878201668811489,-0.032763107375965106,-0.022378406347016044,0.10478572336908165,0.035813892099562566,0.034733597646556626
7/17/2006,-805.7180000000001,26626.7604,6.3553,160.3926,22.593000000000004,2.0507,0.41622265404626124,0.4300131636682758,0.8470998462749805,1.6139009929280665,-0.0035284258810037716,-0.009643624249331517,-0.04550063371356139,0.10478572336908165,0.035332473878993326,0.03463814612590288
7/18/2006,-805.7180000000001,26626.7604,6.3553,160.3926,21.886,2.0507,0.32313644882413395,0.3400036273502205,0.8205916538562483,1.5633973855275376,-0.03129287832514516,-0.012587412587412583,-0.07576013513513513,0.10478572336908165,0.035454455549560907,0.03485939261636265
7/19/2006,-805.7180000000001,26626.7604,6.3553,160.3926,22.763,2.0507,0.40495000617207744,0.39569188989013715,0.8534738105057929,1.62604471747982,0.04007127844284031,0.006633352496351552,-0.01849775784753338,0.10478572336908165,0.036276393298197616,0.03513645494558425
7/20/2006,-805.7180000000001,26626.7604,6.3553,160.3926,22.753,2.0507,0.469452337897184,0.5074270214414875,0.8530988714333921,1.6253303807414814,-0.00043930940561442977,-0.025191722719677734,-0.03833474218089605,0.10478572336908165,0.035561941651240436,0.035044259075945945
7/21/2006,-805.7180000000001,26626.7604,6.3553,160.3926,22.065,2.0507,0.5126482484403923,0.57277027490231,0.8273030632522216,1.576184013143796,-0.030237770843405176,-0.038226832882921946,-0.08096963638635513,0.10478572336908165,0.0359794497003285,0.03519642204815879
7/24/2006,-805.7180000000001,26626.7604,6.3553,160.3926,22.544,2.0507,0.5811474260064526,0.6202833496984148,0.8452626448202167,1.6104007429102078,0.02170858826195321,-0.024153752921824756,-0.11954696348369453,0.10478572336908165,0.03629024649042039,0.03425697430420243
7/25/2006,-805.7180000000001,26626.7604,6.3553,160.3926,22.853,2.0507,0.5883375034751184,0.6105087572977479,0.8568482621573995,1.6324737481248661,0.01370652945351325,-0.013766614880027395,-0.09514570795058597,0.10478572336908165,0.03641749725268466,0.034273286288711555
7/26/2006,-805.7180000000001,26626.7604,6.3553,160.3926,22.803,2.0507,0.6038120692080462,0.5610493740329161,0.8549735667953958,1.6289020644331738,-0.0021878965562508457,0.027393557107456612,-0.0895552183981474,0.10478572336908165,0.03512771547685125,0.03426092173750401
7/27/2006,-805.7180000000001,26626.7604,6.3553,160.3926,22.793000000000003,2.0507,0.5930248811853511,0.5540257198769918,0.8545986277229951,1.6281877276948356,-0.00043853878875577124,0.02509557004722307,-0.09501310251727135,0.10478572336908165,0.03513130339071732,0.03425087771002019
7/28/2006,-805.7180000000001,26626.7604,6.3553,160.3926,23.541,2.0507,0.6127286428718228,0.6161540042474478,0.8826440703385701,1.6816201157225517,0.03281709296713897,-0.002119452333516847,-0.10056164749933139,0.10478572336908165,0.03324377406061478,0.03413949183996108
7/31/2006,-805.7180000000001,26626.7604,6.3553,160.3926,23.81,2.0507,0.6322753136354287,0.7867279084115997,0.8927299313861498,1.7008357739838558,0.011426872265409171,-0.08644438476000471,-0.09478006311067189,0.04007127844284031,0.02336173233463728,0.03416773435003652
8/1/2006,-805.7180000000001,26626.7604,6.3553,160.3926,23.391,2.0507,0.6179705333056649,0.7331396555301928,0.8770199842525589,1.6709050646474746,-0.017597648047039116,-0.06645114942528729,-0.11003310124415033,0.04007127844284031,0.022227129272621163,0.034231544472001295
8/2/2006,-805.7180000000001,26626.7604,6.3553,160.3926,23.94,2.0507,0.6519459011868618,0.7289539056030911,0.8976041393273594,1.710122151582256,0.02347056560215477,-0.04454022988505735,-0.09496446393467406,0.04007127844284031,0.0229650267150614,0.03436050424143876
8/3/2006,-805.7180000000001,26626.7604,6.3553,160.3926,24.279,2.0507,0.7064239527691876,0.7505622715771716,0.9103145738817442,1.7343381670119293,0.014160401002506262,-0.02521379531858503,-0.0896854261182558,0.04007127844284031,0.02320637831821292,0.03439411148508861
8/4/2006,-805.7180000000001,26626.7604,6.3553,160.3926,23.461,2.0507,0.6651998012633968,0.7798282347931009,0.8796445577593641,1.6759054218158438,-0.033691667696363115,-0.06440421119795825,-0.11507996378998187,0.04007127844284031,0.024191277975293204,0.03463634898500095
8/7/2006,-805.7180000000001,26626.7604,6.3553,160.3926,23.89,2.0507,0.7065504678905636,0.7749124937495533,0.8957294439653557,1.6909682899207248,0.018285665572652654,-0.03851571618304006,-0.06948664018072759,0.04007127844284031,0.024574045250317113,0.034503563209105886
8/8/2006,-805.7180000000001,26626.7604,6.3553,160.3926,24.588,2.0507,0.7403737259343148,0.7480889014722536,0.921900191218927,1.7281416924374473,0.029217245709501904,-0.004413491517188284,0.016915505190454372,0.04007127844284031,0.0254430543558383,0.033899854286701975
8/9/2006,-805.7180000000001,26626.7604,6.3553,160.3926,23.75,2.0507,0.6094057057667548,0.660771159449753,0.8904802969517454,1.669243744728704,-0.03408166585326178,-0.030928676350579498,-0.018148745297449254,0.04007127844284031,0.02647831384904291,0.0341840267671374
8/10/2006,-805.7180000000001,26626.7604,6.3553,160.3926,23.570999999999998,2.0507,0.599443577390242,0.6758499016081969,0.8837688875557721,1.6566629181894854,-0.007536842105263286,-0.045592582094991396,-0.03468752559587207,0.04007127844284031,0.026431953555537544,0.034177441382792724
8/11/2006,-805.7180000000001,26626.7604,6.3553,160.3926,23.461,2.0507,0.5856312516896458,0.6280751554474184,0.8796445577593641,1.6489316840033736,-0.0046667515166942675,-0.0260699904520737,-0.03289500803825396,0.04007127844284031,0.02592769640405238,0.03417255403610025
8/14/2006,-805.7180000000001,26626.7604,6.3553,160.3926,23.511,2.0507,0.5657298881193396,0.5099227490676614,0.8815192531213678,1.6524458813606973,0.002131196453689199,0.036960261103515135,0.037417817588139224,0.04007127844284031,0.022283674484374353,0.03311735285592615
8/15/2006,-805.7180000000001,26626.7604,6.3553,160.3926,24.528000000000002,2.0507,0.6780461106930287,0.5456660053362525,0.9196505567845226,1.7239246556086592,0.043256348092382435,0.08564599654760308,0.1096132096810678,0.043256348092382435,0.023980901851982275,0.03336967835741525
8/16/2006,-805.7180000000001,26626.7604,6.3553,160.3926,24.747,2.0507,0.7105827054676159,0.5128222852008018,0.9278617224700986,1.7393168400337362,0.008928571428571397,0.13072283651649452,0.11297503935237252,0.043256348092382435,0.022569568197094377,0.03337731703383668
8/17/2006,-805.7180000000001,26626.7604,6.3553,160.3926,24.338,2.0507,0.638260635433495,0.5322428648357567,0.9125267144089086,1.7105707056508295,-0.016527255828989285,0.06919123138426397,0.18490749756572544,0.043256348092382435,0.02167279494835278,0.031929457975187946
8/18/2006,-805.7180000000001,26626.7604,6.3553,160.3926,24.288,2.0507,0.6185525789684128,0.5162601626016261,0.910652019046905,1.7070565082935059,-0.0020544005259265363,0.06746363116951604,0.15283842794759828,0.043256348092382435,0.021690013266333366,0.0318050309949921
8/21/2006,-805.7180000000001,26626.7604,6.3553,160.3926,24.338,2.0507,0.5829593495934959,0.43512195121951236,0.9125267144089086,1.7105707056508295,0.0020586297760210037,0.1030138227962838,0.10955094597674964,0.043256348092382435,0.02029014206302197,0.03142275866976913
8/22/2006,-805.7180000000001,26626.7604,6.3553,160.3926,24.578000000000003,2.0507,0.6143185550082104,0.4807224958949097,0.9215252521465264,1.7274388529659828,0.009861122524447374,0.09022356281050392,0.050746013423966785,0.043256348092382435,0.01996073198174649,0.030347275339666496
8/23/2006,-805.7180000000001,26626.7604,6.3553,160.3926,24.697,2.0507,0.6221346469622331,0.5010180623973728,0.9259870271080949,1.7358026426764126,0.004841728374969323,0.08068962499453014,0.04031171019376578,0.043256348092382435,0.019845510254847022,0.030300482201104
8/24/2006,-805.7180000000001,26626.7604,6.3553,160.3926,24.857,2.0507,0.6369443529799144,0.5016792887718142,0.9319860522665067,1.7470480742198482,0.006478519658258186,0.09007586721045469,0.04705139005897219,0.043256348092382435,0.01980288218788296,0.030307777602594663
8/25/2006,-805.7180000000001,26626.7604,6.3553,160.3926,24.588,2.0507,0.5848910661338145,0.46918911950496334,0.921900191218927,1.7281416924374473,-0.010821901275294588,0.07875224849734552,0.0749792331569974,0.043256348092382435,0.020055181064627677,0.02996322788803433
8/28/2006,-805.7180000000001,26626.7604,6.3553,160.3926,24.279,2.0507,0.5559471930274287,0.5086516277877466,0.9103145738817442,1.7064239527691876,-0.012567105905319731,0.03134956034153169,0.06379529422074226,0.043256348092382435,0.01919985362585544,0.030012792359742857
8/29/2006,-805.7180000000001,26626.7604,6.3553,160.3926,24.697,2.0507,0.5529774256429605,0.4972017858265736,0.9259870271080949,1.7358026426764126,0.017216524568557157,0.03725325493490139,0.034212730318258,0.043256348092382435,0.019387965418103396,0.02953079344734627
8/30/2006,-805.7180000000001,26626.7604,6.3553,160.3926,25.824,2.0507,0.6645610416398091,0.5077349490782517,0.9682426605676578,1.8150126511104865,0.04563307284285556,0.10401436449916646,0.08322147651006717,0.04563307284285556,0.021044147364321086,0.03005955801205295
8/31/2006,-805.7180000000001,26626.7604,6.3553,160.3926,25.664,2.0507,0.6878658336073662,0.5744820782637292,0.9622436354092461,1.803767219567051,-0.006195786864931829,0.07201336675020875,0.13092142951570973,0.04563307284285556,0.02073091813747556,0.029395620714684666
9/1/2006,-805.7180000000001,26626.7604,6.3553,160.3926,25.375,2.0507,0.7348054966842141,0.6598755725712722,0.9514078962168648,1.7834551588417207,-0.01126091022443898,0.04514189217018827,0.11181702668360871,0.04563307284285556,0.020820562799852983,0.029442228712060307
9/4/2006,-805.7180000000001,26626.7604,6.3553,160.3926,25.375,2.0507,0.704621792288056,0.5760446056697568,0.9514078962168648,1.7834551588417207,0.0,0.08158220024721885,0.11425811267729302,0.04563307284285556,0.019137786134691435,0.029438369302082757
9/5/2006,-805.7180000000001,26626.7604,6.3553,160.3926,25.345,2.0507,0.6923744658119659,0.5952190170940173,0.9502830789996626,1.7813466404273264,-0.001182266009852273,0.06090414399330246,0.09048274675157053,0.04563307284285556,0.018876546823671514,0.029345858512425455
9/6/2006,-805.7180000000001,26626.7604,6.3553,160.3926,24.089000000000002,2.0507,0.6020883213620645,0.6352753391859538,0.9031907315061304,1.693070002811358,-0.04955612546853405,-0.020294452578493494,0.060115301676715305,0.04563307284285556,0.021099472607371963,0.029902017091308797
9/7/2006,-805.7180000000001,26626.7604,6.3553,160.3926,24.139,2.0507,0.6639553319087337,0.6371406907010408,0.905065426868134,1.6965842001686815,0.0020756361824898484,0.01637894736842105,0.11775328764586024,0.04563307284285556,0.01967168173531032,0.029181745763367635
9/8/2006,-805.7180000000001,26626.7604,6.3553,160.3926,24.807,2.0507,0.7435338768625246,0.6566629181894854,0.930111356904503,1.7241451209341117,0.027673060193048604,0.05243731704212817,0.18705139247774882,0.04563307284285556,0.02039855184181168,0.029016144312515885
9/11/2006,-805.7180000000001,26626.7604,6.3553,160.3926,24.947,2.0507,0.7208387942332897,0.6183348278954266,0.9353605039181133,1.73387545176536,0.005643568347643901,0.06333915860364003,0.15779458857381545,0.04563307284285556,0.020338024826684595,0.028797517010994686
9/12/2006,-805.7180000000001,26626.7604,6.3553,160.3926,25.136,2.0507,0.747011398387545,0.6340700583819849,0.9424468523864872,1.7445863409217102,0.007576061249849664,0.06911658372676621,0.07230920182586065,0.04563307284285556,0.020359412921171747,0.026664953870315238
9/13/2006,-805.7180000000001,26626.7604,6.3553,160.3926,24.947,2.0507,0.7196525815123733,0.6907699731164267,0.9353605039181133,1.7314686285397,-0.00751909611712287,0.017082517938682207,0.09354315521851553,0.04563307284285556,0.018298198973495532,0.02644534548104356
9/14/2006,-805.7180000000001,26626.7604,6.3553,160.3926,25.076,2.0507,0.6744123931623933,0.6524439102564104,0.9401972179520828,1.7404219877845641,0.005170962440373739,0.013294540752414541,0.1313331829460862,0.04563307284285556,0.018234711562373766,0.02616446976209676
9/15/2006,-805.7180000000001,26626.7604,6.3553,160.3926,24.737,2.0507,0.6707415912467918,0.643793056868837,0.9274867833976979,1.716893392559689,-0.013518902536289734,0.016394116196893682,0.09392827134833914,0.04563307284285556,0.018103223006943045,0.02613697570362693
9/18/2006,-805.7180000000001,26626.7604,6.3553,160.3926,24.627,2.0507,0.6027985681744223,0.5807354376830458,0.9233624536012898,1.709258745141588,-0.004446780126935335,0.013957509881422858,0.055096182682832895,0.04563307284285556,0.018130456885979952,0.025854920689785555
9/19/2006,-805.7180000000001,26626.7604,6.3553,160.3926,23.93,2.0507,0.5533917559234016,0.5798766634209673,0.8972292002549586,1.660882842865075,-0.028302269866406715,-0.016763908291560603,0.04306512073925561,0.04563307284285556,0.01920517351145949,0.026020689780874556
9/20/2006,-805.7180000000001,26626.7604,6.3553,160.3926,24.588,2.0507,0.5737327188940091,0.5730926779313879,0.921900191218927,1.7065519156024431,0.02749686585875466,0.0004068679306696854,0.06432343520041583,0.04563307284285556,0.020053642284280165,0.026224381908875154
9/21/2006,-805.7180000000001,26626.7604,6.3553,160.3926,24.568,2.0507,0.6263736263736264,0.6349132794915926,0.9211503130741255,1.7051637978900613,-0.0008134049129656651,-0.005223306474470446,0.060245123424823355,0.04563307284285556,0.02002630311786874,0.02622481861975956
9/22/2006,-805.7180000000001,26626.7604,6.3553,160.3926,24.996,2.0507,0.6515361744301287,0.6423521638586058,0.9371977053728768,1.734869516935036,0.017421035493324633,0.005591986160840001,0.12619959450326634,0.04563307284285556,0.02034471363434423,0.025702678624963657
9/25/2006,-805.7180000000001,26626.7604,6.3553,160.3926,25.575,2.0507,0.6754012446773665,0.6107435309531608,0.9589066776648795,1.7750555247084954,0.023163706192990796,0.040141532454855966,0.15021362716438058,0.04563307284285556,0.02074984573969437,0.02583778058680292
9/26/2006,-805.7180000000001,26626.7604,6.3553,160.3926,25.086,2.0507,0.6369331158238172,0.584274061990212,0.9405721570244835,1.7411160466407551,-0.019120234604105613,0.0332386012603485,0.06337162477215896,0.04563307284285556,0.021028559925021725,0.02486846819742953
9/27/2006,-805.7180000000001,26626.7604,6.3553,160.3926,24.697,2.0507,0.6232007886953663,0.6232007886953663,0.9259870271080949,1.714117157134925,-0.015506657099577437,0.0,-0.05241146452825862,0.04563307284285556,0.021039077912114172,0.021129786232732463
9/28/2006,-805.7180000000001,26626.7604,6.3553,160.3926,24.418000000000003,2.0507,0.643645665051158,0.7382875605815833,0.9155262269881146,1.6947529150471963,-0.01129691865408744,-0.054445477075588555,-0.0254629629629628,0.027673060193048604,0.018395368854496576,0.02061105805172244
9/29/2006,-805.7180000000001,26626.7604,6.3553,160.3926,24.259,2.0507,0.6837173792337592,0.7812326485285954,0.9095646957369428,1.6687762261814678,-0.006511589810795471,-0.054745947630922775,-0.03180874840357584,0.027673060193048604,0.018398670081587257,0.02062636251291067
10/2/2006,-805.7180000000001,26626.7604,6.3553,160.3926,23.9,2.0507,0.6440806218614568,0.7455458485244548,0.8961043830377563,1.638445190923425,-0.014798631435755882,-0.058128078817734075,-0.04043040109206242,0.027673060193048604,0.018498678528064003,0.0206954622840435
10/3/2006,-805.7180000000001,26626.7604,6.3553,160.3926,24.139,2.0507,0.6096959189117099,0.6921178981061618,0.905065426868134,1.6548296428326592,0.010000000000000009,-0.048709359605911384,-0.03736640612537889,0.027673060193048604,0.018698835249773657,0.02071752459301618
10/4/2006,-805.7180000000001,26626.7604,6.3553,160.3926,24.956999999999997,2.0507,0.6532193958664547,0.678921568627451,0.9357354429905139,1.7109069719613352,0.03388707071543973,-0.015308739396330706,0.004427093814142635,0.03388707071543973,0.020292994610838624,0.02112966894529354
10/5/2006,-805.7180000000001,26626.7604,6.3553,160.3926,24.986,2.0507,0.6595377258235922,0.599960148777896,0.9368227663004762,1.7128950435319121,0.0011619986376569802,0.03723691311386923,0.011701826132728632,0.03388707071543973,0.016902159606516733,0.021114358772020853
10/6/2006,-805.7180000000001,26626.7604,6.3553,160.3926,25.834,2.0507,0.6934775483448048,0.5823664372336939,0.9686175996400584,1.7710289984232537,0.03393900584327225,0.0702183189030201,0.054104782111963345,0.03393900584327225,0.018293701475074975,0.02150497548844326
10/9/2006,-805.7180000000001,26626.7604,6.3553,160.3926,26.123,2.0507,0.7489957150508839,0.6608864488484198,0.9794533388324398,1.7908411599369303,0.011186808082372046,0.05304954246785187,0.057739806454225384,0.03393900584327225,0.01753787571715593,0.021526744979429264
10/10/2006,-805.7180000000001,26626.7604,6.3553,160.3926,26.103,2.0507,0.6922528363047002,0.6173095623987033,0.9787034606876384,1.7894700760951534,-0.0007656088504383041,0.046338237062572674,0.08360662543069441,0.03393900584327225,0.017538214566065077,0.021275043196315974
10/11/2006,-805.7180000000001,26626.7604,6.3553,160.3926,27.04,2.0507,0.6981724549393957,0.5785969980531307,1.0,1.8537053540824022,0.035896257135195064,0.07574793125397838,0.1926079477792968,0.035896257135195064,0.0189923406423589,0.020268378114953564
10/12/2006,-805.7180000000001,26626.7604,6.3553,160.3926,27.499000000000002,2.0507,0.7702459121926097,0.605961117548603,1.0,1.8851717282511828,0.01697485207100602,0.10229686936304971,0.21714690390829006,0.035896257135195064,0.019023987611474395,0.02032636290388334
10/13/2006,-805.7180000000001,26626.7604,6.3553,160.3926,27.688000000000002,2.0507,0.8587540279269605,0.6834049409237382,1.0,1.8981284705559747,0.006872977199170904,0.10416334343595479,0.26510097779402364,0.035896257135195064,0.01902918296053586,0.019840859518779
10/16/2006,-805.7180000000001,26626.7604,6.3553,160.3926,27.2,2.0507,0.8621209009379063,0.6935031149448891,0.9823750361167292,1.8646740248166176,-0.01762496388327084,0.09956744956947094,0.19492158327109776,0.035896257135195064,0.019247751715494064,0.0194740561159134
10/17/2006,-805.7180000000001,26626.7604,6.3553,160.3926,26.791,2.0507,0.8341206270965975,0.6859724789484491,0.9676032938457093,1.8366353602522796,-0.015036764705882333,0.08787103585495593,0.1774711027117304,0.035896257135195064,0.019634369530315096,0.01960226238657036
10/18/2006,-805.7180000000001,26626.7604,6.3553,160.3926,26.451999999999998,2.0507,0.7961567189515855,0.6249066340734704,0.9553597226235191,1.8133954891341604,-0.012653503042066472,0.10539072294191376,0.1988216632676183,0.035896257135195064,0.01860929357057693,0.019246426216946236
10/19/2006,-805.7180000000001,26626.7604,6.3553,160.3926,26.313000000000002,2.0507,0.7989334791823341,0.681000888767348,0.9503394972551286,1.8038664564338112,-0.005254801149251365,0.07015617374328942,0.1671841731724628,0.035896257135195064,0.017986899377563818,0.01912455262551188
10/20/2006,-805.7180000000001,26626.7604,6.3553,160.3926,26.073,2.0507,0.7874134503324879,0.6842393912387743,0.9416714822305692,1.755048465266559,-0.009120966822483312,0.06125854770433081,0.14090053822255277,0.035896257135195064,0.018174274845474906,0.019127679774301378
10/23/2006,-805.7180000000001,26626.7604,6.3553,160.3926,25.834,2.0507,0.738960689283791,0.6825525040387721,0.9330395839352787,1.6879451159751715,-0.009166570782035088,0.03352536405824935,0.13292110687190273,0.035896257135195064,0.01804440249471759,0.019174087925933184
10/24/2006,-805.7180000000001,26626.7604,6.3553,160.3926,25.575,2.0507,0.6688417618270799,0.6688417618270799,0.9236853510546084,1.6710225416530546,-0.010025547727800621,0.0,0.12205501689115072,0.035896257135195064,0.017518581991647717,0.019233023263715485
10/25/2006,-805.7180000000001,26626.7604,6.3553,160.3926,26.362,2.0507,0.7224436458673635,0.6390721986278993,0.9521092169893093,1.6092052252472224,0.03077223851417399,0.05086502431635176,0.1198334820101099,0.035896257135195064,0.018147173884087462,0.019181853383227816
10/26/2006,-805.7180000000001,26626.7604,6.3553,160.3926,26.941,2.0507,0.6445488951287996,0.5075692833597849,0.9730208032360588,1.617980902047925,0.021963432213033984,0.0908612382070697,0.1314993700125997,0.035896257135195064,0.018128150201832394,0.01931106039977211
10/27/2006,-805.7180000000001,26626.7604,6.3553,160.3926,26.951,2.0507,0.5872202591283864,0.43804475853945823,0.9733819705287489,1.6185814665785838,0.00037118147062109585,0.1037349496273241,0.1521952887862854,0.035896257135195064,0.017801931780227383,0.019146748343680523
10/30/2006,-805.7180000000001,26626.7604,6.3553,160.3926,26.421999999999997,2.0507,0.5496774193548384,0.4228152492668622,0.9542762207454492,1.586811602906732,-0.01962821416645033,0.08916278494579322,0.10367585630743514,0.035896257135195064,0.018439564810776368,0.01915284272145339
10/31/2006,-805.7180000000001,26626.7604,6.3553,160.3926,26.631999999999998,2.0507,0.5592505854800938,0.39929742388758793,0.9618607338919386,1.5994234580505675,0.007947922186057,0.1143096234309624,0.09691502944931818,0.035896257135195064,0.017926497527148512,0.01910383015448595
11/1/2006,-805.7180000000001,26626.7604,6.3553,160.3926,26.163,2.0507,0.5462765957446807,0.42665484633569717,0.9449219878647789,1.571256981562669,-0.017610393511564904,0.08384771531546464,0.1151698563573591,0.035896257135195064,0.01856707328763908,0.018727747281914345
11/2/2006,-805.7180000000001,26626.7604,6.3553,160.3926,26.223000000000003,2.0507,0.559036860879905,0.4837693222354338,0.9470889916209189,1.574860368746622,0.0022933149868136216,0.0507272508714991,0.09765592298032666,0.035896257135195064,0.01725851717447372,0.01861012999138726
11/3/2006,-805.7180000000001,26626.7604,6.3553,160.3926,26.820999999999998,2.0507,0.6107741276800192,0.500570536304126,0.9686867957237791,1.5486459957272356,0.022804408343820137,0.07344112703113725,0.09081665853261733,0.035896257135195064,0.01781195907601864,0.018473953300958853
11/6/2006,-805.7180000000001,26626.7604,6.3553,160.3926,27.439,2.0507,0.5815897169865698,0.48907718024093594,0.9910069344120196,1.584329349269588,0.023041646471048782,0.062127428969575016,0.15532631578947376,0.035896257135195064,0.017023020899676174,0.018094954571866193
11/7/2006,-805.7180000000001,26626.7604,6.3553,160.3926,27.659000000000002,2.0507,0.5708200817810087,0.48358700590640624,0.9989526148511991,1.5970321612102314,0.008017784904697844,0.05879875971366233,0.17343345636587348,0.035896257135195064,0.016960855915118415,0.0180625137509735
11/8/2006,-805.7180000000001,26626.7604,6.3553,160.3926,26.801,2.0507,0.4672615788897405,0.429048505419906,0.9679644611383992,1.5474911946417227,-0.031020644274919684,0.02674022143048682,0.14236392310643198,0.035896257135195064,0.018499461863685555,0.018534905121662656
11/9/2006,-805.7180000000001,26626.7604,6.3553,160.3926,27.13,2.0507,0.45664429530201334,0.4518120805369128,0.9798468650678993,1.5664876724984118,0.01227566135591962,0.003328402366863825,0.15392794861979509,0.03077223851417399,0.016951773285997437,0.018577578445079346
11/10/2006,-805.7180000000001,26626.7604,6.3553,160.3926,26.531999999999996,2.0507,0.42837146702557183,0.48043068640646047,0.9582490609650388,1.5319591200415723,-0.02204201990416521,-0.0351649150878216,0.08170254403131083,0.03077223851417399,0.01716898197954166,0.01807873462305443
11/13/2006,-805.7180000000001,26626.7604,6.3553,160.3926,27.519000000000002,2.0507,0.48150740242261114,0.49060565275908496,0.9938962727535394,1.5889485536116403,0.037200361827227635,-0.006103727246460577,0.11201357740332174,0.037200361827227635,0.01908286678791626,0.01861146659899596
11/14/2006,-805.7180000000001,26626.7604,6.3553,160.3926,27.938000000000002,2.0507,0.5454998063838026,0.5046744481938372,1.0,1.6131416363531381,0.01522584396235338,0.027132352941176663,0.14791683786671062,0.037200361827227635,0.018921844825437746,0.01853538017813692
11/15/2006,-805.7180000000001,26626.7604,6.3553,160.3926,27.579,2.0507,0.5384057566798683,0.49444971272382454,0.9871501181186914,1.5924129568681793,-0.012849881881308645,0.029412862528461092,0.13549901185770752,0.037200361827227635,0.018832405083462525,0.01862653208120091
11/16/2006,-805.7180000000001,26626.7604,6.3553,160.3926,27.928,2.0507,0.5833994783989116,0.4997165211475225,0.9996420645715512,1.6125642358103816,0.012654556002755779,0.055799183426584076,0.1475059577615252,0.037200361827227635,0.018687271704348512,0.018673113323869447
11/17/2006,-805.7180000000001,26626.7604,6.3553,160.3926,27.918000000000003,2.0507,0.5184379419123248,0.43114326117698276,0.9992841291431026,1.611986835267625,-0.0003580635920938935,0.06099646562535632,0.13589388884368137,0.037200361827227635,0.018612734305815955,0.018651252533507353
11/20/2006,-805.7180000000001,26626.7604,6.3553,160.3926,28.026999999999997,2.0507,0.4647747465245111,0.36265286923800555,1.0,1.6182805011836707,0.003904291138333571,0.07494342806734933,0.13483419038749633,0.037200361827227635,0.018404909096536002,0.018649480990144827
11/21/2006,-805.7180000000001,26626.7604,6.3553,160.3926,28.586,2.0507,0.4955529978026576,0.35157476195458814,1.0,1.6505571915237598,0.019945052984621903,0.10652628319269186,0.15001810355231915,0.037200361827227635,0.018490751122848214,0.018776282978972002
11/22/2006,-805.7180000000001,26626.7604,6.3553,160.3926,28.605999999999998,2.0507,0.5140256165978616,0.3536043188313749,1.0,1.6517119926092727,0.0006996431819772386,0.11851417399804487,0.16341304701480386,0.037200361827227635,0.018200996538249924,0.01870144306864107
11/23/2006,-805.7180000000001,26626.7604,6.3553,160.3926,28.605999999999998,2.0507,0.5148273670832451,0.3959966108875237,1.0,1.6517119926092727,0.0,0.08512252484636984,0.17821986078504048,0.037200361827227635,0.017280501145033853,0.018604073423291716
11/24/2006,-805.7180000000001,26626.7604,6.3553,160.3926,28.357,2.0507,0.5249798332885185,0.4488303307340684,0.991295532405789,1.6373347190946357,-0.008704467594210952,0.05255929623993172,0.14819613718265368,0.037200361827227635,0.01698335616909915,0.01856616288171472
11/27/2006,-805.7180000000001,26626.7604,6.3553,160.3926,28.375999999999998,2.0507,0.5227260531258382,0.44625704319828263,0.9919597287282388,1.638431780125873,0.00067002856437548,0.05287373381321636,0.09882280049566283,0.037200361827227635,0.01698153841099113,0.017721051119611676
11/28/2006,-805.7180000000001,26626.7604,6.3553,160.3926,28.127,2.0507,0.49810918774966706,0.40729693741677764,0.9832552611340278,1.624054506611236,-0.008775021144629247,0.06452955870108257,0.09597100997506214,0.037200361827227635,0.016427536413434033,0.017742438895092104
11/29/2006,-805.7180000000001,26626.7604,6.3553,160.3926,28.436,2.0507,0.543254097470965,0.44534896342125263,0.9940571907991331,1.6418961833824122,0.010985885448145938,0.0677380594773207,0.12063054187192113,0.037200361827227635,0.016485540248744934,0.017703475696042022
11/30/2006,-805.7180000000001,26626.7604,6.3553,160.3926,28.287,2.0507,0.6046630360789653,0.4841729067392784,0.9888484933230791,1.6332929152953402,-0.005239836826557931,0.08118335053319559,0.11475862068965514,0.037200361827227635,0.015913779654502018,0.01772514457479905
12/1/2006,-805.7180000000001,26626.7604,6.3553,160.3926,27.499000000000002,2.0507,0.5313805201314252,0.46032188004677854,0.9613018247920018,1.5877937525261272,-0.027857319616784948,0.04865957365671347,0.08498717695797997,0.037200361827227635,0.017355490686290713,0.018113825628552224
12/4/2006,-805.7180000000001,26626.7604,6.3553,160.3926,28.127,2.0507,0.576890732746538,0.5036721421763748,0.9832552611340278,1.624054506611236,0.022837194079784684,0.048693188173446256,0.1676283780978869,0.037200361827227635,0.017357418521388397,0.01709294124981313
12/5/2006,-805.7180000000001,26626.7604,6.3553,160.3926,28.526,2.0507,0.5947895119360429,0.5340191200313076,0.9972033839054745,1.6470927882672206,0.01418565790877091,0.03961514632457441,0.18173909441153313,0.037200361827227635,0.016933497470691818,0.017154860988086617
12/6/2006,-805.7180000000001,26626.7604,6.3553,160.3926,28.616,2.0507,0.6522893931520293,0.5970321612102314,1.0,1.6437474869320463,0.0031550164761970922,0.03459994938356403,0.15354537025839488,0.037200361827227635,0.016880088024917438,0.016856971517073105
12/7/2006,-805.7180000000001,26626.7604,6.3553,160.3926,28.725,2.0507,0.6500086162329828,0.5394910678384741,1.0,1.6184922244759972,0.003809057869723187,0.07178836610574235,0.15144105503667782,0.037200361827227635,0.015117595952977998,0.016852878079697584
12/8/2006,-805.7180000000001,26626.7604,6.3553,160.3926,28.316999999999997,2.0507,0.5955037187288705,0.5286229434302454,0.9857963446475194,1.5946052483387767,-0.014203655352480582,0.04375230372281602,0.12655155951623165,0.037200361827227635,0.01544242256652674,0.016967567349852646
12/11/2006,-805.7180000000001,26626.7604,6.3553,160.3926,28.785,2.0507,0.6209595675188648,0.49408717197882623,1.0,1.6128761136325431,0.016527174488823126,0.08491632745364108,0.15384615384615397,0.037200361827227635,0.014696328132524594,0.017019579112760173
12/12/2006,-805.7180000000001,26626.7604,6.3553,160.3926,28.596,2.0507,0.5862872358129472,0.526543518056249,0.9934340802501302,1.6022860985039502,-0.006565919749869753,0.03913659653330415,0.1403732652735683,0.022837194079784684,0.012722060615664735,0.017053139906950864
12/13/2006,-805.7180000000001,26626.7604,6.3553,160.3926,28.805,2.0507,0.5978809563432628,0.5497864314639154,1.0,1.6139967501540873,0.007308714505525282,0.0310330016465028,0.16445001414884586,0.022837194079784684,0.012421387412145204,0.01694444821016362
12/14/2006,-805.7180000000001,26626.7604,6.3553,160.3926,28.535999999999998,2.0507,0.5900150442970971,0.536691369031036,0.9906613435167505,1.5989241889393173,-0.009338656483249497,0.034700315457413256,0.15872822511877205,0.022837194079784684,0.012240460668638115,0.01698822830240024
12/15/2006,-805.7180000000001,26626.7604,6.3553,160.3926,28.276999999999997,2.0507,0.5844119459853194,0.5648568386843726,0.9816698489845512,1.5844119459853194,-0.009076254555648977,0.012496419364078859,0.18165482657751775,0.022837194079784684,0.01218624286027716,0.016594414756156525
12/18/2006,-805.7180000000001,26626.7604,6.3553,160.3926,28.206999999999997,2.0507,0.5743148964670421,0.5581849640006697,0.9792397153272,1.5804897181599145,-0.0024755101319093864,0.010351744394297313,0.1471856190011387,0.022837194079784684,0.012203855031237474,0.01630165692333065
12/19/2006,-805.7180000000001,26626.7604,6.3553,160.3926,27.938000000000002,2.0507,0.5654171569451449,0.5704039894660164,0.9699010588439508,1.565417156945145,-0.009536639841174033,-0.0031755093302884285,0.1371703028329534,0.022837194079784684,0.012371088053680404,0.016365553855729346
12/20/2006,-805.7180000000001,26626.7604,6.3553,160.3926,27.928,2.0507,0.5648568386843726,0.6017257802431779,0.9695538968929006,1.5314762009212546,-0.00035793542844875237,-0.023018260687049485,0.11729876780284854,0.022837194079784684,0.011489952283918936,0.01625127769339046
12/21/2006,-805.7180000000001,26626.7604,6.3553,160.3926,27.908,2.0507,0.5195469890014157,0.55755199825765,0.9688595729908003,1.5303794691818382,-0.000716127184187898,-0.024400475424736,0.09122189638318678,0.022837194079784684,0.011483353041825982,0.016024016402052074
12/22/2006,-805.7180000000001,26626.7604,6.3553,160.3926,27.32,2.0507,0.4637021162603805,0.5326011251004554,0.9484464502690505,1.4981355560429919,-0.021069227461659734,-0.04495560371949936,0.08905365542533694,0.022837194079784684,0.01227442524888418,0.01606631818264915
12/25/2006,-805.7180000000001,26626.7604,6.3553,160.3926,27.32,2.0507,0.4637021162603805,0.5192606482721671,0.9484464502690505,1.4981355560429919,0.0,-0.03656945375039666,0.10620723164756862,0.022837194079784684,0.012187480037358076,0.015919977496224764
12/26/2006,-805.7180000000001,26626.7604,6.3553,160.3926,27.26,2.0507,0.45970548862115135,0.5194645247657295,0.9463634785627496,1.4948453608247423,-0.002196193265007307,-0.039329010431350286,0.11638954869358664,0.022837194079784684,0.012175636028418708,0.015840982656378153
12/27/2006,-805.7180000000001,26626.7604,6.3553,160.3926,26.910999999999998,2.0507,0.43181697259909524,0.49651503059324265,0.9342475264710987,1.4757073919719235,-0.012802641232575351,-0.043232481245778165,0.10932025227750519,0.022837194079784684,0.012321222085494545,0.01591434191988644
12/28/2006,-805.7180000000001,26626.7604,6.3553,160.3926,27.25,2.0507,0.45838908215145846,0.521862456515922,0.9460163166116994,1.494296994955034,0.012597079261268629,-0.04170769447179634,0.14016736401673646,0.022837194079784684,0.012411012053258945,0.0158283058844991
12/29/2006,-805.7180000000001,26626.7604,6.3553,160.3926,27.419,2.0507,0.4682195448460509,0.5146987951807227,0.9518833535844472,1.5035643781531036,0.006201834862385347,-0.03068547389260079,0.13587969675628653,0.022837194079784684,0.01251025945968468,0.015805361058166857
1/1/2007,-805.7180000000001,26626.7604,6.3553,160.3926,27.419,2.0507,0.4864469261628539,0.49078390979074094,0.9518833535844472,1.5035643781531036,0.0,-0.002909196698061778,0.09864967744520592,0.022837194079784684,0.010944429675315656,0.015275488074687869
1/2/2007,-805.7180000000001,26626.7604,6.3553,160.3926,27.419,2.0507,0.4816275802442451,0.5198854425591699,0.9518833535844472,1.5035643781531036,0.0,-0.025171543356916737,0.09737452973665262,0.016527174488823126,0.009605997543554855,0.01527673772840738
1/3/2007,-805.7180000000001,26626.7604,6.3553,160.3926,27.469,2.0507,0.484329406678915,0.5414460175078353,0.953619163339698,1.5063062075016451,0.001823553010686041,-0.03705391572600425,0.06328868932414644,0.016527174488823126,0.008976107890784764,0.014705017371306727
1/4/2007,-805.7180000000001,26626.7604,6.3553,160.3926,27.998,2.0507,0.5353147620092125,0.5692037727571835,0.9719840305502517,1.5097330816931787,0.019258072736539456,-0.021596309756779397,0.07177582972859176,0.019258072736539456,0.010041407418385323,0.014829122767068763
1/5/2007,-805.7180000000001,26626.7604,6.3553,160.3926,27.25,2.0507,0.46939875977352363,0.5489350229172283,0.9460163166116994,1.447543160690571,-0.026716194013858163,-0.05134899912967805,0.04394130942803498,0.019258072736539456,0.011425770651165281,0.015239586854184556
1/8/2007,-805.7180000000001,26626.7604,6.3553,160.3926,27.19,2.0507,0.4277462717916405,0.48692501575299296,0.9439333449053984,1.4443559096945553,-0.0022018348623852324,-0.03979941377970819,0.005547337278106523,0.019258072736539456,0.011103808421669728,0.0145652975116761
1/9/2007,-805.7180000000001,26626.7604,6.3553,160.3926,27.968000000000004,2.0507,0.4856839309428953,0.5290836653386455,0.9709425446971013,1.483398748276228,0.028613460831188098,-0.02838283828382826,0.01705516564238696,0.028613460831188098,0.012348678586928015,0.01485257308616348
1/10/2007,-805.7180000000001,26626.7604,6.3553,160.3926,28.465999999999998,2.0507,0.5098122414341784,0.516707330009547,0.9882312098593994,1.4411705143782907,0.01780606407322627,-0.00454609036228848,0.028098815371279784,0.028613460831188098,0.012958990193323151,0.01499290986717891
1/11/2007,-805.7180000000001,26626.7604,6.3553,160.3926,28.636,2.0507,0.4497772377480762,0.4583333333333335,0.9941329630272522,1.4281581965986734,0.005972036815850457,-0.005867036972747819,0.05279411764705877,0.028613460831188098,0.012923824780097027,0.014825343926976223
1/12/2007,-805.7180000000001,26626.7604,6.3553,160.3926,29.144000000000002,2.0507,0.4534935913420779,0.4231709141688693,1.0,1.439920948616601,0.017739907808353106,0.021306419960751555,0.0878280019409503,0.028613460831188098,0.013311559941323364,0.014831282105764579
1/15/2007,-805.7180000000001,26626.7604,6.3553,160.3926,29.144000000000002,2.0507,0.4279274865262128,0.3854483096521313,1.0,1.439920948616601,0.0,0.030660961205219994,0.10176924240133078,0.028613460831188098,0.013110850654455658,0.014722554976449103
1/16/2007,-805.7180000000001,26626.7604,6.3553,160.3926,28.526,2.0507,0.3701906911955424,0.35486814928670896,0.9787949492176776,1.4093873517786562,-0.021205050782322377,0.011309249477080341,0.08410291490898025,0.028613460831188098,0.01400300418402254,0.01497806768789303
1/17/2007,-805.7180000000001,26626.7604,6.3553,160.3926,28.166999999999998,2.0507,0.3713242453748782,0.3601752677702046,0.9664768048311829,1.3916501976284585,-0.012585010166164312,0.008196721311475308,0.0803129674375791,0.028613460831188098,0.014128889181797102,0.015023575685513223
1/18/2007,-805.7180000000001,26626.7604,6.3553,160.3926,28.326999999999998,2.0507,0.30023868539429,0.2819241714862757,0.9719667856162502,1.3995553359683794,0.005680406149039641,0.01428673732454877,0.09650073546489124,0.028613460831188098,0.014172277471686496,0.014972502675892558
1/19/2007,-805.7180000000001,26626.7604,6.3553,160.3926,28.965,2.0507,0.3728789458716464,0.32277941037065117,0.9938580839967059,1.4310770750988144,0.02252268154057968,0.03787444460369782,0.13255131964809386,0.028613460831188098,0.014936961805027911,0.015126571776386964
1/22/2007,-805.7180000000001,26626.7604,6.3553,160.3926,28.596,2.0507,0.3855322447793015,0.32370754397015356,0.9811968158111446,1.4128458498023717,-0.012739513205592967,0.04670571010248903,0.08474319095668004,0.028613460831188098,0.014398000289749264,0.014785356834439937
1/23/2007,-805.7180000000001,26626.7604,6.3553,160.3926,28.695999999999998,2.0507,0.4004880429477795,0.3333333333333335,0.9846280538018115,1.4177865612648222,0.0034969925863757023,0.05036603221083458,0.065142348093983,0.028613460831188098,0.01439059704828869,0.014552314094789165
1/24/2007,-805.7180000000001,26626.7604,6.3553,160.3926,28.795,2.0507,0.3778830510096658,0.304431046033113,0.9880249794125721,1.4226778656126484,0.0034499581823252967,0.05630961115187083,0.0684204667730326,0.028613460831188098,0.014352316107344104,0.014554974745106898
1/25/2007,-805.7180000000001,26626.7604,6.3553,160.3926,29.144000000000002,2.0507,0.43073146784486993,0.3211094747177219,1.0,1.439920948616601,0.012120159749956505,0.08297722121065743,0.10302021043070186,0.028613460831188098,0.014032294821280085,0.014372246555166305
1/26/2007,-805.7180000000001,26626.7604,6.3553,160.3926,29.713,2.0507,0.44870794734275954,0.3286201852754753,1.0,1.4680335968379448,0.019523744166895396,0.09038532110091757,0.11568789426254145,0.028613460831188098,0.014325373632094865,0.01452710422353154
1/29/2007,-805.7180000000001,26626.7604,6.3553,160.3926,29.912,2.0507,0.4698771498771497,0.34737100737100723,1.0,1.4778656126482215,0.006697405176185445,0.09092235311280494,0.14329396475939293,0.028613460831188098,0.014329197637496231,0.014323472303329877
1/30/2007,-805.7180000000001,26626.7604,6.3553,160.3926,29.912,2.0507,0.44300255680447687,0.32273626320613635,1.0,1.4778656126482215,0.0,0.09092235311280494,0.1406780307363764,0.028613460831188098,0.014329197637496231,0.014326219425872958
1/31/2007,-805.7180000000001,26626.7604,6.3553,160.3926,29.623,2.0507,0.4635869565217392,0.3546936758893282,0.9903383257555497,1.4422103213242454,-0.009661674244450302,0.08038221671103973,0.10447037768912426,0.028613460831188098,0.014624553723511744,0.014155726420552583
2/1/2007,-805.7180000000001,26626.7604,6.3553,160.3926,29.234,2.0507,0.3975523472607323,0.3131752557605889,0.9773335116341269,1.423271665043817,-0.013131688215238135,0.0642542502457315,0.06541783592696526,0.028613460831188098,0.015082083688709584,0.014008018709195862
2/2/2007,-805.7180000000001,26626.7604,6.3553,160.3926,29.084,2.0507,0.3411417504380707,0.291063358849027,0.9723188018186681,1.415968841285297,-0.005131011835533994,0.038788484891777886,0.05152030080624748,0.028613460831188098,0.01470825863707201,0.014001281251040429
2/5/2007,-805.7180000000001,26626.7604,6.3553,160.3926,29.354,2.0507,0.3376167691957166,0.24174071542492603,0.9813452794864937,1.429113924050633,0.009283454820519843,0.0772110091743119,0.09525763964031198,0.028613460831188098,0.013227566553980694,0.013428585743587277
2/6/2007,-805.7180000000001,26626.7604,6.3553,160.3926,28.895,2.0507,0.31790193842645387,0.24013683010262254,0.9660002674511902,1.406767283349562,-0.015636710499420836,0.06270687752850312,0.06505713232583865,0.028613460831188098,0.013834734091652848,0.01352855083052722
2/7/2007,-805.7180000000001,26626.7604,6.3553,160.3926,29.164,2.0507,0.33017103762827826,0.27562143671607764,0.9749933137202461,1.4198636806231744,0.009309569129607231,0.042763157894736725,0.09920096487260688,0.02252268154057968,0.012636603325661017,0.013237387590074987
2/8/2007,-805.7180000000001,26626.7604,6.3553,160.3926,29.673000000000002,2.0507,0.35400410677618077,0.29892767510837315,0.992009895694036,1.4446445959104188,0.01745302427650519,0.04240146139253853,0.07827319306660852,0.02252268154057968,0.012614840592064424,0.012598930844100612
2/9/2007,-805.7180000000001,26626.7604,6.3553,160.3926,28.965,2.0507,0.2998115239633816,0.28504756776162243,0.9683404653650709,1.4101752677702046,-0.023860074815488908,0.01148903478139407,0.03675996850168217,0.02252268154057968,0.01377781485594802,0.012860508950768703
2/12/2007,-805.7180000000001,26626.7604,6.3553,160.3926,28.566,2.0507,0.29580403719664305,0.32202313449761855,0.9550013372559508,1.3907497565725413,-0.013775245986535456,-0.019832555586055567,0.035788099641031135,0.02252268154057968,0.013535730839773412,0.012876699784222357
2/13/2007,-805.7180000000001,26626.7604,6.3553,160.3926,28.247,2.0507,0.24310170312018653,0.28257712449940575,0.9443367210484087,1.3752190847127557,-0.011167121753133058,-0.030778204776283347,0.011422228587797179,0.02252268154057968,0.013718130845497285,0.012867958029768823
2/14/2007,-805.7180000000001,26626.7604,6.3553,160.3926,28.676,2.0507,0.2697484945093871,0.26310662415869635,0.9586787911206205,1.3961051606621226,0.015187453534888595,0.00525836079366182,0.027150942044558812,0.02252268154057968,0.013385486512128019,0.013004208210123436
2/15/2007,-805.7180000000001,26626.7604,6.3553,160.3926,28.705,2.0507,0.28010167677488407,0.25610952550838384,0.9596483016849424,1.3975170399221033,0.0010112986469521523,0.019100365676145925,0.02419095871837884,0.02252268154057968,0.013054023388961413,0.01299712966276838
2/16/2007,-805.7180000000001,26626.7604,6.3553,160.3926,28.576,2.0507,0.2664421201914555,0.255406842758376,0.955335651243648,1.391236611489776,-0.004493990593973152,0.008790200162389405,-0.0003498215909885083,0.02252268154057968,0.013059753640873483,0.012768974422771143
2/19/2007,-805.7180000000001,26626.7604,6.3553,160.3926,28.576,2.0507,0.2504266398284689,0.26744847503610014,0.955335651243648,1.391236611489776,0.0,-0.01343000172622133,-0.0010487310354470036,0.019523744166895396,0.012046058409220715,0.012768726373377167
2/20/2007,-805.7180000000001,26626.7604,6.3553,160.3926,29.613000000000003,2.0507,0.34086484038940457,0.2948154856237264,0.9900040117678525,1.4417234664070109,0.03628919372900352,0.035564414603441064,0.035202405089841404,0.03628919372900352,0.01413970477781102,0.013559837506286513
2/21/2007,-805.7180000000001,26626.7604,6.3553,160.3926,29.613000000000003,2.0507,0.35491398243045413,0.31295754026354317,0.9900040117678525,1.4417234664070109,0.0,0.03195567326456672,0.04429241457135813,0.03628919372900352,0.014138820189223248,0.013507336474938451
2/22/2007,-805.7180000000001,26626.7604,6.3553,160.3926,29.862,2.0507,0.40216931962248226,0.35206836643658757,0.9983284300615137,1.4538461538461538,0.008408469253368356,0.037055044278520466,0.05236819847758678,0.03628919372900352,0.014212581205304256,0.013541483397947111
2/23/2007,-805.7180000000001,26626.7604,6.3553,160.3926,28.845,2.0507,0.36978820400797763,0.38398708329375997,0.9643286975127039,1.4043330087633885,-0.034056660638939085,-0.010259401592094486,0.025527073630319697,0.03628919372900352,0.016000562189233243,0.014191829454752955
2/26/2007,-805.7180000000001,26626.7604,6.3553,160.3926,28.456,2.0507,0.34492863219585956,0.40433878438415727,0.9513238833912812,1.3853943524829602,-0.01348587276824409,-0.042304715107865265,0.0007033338022224278,0.03628919372900352,0.015564058907578466,0.014235014144978552
2/27/2007,-805.7180000000001,26626.7604,6.3553,160.3926,27.579,2.0507,0.2740922110320614,0.38187193938833963,0.9220045466702327,1.34269717624148,-0.030819510823727803,-0.07799545332976732,-0.025029165340969328,0.03628919372900352,0.016638995076775437,0.014745738307956651
2/28/2007,-805.7180000000001,26626.7604,6.3553,160.3926,26.891,2.0507,0.2608899517044123,0.4025413794720307,0.8990037443166622,1.3092015579357352,-0.024946517277638858,-0.10099625568333781,-0.02210989490526938,0.03628919372900352,0.017239260183306102,0.014662308345046548
3/1/2007,-805.7180000000001,26626.7604,6.3553,160.3926,26.432,2.0507,0.21885087153001925,0.3659964954348429,0.8836587322813586,1.2868549172346642,-0.01706890781302295,-0.10772035242885603,-0.06026238134177131,0.03628919372900352,0.017416098292109754,0.014510078248867228
3/2/2007,-805.7180000000001,26626.7604,6.3553,160.3926,26.153000000000002,2.0507,0.20210516639088083,0.343721272292701,0.8743313720246056,1.2732716650438172,-0.010555387409200812,-0.10539098310186767,-0.08318726775573149,0.03628919372900352,0.01736694144593767,0.01443027291623411
3/5/2007,-805.7180000000001,26626.7604,6.3553,160.3926,25.924,2.0507,0.2053749941879388,0.3523039010554705,0.8666755817063386,1.2621226874391431,-0.00875616564065318,-0.10865080456608445,-0.09407324573665088,0.03628919372900352,0.017384798433462238,0.014449311110194102
3/6/2007,-805.7180000000001,26626.7604,6.3553,160.3926,26.930999999999997,2.0507,0.13203026481715008,0.23387978142076493,0.9003410002674511,1.3111489776046736,0.038844314149051096,-0.08254411664509098,-0.06245430809399488,0.038844314149051096,0.01967247441822528,0.015304439248233222
3/7/2007,-805.7180000000001,26626.7604,6.3553,160.3926,27.02,2.0507,0.12447459319988341,0.2025053060884765,0.9033163947579567,1.3154819863680625,0.0033047417474287855,-0.06489011939781975,-0.045802874598297794,0.038844314149051096,0.019541741236446638,0.015217833304055729
3/8/2007,-805.7180000000001,26626.7604,6.3553,160.3926,27.02,2.0507,0.14104729729729737,0.23158783783783798,0.9033163947579567,1.3154819863680625,0.0,-0.07351529282677283,-0.0613166579815877,0.038844314149051096,0.01935301422017951,0.015058916588672068
3/9/2007,-805.7180000000001,26626.7604,6.3553,160.3926,27.1,2.0507,0.14009255363904094,0.24833824148085837,0.9059909066595347,1.3193768257059397,0.002960769800148144,-0.08671182556532875,-0.052315009092180675,0.038844314149051096,0.01882138744785768,0.015048855334401352
3/12/2007,-805.7180000000001,26626.7604,6.3553,160.3926,27.529,2.0507,0.16352493660185963,0.22421808960270506,0.9203329767317465,1.3402629016553067,0.01583025830258289,-0.04957707578111514,-0.04429786495400101,0.038844314149051096,0.018734934278850746,0.015160261763681572
3/13/2007,-805.7180000000001,26626.7604,6.3553,160.3926,26.951,2.0507,0.12113648654270137,0.18831898165481076,0.9010096282428457,1.3121226874391432,-0.020996040539067895,-0.05653574179094023,-0.05554387440426123,0.038844314149051096,0.019021078307665775,0.015338659201283173
3/14/2007,-805.7180000000001,26626.7604,6.3553,160.3926,27.05,2.0507,0.12152245117956806,0.17115137443509276,0.9043193367210485,1.3169425511197663,0.0036733330859708424,-0.04237618154140255,-0.04339215616932479,0.038844314149051096,0.018962294553560233,0.015311666575834864
3/15/2007,-805.7180000000001,26626.7604,6.3553,160.3926,27.05,2.0507,0.1633407878892139,0.2332702563220368,0.9043193367210485,1.3169425511197663,0.0,-0.05670246896359321,-0.04101818697486426,0.038844314149051096,0.018563877936204207,0.015309922611614724
3/16/2007,-805.7180000000001,26626.7604,6.3553,160.3926,27.19,2.0507,0.17695437624448118,0.24253311401610267,0.90899973254881,1.3237585199610518,0.005175600739371511,-0.05277826162689414,-0.026773570047963435,0.038844314149051096,0.018626655342947936,0.015282806890191097
3/19/2007,-805.7180000000001,26626.7604,6.3553,160.3926,27.19,2.0507,0.17644513672551065,0.23641398407753567,0.90899973254881,1.3237585199610518,0.0,-0.04850223964165734,-0.026425093096533958,0.038844314149051096,0.018627378253487772,0.015282857518450006
3/20/2007,-805.7180000000001,26626.7604,6.3553,160.3926,28.116999999999997,2.0507,0.2046184824986077,0.22428344972366232,0.9399906392083445,1.368889970788705,0.03409341669731503,-0.016062430011198336,0.0074888920739570874,0.038844314149051096,0.020244259343665482,0.015885316195492452
3/21/2007,-805.7180000000001,26626.7604,6.3553,160.3926,29.094,2.0507,0.24115865364105638,0.2632993472974705,0.9726531158063654,1.4164556962025319,0.03474766155706521,-0.01752608651605725,0.06493411420204986,0.038844314149051096,0.02010622392468897,0.016230327904076924
3/22/2007,-805.7180000000001,26626.7604,6.3553,160.3926,29.741999999999997,2.0507,0.2896539762379673,0.2840603590321744,0.9943166622091468,1.448003894839338,0.022272633532687047,0.004356194914395539,0.08865300146412869,0.038844314149051096,0.020720279460266288,0.016446488272437776
3/23/2007,-805.7180000000001,26626.7604,6.3553,160.3926,29.673000000000002,2.0507,0.3087372645878357,0.31707317073170715,0.992009895694036,1.4446445959104188,-0.0023199515836189732,-0.006329113924050556,0.08851797505502579,0.038844314149051096,0.020645353381635614,0.016446942065192677
3/26/2007,-805.7180000000001,26626.7604,6.3553,160.3926,29.533,2.0507,0.2609623841851332,0.23158703727424101,0.9873294998662745,1.4378286270691336,-0.004718093890068387,0.023851620731496048,0.09743227676414867,0.038844314149051096,0.01917277044687473,0.01636504149665791
3/27/2007,-805.7180000000001,26626.7604,6.3553,160.3926,29.214000000000002,2.0507,0.25586793912819217,0.2232826068265843,0.9766648836587324,1.4222979552093478,-0.01080147631463102,0.026637615968512884,0.07207339449541283,0.038844314149051096,0.019077996980173154,0.016377138454075874
3/28/2007,-805.7180000000001,26626.7604,6.3553,160.3926,29.254,2.0507,0.27512858512771365,0.2021183854938542,0.9780021396095213,1.4242453748782864,0.001369206544807211,0.06073461691866999,0.06692439549217699,0.038844314149051096,0.0175931357627641,0.016364821110149766
3/29/2007,-805.7180000000001,26626.7604,6.3553,160.3926,29.423000000000002,2.0507,0.29371674801037684,0.1823857890339884,0.9836520460016048,1.4324732229795523,0.005776987762357244,0.09415789669406127,0.07308800466829579,0.038844314149051096,0.01639318315141589,0.016374398043030883
3/30/2007,-805.7180000000001,26626.7604,6.3553,160.3926,29.463,2.0507,0.2764491811801406,0.1451347370245213,0.9849893019523938,1.434420642648491,0.0013594806783807645,0.11467161016949157,0.07454684707684445,0.038844314149051096,0.015662260953927636,0.016373617467779544
4/2/2007,-805.7180000000001,26626.7604,6.3553,160.3926,29.403000000000002,2.0507,0.27661514414727373,0.13550712052796143,0.9829834180262104,1.431499513145083,-0.002036452499745378,0.12426872634114638,0.07040664021260334,0.038844314149051096,0.015338080347205378,0.016378746930087708
4/3/2007,-805.7180000000001,26626.7604,6.3553,160.3926,29.781999999999996,2.0507,0.2930705105939564,0.12556443209447732,0.9956539181599358,1.4499513145082765,0.012889841172669225,0.14881962660083303,0.06371883705978987,0.038844314149051096,0.015042223897355713,0.016284961009858743
4/4/2007,-805.7180000000001,26626.7604,6.3553,160.3926,29.693,2.0507,0.3021532254527912,0.18102881199842114,0.9926785236694304,1.4456183057448881,-0.0029883822443085295,0.10255838995952637,0.08965137614678897,0.03474766155706521,0.013239220233363382,0.015900856885981883
4/5/2007,-805.7180000000001,26626.7604,6.3553,160.3926,29.413,2.0507,0.26823904794756825,0.16505691617799245,0.9833177320139075,1.4319863680623175,-0.009429831946923595,0.0885640266469283,0.0817579992644355,0.03474766155706521,0.013595230405681863,0.015953895301288854
4/6/2007,-805.7180000000001,26626.7604,6.3553,160.3926,29.413,2.0507,0.24262779890156305,0.14152936206168132,0.9833177320139075,1.4319863680623175,0.0,0.0885640266469283,0.05166618993134997,0.03474766155706521,0.013595230405681863,0.015568529631559146
4/9/2007,-805.7180000000001,26626.7604,6.3553,160.3926,29.892,2.0507,0.26233108108108105,0.14442567567567566,0.9993313720246055,1.4553067185978579,0.016285316016727336,0.10302583025830248,0.050094849996487056,0.03474766155706521,0.013846249127627018,0.015543081910870333
4/10/2007,-805.7180000000001,26626.7604,6.3553,160.3926,30.56,2.0507,0.31769575715764065,0.18700413935839966,1.0,1.4878286270691334,0.022347116285293733,0.110102074176323,0.06718815477021933,0.03474766155706521,0.014175625672043241,0.015764696526030905
4/11/2007,-805.7180000000001,26626.7604,6.3553,160.3926,29.732,2.0507,0.25663567202028736,0.13909551986475055,0.9729057591623037,1.4475170399221033,-0.027094240837696293,0.10318726577863524,0.020175679385121992,0.03474766155706521,0.014785854921893521,0.01601390848650199
4/12/2007,-805.7180000000001,26626.7604,6.3553,160.3926,30.42,2.0507,0.26702486567537176,0.1266608355200134,0.9954188481675393,1.4810126582278482,0.02314005112336881,0.12458410351201477,0.04378259676091134,0.03474766155706521,0.015313130978483113,0.01626696169775348
4/13/2007,-805.7180000000001,26626.7604,6.3553,160.3926,30.081,2.0507,0.17480960749853547,0.05643429017769974,0.9843259162303665,1.464508276533593,-0.011143984220907344,0.1120517560073937,0.05451167356096187,0.03474766155706521,0.01570914890466906,0.01609582931937662
4/16/2007,-805.7180000000001,26626.7604,6.3553,160.3926,30.67,2.0507,0.2143649033892936,0.076575863161229,1.0,1.4931840311587148,0.019580466074931024,0.1279882309672673,0.08886285369403923,0.03474766155706521,0.016020051256969477,0.016168911056970818
4/17/2007,-805.7180000000001,26626.7604,6.3553,160.3926,30.49,2.0507,0.21736005749421072,0.08560249141579512,0.994131072709488,1.4844206426484907,-0.005868927290512027,0.12136815005516732,0.07635824478412823,0.03474766155706521,0.016178039991133285,0.0161859884162662
4/18/2007,-805.7180000000001,26626.7604,6.3553,160.3926,30.011999999999997,2.0507,0.19161438894623983,0.11637417612959577,0.9785458102380175,1.4611489776046738,-0.015677271236471002,0.06739694846534117,0.0361470740548937,0.03474766155706521,0.015422077082703305,0.01609327242465673
4/19/2007,-805.7180000000001,26626.7604,6.3553,160.3926,30.111,2.0507,0.15046039812020018,0.11160356092156043,0.9817737202477991,1.4659688412852971,0.003298680527789033,0.03495566096102287,0.052979437683592145,0.02314005112336881,0.013630728183830867,0.01600399963815835
4/20/2007,-805.7180000000001,26626.7604,6.3553,160.3926,30.271,2.0507,0.15085731665589486,0.13074554233357394,0.986990544506032,1.4737585199610517,0.00531367274417982,0.01778629547441346,0.05488569835517154,0.02314005112336881,0.012831482605658804,0.016010306718472003
4/23/2007,-805.7180000000001,26626.7604,6.3553,160.3926,30.151,2.0507,0.14716737054369733,0.12898070996461586,0.9830779263123572,1.4679162609542358,-0.003964190148987523,0.016108920567519114,0.047091508942524785,0.02314005112336881,0.012857220319883542,0.016019061856297222
4/24/2007,-805.7180000000001,26626.7604,6.3553,160.3926,30.44,2.0507,0.15076364736125836,0.11647512475427191,0.9925008151287903,1.4819863680623175,0.009585088388444962,0.030711407577963534,0.044468844359044635,0.02314005112336881,0.012926730569673498,0.015993475313815668
4/25/2007,-805.7180000000001,26626.7604,6.3553,160.3926,30.361,2.0507,0.13835251771587131,0.09534700611150693,0.9899250081512879,1.4781402142161637,-0.0025952693823916295,0.039261997672348725,0.021808635950594013,0.02314005112336881,0.012656817617243982,0.01581799816659305
4/26/2007,-805.7180000000001,26626.7604,6.3553,160.3926,29.901999999999997,2.0507,0.12786662643331326,0.10342486421243224,0.9749592435604825,1.4557935735150924,-0.015118079114653793,0.02215081698229282,-0.00033431398769734333,0.02314005112336881,0.013192190891560594,0.015917836547444372
4/27/2007,-805.7180000000001,26626.7604,6.3553,160.3926,29.842,2.0507,0.16234322661057887,0.14602321414660757,0.9730029344636452,1.4528724440116845,-0.0020065547455019317,0.014240560106039357,-0.002340197913880737,0.02314005112336881,0.013164316776015803,0.01592008564970125
4/30/2007,-805.7180000000001,26626.7604,6.3553,160.3926,29.334,2.0507,0.21320153852516643,0.21853674676372048,0.956439517443756,1.4281402142161637,-0.017022987735406447,-0.004378372874452752,-0.00975593288998422,0.02314005112336881,0.013721557252914391,0.016019495126025282
5/1/2007,-805.7180000000001,26626.7604,6.3553,160.3926,29.453000000000003,2.0507,0.2176195791475466,0.21555252387448842,0.9603195304858168,1.4339337877312563,0.0040567259835004865,0.0017005067510118543,0.007491277279879638,0.02314005112336881,0.013743396259768706,0.015938921487567047
5/2/2007,-805.7180000000001,26626.7604,6.3553,160.3926,30.291,2.0507,0.24051928904906195,0.21967401097550954,0.987642647538311,1.474732229795521,0.028452110141581333,0.01709086025115858,0.04150048136432405,0.028452110141581333,0.01483938017081703,0.01631347120181669
5/3/2007,-805.7180000000001,26626.7604,6.3553,160.3926,29.951999999999998,2.0507,0.23467579042829456,0.2239993404509666,0.9765895011411801,1.4582278481012658,-0.011191443002872226,0.008722594550904184,0.02037201062887517,0.028452110141581333,0.01505360120681566,0.01634517442066405
5/4/2007,-805.7180000000001,26626.7604,6.3553,160.3926,30.061,2.0507,0.3264351586286016,0.29784229801879714,0.9801434626671014,1.4635345666991237,0.003639155982906095,0.022031074694862873,0.040353002249524206,0.028452110141581333,0.014890906598316208,0.01621909479538271
5/7/2007,-805.7180000000001,26626.7604,6.3553,160.3926,30.55,2.0507,0.38204026238407596,0.3306039357611399,0.9960873818063254,1.4873417721518989,0.016266923921359977,0.03865637643218989,0.04752434508297898,0.028452110141581333,0.0152472763739099,0.016301742374649122
5/8/2007,-805.7180000000001,26626.7604,6.3553,160.3926,30.031999999999996,2.0507,0.350663368563076,0.34436698898133566,0.9791979132702965,1.462122687439143,-0.016955810147299633,0.004683527365181295,0.012098540760961063,0.028452110141581333,0.015405819908586428,0.01631351188225355
5/9/2007,-805.7180000000001,26626.7604,6.3553,160.3926,31.078000000000003,2.0507,0.5130477117818892,0.48782862706913344,1.0,1.487127954828213,0.03482951518380406,0.016950261780104947,0.07295011220438474,0.03482951518380406,0.016499541066518717,0.01658385277275335
5/10/2007,-805.7180000000001,26626.7604,6.3553,160.3926,30.51,2.0507,0.44816783747864064,0.41123979494968665,0.9817234056245575,1.4599483204134365,-0.01827659437544249,0.026167092694739713,0.06805293005671076,0.03482951518380406,0.015850134424214277,0.016659170397007695
5/11/2007,-805.7180000000001,26626.7604,6.3553,160.3926,30.889,2.0507,0.40820606336904497,0.38682470936858926,0.9939185275757769,1.478084027179634,0.012422156669944284,0.015417488494411602,0.09353205650157537,0.03482951518380406,0.015275540077286107,0.01664223410066003
5/14/2007,-805.7180000000001,26626.7604,6.3553,160.3926,30.43,2.0507,0.3009277072378267,0.286007438758497,0.9791492374026641,1.4561202028902285,-0.014859658778205831,0.011602007911970968,0.06116613195703735,0.03482951518380406,0.015441895254848584,0.01667579240604879
5/15/2007,-805.7180000000001,26626.7604,6.3553,160.3926,29.962,2.0507,0.2620893007582141,0.2919123841617526,0.9640903533045884,1.4337257153794618,-0.015379559645087082,-0.023084447342680225,0.04379028043894806,0.03482951518380406,0.015182695259887444,0.016804234223453413
5/16/2007,-805.7180000000001,26626.7604,6.3553,160.3926,30.070999999999998,2.0507,0.26668070766638574,0.28433024431339504,0.967597657506918,1.4389415255048328,0.003637941392430344,-0.013742210560839685,0.05231662933930559,0.03482951518380406,0.015172066910073882,0.016793995581195962
5/17/2007,-805.7180000000001,26626.7604,6.3553,160.3926,29.982,2.0507,0.31080313032833473,0.3121147204127135,0.9647338953600617,1.434682744760264,-0.002959662132951957,-0.0009996001599359428,0.049202127659574435,0.03482951518380406,0.01478698265245573,0.016800828153109924
5/18/2007,-805.7180000000001,26626.7604,6.3553,160.3926,30.51,2.0507,0.3368093589799763,0.3193269946983306,0.9817234056245575,1.4599483204134365,0.017610566339804068,0.013250971405798673,0.030290750683821255,0.03482951518380406,0.015265969278499632,0.016324308657684392
5/21/2007,-805.7180000000001,26626.7604,6.3553,160.3926,30.68,2.0507,0.2847571189279732,0.2676298157453938,0.9871935130960807,1.4680830701502534,0.005571943625040987,0.01351128142446556,0.036031472664032504,0.03482951518380406,0.015269943937304206,0.016336071019901977
5/22/2007,-805.7180000000001,26626.7604,6.3553,160.3926,30.61,2.0507,0.2839765100671141,0.264723154362416,0.9849411159019241,1.4647334673174464,-0.0022816166883963263,0.015223375675765372,0.02504855669412631,0.03482951518380406,0.015248372514500109,0.016310134652631918
5/23/2007,-805.7180000000001,26626.7604,6.3553,160.3926,31.078000000000003,2.0507,0.36949720178028467,0.3413828052703476,1.0,1.487127954828213,0.0152891212022217,0.02095926412614979,0.0774137632171954,0.03482951518380406,0.015461444534935845,0.01579959519108307
5/24/2007,-805.7180000000001,26626.7604,6.3553,160.3926,30.331,2.0507,0.3289663935503657,0.33028085703018895,0.9759637042280712,1.4513829074552587,-0.024036295771928784,-0.0009881097460557875,0.06589120044981733,0.03482951518380406,0.01639736478961567,0.016013382514915034
5/25/2007,-805.7180000000001,26626.7604,6.3553,160.3926,30.73,2.0507,0.3494049971457427,0.3130461511438982,0.9888023682347641,1.4704756436022584,0.013154858066005026,0.027690455487927368,0.11425359875267405,0.03482951518380406,0.016247085530809134,0.015549558424005027
5/28/2007,-805.7180000000001,26626.7604,6.3553,160.3926,30.73,2.0507,0.32217537217106984,0.28396867739437237,0.9888023682347641,1.4704756436022584,0.0,0.02975671871858454,0.14276151872373655,0.03482951518380406,0.016231777855491264,0.015169495948600911
5/29/2007,-805.7180000000001,26626.7604,6.3553,160.3926,30.909000000000002,2.0507,0.360251727324737,0.2909386964749372,0.9945620696312504,1.4790410565604364,0.005824926781646589,0.05369196154632849,0.16937802663438273,0.03482951518380406,0.015683017389351326,0.01497259003441735
5/30/2007,-805.7180000000001,26626.7604,6.3553,160.3926,31.785999999999998,2.0507,0.47184663826634554,0.3638173735877015,1.0,1.5210067949086032,0.028373612863566988,0.07921094625335257,0.21538638014759282,0.03482951518380406,0.01666229496362815,0.015222281710070682
5/31/2007,-805.7180000000001,26626.7604,6.3553,160.3926,32.036,2.0507,0.5329696621686284,0.44946884869365467,1.0,1.4867963057502207,0.007865097841817326,0.05760787032451886,0.23576608548063582,0.03482951518380406,0.015716151657266555,0.015155357137252298
6/1/2007,-805.7180000000001,26626.7604,6.3553,160.3926,32.335,2.0507,0.5006729475100944,0.39007750498909366,1.0,1.4774284931006123,0.009333250093644718,0.07956063034188054,0.2006609483494859,0.03482951518380406,0.015439088865493323,0.014485894752708716
6/4/2007,-805.7180000000001,26626.7604,6.3553,160.3926,32.504,2.0507,0.3866302632140266,0.28241115993345,1.0,1.4851503244082975,0.005226534714705355,0.08126808822061804,0.20296076980014788,0.03482951518380406,0.015442326283988277,0.014488549349480568
6/5/2007,-805.7180000000001,26626.7604,6.3553,160.3926,32.534,2.0507,0.4261166878534166,0.33914873098671805,1.0,1.4865210636936854,0.0009229633275904536,0.06494271685761044,0.20407105847520346,0.03482951518380406,0.015185854279397322,0.014485892047220176
6/6/2007,-805.7180000000001,26626.7604,6.3553,160.3926,32.046,2.0507,0.4457929167606587,0.354928942025716,0.9850003073707506,1.4642237046513753,-0.014999692629249384,0.0670618007458712,0.18250922509225087,0.03482951518380406,0.015062112753225165,0.01466341897540103
6/7/2007,-805.7180000000001,26626.7604,6.3553,160.3926,31.318,2.0507,0.3849555565382743,0.3743421925441117,0.9626237167271163,1.4309604313259618,-0.022717343818261182,0.007722504665679919,0.137636674052817,0.028373612863566988,0.014232551604861495,0.014911790112781962
6/8/2007,-805.7180000000001,26626.7604,6.3553,160.3926,31.666999999999998,2.0507,0.35671136626537003,0.3071419390771606,0.9733509559230343,1.4469066983459746,0.011143751197394414,0.03792199278924935,0.1749842306407925,0.028373612863566988,0.013734993317477054,0.014654437552103137
6/11/2007,-805.7180000000001,26626.7604,6.3553,160.3926,31.557,2.0507,0.3755121611019092,0.3463952576061373,0.9699698776664413,1.4418806542995521,-0.0034736476458142596,0.021625821489850816,0.16661737523105358,0.028373612863566988,0.013560941609219139,0.01467417985104359
6/12/2007,-805.7180000000001,26626.7604,6.3553,160.3926,31.826,2.0507,0.3776296424551988,0.31720197385507776,0.9782381508575645,1.4541716165585306,0.008524257692429593,0.045875780479789796,0.1765619223659889,0.028373612863566988,0.013137780653118526,0.014689536509616498
6/13/2007,-805.7180000000001,26626.7604,6.3553,160.3926,32.225,2.0507,0.39068703607802546,0.2930260659416539,0.9905022438064794,1.47240244905419,0.012536919499779975,0.07552900340431212,0.18517837440235385,0.028373612863566988,0.012671976426134579,0.014738822391034441
6/14/2007,-805.7180000000001,26626.7604,6.3553,160.3926,32.285,2.0507,0.45460689344446936,0.35485469700382954,0.9923464683100756,1.4751439276249656,0.0018619084561675159,0.07362575238601976,0.18738506803972022,0.028373612863566988,0.012677284844541243,0.014734969800342076
6/15/2007,-805.7180000000001,26626.7604,6.3553,160.3926,33.103,2.0507,0.4887789521025412,0.34841466156959755,1.0,1.5125194188065432,0.025336843735481063,0.10409579080781817,0.17733044065867642,0.028373612863566988,0.013441031755564556,0.014474364867049722
6/18/2007,-805.7180000000001,26626.7604,6.3553,160.3926,33.222,2.0507,0.4082489084820484,0.2932898139120854,1.0,1.517956684638582,0.0035948403467962464,0.0888888888888888,0.14188492472674774,0.028373612863566988,0.013117873035789292,0.01388177286507279
6/19/2007,-805.7180000000001,26626.7604,6.3553,160.3926,33.611,2.0507,0.28960595480182616,0.17714768062003605,1.0,1.5357306040391117,0.011709108422129688,0.09553455019556711,0.13008540111626665,0.028373612863566988,0.01321921638883488,0.013698024994545276
6/20/2007,-805.7180000000001,26626.7604,6.3553,160.3926,33.551,2.0507,0.3390405491698598,0.22166347381864626,0.9982148701318022,1.532989125468336,-0.0017851298681977879,0.096079712512251,0.13069120075489504,0.028373612863566988,0.013207036768924766,0.01369544791325073
6/21/2007,-805.7180000000001,26626.7604,6.3553,160.3926,32.943000000000005,2.0507,0.3147749042145598,0.24034163473818682,0.9801255541340634,1.5052088092844744,-0.018121665524127306,0.06001029667288771,0.1154640571564014,0.028373612863566988,0.013834927353909047,0.013904695643598723
6/22/2007,-805.7180000000001,26626.7604,6.3553,160.3926,32.724000000000004,2.0507,0.31384751274742073,0.21777010478981818,0.973609830115141,1.4952024125011425,-0.0066478462799380855,0.07889617882694289,0.12014787430683915,0.028373612863566988,0.012610191300864465,0.013853585383919153
6/25/2007,-805.7180000000001,26626.7604,6.3553,160.3926,32.454,2.0507,0.29422555431488284,0.22547455734566912,0.9655767457082504,1.482865758932651,-0.008250825082508295,0.05610152945004887,0.10938675052984204,0.028373612863566988,0.012672554704459826,0.013912387396307575
6/26/2007,-805.7180000000001,26626.7604,6.3553,160.3926,32.205,2.0507,0.2961323298587355,0.23676902644182407,0.958168456755229,1.4714886228639312,-0.007672397855426172,0.04799869834038395,0.09455188118138858,0.028373612863566988,0.012862821022781686,0.013952636283185015
6/27/2007,-805.7180000000001,26626.7604,6.3553,160.3926,33.103,2.0507,0.3403652265457344,0.25152852573187046,0.9848859004492578,1.5125194188065432,0.027883868964446723,0.07098256171341677,0.12354478498455701,0.028373612863566988,0.014013175105922596,0.014342139855596708
6/28/2007,-805.7180000000001,26626.7604,6.3553,160.3926,33.132,2.0507,0.35188509874326734,0.29696425656928316,0.9857487132188867,1.513844466782418,0.0008760535298915073,0.04234568678034356,0.1268237934904599,0.027883868964446723,0.012790790104357866,0.014333768951556181
6/29/2007,-805.7180000000001,26626.7604,6.3553,160.3926,33.491,2.0507,0.35607563671701015,0.2971615985747258,0.9964297402636042,1.53024764689756,0.010835446094410228,0.04541765513796969,0.12453831173191876,0.027883868964446723,0.01287440754170227,0.01431090862925663
7/2/2007,-805.7180000000001,26626.7604,6.3553,160.3926,34.578,2.0507,0.43542695836273815,0.34231391921623966,1.0,1.5799141003381159,0.03245648084560049,0.06936755837327979,0.16451688950257637,0.03245648084560049,0.014412321088023384,0.014801353518117866
7/3/2007,-805.7180000000001,26626.7604,6.3553,160.3926,34.887,2.0507,0.5387024213822607,0.43359943545185886,1.0,1.5940327149776112,0.008936317889987722,0.07331405365493482,0.18610818345629476,0.03245648084560049,0.014459810194140065,0.01474278987138398
7/4/2007,-805.7180000000001,26626.7604,6.3553,160.3926,34.887,2.0507,0.5441508431815161,0.4400035409197536,1.0,1.5940327149776112,0.0,0.07232433761603252,0.18610818345629476,0.03245648084560049,0.014469350723255506,0.01474278987138398
7/5/2007,-805.7180000000001,26626.7604,6.3553,160.3926,34.867,2.0507,0.5931188887873526,0.4642237046513753,0.9994267205549344,1.5801948787672784,-0.0005732794450655776,0.08802970729576232,0.16643249029840756,0.03245648084560049,0.013881116888350076,0.014647117599133104
7/6/2007,-805.7180000000001,26626.7604,6.3553,160.3926,34.827,2.0507,0.5299828669331808,0.3758291965030971,0.9982801616648035,1.5783820530251529,-0.0011472165658071853,0.11204419183855929,0.1396269633507854,0.03245648084560049,0.012528346290303577,0.014432505063855083
7/9/2007,-805.7180000000001,26626.7604,6.3553,160.3926,34.857,2.0507,0.5319738056520018,0.3917725135147012,0.9991400808324017,1.579741672331747,0.0008614006374365601,0.10073578172861342,0.1723732005919547,0.03245648084560049,0.012482984508368485,0.013939293024980488
7/10/2007,-805.7180000000001,26626.7604,6.3553,160.3926,34.199,2.0507,0.5499206888737818,0.4301835486063901,0.9802791870897468,1.5169889992902768,-0.018877126545600587,0.08372151978958708,0.1242274819197895,0.03245648084560049,0.013403107438175469,0.013946957773734286
7/11/2007,-805.7180000000001,26626.7604,6.3553,160.3926,34.488,2.0507,0.5298083747338538,0.4117281760113556,0.9885630750709433,1.5130961260035973,0.00845053948945873,0.08364230503362036,0.14650443801735324,0.03245648084560049,0.013401851078225903,0.013868379203820756
7/12/2007,-805.7180000000001,26626.7604,6.3553,160.3926,35.815,2.0507,0.5671903032424626,0.41009933050365377,1.0,1.5713157548370111,0.038477151472976034,0.11140418929402629,0.16775350505379838,0.038477151472976034,0.015297438946742159,0.014441395564358523
7/13/2007,-805.7180000000001,26626.7604,6.3553,160.3926,35.894,2.0507,0.5740911283603034,0.4158224794983114,1.0,1.574781731233273,0.002205779701242472,0.11178565897475612,0.17723843883240398,0.038477151472976034,0.015293924020605178,0.014401096683857379
7/16/2007,-805.7180000000001,26626.7604,6.3553,160.3926,35.565,2.0507,0.5603474751020048,0.4523318562716623,0.9908341226946008,1.5204565858663588,-0.009165877305399195,0.07437392381355146,0.1850259896041584,0.038477151472976034,0.014866303100164763,0.014290052702432774
7/17/2007,-805.7180000000001,26626.7604,6.3553,160.3926,35.256,2.0507,0.49764241111252705,0.4112399643175737,0.9822254415779796,1.5072463768115942,-0.008688317165752801,0.061224489795918435,0.17086778918003387,0.038477151472976034,0.015103210174637633,0.0143628980435515
7/18/2007,-805.7180000000001,26626.7604,6.3553,160.3926,35.047,2.0507,0.4719445611087778,0.4116337673246535,0.9764027414052487,1.498311316318242,-0.005928068981166379,0.04272410817887007,0.15777476792970146,0.038477151472976034,0.01508162692476107,0.014398528176496374
7/19/2007,-805.7180000000001,26626.7604,6.3553,160.3926,36.363,2.0507,0.5545722713864307,0.4343550938395111,1.0,1.5499339329099358,0.03754957628327671,0.08381270304908939,0.20602965075785207,0.038477151472976034,0.016906974603933943,0.015036986153922786
7/20/2007,-805.7180000000001,26626.7604,6.3553,160.3926,35.974000000000004,2.0507,0.5026733500417713,0.3760651629072682,0.989302312790474,1.5333532245002346,-0.010697687209526019,0.09200740673284158,0.18180026281208939,0.038477151472976034,0.01649443389784774,0.015112587840634604
7/23/2007,-805.7180000000001,26626.7604,6.3553,160.3926,36.159,2.0507,0.4893117508958358,0.3478314592858027,0.9943899018232819,1.541238651378884,0.00514260299104885,0.10496883021635472,0.1909686769210499,0.038477151472976034,0.016301696451378894,0.01509974715105083
7/24/2007,-805.7180000000001,26626.7604,6.3553,160.3926,35.385999999999996,2.0507,0.5082903542048505,0.3833169941605219,0.9731320298105216,1.5082903542048505,-0.021377803589701094,0.09034325506871244,0.18339910373888024,0.038477151472976034,0.017064579237941423,0.015240095253337211
7/25/2007,-805.7180000000001,26626.7604,6.3553,160.3926,35.056999999999995,2.0507,0.46743407283382155,0.3480535789033068,0.9640843714765007,1.4942670815395762,-0.009297462273215373,0.08855767737928888,0.1747537028349304,0.038477151472976034,0.017124993044480563,0.015304651598050785
7/26/2007,-805.7180000000001,26626.7604,6.3553,160.3926,34.439,2.0507,0.4006425898812429,0.34630714169513577,0.947089074058796,1.4679254933719792,-0.01762843369369871,0.04035887985983133,0.1740301356787346,0.038477151472976034,0.016853816483815454,0.015317404331020223
7/27/2007,-805.7180000000001,26626.7604,6.3553,160.3926,33.321999999999996,2.0507,0.4030315789473682,0.3950315789473684,0.9163710364931386,1.4203145645965645,-0.03243415894770474,0.005734637208740789,0.13136183071333973,0.038477151472976034,0.01845797239060311,0.015941155331636852
7/30/2007,-805.7180000000001,26626.7604,6.3553,160.3926,33.342,2.0507,0.4145348097238133,0.4208561367782446,0.916921046118307,1.42116704317804,0.0006002040693837696,-0.004448956436057472,0.10072298702584925,0.038477151472976034,0.018304057034639325,0.015580257860133064
7/31/2007,-805.7180000000001,26626.7604,6.3553,160.3926,33.222,2.0507,0.4160521716891865,0.473850219513235,0.9136209883672964,1.4130407043511548,-0.0035990642432967013,-0.03921568627450989,0.10917467948717952,0.038477151472976034,0.016724976215605272,0.01550857824745351
8/1/2007,-805.7180000000001,26626.7604,6.3553,160.3926,32.285,2.0507,0.3731870188422439,0.4838586193696568,0.8878530374281549,1.350836820083682,-0.028204202034796344,-0.07458365580302129,0.07398290143375119,0.038477151472976034,0.017482673981097607,0.015958848737358963
8/2/2007,-805.7180000000001,26626.7604,6.3553,160.3926,33.88,2.0507,0.3812785388127853,0.4223336594911937,0.9317163050353382,1.4175732217573225,0.04940374787052826,-0.028864620059047774,0.10900163666121121,0.04940374787052826,0.020960821926373326,0.016975197093257628
8/3/2007,-805.7180000000001,26626.7604,6.3553,160.3926,31.906,2.0507,0.28928759041499985,0.4089384571867296,0.877430355031213,1.334979079497908,-0.05826446280991748,-0.08492270628387866,0.062400106553010204,0.04940374787052826,0.02437835949153162,0.018444919117918544
8/6/2007,-805.7180000000001,26626.7604,6.3553,160.3926,31.956,2.0507,0.3130084641301667,0.4309721423288684,0.8788053790941341,1.337071129707113,0.0015671033661379674,-0.08243604100267032,0.028251496235278895,0.04940374787052826,0.02440106005138709,0.017933665390377825
8/7/2007,-805.7180000000001,26626.7604,6.3553,160.3926,32.554,2.0507,0.34033267457180516,0.43515316205533594,0.8952506668866705,1.362092050209205,0.018713230692201765,-0.066069942909602,0.06699442805637501,0.04940374787052826,0.024878056284663556,0.017911165201823433
8/8/2007,-805.7180000000001,26626.7604,6.3553,160.3926,33.95,2.0507,0.39493795710411717,0.4051688717232311,0.9336413387234278,1.4205020920502094,0.04288259507280223,-0.007280914646626946,0.09909676583897187,0.04940374787052826,0.026499320517889037,0.018616558441287876
8/9/2007,-805.7180000000001,26626.7604,6.3553,160.3926,32.843,2.0507,0.33627634469851087,0.4032061192936771,0.9031983059703546,1.3741841004184103,-0.03260677466863027,-0.047697749942008705,0.07929674663161368,0.04940374787052826,0.02734470021622567,0.019001036434436458
8/10/2007,-805.7180000000001,26626.7604,6.3553,160.3926,33.152,2.0507,0.342349273191076,0.45017613475320895,0.9116959546792069,1.3871129707112972,0.00940839752763134,-0.0743543208153008,0.10646819304452304,0.04940374787052826,0.025892050140528287,0.01890459286437536
8/13/2007,-805.7180000000001,26626.7604,6.3553,160.3926,33.292,2.0507,0.33934103069557886,0.4440197932172023,0.915546022055386,1.3929707112970713,0.004222972972973027,-0.07249122416002662,0.10711316550829708,0.04940374787052826,0.02591743423479094,0.018905662362444484
8/14/2007,-805.7180000000001,26626.7604,6.3553,160.3926,31.049,2.0507,0.26277045713356095,0.4464372864812103,0.8538624425927454,1.2991213389121339,-0.06737354319356004,-0.12697877126388302,0.03558801947835377,0.04940374787052826,0.029452434131645625,0.02081243877951052
8/15/2007,-805.7180000000001,26626.7604,6.3553,160.3926,30.351,2.0507,0.25009267268009383,0.4521191152848141,0.8346671066743668,1.2699163179916317,-0.02248059518825085,-0.13912525527569775,-0.005211406096361948,0.04940374787052826,0.029667694043239698,0.020901935735174546
8/16/2007,-805.7180000000001,26626.7604,6.3553,160.3926,29.473000000000003,2.0507,0.1933838117990041,0.4190792403935699,0.8105216841294723,1.2331799163179917,-0.028928206648874744,-0.15904357006305803,-0.03934159061277698,0.04940374787052826,0.030060273667606635,0.02120687372756581
8/17/2007,-805.7180000000001,26626.7604,6.3553,160.3926,30.879,2.0507,0.19574814126394058,0.4081087360594795,0.8491873607788136,1.292008368200837,0.0477046788586164,-0.15081263922118637,0.008787977785037704,0.04940374787052826,0.030896027767817205,0.02205404630903616
8/20/2007,-805.7180000000001,26626.7604,6.3553,160.3926,30.61,2.0507,0.19272132169576062,0.4017300498753118,0.8417897313202981,1.2807531380753139,-0.008711422002007918,-0.14910768888641812,-0.015058884098075875,0.04940374787052826,0.030888137325740972,0.02199956634317626
8/21/2007,-805.7180000000001,26626.7604,6.3553,160.3926,30.809,2.0507,0.21414778325123152,0.42498522167487685,0.8472623270907241,1.2890794979079498,0.006501143417183997,-0.14795763157166952,0.01575945402393586,0.04940374787052826,0.03091669612390922,0.021796949558878332
8/22/2007,-805.7180000000001,26626.7604,6.3553,160.3926,31.188000000000002,2.0507,0.22908374384236452,0.39452216748768465,0.8576850094876661,1.3049372384937241,0.012301600181765071,-0.11863448821567835,0.014904002603319366,0.04940374787052826,0.0310144858486384,0.021789212549551604
8/23/2007,-805.7180000000001,26626.7604,6.3553,160.3926,31.587,2.0507,0.2462813178141645,0.3831919510751627,0.8686577015097764,1.32163179916318,0.012793382070026782,-0.09898165844196583,0.027888057273023126,0.04940374787052826,0.031254180347576134,0.021844311499736074
8/24/2007,-805.7180000000001,26626.7604,6.3553,160.3926,32.494,2.0507,0.34891444227655755,0.42965668977541593,0.8936006380111652,1.3595815899581591,0.028714344508816936,-0.05647666889282499,0.05127956258694866,0.04940374787052826,0.031908790673296265,0.022120002495380278
8/27/2007,-805.7180000000001,26626.7604,6.3553,160.3926,32.644,2.0507,0.3523343966195782,0.3804217241807861,0.8977257101999284,1.3658577405857741,0.00461623684372503,-0.020346917952103638,0.026993015793116415,0.04940374787052826,0.03117371813119231,0.021847260036762666
8/28/2007,-805.7180000000001,26626.7604,6.3553,160.3926,31.576999999999998,2.0507,0.2729068408110613,0.34405611319385665,0.8683826966971921,1.321213389121339,-0.0326859453498346,-0.05293623657848956,-0.014327631414658648,0.04940374787052826,0.0319509168952975,0.022225608768114344
8/29/2007,-805.7180000000001,26626.7604,6.3553,160.3926,31.596999999999998,2.0507,0.2665651180502666,0.3317032108069107,0.8689327063223606,1.3220502092050208,0.0006333723912974598,-0.048913370657997834,-0.02282356579557765,0.04940374787052826,0.03195431316427717,0.022193784005558163
8/30/2007,-805.7180000000001,26626.7604,6.3553,160.3926,31.766,2.0507,0.26376511775938893,0.2844127943984722,0.8735802876550339,1.329121338912134,0.0053486090451624335,-0.016075576893294086,-0.022704897858725093,0.04940374787052826,0.031407197243887935,0.022194263909326432
8/31/2007,-805.7180000000001,26626.7604,6.3553,160.3926,32.474000000000004,2.0507,0.3017196456487756,0.35807912775083195,0.8930506283859969,1.3587447698744772,0.022287980860039136,-0.041499409681227784,-0.0018442245035961147,0.0477046788586164,0.02977678511756689,0.022372981011427644
9/3/2007,-805.7180000000001,26626.7604,6.3553,160.3926,32.474000000000004,2.0507,0.2950231296857555,0.2723719891529748,0.8930506283859969,1.3587447698744772,0.0,0.01780229423932811,0.013355801036010861,0.0477046788586164,0.026797224498344367,0.022288073807392755
9/4/2007,-805.7180000000001,26626.7604,6.3553,160.3926,33.721,2.0507,0.36318066054897513,0.29183005214860347,0.9273437285152489,1.41092050209205,0.0383999507298145,0.05523219426711723,0.0767290376141514,0.0477046788586164,0.028001735504459654,0.0225911873549077
9/5/2007,-805.7180000000001,26626.7604,6.3553,160.3926,33.013000000000005,2.0507,0.3405205668575144,0.3218824867015879,0.9078733877842864,1.3812970711297075,-0.020995818629340524,0.01409964981261913,0.042504815738781954,0.0477046788586164,0.028223211991946006,0.022730666782557585
9/6/2007,-805.7180000000001,26626.7604,6.3553,160.3926,32.913000000000004,2.0507,0.3753865440869204,0.4187212703719183,0.9051233396584442,1.3771129707112972,-0.003029109744646097,-0.030544918998527182,0.042969864055518725,0.0477046788586164,0.026549215672247935,0.0227293510410633
9/7/2007,-805.7180000000001,26626.7604,6.3553,160.3926,32.335,2.0507,0.3150723930372539,0.33573287782658223,0.8892280614910761,1.3529288702928872,-0.017561449883024993,-0.01546752732697998,0.0159932130962106,0.0477046788586164,0.025851359984642306,0.022826046144835393
9/10/2007,-805.7180000000001,26626.7604,6.3553,160.3926,32.235,2.0507,0.31207261478345805,0.3493975903614457,0.8864780133652339,1.348744769874477,-0.0030926240915417624,-0.027660472972973027,0.0003103180760277713,0.0477046788586164,0.025757468927738027,0.02277809848103024
9/11/2007,-805.7180000000001,26626.7604,6.3553,160.3926,33.063,2.0507,0.32273163706193,0.33189310289646357,0.9092484118472074,1.3833891213389122,0.025686365751512508,-0.006878529376426745,0.024097878271643447,0.0477046788586164,0.026393724080010332,0.023001774288337107
9/12/2007,-805.7180000000001,26626.7604,6.3553,160.3926,32.764,2.0507,0.28109481915933543,0.21403714565004894,0.9010257679509392,1.3708786610878663,-0.00904334149956143,0.055235273277722374,-0.010240763677008102,0.0477046788586164,0.021578258884496018,0.02281343794473907
9/13/2007,-805.7180000000001,26626.7604,6.3553,160.3926,33.510999999999996,2.0507,0.3358446942517739,0.20987801961253294,0.9215686274509803,1.402133891213389,0.022799413990965522,0.10411518566109845,0.008699054843176013,0.0477046788586164,0.021186234588342973,0.022988610434113526
9/14/2007,-805.7180000000001,26626.7604,6.3553,160.3926,33.073,2.0507,0.33915050410981107,0.1933838117990041,0.9095234166597915,1.3838075313807532,-0.013070335113843035,0.12214569266786546,-0.016006664484841227,0.0477046788586164,0.020177306405909163,0.02300394559822447
9/17/2007,-805.7180000000001,26626.7604,6.3553,160.3926,32.674,2.0507,0.33811122942091876,0.26459988533049383,0.8985507246376812,1.3671129707112972,-0.012064221570465383,0.05813012079406721,-0.026139310303716856,0.0383999507298145,0.01805955665556835,0.023053248306976384
9/18/2007,-805.7180000000001,26626.7604,6.3553,160.3926,32.993,2.0507,0.36003132857908415,0.2617997444247495,0.9073233781591179,1.3804602510460253,0.009763114402889128,0.07785037569421771,0.0015177731232733915,0.0383999507298145,0.017917675762951175,0.02297033049581147
9/19/2007,-805.7180000000001,26626.7604,6.3553,160.3926,33.94,2.0507,0.4200836820083682,0.28907949790794985,0.9333663339108433,1.4060234475330378,0.028703058224471834,0.10162614820344684,0.03715927148270359,0.0383999507298145,0.018726213803249656,0.023228581889532366
9/20/2007,-805.7180000000001,26626.7604,6.3553,160.3926,34.289,2.0507,0.42048137868180135,0.29201706781556824,0.9429640018700328,1.3739231478142406,0.010282852091927142,0.0994292676670514,0.05654156652492759,0.0383999507298145,0.01869085132962613,0.023228881157407462
9/21/2007,-805.7180000000001,26626.7604,6.3553,160.3926,34.927,2.0507,0.39948711784268953,0.26565692991946155,0.960509308912906,1.397862803169775,0.0186065502056052,0.10573970304239078,0.08452103710603942,0.0383999507298145,0.01885915845975641,0.023303912599768245
9/24/2007,-805.7180000000001,26626.7604,6.3553,160.3926,35.316,2.0507,0.41343152165212516,0.30048827343312245,0.9712069961224322,1.3808797653958946,0.011137515389240571,0.08684680248661292,0.06685194695344832,0.0383999507298145,0.01812839071130077,0.023093329328007447
9/25/2007,-805.7180000000001,26626.7604,6.3553,160.3926,35.755,2.0507,0.38402879925679345,0.26360610048772926,0.9832797073948795,1.3980449657869014,0.012430626344999363,0.09530082097782144,0.07916817578172175,0.0383999507298145,0.01821885417543282,0.02313582317055262
9/26/2007,-805.7180000000001,26626.7604,6.3553,160.3926,35.166,2.0507,0.3461700417256821,0.20878153351452733,0.9670819239336688,1.3750146627565982,-0.016473220528597565,0.11365867561832976,0.05001343644561218,0.0383999507298145,0.01685681042977363,0.023213306467996218
9/27/2007,-805.7180000000001,26626.7604,6.3553,160.3926,35.495,2.0507,0.3598053863540587,0.21047389188982102,0.9761295822676896,1.3878787878787877,0.00935562759483588,0.12336614235528698,0.026519752443750155,0.0383999507298145,0.01684420758170645,0.022889251417468306
9/28/2007,-805.7180000000001,26626.7604,6.3553,160.3926,35.176,2.0507,0.30088757396449717,0.17477810650887582,0.9673569287462531,1.375405669599218,-0.008987181293139801,0.10734747843606374,0.008283887981196392,0.0383999507298145,0.017146483695138066,0.022896292744615507
10/1/2007,-805.7180000000001,26626.7604,6.3553,160.3926,35.755,2.0507,0.3002290992399723,0.18091566966071504,0.9832797073948795,1.3980449657869014,0.016460086422560805,0.10103467389296039,0.024880327915842715,0.0383999507298145,0.01689815871437101,0.022985511387076083
10/2/2007,-805.7180000000001,26626.7604,6.3553,160.3926,35.176,2.0507,0.27044206876625254,0.17285466628142165,0.9673569287462531,1.375405669599218,-0.0161935393651238,0.08320502555890852,0.008862247970860881,0.0383999507298145,0.017484072229008753,0.02308297240107718
10/3/2007,-805.7180000000001,26626.7604,6.3553,160.3926,35.166,2.0507,0.2928676470588234,0.23974264705882353,0.9670819239336688,1.3750146627565982,-0.00028428473959529743,0.04285163547937487,0.009733827203032064,0.028703058224471834,0.015611423068074672,0.023082293543280962
10/4/2007,-805.7180000000001,26626.7604,6.3553,160.3926,35.446,2.0507,0.3230562502332872,0.23224217087828025,0.974782058686027,1.3859628543499511,0.007962236250924182,0.07369824008723813,0.016897610236107585,0.028703058224471834,0.014721476460697679,0.023101827394589686
10/5/2007,-805.7180000000001,26626.7604,6.3553,160.3926,35.645,2.0507,0.347535158022078,0.2442537426281568,0.9802546544564531,1.3937438905180841,0.005614173672628953,0.08300671467201415,0.04228193806836478,0.028703058224471834,0.014650618545812222,0.022975710408164138
10/8/2007,-805.7180000000001,26626.7604,6.3553,160.3926,35.067,2.0507,0.33268726485007405,0.22886025918747377,0.9643593762890851,1.3711436950146627,-0.016215457988497772,0.08449049018091848,0.01678844815588043,0.028703058224471834,0.014554633585857787,0.023055312756402917
10/9/2007,-805.7180000000001,26626.7604,6.3553,160.3926,35.555,2.0507,0.3636712307751313,0.23633643999539755,0.977779611143195,1.3902248289345063,0.013916217526449337,0.10299364045292392,-0.007259528130671433,0.028703058224471834,0.014615070179104439,0.022606528416046573
10/10/2007,-805.7180000000001,26626.7604,6.3553,160.3926,34.897,2.0507,0.35081675311604865,0.27982503677324466,0.9596842944751532,1.364496578690127,-0.018506539164674485,0.05546986056921632,-0.02777623001058671,0.028703058224471834,0.014635945514482239,0.0227262499904601
10/11/2007,-805.7180000000001,26626.7604,6.3553,160.3926,34.548,2.0507,0.35085043988269815,0.28109481915933543,0.9500866265159641,1.3326647122357662,-0.010000859672751106,0.05445000610426076,-0.02859552931252629,0.028703058224471834,0.014675717916609654,0.022731810813653348
10/12/2007,-805.7180000000001,26626.7604,6.3553,160.3926,34.469,2.0507,0.30752598437144396,0.27118579773916984,0.9479140884965487,1.329617343002623,-0.0022866736135231935,0.028587627943063687,-0.022322441570229112,0.028703058224471834,0.013955194468440995,0.022707572962780913
10/15/2007,-805.7180000000001,26626.7604,6.3553,160.3926,34.399,2.0507,0.27682714078913184,0.2276084777847891,0.9459890548084592,1.3269171424162938,-0.002030810293306984,0.04009312732440362,-0.018489457014865596,0.028703058224471834,0.013584434582325123,0.022696755070536225
10/16/2007,-805.7180000000001,26626.7604,6.3553,160.3926,33.98,2.0507,0.26080664910392914,0.21234833586879898,0.9344663531611802,1.3107545131924085,-0.01218058664496069,0.039970618840668326,-0.06553364683881979,0.028703058224471834,0.013590464190038632,0.02222823619082649
10/17/2007,-805.7180000000001,26626.7604,6.3553,160.3926,34.798,2.0507,0.31700855347816237,0.24869426992657662,0.9569617468305696,1.3423082857583708,0.024072984108299167,0.054708574546115774,-0.0326902763106689,0.028703058224471834,0.014339591071092148,0.022410221075081078
10/18/2007,-805.7180000000001,26626.7604,6.3553,160.3926,34.628,2.0507,0.30024031240612814,0.2744067287473717,0.9522866650166378,1.3357506557629997,-0.004885338237829773,0.020271066588096742,-0.04234077269836001,0.024072984108299167,0.01310709582619702,0.022406704610106475
10/19/2007,-805.7180000000001,26626.7604,6.3553,160.3926,33.91,2.0507,0.2961051867140616,0.3105912930474335,0.9325413194730907,1.3080543126060793,-0.0207346655885412,-0.011053107410539997,-0.041711411292601586,0.024072984108299167,0.013745320219909438,0.022397155058341892
10/22/2007,-805.7180000000001,26626.7604,6.3553,160.3926,34.907,2.0507,0.33115966899286864,0.33192235823513694,0.9599592992877375,1.3465128838142262,0.02940135653199638,-0.0005726228991898008,-0.004278746042159831,0.02940135653199638,0.01466432024538996,0.022678882165127364
10/23/2007,-805.7180000000001,26626.7604,6.3553,160.3926,35.296,2.0507,0.3159837440811306,0.3167294284329445,0.9706569864972637,1.3615182842153988,0.011143896639642659,-0.0005663155510251539,0.0248845785301548,0.02940135653199638,0.014664561008355632,0.022603927411597564
10/24/2007,-805.7180000000001,26626.7604,6.3553,160.3926,35.466,2.0507,0.2925398155909473,0.3030722693975729,0.9753320683111955,1.36807591421077,0.004816409791477794,-0.008082785624388245,0.06434187623792109,0.02940135653199638,0.014436148880792511,0.02220847628521042
10/25/2007,-805.7180000000001,26626.7604,6.3553,160.3926,35.695,2.0507,0.2905383419501788,0.2714125601070174,0.9816296785193741,1.3769094275574758,0.006456888287373896,0.015042939202638994,0.07057165137064358,0.02940135653199638,0.014011631941228113,0.022218034924681204
10/26/2007,-805.7180000000001,26626.7604,6.3553,160.3926,36.273,2.0507,0.35341964852057783,0.3243908809372784,0.9975249566867421,1.3992053695417375,0.016192744081804156,0.02191858008170189,0.09183673469387754,0.02940135653199638,0.014296795484827436,0.022287072151121076
10/29/2007,-805.7180000000001,26626.7604,6.3553,160.3926,36.323,2.0507,0.3388499815702175,0.29657206044968687,0.9988999807496631,1.4011340842462583,0.001378435751109519,0.03260745963156686,0.12507356357441557,0.02940135653199638,0.014107717862097137,0.021957311422153045
10/30/2007,-805.7180000000001,26626.7604,6.3553,160.3926,36.124,2.0507,0.36152570480928725,0.3476179707522993,0.9934273849792372,1.3934577997222652,-0.005478622360487795,0.010320234932177375,0.0662337662337662,0.02940135653199638,0.013762189440430492,0.021123616967124
10/31/2007,-805.7180000000001,26626.7604,6.3553,160.3926,35.495,2.0507,0.28983611323085845,0.27824412224281403,0.9761295822676896,1.369194568739392,-0.017412246705791334,0.009068683193085958,0.1124866796213877,0.02940135653199638,0.0138388099180379,0.0198565390978236
11/1/2007,-805.7180000000001,26626.7604,6.3553,160.3926,34.588,2.0507,0.23802705991839068,0.2587157276827259,0.951186645766301,1.3342076839993828,-0.02555289477391176,-0.01643633054655058,0.08236324946801865,0.02940135653199638,0.014965031945857448,0.020155338017635104
11/2/2007,-805.7180000000001,26626.7604,6.3553,160.3926,37.111,2.0507,0.34562529460821634,0.28525327241741905,1.0,1.4315306279895077,0.07294437377125007,0.04697286012526103,0.1399827978128647,0.07294437377125007,0.021936418697441094,0.02197969354796097
11/5/2007,-805.7180000000001,26626.7604,6.3553,160.3926,38.188,2.0507,0.3673732454883989,0.2763176740189057,1.0,1.4730751427248883,0.029021044973188692,0.07134240426427274,0.12483063328424149,0.07294437377125007,0.022689012001619706,0.021633741369703193
11/6/2007,-805.7180000000001,26626.7604,6.3553,160.3926,37.918,2.0507,0.3581918475535495,0.25607135181603247,0.9929297161411961,1.4626600833204753,-0.007070283858803927,0.08130150854079332,0.15452303382760402,0.07294437377125007,0.022376759042094376,0.02120803919735954
11/7/2007,-805.7180000000001,26626.7604,6.3553,160.3926,36.881,2.0507,0.31590965854354747,0.26859813751025796,0.9657745888760867,1.4226585403487118,-0.027348488844348262,0.037294332723948775,0.11248190154440141,0.07294437377125007,0.02325357362062917,0.021518359974861238
11/8/2007,-805.7180000000001,26626.7604,6.3553,160.3926,36.662,2.0507,0.2825159168823901,0.22077240607290283,0.9600398030795013,1.41421076994291,-0.0059380168650524645,0.050577413531249116,0.101225519644359,0.07294437377125007,0.022857840102886266,0.021538893859239638
11/9/2007,-805.7180000000001,26626.7604,6.3553,160.3926,32.554,2.0507,0.13801300426483976,0.20771866042089093,0.8524667434796271,1.2557475698194724,-0.11205062462495219,-0.05771679981475053,0.04847177042738915,0.07294437377125007,0.03386650347929428,0.024397561858814424
11/12/2007,-805.7180000000001,26626.7604,6.3553,160.3926,30.919,2.0507,0.08085716283297217,0.20495700202754685,0.8096522467790929,1.1926785989816386,-0.05022424279658422,-0.1029910934462851,0.018714375144146755,0.07294437377125007,0.03544684020863662,0.025070252382087606
11/13/2007,-805.7180000000001,26626.7604,6.3553,160.3926,33.571,2.0507,0.18386994392918843,0.21306908347145326,0.8790981460144547,1.2949776269094275,0.08577250234483635,-0.02407046716474326,0.13904251348691998,0.08577250234483635,0.04056702237011322,0.026982514396845132
11/14/2007,-805.7180000000001,26626.7604,6.3553,160.3926,32.923,2.0507,0.16024104877361167,0.19749083732731876,0.8621294647533256,1.2699814843388366,-0.019302374072860395,-0.031106533254855684,0.06619385342789608,0.08577250234483635,0.040700282468486684,0.02648516086050311
11/15/2007,-805.7180000000001,26626.7604,6.3553,160.3926,33.272,2.0507,0.18292032566573035,0.23717424538699472,0.8712684612967423,1.2834439129763926,0.010600492057224242,-0.043853095005460196,0.08696504410323413,0.08577250234483635,0.04039523012107866,0.026478392189778596
11/16/2007,-805.7180000000001,26626.7604,6.3553,160.3926,34.249,2.0507,0.20442396961597975,0.21775214516809682,0.8968524143710066,1.3211309983027313,0.029364029814859416,-0.010944900080859354,0.11165568502710244,0.08577250234483635,0.0409330094236056,0.026701364787038682
11/19/2007,-805.7180000000001,26626.7604,6.3553,160.3926,33.701,2.0507,0.19139534061583063,0.19878389366139926,0.8825023567612862,1.299992285141182,-0.016000467166924603,-0.006163373636095426,0.08057586251122228,0.08577250234483635,0.04082434961151485,0.02676387956083919
11/20/2007,-805.7180000000001,26626.7604,6.3553,160.3926,33.97,2.0507,0.2353176479144694,0.2693916142405175,0.8895464543835759,1.3103687702515043,0.007981958992314686,-0.02684275360242927,0.07544242884731056,0.08577250234483635,0.04033102461021425,0.026738238240445467
11/21/2007,-805.7180000000001,26626.7604,6.3553,160.3926,33.561,2.0507,0.19319515056707082,0.2548796530024531,0.8788362836493139,1.2945918839685233,-0.012040035325286969,-0.04915571169537625,0.032836831415030465,0.08577250234483635,0.04031338134662874,0.02656188107822076
11/22/2007,-805.7180000000001,26626.7604,6.3553,160.3926,33.561,2.0507,0.17650564397391855,0.2432868260534249,0.8788362836493139,1.2945918839685233,0.0,-0.053713415665708086,0.02809092023036408,0.08577250234483635,0.04028866253835824,0.026557729115496122
11/23/2007,-805.7180000000001,26626.7604,6.3553,160.3926,34.299,2.0507,0.19859519150125804,0.24737908862175018,0.898161726196711,1.323059713007252,0.021989809600428956,-0.03910911892421909,0.08620198245558486,0.08577250234483635,0.04059011967650582,0.026338584313379113
11/26/2007,-805.7180000000001,26626.7604,6.3553,160.3926,34.588,2.0507,0.20410791993037414,0.2627676240208878,0.9057295485492824,1.3342076839993828,0.008425901629785182,-0.04645328481239497,0.09466088552710716,0.08577250234483635,0.04045981563145828,0.026351987803089377
11/27/2007,-805.7180000000001,26626.7604,6.3553,160.3926,34.628,2.0507,0.22286965427128602,0.2827276900801641,0.906776998009846,1.3357506557629997,0.0011564704521798141,-0.046664647743853815,0.09009632940880197,0.08577250234483635,0.04045906237103447,0.02634812884589964
11/28/2007,-805.7180000000001,26626.7604,6.3553,160.3926,35.645,2.0507,0.23831856869897527,0.25495918012853935,0.9334084005446738,1.374980712852955,0.029369296523044985,-0.013259882626508679,0.09764734864814928,0.08577250234483635,0.04099807823061214,0.026452206521042104
11/29/2007,-805.7180000000001,26626.7604,6.3553,160.3926,36.821999999999996,2.0507,0.2876626101552664,0.24125751853406063,0.9642296009217554,1.4203826569973768,0.03302005891429349,0.0373855472601774,0.13389172876762911,0.08577250234483635,0.04139152454592218,0.02674096200012118
11/30/2007,-805.7180000000001,26626.7604,6.3553,160.3926,37.33,2.0507,0.2959555632702655,0.20076375629231036,0.9775322090709122,1.4399783983953094,0.013796100157514646,0.07927604949693534,0.10702529580973286,0.08577250234483635,0.04094264708914151,0.02638327974859582
12/3/2007,-805.7180000000001,26626.7604,6.3553,160.3926,36.552,2.0507,0.2809083263246426,0.3004976170451359,0.9571593170629517,1.409967597592964,-0.02084114653094027,-0.01506291935005788,0.10720019386302337,0.08577250234483635,0.038115273996393265,0.0263811161015472
12/4/2007,-805.7180000000001,26626.7604,6.3553,160.3926,34.648,2.0507,0.22530678643420465,0.35049687024790477,0.9073007227401279,1.336522141644808,-0.05209017290435536,-0.09269927725987215,0.05271473278036032,0.08577250234483635,0.039122182676318965,0.027240987241915794
12/5/2007,-805.7180000000001,26626.7604,6.3553,160.3926,35.205999999999996,2.0507,0.24812989683411923,0.34427624348565966,0.9219126427149889,1.358046597747261,0.016104825675363532,-0.07152275963922161,0.08878923766816138,0.08577250234483635,0.03935379990045339,0.027197485551772323
12/6/2007,-805.7180000000001,26626.7604,6.3553,160.3926,35.545,2.0507,0.2722814804209319,0.3201016536616794,0.9307897768932649,1.371123283443913,0.009629040504459674,-0.03622461430004609,0.10268341864433084,0.08577250234483635,0.03902515237575022,0.027208405723736537
12/7/2007,-805.7180000000001,26626.7604,6.3553,160.3926,36.473,2.0507,0.30596533944428517,0.31273274133486106,0.9550906043783387,1.406920228359821,0.026107750738500357,-0.005155201571109047,0.10313643650001492,0.08577250234483635,0.03944720469781817,0.02721439323014272
12/10/2007,-805.7180000000001,26626.7604,6.3553,160.3926,36.273,2.0507,0.2997348430557547,0.16647556256270613,0.9498533570755211,1.3992053695417375,-0.005483508348641308,0.11424095349265828,0.10709925528018549,0.08577250234483635,0.029955198560630655,0.027194934446697207
12/11/2007,-805.7180000000001,26626.7604,6.3553,160.3926,35.077,2.0507,0.28393118594436295,0.13173499267935584,0.9185346182046715,1.3530705138095973,-0.03297218316654271,0.13448041657233412,0.04673092417415181,0.08577250234483635,0.02855171265351676,0.02741330801047944
12/12/2007,-805.7180000000001,26626.7604,6.3553,160.3926,34.08,2.0507,0.24743777452415805,0.22880673499267923,0.8924269404001256,1.3146119426014504,-0.028423183282492825,0.015161895683774684,0.030447797296888623,0.03302005891429349,0.023019264511672646,0.027608847640545935
12/13/2007,-805.7180000000001,26626.7604,6.3553,160.3926,33.611,2.0507,0.23297872340425507,0.20774027879677193,0.8801455954750182,1.2965205986730441,-0.01376173708920192,0.020897245087021066,0.028677235722592842,0.03302005891429349,0.02280604294912344,0.027622485066116118
12/14/2007,-805.7180000000001,26626.7604,6.3553,160.3926,33.521,2.0507,0.24562446583181607,0.23637174389654803,0.8777888341887503,1.2930489122049067,-0.0026776948022967373,0.007483770137052259,0.01600339465947309,0.03302005891429349,0.022717296015203437,0.027602044958912962
12/17/2007,-805.7180000000001,26626.7604,6.3553,160.3926,31.557,2.0507,0.1580550458715595,0.25684403669724776,0.8263590656750811,1.2172889986113253,-0.05859013752573017,-0.07860083506087778,-0.07021213906894519,0.03302005891429349,0.02512936282617033,0.028350999817653863
12/18/2007,-805.7180000000001,26626.7604,6.3553,160.3926,32.664,2.0507,0.1912907108209636,0.22911120026259169,0.8553472294961768,1.2599907421694183,0.035079380169217744,-0.03077060027892342,-0.04739129166788181,0.035079380169217744,0.026311889971627984,0.02867695127082982
12/19/2007,-805.7180000000001,26626.7604,6.3553,160.3926,32.724000000000004,2.0507,0.1934789744337868,0.23892191546008235,0.8569184036870221,1.2623051998148436,0.0018368846436445097,-0.03667942302031191,-0.06307441234574962,0.035079380169217744,0.026239284663081418,0.028575704144096718
12/20/2007,-805.7180000000001,26626.7604,6.3553,160.3926,32.843,2.0507,0.19781903059921957,0.22400525183267073,0.8600345658321986,1.2668955408116034,0.0036364747585868606,-0.021393879800959303,-0.07002491788424503,0.035079380169217744,0.026145644061187873,0.02854150197098835
12/21/2007,-805.7180000000001,26626.7604,6.3553,160.3926,34.289,2.0507,0.24827987913648109,0.22177727620226428,0.89789986383157,1.322673970066348,0.04402764668270254,0.021691844700694407,-0.04100125856523562,0.04402764668270254,0.027910221064773578,0.029049869436095038
12/24/2007,-805.7180000000001,26626.7604,6.3553,160.3926,33.791,2.0507,0.20690763625973263,0.22505178941352955,0.884859118047554,1.3034639716093195,-0.014523608154218715,-0.014810927432286736,-0.039100267303645575,0.04402764668270254,0.027699759593718527,0.02903333618580299
12/25/2007,-805.7180000000001,26626.7604,6.3553,160.3926,33.791,2.0507,0.24003669724770638,0.26928440366972484,0.884859118047554,1.3034639716093195,0.0,-0.023042673759685606,-0.048006761515706486,0.04402764668270254,0.02762734201009764,0.029007516622780616
12/26/2007,-805.7180000000001,26626.7604,6.3553,160.3926,34.319,2.0507,0.2621919823464509,0.27355645457888933,0.8986854509269928,1.3238311988890605,0.015625462401231305,-0.008923414577798217,-0.024363202183306787,0.04402764668270254,0.027856547769078345,0.02905518235849921
12/27/2007,-805.7180000000001,26626.7604,6.3553,160.3926,33.650999999999996,2.0507,0.20319651029748265,0.2744922768878717,0.8811930449355817,1.298063570436661,-0.019464436609458513,-0.05594052461775867,-0.05884491679485404,0.04402764668270254,0.027310471904658726,0.029080013954113408
12/28/2007,-805.7180000000001,26626.7604,6.3553,160.3926,33.481,2.0507,0.17617508606758947,0.29354317431321575,0.8767413847281869,1.29150594044129,-0.00505185581409151,-0.0907338004453857,-0.048186263361382764,0.04402764668270254,0.026078963830661356,0.029017101634504782
12/31/2007,-805.7180000000001,26626.7604,6.3553,160.3926,33.741,2.0507,0.1782721050426037,0.30360385528705125,0.8835498062218498,1.3015352569047987,0.007765598399091855,-0.09614251272435037,-0.04052209520559624,0.04402764668270254,0.025903595685077017,0.029035179686549634
1/1/2008,-805.7180000000001,26626.7604,6.3553,160.3926,33.741,2.0507,0.15773401043096347,0.2541861103486136,0.8835498062218498,1.3015352569047987,0.0,-0.07690413657255413,-0.04810133724538734,0.04402764668270254,0.025643321334262194,0.029016237367244582
1/2/2008,-805.7180000000001,26626.7604,6.3553,160.3926,33.043,2.0507,0.13378396925610758,0.18885533900631346,0.8652718131350161,1.2746103996296867,-0.020686998014285307,-0.0463230200877397,-0.07299761537382532,0.04402764668270254,0.023492770697273273,0.029117876650693996
1/3/2008,-805.7180000000001,26626.7604,6.3553,160.3926,32.195,2.0507,0.1286195050129706,0.2341723340110775,0.8430658845710693,1.2418993982410123,-0.025663529340556268,-0.08552519456910745,-0.08190036216385777,0.04402764668270254,0.0236516536392458,0.0292227954863659
1/4/2008,-805.7180000000001,26626.7604,6.3553,160.3926,31.039,2.0507,0.10196329037526186,0.26193772854759123,0.8127945951607835,1.197307514272489,-0.0359061966143811,-0.12676888451258972,-0.1270144846013218,0.04402764668270254,0.02441649876812845,0.029487475237470282
1/7/2008,-805.7180000000001,26626.7604,6.3553,160.3926,30.241,2.0507,0.06756804462173904,0.28757016274226,0.7918979784225411,1.166525227588335,-0.025709591159509104,-0.17086612014366787,-0.13342121099234894,0.04402764668270254,0.023598287587118984,0.02956746243886258
1/8/2008,-805.7180000000001,26626.7604,6.3553,160.3926,29.473000000000003,2.0507,0.01753840842396004,0.2523045054375972,0.7717869487797214,1.1369001697268941,-0.025395985582487235,-0.18746726215091114,-0.14689707074215586,0.04402764668270254,0.023864664255577647,0.02969935563931672
1/9/2008,-805.7180000000001,26626.7604,6.3553,160.3926,28.416,2.0507,-0.006294586655476331,0.22664008952301007,0.7441080967843301,1.096127140873322,-0.03586333254164831,-0.18989651338483904,-0.17560706721982078,0.04402764668270254,0.02401432343342576,0.03000283879992074
1/10/2008,-805.7180000000001,26626.7604,6.3553,160.3926,28.506,2.0507,-0.006621131865068186,0.18762196821856714,0.746464858070598,1.0995988273414596,0.0031672297297298257,-0.16355633802816893,-0.17131311956742934,0.04402764668270254,0.023771182029343384,0.0300116125543372
1/11/2008,-805.7180000000001,26626.7604,6.3553,160.3926,28.186999999999998,2.0507,-0.02111477687098473,0.16725125889911419,0.7381114486226038,1.0872936275266163,-0.011190626534764658,-0.16137574008509115,-0.17048263684520304,0.04402764668270254,0.02374770238190047,0.030006737329673783
1/14/2008,-805.7180000000001,26626.7604,6.3553,160.3926,29.403000000000002,2.0507,0.008886906395827676,0.1501852868514959,0.7699539122237352,1.1341999691405649,0.04314045481959794,-0.12284836371229968,-0.15503764584171498,0.04402764668270254,0.026242177396851623,0.03037316221371873
1/15/2008,-805.7180000000001,26626.7604,6.3553,160.3926,28.895,2.0507,-0.027530037357385684,0.062060377612492834,0.7566513040745784,1.1146042277426322,-0.017277148590279956,-0.0843552935957157,-0.16555966270070466,0.04402764668270254,0.023499392899978152,0.03043082090454056
1/16/2008,-805.7180000000001,26626.7604,6.3553,160.3926,27.688000000000002,2.0507,-0.0743514308638672,0.09200320941428197,0.7250445166020739,1.0680450547754978,-0.04177193286035641,-0.15233896644624045,-0.18348569743438503,0.04402764668270254,0.023101970066269146,0.030748916220686835
1/17/2008,-805.7180000000001,26626.7604,6.3553,160.3926,26.482,2.0507,-0.11466969778015512,0.09400909334046559,0.6934639153660835,1.0215244561024532,-0.04355677549841097,-0.19074685246302414,-0.24135560202824646,0.04402764668270254,0.024270357940526014,0.030892308470063475
1/18/2008,-805.7180000000001,26626.7604,6.3553,160.3926,26.093000000000004,2.0507,-0.11916416298146704,0.10869932147317973,0.6832774693621033,1.0065190557012809,-0.014689222868363272,-0.2055232469628231,-0.2607377606527651,0.04402764668270254,0.02409387940279876,0.03086081969769619
1/21/2008,-805.7180000000001,26626.7604,6.3553,160.3926,26.093000000000004,2.0507,-0.1074433878360812,0.1729150988574948,0.6832774693621033,1.0065190557012809,0.0,-0.23902709323689808,-0.26428128348277213,0.04314045481959794,0.020789892870572,0.030843804585334374
1/22/2008,-805.7180000000001,26626.7604,6.3553,160.3926,25.654,2.0507,-0.11793425938660429,0.16184156237106295,0.6717817115324185,1.0,-0.01682443567240266,-0.24080376431594208,-0.28129990194705146,0.04314045481959794,0.020805947475803607,0.030851247207798062
1/23/2008,-805.7180000000001,26626.7604,6.3553,160.3926,25.425,2.0507,-0.13384887919874633,0.15115486816106816,0.6657850633706923,1.0,-0.008926483199501067,-0.24758071675890025,-0.2990654205607477,0.04314045481959794,0.02062116431210667,0.030738238374781127
1/24/2008,-805.7180000000001,26626.7604,6.3553,160.3926,27.419,2.0507,-0.05108150198996364,0.187714137394013,0.7180004189797842,1.0784267453294,0.07842674532940008,-0.20105480928931496,-0.24513393717479282,0.07842674532940008,0.02818496970753585,0.032485520771099244
1/25/2008,-805.7180000000001,26626.7604,6.3553,160.3926,26.293000000000003,2.0507,-0.09844328624331367,0.15385406665752277,0.6885147166649209,1.0341396263520157,-0.041066413800649126,-0.2186562063534514,-0.2721459417561731,0.07842674532940008,0.02892222718660918,0.0328205211030103
1/28/2008,-805.7180000000001,26626.7604,6.3553,160.3926,26.691,2.0507,-0.10049539985845723,0.12833215380986074,0.698936838797528,1.0497935103244838,0.015137108736165361,-0.20280158896090328,-0.24803493449781655,0.07842674532940008,0.029470285563169774,0.032870100246631916
1/29/2008,-805.7180000000001,26626.7604,6.3553,160.3926,29.134,2.0507,0.005834627999309561,0.16488865872604874,0.7629098146014455,1.1458800393313668,0.09152897980592711,-0.1365401144008772,-0.1576847461547357,0.09152897980592711,0.03679900755504639,0.03487922452723751
1/30/2008,-805.7180000000001,26626.7604,6.3553,160.3926,28.416,2.0507,-0.005250997689560943,0.1811594202898552,0.7441080967843301,1.1176401179941002,-0.024644744971510923,-0.1578198630745976,-0.23429710867397802,0.09152897980592711,0.03697925970340001,0.0336365190791035
1/31/2008,-805.7180000000001,26626.7604,6.3553,160.3926,29.523000000000003,2.0507,0.045172938719156175,0.16978794208234493,0.7730962606054258,1.16117994100295,0.03895692567567588,-0.10652785764004469,-0.2269037393945742,0.09152897980592711,0.03818757145385609,0.033815097956363165
2/1/2008,-805.7180000000001,26626.7604,6.3553,160.3926,30.909000000000002,2.0507,0.07786999581531617,0.12271585995257372,0.8093903844139521,1.215693215339233,0.046946448531653306,-0.039944090697313195,-0.1848462471649348,0.09152897980592711,0.03945801060411278,0.03440317535053768
2/4/2008,-805.7180000000001,26626.7604,6.3553,160.3926,30.361,2.0507,0.057690297857516226,0.08130987632816589,0.7950403268042316,1.1941396263520156,-0.017729463910188037,-0.021843487225748248,-0.17678479433854832,0.09152897980592711,0.038853709155621426,0.03431305073979025
2/5/2008,-805.7180000000001,26626.7604,6.3553,160.3926,28.676,2.0507,0.0034994400895855815,0.058265677491601275,0.750916518277993,1.127866273352999,-0.05549883073680062,-0.05175093416223009,-0.21782772352844915,0.09152897980592711,0.04034120959476618,0.03495517418401857
2/6/2008,-805.7180000000001,26626.7604,6.3553,160.3926,28.845,2.0507,0.009413493840985332,0.03138997760358353,0.7553419922488739,1.1345132743362831,0.0058934300460316,-0.02130763749872777,-0.11393377157952944,0.09152897980592711,0.040001293555703726,0.03207611139794389
2/7/2008,-805.7180000000001,26626.7604,6.3553,160.3926,29.015,2.0507,-0.020193833789214244,-0.040421436531253296,0.759793652456269,1.1411996066863324,0.005893569076096394,0.02107967342342354,-0.0615802580937288,0.09152897980592711,0.03917322295531237,0.031472425315696946
2/8/2008,-805.7180000000001,26626.7604,6.3553,160.3926,30.749000000000002,2.0507,0.03836153040894197,-0.03738223077702374,0.8052005865716979,1.209400196656834,0.05976219196967092,0.07868518908300004,-0.08406064758273502,0.09152897980592711,0.04117414974472911,0.030476921220621258
2/11/2008,-805.7180000000001,26626.7604,6.3553,160.3926,30.749000000000002,2.0507,0.029703301855200648,-0.05609135355970807,0.8052005865716979,1.209400196656834,0.0,0.09089296484194853,-0.06603286456276769,0.09152897980592711,0.041034390560492615,0.0303862401822825
2/12/2008,-805.7180000000001,26626.7604,6.3553,160.3926,30.909000000000002,2.0507,0.07155486219448792,0.019344773790951786,0.8093903844139521,1.215693215339233,0.005203421249471596,0.05121926334047555,-0.07102067804760748,0.09152897980592711,0.04009273096877136,0.030361653553366605
2/13/2008,-805.7180000000001,26626.7604,6.3553,160.3926,30.749000000000002,2.0507,0.08058054540342985,0.015427326398650631,0.8052005865716979,1.209400196656834,-0.005176485813193521,0.06416335006056428,-0.10219276475225558,0.09152897980592711,0.03987109002773631,0.03012054999118509
2/14/2008,-805.7180000000001,26626.7604,6.3553,160.3926,30.63,2.0507,0.11062765147394749,0.003952282533812079,0.8020844244265214,1.2047197640117993,-0.003870044554294516,0.10625541750939016,-0.0911248924364263,0.09152897980592711,0.03854522402362517,0.030063571984766186
2/15/2008,-805.7180000000001,26626.7604,6.3553,160.3926,30.261,2.0507,0.12532073928080023,-0.015209549663456112,0.7924217031528228,1.1902064896755162,-0.012047012732615103,0.14270070236386978,-0.1091845746246688,0.09152897980592711,0.03712676866891142,0.030072145995553336
2/18/2008,-805.7180000000001,26626.7604,6.3553,160.3926,30.261,2.0507,0.1448622881355932,-0.012825363196125705,0.7924217031528228,1.1902064896755162,0.0,0.15973632775073754,-0.09832841691248773,0.09152897980592711,0.03683466849155208,0.030041636939693254
2/19/2008,-805.7180000000001,26626.7604,6.3553,160.3926,30.949,2.0507,0.18338240354835,-0.002294191870913398,0.8104378338745155,1.2172664700098328,0.022735534185915895,0.186103552676963,-0.07782843181073262,0.09152897980592711,0.03693064124089132,0.030192492251463754
2/20/2008,-805.7180000000001,26626.7604,6.3553,160.3926,30.65,2.0507,0.18230211387131612,-0.010415059404412896,0.8026081491568031,1.2055063913470991,-0.009661055284500453,0.19474545879784833,-0.10638794133939766,0.09152897980592711,0.03671462141047394,0.03006953914744875
2/21/2008,-805.7180000000001,26626.7604,6.3553,160.3926,29.483,2.0507,0.09476068471278465,-0.055920686198061564,0.7720488111448622,1.15960668633235,-0.03807504078303414,0.15960668633234998,-0.1475945414594657,0.09152897980592711,0.03796146751282113,0.030394819757683243
2/22/2008,-805.7180000000001,26626.7604,6.3553,160.3926,32.105,2.0507,0.18819393042190957,0.014766839378238306,0.8407091232848014,1.262733529990167,0.08893260523013247,0.17090338816149364,-0.0728601132031883,0.09152897980592711,0.03899464852512829,0.03248554598083631
2/25/2008,-805.7180000000001,26626.7604,6.3553,160.3926,32.724000000000004,2.0507,0.21110288675055533,-0.026905995558845208,0.8569184036870221,1.2870796460176992,0.01928048590562237,0.24458981477959907,-0.08194697713564314,0.09152897980592711,0.0373684121999363,0.032359605680014406
2/26/2008,-805.7180000000001,26626.7604,6.3553,160.3926,33.122,2.0507,0.22221402214022135,-0.01509225092250932,0.8673405258196292,1.3027335299901672,0.01216232734384537,0.24094263984114495,-0.10048340665906241,0.09152897980592711,0.03735806880669247,0.032113261204751505
2/27/2008,-805.7180000000001,26626.7604,6.3553,160.3926,32.375,2.0507,0.17603254749536856,0.05830215409204831,0.8477794071436052,1.2733529990167158,-0.02255298593080124,0.11124459394521868,-0.1327350656308599,0.08893260523013247,0.03311285669867943,0.03216634458998961
2/28/2008,-805.7180000000001,26626.7604,6.3553,160.3926,32.295,2.0507,0.19828577789321367,0.054357908797447285,0.8456845082224782,1.2702064896755163,-0.0024710424710424617,0.13650760135135132,-0.11646421536441232,0.08893260523013247,0.03244881265102729,0.032073684120087445
2/29/2008,-805.7180000000001,26626.7604,6.3553,160.3926,30.959,2.0507,0.14451016635859526,0.09142329020332718,0.8106996962396564,1.2176597836774827,-0.04136863291531201,0.04864004335602745,-0.10647079196490428,0.08893260523013247,0.03317071798599549,0.031828240813915706
3/3/2008,-805.7180000000001,26626.7604,6.3553,160.3926,30.131,2.0507,0.11390018484288356,0.1426617375231054,0.7890174924059914,1.1850934119960668,-0.026745049904712714,-0.025170662266653765,-0.14415156507413496,0.08893260523013247,0.03214673183098278,0.03190815595022073
3/4/2008,-805.7180000000001,26626.7604,6.3553,160.3926,29.154,2.0507,0.0722324383964692,0.11662375873482889,0.7634335393317272,1.1466666666666667,-0.03242507716305465,-0.03975494878297814,-0.1798002532001688,0.08893260523013247,0.03269063835470155,0.03210078501966811
3/5/2008,-805.7180000000001,26626.7604,6.3553,160.3926,29.513,2.0507,0.08543582199337996,0.0546524457521147,0.7728343982402849,1.1607866273353,0.012313919187761702,0.0291881712930675,-0.19082609053272281,0.08893260523013247,0.030347997629057197,0.031948202560963236
3/6/2008,-805.7180000000001,26626.7604,6.3553,160.3926,28.636,2.0507,0.018458583774940474,0.025891809225735418,0.7498690688174295,1.1262930186823992,-0.029715718496933663,-0.0072456231582596065,-0.21054227662448666,0.08893260523013247,0.031093465043710394,0.03212565448864198
3/7/2008,-805.7180000000001,26626.7604,6.3553,160.3926,28.267,2.0507,-0.028425104832611625,-0.002715336495497378,0.7402063475437309,1.111779744346116,-0.012885877915910005,-0.02577976908495605,-0.1941443110870371,0.08893260523013247,0.031188524345920003,0.03192492915908053
3/10/2008,-805.7180000000001,26626.7604,6.3553,160.3926,27.07,2.0507,-0.08983928451348255,0.03385784412615167,0.7088614224363674,1.064700098328417,-0.042346198747656216,-0.11964616735503597,-0.20569248826291076,0.08893260523013247,0.029170376231570892,0.03215165523070556
3/11/2008,-805.7180000000001,26626.7604,6.3553,160.3926,28.486,2.0507,-0.040002696053651476,0.03626192161224018,0.7459411333403163,1.12039331366765,0.05230882896195044,-0.07359588929721295,-0.15247984290857153,0.08893260523013247,0.031792713772080955,0.03286943479684623
3/12/2008,-805.7180000000001,26626.7604,6.3553,160.3926,28.267,2.0507,-0.04286730098533853,0.046591947990383575,0.7402063475437309,1.111779744346116,-0.007687987081373304,-0.08547672199035894,-0.15673756749500312,0.08893260523013247,0.03174753705500186,0.032876915971026446
3/13/2008,-805.7180000000001,26626.7604,6.3553,160.3926,29.064,2.0507,-0.00513452454302743,0.05254330115697958,0.7610767780454593,1.143126843657817,0.028195422223794564,-0.054798530033497106,-0.07899990493392905,0.08893260523013247,0.03250022718201539,0.032288062285437055
3/14/2008,-805.7180000000001,26626.7604,6.3553,160.3926,28.018,2.0507,-0.042250632392151544,0.04703630272783199,0.733685974651723,1.1019862340216322,-0.035989540324800395,-0.08527587332680375,-0.14223610090619643,0.08893260523013247,0.03332863717997952,0.03225571318732139
3/17/2008,-805.7180000000001,26626.7604,6.3553,160.3926,27.14,2.0507,-0.07759235971858758,0.028481120212078936,0.7106944589923536,1.0674532940019665,-0.03133699764437148,-0.10313604970093515,-0.17063928615083734,0.08893260523013247,0.03383174873366161,0.03246334075608059
3/18/2008,-805.7180000000001,26626.7604,6.3553,160.3926,28.625999999999998,2.0507,-0.028408512371449035,0.02708481824661435,0.7496072064522886,1.1258997050147492,0.054753131908621855,-0.05402993952612278,-0.12839874554699648,0.08893260523013247,0.03623150480829621,0.03324740664076562
3/19/2008,-805.7180000000001,26626.7604,6.3553,160.3926,27.938000000000002,2.0507,-0.0498248478046458,0.052579668741284946,0.731591075730596,1.0988397246804327,-0.024034094878781387,-0.09728908850043616,-0.18521974977397992,0.08893260523013247,0.03607031528345509,0.03284271543202958
3/20/2008,-805.7180000000001,26626.7604,6.3553,160.3926,28.316999999999997,2.0507,-0.04919078638103558,0.029145121214156244,0.7415156593694353,1.1137463126843656,0.013565752738205816,-0.07611745513866242,-0.16199579769761185,0.08893260523013247,0.036251898391508684,0.03287061773981296
3/21/2008,-805.7180000000001,26626.7604,6.3553,160.3926,28.316999999999997,2.0507,-0.04634088842488149,-0.007072373960192668,0.7415156593694353,1.1137463126843656,0.0,-0.03954821422514687,-0.16199579769761185,0.08893260523013247,0.03535889608873028,0.03287061773981296
3/24/2008,-805.7180000000001,26626.7604,6.3553,160.3926,29.683000000000003,2.0507,0.009179614456192864,0.0915241559854485,0.77728605844768,1.1674729596853493,0.04823957340113738,-0.0754399626226443,-0.13508552113989336,0.054753131908621855,0.031012521259821364,0.0334095586607203
3/25/2008,-805.7180000000001,26626.7604,6.3553,160.3926,30.271,2.0507,0.029170774827457224,0.11256927209057221,0.7926835655179637,1.1905998033431662,0.01980931846511469,-0.07496027380515835,-0.10044278030370557,0.054753131908621855,0.03103195950973622,0.03344030920245376
3/26/2008,-805.7180000000001,26626.7604,6.3553,160.3926,31.118000000000002,2.0507,0.041014318212230894,0.10805566706811187,0.8148633078453965,1.223913470993117,0.02798057546827004,-0.06050359277821382,-0.07057734237328628,0.054753131908621855,0.03161129962223178,0.03363634977747765
3/27/2008,-805.7180000000001,26626.7604,6.3553,160.3926,31.178,2.0507,0.020222513089005245,0.05939136125654465,0.8164344820362417,1.2262733529990166,0.0019281444822931704,-0.03697297297297297,-0.07596099700660919,0.054753131908621855,0.03128432671149864,0.03362093047994019
3/28/2008,-805.7180000000001,26626.7604,6.3553,160.3926,30.011999999999997,2.0507,0.00941746266648713,0.08620341719359614,0.7859013302608148,1.1804129793510323,-0.03739816537301954,-0.07069205759405495,-0.11051836045167607,0.054753131908621855,0.03226124861060288,0.033936921620429314
3/31/2008,-805.7180000000001,26626.7604,6.3553,160.3926,29.741999999999997,2.0507,-0.022287968441814687,0.017718606180144647,0.778831046402011,1.1697935103244836,-0.008996401439424262,-0.03931005523434228,-0.09990013013346255,0.054753131908621855,0.03108791386842868,0.03386108425041369
4/1/2008,-805.7180000000001,26626.7604,6.3553,160.3926,29.962,2.0507,-0.003955985505801007,0.0016621787839499191,0.7845920184351105,1.1784464110127826,0.00739694707820604,-0.005608841392585773,-0.06935859605528816,0.054753131908621855,0.030587695059726003,0.03373042850083398
4/2/2008,-805.7180000000001,26626.7604,6.3553,160.3926,31.118000000000002,2.0507,0.014607107923051865,-0.04942940984675581,0.8148633078453965,1.223913470993117,0.03858220412522528,0.06736639912190445,0.0025451850897257877,0.054753131908621855,0.030728154410765842,0.03377801373605429
4/3/2008,-805.7180000000001,26626.7604,6.3553,160.3926,31.447,2.0507,0.0313873401115119,-0.0320432928829123,0.8234785796585314,1.2368534906588002,0.010572658911240929,0.0655304442110256,0.039879633609999576,0.054753131908621855,0.030705682354355005,0.03363132331491159
4/4/2008,-805.7180000000001,26626.7604,6.3553,160.3926,30.839000000000002,2.0507,0.027555644408903346,-0.0458483273357323,0.8075573478579658,1.2129400196656834,-0.019334117721881205,0.07693113563346854,0.04634750449564007,0.054753131908621855,0.030224420104251665,0.03356269827871492
4/7/2008,-805.7180000000001,26626.7604,6.3553,160.3926,30.57,2.0507,0.015243598684866022,-0.061240078376673,0.8005132502356761,1.2023598820058996,-0.00872272122961193,0.08147309583613405,0.07580236486486491,0.054753131908621855,0.03012182697181212,0.03325118827668994
4/8/2008,-805.7180000000001,26626.7604,6.3553,160.3926,30.999000000000002,2.0507,0.02404942023719081,-0.10574477222424106,0.81174714570022,1.2192330383480827,0.014033366045142381,0.14514222386405629,0.08745527257419505,0.054753131908621855,0.028221537124691075,0.03328710969300101
4/9/2008,-805.7180000000001,26626.7604,6.3553,160.3926,29.811999999999998,2.0507,-0.011243408178833292,-0.055222049019932995,0.7806640829579972,1.1725467059980332,-0.03829155779218696,0.04654918205434244,0.05765069003441292,0.054753131908621855,0.027847457530874576,0.03363191420008967
4/10/2008,-805.7180000000001,26626.7604,6.3553,160.3926,29.951999999999998,2.0507,-0.016031537450722833,-0.0713863337713535,0.7843301560699695,1.1780530973451326,0.004696095532000566,0.059610146106767514,0.018671564126109486,0.054753131908621855,0.02775107167511433,0.03320915464420206
4/11/2008,-805.7180000000001,26626.7604,6.3553,160.3926,29.483,2.0507,-0.028918678567899647,-0.04271927802114561,0.7720488111448622,1.15960668633235,-0.01565838675213671,0.01441646022570886,0.02034954144315626,0.054753131908621855,0.027418290395194153,0.033195544377731
4/14/2008,-805.7180000000001,26626.7604,6.3553,160.3926,29.284000000000002,2.0507,-0.020667513878670163,-0.0630058190087619,0.7668377500785587,1.1517797443461162,-0.006749652342027512,0.0451852380612463,0.05764229991331993,0.054753131908621855,0.026157365130607735,0.032760614266751927
4/15/2008,-805.7180000000001,26626.7604,6.3553,160.3926,30.160999999999998,2.0507,0.010689632062194088,-0.09054352925407139,0.7898030795014139,1.1862733529990166,0.02994809452260605,0.11131171702284437,0.13892455252624414,0.054753131908621855,0.025614748388499017,0.03244071556126793
4/16/2008,-805.7180000000001,26626.7604,6.3553,160.3926,30.71,2.0507,0.04690802481761791,-0.024135815095111535,0.8041793233476484,1.207866273352999,0.01820231424687524,0.07280095018514654,0.17694400797148657,0.04823957340113738,0.02321971169158421,0.03242304730889289
4/17/2008,-805.7180000000001,26626.7604,6.3553,160.3926,30.320999999999998,2.0507,0.029470682103690526,-0.05143788408651073,0.7939928773436681,1.1925663716814159,-0.012666883751221159,0.08529601259932695,0.16203579504081533,0.04823957340113738,0.022669066501538805,0.032481788360295645
4/18/2008,-805.7180000000001,26626.7604,6.3553,160.3926,31.456999999999997,2.0507,0.03849328183288758,-0.06516787164504323,0.8237404420236722,1.2372468043264502,0.037465782790804925,0.11088745276688927,0.22620254151399388,0.04823957340113738,0.02374009813505444,0.03266976670073015
4/21/2008,-805.7180000000001,26626.7604,6.3553,160.3926,31.737,2.0507,0.059595352564102644,-0.05458733974358976,0.831072588247617,1.2482595870206488,0.008901039514257691,0.1207755058798603,0.24825958702064876,0.04823957340113738,0.023720426512615893,0.0326353119598992
4/22/2008,-805.7180000000001,26626.7604,6.3553,160.3926,31.318,2.0507,0.0418149762150295,-0.012574431988290335,0.8201005551482141,1.231779744346116,-0.013202256041843774,0.055082033487181103,0.142200663773296,0.03858220412522528,0.02193453906866536,0.03128042632920803
4/23/2008,-805.7180000000001,26626.7604,6.3553,160.3926,31.636999999999997,2.0507,0.03558101472995068,-0.009132569558101489,0.8284539645962081,1.2443264503441493,0.010185835621687067,0.045125697862640646,0.20324801277906634,0.03858220412522528,0.021659900058950438,0.03078941647203023
4/24/2008,-805.7180000000001,26626.7604,6.3553,160.3926,32.644,2.0507,0.08697389451252002,0.03616142781033593,0.854823504765895,1.2839331366764994,0.03182981951512476,0.04903914133299048,0.2230339814918887,0.03858220412522528,0.021902771641275017,0.030963381699022324
4/25/2008,-805.7180000000001,26626.7604,6.3553,160.3926,33.053000000000004,2.0507,0.063549777977991,0.0032177102773665034,0.8655336755001571,1.3000196656833827,0.012529101825756728,0.060138559240490164,0.13451637262305227,0.03858220412522528,0.022010575000886854,0.028877053640742677
4/28/2008,-805.7180000000001,26626.7604,6.3553,160.3926,33.033,2.0507,0.08269419862340222,-0.01632251720747313,0.8650099507698753,1.2992330383480826,-0.0006050887967810059,0.1006597361055579,0.1624788851351351,0.03858220412522528,0.0200058710690682,0.028671867086460908
4/29/2008,-805.7180000000001,26626.7604,6.3553,160.3926,32.833,2.0507,0.06293502541357765,-0.037132959953381506,0.8597727034670576,1.2913667649950835,-0.006054551509097061,0.103927106448793,0.11211597737357293,0.03858220412522528,0.019914765387119584,0.028314764485367436
4/30/2008,-805.7180000000001,26626.7604,6.3553,160.3926,32.245,2.0507,0.05964508708511329,-0.015379559645087082,0.8443751963967737,1.2682399213372664,-0.017908811256967083,0.07619651558640927,0.04322365654016602,0.03858220412522528,0.020513228998701203,0.02783204554286399
5/1/2008,-805.7180000000001,26626.7604,6.3553,160.3926,33.412,2.0507,0.11514585141178824,0.03858220412522528,0.8749345344087147,1.3141396263520158,0.036191657621336804,0.07371939070634359,0.10049076117387434,0.037465782790804925,0.020315672157386104,0.028073297252122254
5/2/2008,-805.7180000000001,26626.7604,6.3553,160.3926,33.332,2.0507,0.10844335073659006,0.04575837185328058,0.8728396354875877,1.3109931170108162,-0.0023943493355680356,0.05994212484497741,0.16236574138652538,0.037465782790804925,0.020289829830005397,0.027102356561506648
5/5/2008,-805.7180000000001,26626.7604,6.3553,160.3926,33.132,2.0507,0.10506303782269355,0.02858381695684087,0.86760238818477,1.303126843657817,-0.006000240009600422,0.07435390252602203,0.148621944877795,0.037465782790804925,0.019758590187538217,0.027121510010059052
5/6/2008,-805.7180000000001,26626.7604,6.3553,160.3926,34.389,2.0507,0.12713864306784672,0.001966568338249708,0.9005184874829789,1.352566371681416,0.03793915248098534,0.12492639842983322,0.18521454420127537,0.03793915248098534,0.02089391265602905,0.027483148965027796
5/7/2008,-805.7180000000001,26626.7604,6.3553,160.3926,34.299,2.0507,0.11795958279009122,0.010397653194263556,0.898161726196711,1.3490265486725663,-0.002617115938236214,0.10645504693699781,0.11545090897264942,0.03793915248098534,0.020882894642703296,0.026514256283823666
5/8/2008,-805.7180000000001,26626.7604,6.3553,160.3926,34.139,2.0507,0.11528912120222157,-0.026069911793531575,0.8939719283544569,1.3427335299901673,-0.004664859033790991,0.14514289547833115,0.11024748772317805,0.03793915248098534,0.018553895743440567,0.02652666292128595
5/9/2008,-805.7180000000001,26626.7604,6.3553,160.3926,33.87,2.0507,0.08983847094407604,-0.03623141772314831,0.8869278307321671,1.3321533923303834,-0.007879551246375294,0.13080929487179493,0.09579734058041334,0.03793915248098534,0.01882068138153471,0.02655240719482382
5/12/2008,-805.7180000000001,26626.7604,6.3553,160.3926,34.449,2.0507,0.13576868550328047,-0.0279581945863967,0.9020896616738241,1.3549262536873155,0.017094774136403812,0.1684360478920055,0.12032911639402899,0.03793915248098534,0.018282255629643494,0.02660628273358939
5/13/2008,-805.7180000000001,26626.7604,6.3553,160.3926,34.897,2.0507,0.13560039049788464,-0.04705499511877642,0.9138210956321356,1.3725467059980334,0.013004731632267896,0.19167463461275758,0.13930786810316675,0.03793915248098534,0.01801338158712044,0.02662963640515612
5/14/2008,-805.7180000000001,26626.7604,6.3553,160.3926,34.957,2.0507,0.13755287992190035,-0.01851610803774817,0.915392269822981,1.374906588003933,0.001719345502478875,0.1590132953151422,0.15518323915270482,0.03793915248098534,0.01737785373440749,0.026565436203336096
5/15/2008,-805.7180000000001,26626.7604,6.3553,160.3926,35.137,2.0507,0.13678863761364002,-0.006438254230159535,0.9201057923955168,1.3819862340216322,0.0051491832823182815,0.14415499837186574,0.16113148937576427,0.03793915248098534,0.017196911939145434,0.026565116929975194
5/16/2008,-805.7180000000001,26626.7604,6.3553,160.3926,35.665,2.0507,0.12203485811363501,-0.04608947335304847,0.9339321252749554,1.4027531956735495,0.015026894726356765,0.1762474852412519,0.15237972147726886,0.03793915248098534,0.016702533569285815,0.02648907099134864
5/19/2008,-805.7180000000001,26626.7604,6.3553,160.3926,36.463,2.0507,0.1381882881758023,-0.018073417405419012,0.9548287420131978,1.4341396263520156,0.022374877330716414,0.1591378707441906,0.18965742251223494,0.03793915248098534,0.015658483657094675,0.02655740056405554
5/20/2008,-805.7180000000001,26626.7604,6.3553,160.3926,35.984,2.0507,0.11284985310035567,-0.01849389206741925,0.9422855347229496,1.415299901671583,-0.01313660422894436,0.13381857138355868,0.22049994912322357,0.03793915248098534,0.01626361184955261,0.02611590418162877
5/21/2008,-805.7180000000001,26626.7604,6.3553,160.3926,35.715,2.0507,0.09878784149643138,-0.03648781688407565,0.9352414371006599,1.4047197640117994,-0.007475544686527336,0.14039849287949435,0.11244354461921846,0.03793915248098534,0.015968711910771982,0.02374618033851555
5/22/2008,-805.7180000000001,26626.7604,6.3553,160.3926,35.655,2.0507,0.09593041126206447,-0.027571156328763835,0.9336702629098146,1.4023598820058998,-0.0016799664006720283,0.12700319246451963,0.08956729006233943,0.03793915248098534,0.016037675411821956,0.023646350371996402
5/23/2008,-805.7180000000001,26626.7604,6.3553,160.3926,35.535,2.0507,0.10887474255757335,0.018660675279285943,0.9305279145281239,1.3976401179941,-0.0033655868742112904,0.08856145080259759,0.0728518809250649,0.03793915248098534,0.014989605465937644,0.023615773894702746
5/26/2008,-805.7180000000001,26626.7604,6.3553,160.3926,35.535,2.0507,0.1346509994252505,0.055399450795069916,0.9305279145281239,1.3976401179941,0.0,0.07509151968051286,0.0976061776061774,0.03793915248098534,0.014888619332566343,0.023417075073734545
5/27/2008,-805.7180000000001,26626.7604,6.3553,160.3926,35.964,2.0507,0.13569330849148953,0.04313638803802067,0.9417618099926678,1.4145132743362832,0.012072604474461901,0.08872945236581598,0.11360891778913129,0.03793915248098534,0.014968187857614038,0.023446479925276646
5/28/2008,-805.7180000000001,26626.7604,6.3553,160.3926,36.413000000000004,2.0507,0.15388028012802257,0.040434768831004275,0.9535194301874935,1.4321730580137662,0.012484706929151601,0.1090366399658882,0.17616848089408577,0.03793915248098534,0.014881979271414743,0.0228137776478058
5/29/2008,-805.7180000000001,26626.7604,6.3553,160.3926,36.931,2.0507,0.16040344372525595,0.013165336517312776,0.967083900701791,1.4525467059980333,0.014225688627687694,0.14532485656690963,0.22568119212770887,0.03793915248098534,0.014031626333817293,0.02253930956218877
5/30/2008,-805.7180000000001,26626.7604,6.3553,160.3926,37.111,2.0507,0.15162141194724588,0.03683475562451499,0.9717974232743268,1.4596263520157324,0.00487395413067615,0.11070872740332804,0.27292995815325494,0.03793915248098534,0.012281607578299722,0.022065755885902063
6/2/2008,-805.7180000000001,26626.7604,6.3553,160.3926,37.28,2.0507,0.15471581229673248,0.03242992101595177,0.9762228972452078,1.4662733529990166,0.004553905850017692,0.1184447377895117,0.263172161420391,0.03793915248098534,0.012163103836080926,0.022040674099028244
6/3/2008,-805.7180000000001,26626.7604,6.3553,160.3926,37.43,2.0507,0.13071322840830124,0.0008760535298915073,0.9801508327223211,1.472173058013766,0.004023605150214493,0.1297235301219366,0.3070959631233412,0.03793915248098534,0.011886293613191162,0.021615189358786507
6/4/2008,-805.7180000000001,26626.7604,6.3553,160.3926,36.592,2.0507,0.10143880561073981,0.03512732526638973,0.9582067665235151,1.4392133726647,-0.022388458455784188,0.06406118235482272,0.2945130364028725,0.022374877330716414,0.011011569556640526,0.021770980314103787
6/5/2008,-805.7180000000001,26626.7604,6.3553,160.3926,35.844,2.0507,0.06643658326143242,0.020469489155336085,0.9386194616109772,1.4097935103244839,-0.02044162658504589,0.04504504504504503,0.32412264499445875,0.022374877330716414,0.012100816460216827,0.021180293628333884
6/6/2008,-805.7180000000001,26626.7604,6.3553,160.3926,34.189,2.0507,0.019015826651962664,0.01752555810557066,0.8952812401801612,1.344700098328417,-0.046172302198415394,0.0014646006034153558,0.20020360879028298,0.022374877330716414,0.016026267403902457,0.021242859490565466
6/9/2008,-805.7180000000001,26626.7604,6.3553,160.3926,34.578,2.0507,0.049631181131044366,0.02813951370549117,0.9054676861841416,1.36,0.011377928573517826,0.020903454384411102,0.22326387660522884,0.022374877330716414,0.016092048658628625,0.021222169976029236
6/10/2008,-805.7180000000001,26626.7604,6.3553,160.3926,35.755,2.0507,0.09262315120400921,0.052713604693802596,0.9362888865612234,1.4062930186823992,0.03403898432529351,0.037911114981567184,0.2302160748692541,0.03403898432529351,0.017312126291590877,0.02134459717747451
6/11/2008,-805.7180000000001,26626.7604,6.3553,160.3926,34.847,2.0507,0.07373513280335242,0.0752757749429962,0.9125117838064313,1.3705801376597837,-0.025395049643406553,-0.0014327879187321368,0.2437361696052538,0.03403898432529351,0.018092847126919637,0.021068260697230792
6/12/2008,-805.7180000000001,26626.7604,6.3553,160.3926,35.205999999999996,2.0507,0.09318428815401325,0.08545256947678936,0.9219126427149889,1.3847000983284168,0.010302178092805647,0.007123036873873501,0.2971997052321296,0.03403898432529351,0.01822795583240691,0.020599759218119847
6/13/2008,-805.7180000000001,26626.7604,6.3553,160.3926,35.735,2.0507,0.07950941002326073,0.061444582062048614,0.9357651618309416,1.4055063913470993,0.015025847866841024,0.017019096678714707,0.24834066932159593,0.03403898432529351,0.018479658117584983,0.01961643748076541
6/16/2008,-805.7180000000001,26626.7604,6.3553,160.3926,36.911,2.0507,0.11405891585174466,0.07645176868284431,0.9665601759715093,1.4517600786627336,0.03290891283055841,0.03493621197252206,0.32117545994702557,0.03403898432529351,0.01954136770784302,0.019629046921404332
6/17/2008,-805.7180000000001,26626.7604,6.3553,160.3926,37.729,2.0507,0.12654145889940582,0.08874025857693124,0.9879805174400335,1.4839331366764994,0.02216141529625304,0.03472012725228302,0.3323798424974398,0.03403898432529351,0.019530193060219272,0.019721885294658598
6/18/2008,-805.7180000000001,26626.7604,6.3553,160.3926,36.911,2.0507,0.06747064607553921,0.04066169240557582,0.9665601759715093,1.4517600786627336,-0.02168093508971869,0.025761449533125758,0.3034926016174031,0.03403898432529351,0.01994179389977318,0.019993514216277854
6/19/2008,-805.7180000000001,26626.7604,6.3553,160.3926,37.46,2.0507,0.07375240060767618,0.02373376902571156,0.9809364198177437,1.4733529990167158,0.014873614911544042,0.048859022819543574,0.26200181922312415,0.03403898432529351,0.02004042652308223,0.019241609452262554
6/20/2008,-805.7180000000001,26626.7604,6.3553,160.3926,36.632,2.0507,0.05001863158196462,0.02201393069051516,0.9592542159840787,1.4407866273352998,-0.02210357714895894,0.02740148646753604,0.21013511281424457,0.03403898432529351,0.020735250243912966,0.019405930707331553
6/23/2008,-805.7180000000001,26626.7604,6.3553,160.3926,35.864000000000004,2.0507,0.028594372902744913,0.019158516648980495,0.939143186341259,1.4105801376597837,-0.020965276261192267,0.009258477557338107,0.15251622854939262,0.03403898432529351,0.02128974945745922,0.019378297621741893
6/24/2008,-805.7180000000001,26626.7604,6.3553,160.3926,35.107,2.0507,0.008039739282740488,0.020329055043500688,0.9193202053000942,1.3808062930186824,-0.021107517287530797,-0.012044463205290512,0.12601834626980568,0.03403898432529351,0.02181407074287329,0.019604131175543042
6/25/2008,-805.7180000000001,26626.7604,6.3553,160.3926,35.825,2.0507,0.02777060561723621,0.031758326878388754,0.9381219231172097,1.409046214355949,0.020451761756914655,-0.0038649760871981576,0.1936891909902707,0.03403898432529351,0.022127028319083506,0.019073052522989742
6/26/2008,-805.7180000000001,26626.7604,6.3553,160.3926,34.876999999999995,2.0507,0.019825141085996645,0.06473873505073269,0.9132973709018538,1.3717600786627333,-0.026461967899511718,-0.0421827369346115,0.1726514693026695,0.03403898432529351,0.022658476565981068,0.019374680250026484
6/27/2008,-805.7180000000001,26626.7604,6.3553,160.3926,35.007,2.0507,0.015048712595685299,0.07083623289260021,0.9167015816486853,1.3768731563421828,0.003727384809473433,-0.052097154152338176,0.16837994793404976,0.03403898432529351,0.022401465679201385,0.019365894059464792
6/30/2008,-805.7180000000001,26626.7604,6.3553,160.3926,35.904,2.0507,0.002484992321653001,0.03618595560519333,0.9401906358018226,1.4121533923303835,0.025623446739223787,-0.032524049473201866,0.15380165820425473,0.03403898432529351,0.0231780679657738,0.019044317008546655
7/1/2008,-805.7180000000001,26626.7604,6.3553,160.3926,34.11,2.0507,-0.049701900039003655,0.03861369588232022,0.8932125274955482,1.3415929203539823,-0.04996657754010703,-0.08503218884120178,0.08468216364041092,0.03403898432529351,0.025431547239777426,0.02012465235653366
7/2/2008,-805.7180000000001,26626.7604,6.3553,160.3926,32.773,2.0507,-0.07850414733586375,0.05243919583860546,0.8582015292762124,1.2890068829891839,-0.03919671650542356,-0.12441891530857596,0.06271279872888225,0.03403898432529351,0.026484231511453845,0.020605996554924
7/3/2008,-805.7180000000001,26626.7604,6.3553,160.3926,33.87,2.0507,-0.03931245745405043,0.03789425913319722,0.8869278307321671,1.3321533923303834,0.0334726756781496,-0.07438784433756018,0.10794896957801758,0.03403898432529351,0.02753720592803137,0.020961755133311794
7/4/2008,-805.7180000000001,26626.7604,6.3553,160.3926,33.87,2.0507,-0.03358347362113734,0.022740890803777836,0.8869278307321671,1.3321533923303834,0.0,-0.05507197857381996,0.09261589083518817,0.03403898432529351,0.027261285225235146,0.020904635172089653
7/7/2008,-805.7180000000001,26626.7604,6.3553,160.3926,33.661,2.0507,-0.0743063003602562,-0.05978604625580941,0.8814549073007227,1.3239331366764995,-0.006170652494833062,-0.015443563719324871,0.12910908359050066,0.03403898432529351,0.02537770011277337,0.0202983588469032
7/8/2008,-805.7180000000001,26626.7604,6.3553,160.3926,34.847,2.0507,-0.03132818146439098,-0.03880580419191637,0.9125117838064313,1.3705801376597837,0.035233653189150616,0.0077795129851350175,0.16342815170940184,0.035233653189150616,0.026444323973654232,0.02072078642961145
7/9/2008,-805.7180000000001,26626.7604,6.3553,160.3926,34.409,2.0507,-0.04839735612157414,-0.011172875356066148,0.9010422122132606,1.3533529990167157,-0.012569231210721177,-0.03764508460355209,0.1670793338534069,0.035233653189150616,0.025443568730204057,0.020680456891546958
7/10/2008,-805.7180000000001,26626.7604,6.3553,160.3926,34.269,2.0507,-0.03156615610693492,-0.015232012660373995,0.8973761391012882,1.3478466076696165,-0.004068702955622117,-0.016586793698166402,0.17022947684742507,0.035233653189150616,0.024861772411626328,0.02066352041233085
7/11/2008,-805.7180000000001,26626.7604,6.3553,160.3926,34.229,2.0507,-0.02361867815272256,0.004250221068545557,0.8963286896407248,1.3462733529990167,-0.0011672356940675144,-0.027750951542350633,0.13487616458340246,0.035233653189150616,0.024738267244985665,0.02037174829662117
7/14/2008,-805.7180000000001,26626.7604,6.3553,160.3926,34.249,2.0507,-0.005517001074363259,0.03763175469671021,0.8968524143710066,1.3470599803343166,0.0005842998626897078,-0.04158388134881763,0.11523933572126355,0.035233653189150616,0.024468388535288765,0.020269410846291733
7/15/2008,-805.7180000000001,26626.7604,6.3553,160.3926,34.698,2.0507,0.04129403997359127,0.1077066202508854,0.9086100345658321,1.3647197640117994,0.013109871821074925,-0.059955026956733826,0.14435539724943114,0.035233653189150616,0.023426021306220433,0.020230024610586202
7/16/2008,-805.7180000000001,26626.7604,6.3553,160.3926,34.836999999999996,2.0507,0.04483834203107184,0.13157579029452338,0.9122499214412902,1.3701868239921335,0.004005994581820049,-0.07665191232208657,0.10744826270782326,0.035233653189150616,0.022789891643550247,0.01972603540061684
7/17/2008,-805.7180000000001,26626.7604,6.3553,160.3926,34.189,2.0507,0.02910721810848238,0.11104087652760208,0.8952812401801612,1.344700098328417,-0.01860091282257359,-0.07374495407872994,0.07725998046444227,0.035233653189150616,0.022676948119109128,0.019870435237416745
7/18/2008,-805.7180000000001,26626.7604,6.3553,160.3926,34.817,2.0507,0.07842651386092614,0.16029115688400197,0.9117261967110086,1.3694001966568339,0.018368481090409228,-0.0705552589428724,0.11172488664665692,0.035233653189150616,0.022830029496446407,0.01989491326595325
7/21/2008,-805.7180000000001,26626.7604,6.3553,160.3926,34.977,2.0507,0.03237898465171174,0.08122786304604479,0.9159159945532627,1.375693215339233,0.004595456242640017,-0.045179078401397677,0.10557258905711664,0.035233653189150616,0.022466877674858405,0.0198697114098633
7/22/2008,-805.7180000000001,26626.7604,6.3553,160.3926,35.914,2.0507,0.1256190058296247,0.12405190246348674,0.9404524981669634,1.4125467059980334,0.026789032792978285,0.0013941556993084525,0.10017154760446023,0.035233653189150616,0.022860073658429996,0.019756618252011054
7/23/2008,-805.7180000000001,26626.7604,6.3553,160.3926,36.173,2.0507,0.1319626987107274,0.09860433095506327,0.9472347334241122,1.4227335299901671,0.007211672328339969,0.03036431480901247,0.09439385229782471,0.035233653189150616,0.02236292532231715,0.019720974319299752
7/24/2008,-805.7180000000001,26626.7604,6.3553,160.3926,35.027,2.0507,0.07596608711679043,0.10047920378448127,0.9172253063789672,1.3776597836774829,-0.0316810881043873,-0.022274947662247135,0.0603638785456968,0.035233653189150616,0.023056062672386638,0.020161373402470453
7/25/2008,-805.7180000000001,26626.7604,6.3553,160.3926,36.782,2.0507,0.08341678939617059,0.02730486008836497,0.9631821514611918,1.446686332350049,0.05010420532731885,0.05462052355420477,0.12027533274449476,0.05010420532731885,0.024786906228808143,0.021059994928292008
7/28/2008,-805.7180000000001,26626.7604,6.3553,160.3926,36.124,2.0507,0.09989952196815155,0.06588923058185903,0.9459516078349219,1.4208062930186824,-0.017889184927409985,0.03190790413345912,0.12029772057683386,0.05010420532731885,0.025193244272850523,0.02105969547720231
7/29/2008,-805.7180000000001,26626.7604,6.3553,160.3926,37.021,2.0507,0.11670487451737444,0.08301158301158318,0.969440661988059,1.456086529006883,0.024831137194109232,0.031110739750445537,0.10801508440081409,0.05010420532731885,0.025156348149087238,0.020809558008733943
7/30/2008,-805.7180000000001,26626.7604,6.3553,160.3926,37.639,2.0507,0.1305719091673676,0.024570467379550598,0.9856237561537656,1.48039331366765,0.016693228167796725,0.10345939607153332,0.12921516860674442,0.05010420532731885,0.022352151120422138,0.020885684958435458
7/31/2008,-805.7180000000001,26626.7604,6.3553,160.3926,37.779,2.0507,0.21675416277496873,0.05552513768559386,0.9892898292657379,1.4858997050147493,0.0037195462153616354,0.15274768864614163,0.14025715320536047,0.05010420532731885,0.01994799654877811,0.020860424067142228
8/1/2008,-805.7180000000001,26626.7604,6.3553,160.3926,37.569,2.0507,0.2378175348423448,0.11594346150044466,0.9837907195977794,1.4776401179941003,-0.005558643690939391,0.10921169176262202,0.09247142981767431,0.05010420532731885,0.019158853406907768,0.02037603726503894
8/4/2008,-805.7180000000001,26626.7604,6.3553,160.3926,34.778,2.0507,0.17999524988972948,0.14918739185016783,0.9107049334869591,1.367866273352999,-0.07428997311613306,0.026808385001476198,0.013965421732412109,0.05010420532731885,0.025844052741060327,0.0225054444944195
8/5/2008,-805.7180000000001,26626.7604,6.3553,160.3926,34.997,2.0507,0.1333592409080604,0.09009359111370197,0.9164397192835445,1.3764798426745328,0.0062970843636782625,0.03968984878642945,0.025132546354609042,0.05010420532731885,0.02580018715475632,0.022507464158986027
8/6/2008,-805.7180000000001,26626.7604,6.3553,160.3926,35.166,2.0507,0.14884024828487408,0.13841881737994122,0.9208651932544253,1.383126843657817,0.004828985341600589,0.009154303096392757,0.03826395039858288,0.05010420532731885,0.024681235394100467,0.022486761952693526
8/7/2008,-805.7180000000001,26626.7604,6.3553,160.3926,34.558,2.0507,0.12168522185075781,0.1168489727027815,0.9049439614538598,1.3592133726647,-0.017289427287720982,0.0043302624313406035,0.0031640976516009722,0.05010420532731885,0.024829447913516947,0.022503333559344887
8/8/2008,-805.7180000000001,26626.7604,6.3553,160.3926,34.887,2.0507,0.1186033089649865,0.09878799538283944,0.9135592332669948,1.3721533923303835,0.009520226864980552,0.018033791473343275,-0.00028655758374640516,0.05010420532731885,0.024881324727996614,0.02247587403167961
8/11/2008,-805.7180000000001,26626.7604,6.3553,160.3926,35.336,2.0507,0.11868806787602493,0.08364200462215465,0.9253168534618204,1.3898131760078662,0.012870123541720346,0.03234099739986562,0.010841891466659037,0.05010420532731885,0.025004170767004844,0.022531495594376352
8/12/2008,-805.7180000000001,26626.7604,6.3553,160.3926,34.817,2.0507,0.07149012125315446,0.05400997107158245,0.9117261967110086,1.3694001966568339,-0.014687570749377321,0.016584425822651738,-0.00910720892506478,0.05010420532731885,0.025262658241499505,0.022602885367412708
8/13/2008,-805.7180000000001,26626.7604,6.3553,160.3926,34.439,2.0507,0.05498713392966548,0.06292121063595157,0.9018277993086833,1.3545329400196657,-0.01085676537323721,-0.007464407170442056,-0.03437543810458432,0.05010420532731885,0.025233971638442026,0.02256255286584863
8/14/2008,-805.7180000000001,26626.7604,6.3553,160.3926,34.678000000000004,2.0507,0.09820438927067188,0.1032396997814864,0.9080863098355505,1.3639331366764997,0.006939806614594035,-0.0045641128685016685,-0.04895373392205793,0.05010420532731885,0.025265642774977948,0.022395522387145168
8/15/2008,-805.7180000000001,26626.7604,6.3553,160.3926,35.047,2.0507,0.10918758109947135,0.08203310440864642,0.9177490311092489,1.3784464110127825,0.010640752061825687,0.025095791043902915,-0.026039350822587903,0.05010420532731885,0.024988230825112652,0.022380284167637782
8/18/2008,-805.7180000000001,26626.7604,6.3553,160.3926,34.319,2.0507,0.08036894793175109,0.09604608701127004,0.8986854509269928,1.3498131760078664,-0.020772106029046555,-0.014303357555217167,-0.03908721825563488,0.05010420532731885,0.025125191221837446,0.022512598630618053
8/19/2008,-805.7180000000001,26626.7604,6.3553,160.3926,33.292,2.0507,0.02518938227505063,0.0770770462523862,0.8717921860270241,1.3094198623402165,-0.029925114368134276,-0.04817451468107603,-0.06627401486467532,0.05010420532731885,0.02590068107405054,0.02281806738221052
8/20/2008,-805.7180000000001,26626.7604,6.3553,160.3926,33.342,2.0507,0.026729075568146632,0.10593089856500582,0.8731014978527285,1.311386430678466,0.0015018623092633021,-0.071615525978727,-0.0617138032925284,0.05010420532731885,0.02506860257561552,0.022817580725784485
8/21/2008,-805.7180000000001,26626.7604,6.3553,160.3926,34.11,2.0507,0.01153583820171411,0.07271433231517466,0.8932125274955482,1.3415929203539823,0.023034011157099243,-0.057031487573604656,-0.04010130856901639,0.05010420532731885,0.02562955989035388,0.023013523626345418
8/22/2008,-805.7180000000001,26626.7604,6.3553,160.3926,34.578,2.0507,0.04740556750371061,0.0610062702571712,0.9054676861841416,1.36,0.013720316622691353,-0.012818682730465047,-0.03853853853853839,0.05010420532731885,0.0249485436397633,0.02302884219730831
8/25/2008,-805.7180000000001,26626.7604,6.3553,160.3926,33.8,2.0507,0.026949837450247482,0.11755233494363915,0.8850947941761809,1.3294001966568336,-0.022499855399387036,-0.08107226360719921,-0.07176008568368453,0.024831137194109232,0.022525518792604535,0.02313566858696677
8/26/2008,-805.7180000000001,26626.7604,6.3553,160.3926,34.06,2.0507,0.05334776557909393,0.11717952682851407,0.891903215669844,1.3396263520157325,0.007692307692307887,-0.057136529730926755,-0.07773956838428409,0.024831137194109232,0.022415234040045636,0.02308128396180371
8/27/2008,-805.7180000000001,26626.7604,6.3553,160.3926,33.86,2.0507,0.05041104389638584,0.14847215759267884,0.8866659683670263,1.3317600786627335,-0.005871990604815136,-0.08538397125955544,-0.08760205868879845,0.023034011157099243,0.02152342503465122,0.023076738236245366
8/28/2008,-805.7180000000001,26626.7604,6.3553,160.3926,35.037,2.0507,0.059704201070683194,0.13840244381937516,0.917487168744108,1.3780530973451326,0.03476077968103963,-0.06913042323122298,-0.06016630901287556,0.03476077968103963,0.02272037056257396,0.02350778217771325
8/29/2008,-805.7180000000001,26626.7604,6.3553,160.3926,34.827,2.0507,0.06296544988401886,0.1530643389085582,0.9119880590761494,1.3697935103244836,-0.005993663841082353,-0.07813864845549123,-0.06954314720812182,0.03476077968103963,0.022672271461872586,0.02350912513837275
9/1/2008,-805.7180000000001,26626.7604,6.3553,160.3926,34.827,2.0507,0.03927068723702676,0.12109456596341528,0.9119880590761494,1.3697935103244836,0.0,-0.07298570630040735,-0.04823458679492787,0.03476077968103963,0.02268090563583136,0.023347243198780385
9/2/2008,-805.7180000000001,26626.7604,6.3553,160.3926,34.798,2.0507,0.052157348894869004,0.05155262600913124,0.911228658217241,1.368652900688299,-0.0008326872828551268,0.0005750761975962249,-0.029182010936279368,0.03476077968103963,0.01582021957787584,0.023207580731183022
9/3/2008,-805.7180000000001,26626.7604,6.3553,160.3926,33.9,2.0507,0.03752218889637016,0.07109628450755956,0.8877134178275897,1.3333333333333333,-0.02580608080924196,-0.03134554390376321,-0.00845301120243358,0.03476077968103963,0.016721570876810067,0.022693053059756416
9/4/2008,-805.7180000000001,26626.7604,6.3553,160.3926,32.873000000000005,2.0507,-0.0036371351498801774,0.06586245567241522,0.8608201529276213,1.2929400196656835,-0.03029498525073726,-0.06520502758346103,-0.04930880906935042,0.03476077968103963,0.017791630121110322,0.022965351767695596
9/5/2008,-805.7180000000001,26626.7604,6.3553,160.3926,32.046,2.0507,-0.05580436063641714,0.018208603417796176,0.8391641353304702,1.2604129793510324,-0.02515742402579635,-0.07268939174720757,-0.10373374353237319,0.03476077968103963,0.018184878472804634,0.022737585455590077
9/8/2008,-805.7180000000001,26626.7604,6.3553,160.3926,32.195,2.0507,-0.06106914754002746,0.01743999533378049,0.8430658845710693,1.2662733529990167,0.004649566248517756,-0.07716341330581589,-0.07610411226217473,0.03476077968103963,0.01804195523447082,0.022542145742151173
9/9/2008,-805.7180000000001,26626.7604,6.3553,160.3926,31.138,2.0507,-0.10848340825149594,0.01171013828843015,0.8153870325756782,1.2247000983284169,-0.03283118496660964,-0.11880235453928001,-0.11554848605351342,0.03476077968103963,0.018692743815889708,0.02284620891711906
9/10/2008,-805.7180000000001,26626.7604,6.3553,160.3926,32.255,2.0507,-0.08667459508438102,-0.014129572998074602,0.8446370587619147,1.2686332350049165,0.035872567281135526,-0.0735847430852744,-0.09738351755981522,0.035872567281135526,0.020649529860012474,0.02323977515463972
9/11/2008,-805.7180000000001,26626.7604,6.3553,160.3926,31.348000000000003,2.0507,-0.12325548874283321,-0.03680604111313113,0.8208861422436368,1.2329596853490659,-0.02811967136878002,-0.08975289642556394,-0.1507138793313646,0.035872567281135526,0.021293536610152007,0.023059652375960762
9/12/2008,-805.7180000000001,26626.7604,6.3553,160.3926,30.999000000000002,2.0507,-0.1184951373485752,-0.013877040323039047,0.81174714570022,1.2192330383480827,-0.011133086640295997,-0.10609031662725654,-0.17837737549365207,0.035872567281135526,0.021183521536754173,0.022870142448632242
9/15/2008,-805.7180000000001,26626.7604,6.3553,160.3926,29.533,2.0507,-0.16796731934075215,-0.012621495985350006,0.7733581229705666,1.1615732546706,-0.04729184812413312,-0.15733158330242236,-0.1998862127820975,0.035872567281135526,0.022744151089868953,0.02343093135670837
9/16/2008,-805.7180000000001,26626.7604,6.3553,160.3926,28.666,2.0507,-0.18506936547646125,-0.024363202183306787,0.7506546559128522,1.127472959685349,-0.029356990485220003,-0.16471925172644897,-0.23475707421249337,0.035872567281135526,0.023062547487804484,0.02354118617937133
9/17/2008,-805.7180000000001,26626.7604,6.3553,160.3926,26.801,2.0507,-0.25042651377429737,-0.06888547056355754,0.7018173248140777,1.0541199606686331,-0.06505965255005941,-0.19497176498858593,-0.26837191526534177,0.035872567281135526,0.02582077325508363,0.024670099087520277
9/18/2008,-805.7180000000001,26626.7604,6.3553,160.3926,27.479,2.0507,-0.21881396406640896,-0.05213782124175581,0.7195715931706295,1.0807866273352997,0.025297563523749123,-0.17584428048707335,-0.2337999107740354,0.035872567281135526,0.02685021608163303,0.024864235088003374
9/19/2008,-805.7180000000001,26626.7604,6.3553,160.3926,30.340999999999998,2.0507,-0.13720639253824718,-0.030029005289199717,0.7945166020739498,1.1933529990167158,0.1041522617271371,-0.11049545587804166,-0.13575640185717952,0.1041522617271371,0.03595372722771838,0.028245194758528734
9/22/2008,-805.7180000000001,26626.7604,6.3553,160.3926,28.705,2.0507,-0.1901766066692998,-0.024487953506742488,0.7516759191369016,1.1290068829891837,-0.0539204376915724,-0.16984788015501195,-0.19874389392882075,0.1041522617271371,0.03720488710424676,0.028842862236160748
9/23/2008,-805.7180000000001,26626.7604,6.3553,160.3926,27.619,2.0507,-0.22516481975031566,-0.05176041520549879,0.7232376662826018,1.0862930186823991,-0.037833130116704305,-0.182869822485207,-0.208102761131978,0.1041522617271371,0.03764782762425271,0.02902639437747972
9/24/2008,-805.7180000000001,26626.7604,6.3553,160.3926,26.721,2.0507,-0.2380015399093165,-0.028716457067898493,0.6997224258929506,1.0509734513274336,-0.03251384916180888,-0.21547269524368762,-0.23669551803924926,0.1041522617271371,0.03778348121727558,0.02924352389883505
9/25/2008,-805.7180000000001,26626.7604,6.3553,160.3926,26.721,2.0507,-0.24846013218956542,-0.04767261988468574,0.6997224258929506,1.0509734513274336,0.0,-0.210838747784997,-0.2557653743315509,0.1041522617271371,0.03784363387894704,0.029004079244870896
9/26/2008,-805.7180000000001,26626.7604,6.3553,160.3926,27.579,2.0507,-0.20970283978565485,0.0040118061724503384,0.7221902168220383,1.0847197640117994,0.03210957673739756,-0.21286069012757936,-0.19146877748460855,0.1041522617271371,0.03768904707138963,0.028760482955649733
9/29/2008,-805.7180000000001,26626.7604,6.3553,160.3926,23.73,2.0507,-0.31312955887460925,0.008075720736366643,0.6213993924793129,1.0,-0.1395627107581856,-0.31863209578775087,-0.2759283556586215,0.1041522617271371,0.046984720133499996,0.03323209521124451
9/30/2008,-805.7180000000001,26626.7604,6.3553,160.3926,25.794,2.0507,-0.2516754184919783,0.010386144071484527,0.6754477846443909,1.0869785082174463,0.08697850821744635,-0.2593677319321216,-0.2384410983170947,0.1041522617271371,0.05211467890060608,0.03486332008767722
10/1/2008,-805.7180000000001,26626.7604,6.3553,160.3926,24.837,2.0507,-0.27797319689525857,0.01159917439460445,0.6503875563004085,1.0466498103666244,-0.037101651546871395,-0.28625208345307207,-0.266696191319752,0.1041522617271371,0.05229584396858332,0.035112178561706356
10/2/2008,-805.7180000000001,26626.7604,6.3553,160.3926,21.208000000000002,2.0507,-0.37586815773984683,-0.002354326074161195,0.5553577039907824,1.0,-0.14611265450738808,-0.3743952802359881,-0.3699533584860818,0.1041522617271371,0.05965491956013042,0.03939777872494877
10/3/2008,-805.7180000000001,26626.7604,6.3553,160.3926,20.41,2.0507,-0.4134720386229094,-0.05531927122248392,0.53446108725254,1.0,-0.03762731044888734,-0.3791257262799259,-0.4142967830803226,0.1041522617271371,0.05973747377902686,0.03922145901184381
10/6/2008,-805.7180000000001,26626.7604,6.3553,160.3926,18.107,2.0507,-0.4770994570867506,-0.07456393669862538,0.4741541845605949,1.0,-0.11283684468397848,-0.43496848280596645,-0.473771397018222,0.1041522617271371,0.06303797307752144,0.04139734705341534
10/7/2008,-805.7180000000001,26626.7604,6.3553,160.3926,16.432000000000002,2.0507,-0.5154231790032437,-0.05057505160719544,0.43029223839949726,1.0,-0.09250566079416789,-0.4896101879173784,-0.5204995768770608,0.1041522617271371,0.06431550535066771,0.04269733062589709
10/8/2008,-805.7180000000001,26626.7604,6.3553,160.3926,16.043,2.0507,-0.5404073681496548,-0.10797261294296256,0.4201057923955169,1.0,-0.02367332035053571,-0.4847774423533946,-0.5313038651435917,0.1041522617271371,0.06432280070243068,0.04271070490452671
10/9/2008,-805.7180000000001,26626.7604,6.3553,160.3926,13.300999999999998,2.0507,-0.6231584315503174,-0.08615707162284669,0.348303131873887,1.0,-0.17091566415258996,-0.5876298248333592,-0.6116382960086426,0.1041522617271371,0.06950518529645688,0.04718937040607576
10/10/2008,-805.7180000000001,26626.7604,6.3553,160.3926,14.368,2.0507,-0.5948796030000564,-0.11611120509784012,0.3762438462344192,1.0802195323659878,0.08021953236598778,-0.54166135000638,-0.5859127327223471,0.1041522617271371,0.0742074949546653,0.04854344661031251
10/13/2008,-805.7180000000001,26626.7604,6.3553,160.3926,18.326,2.0507,-0.4865947611710324,-0.13155904188261658,0.47988897035718026,1.3777911435230437,0.27547327394209353,-0.40881963934320464,-0.4739501105146826,0.27547327394209353,0.1003317655924401,0.060600011250225266
10/14/2008,-805.7180000000001,26626.7604,6.3553,160.3926,18.186,2.0507,-0.49863534860640146,-0.18581313924957965,0.4762228972452079,1.3672656191263817,-0.007639419404125269,-0.38421426878407205,-0.46807452689461526,0.27547327394209353,0.10016740720812468,0.06058590761544806
10/15/2008,-805.7180000000001,26626.7604,6.3553,160.3926,15.744000000000002,2.0507,-0.5665556259119566,-0.21080307243344443,0.41227610767780454,1.1836704007217504,-0.13427911580336516,-0.45077792506802483,-0.5478071057242151,0.27547327394209353,0.10331833486291689,0.06252751400262371
10/16/2008,-805.7180000000001,26626.7604,6.3553,160.3926,16.570999999999998,2.0507,-0.5412744989480678,-0.2580832687410033,0.4339321252749554,1.2458461769791744,0.05252794715447129,-0.3817021752919667,-0.5262315235726335,0.27547327394209353,0.10411996072911621,0.063005466279299
10/17/2008,-805.7180000000001,26626.7604,6.3553,160.3926,18.107,2.0507,-0.4898718129313988,-0.22583462459501336,0.4741541845605949,1.3613262160739794,0.09269205238066514,-0.341060446158885,-0.49582335579439774,0.27547327394209353,0.10651953357830195,0.06416030275855232
10/20/2008,-805.7180000000001,26626.7604,6.3553,160.3926,18.805,2.0507,-0.45631432866890254,-0.1227882502602059,0.49243217764742847,1.4138034734230511,0.038548627602584595,-0.3802115948716258,-0.4801371188455478,0.27547327394209353,0.1037960477450099,0.06440755618355223
10/21/2008,-805.7180000000001,26626.7604,6.3553,160.3926,18.195999999999998,2.0507,-0.5096871547519604,-0.22650966020856345,0.4764847596103487,1.3680174422975717,-0.03238500398830113,-0.3661034662950706,-0.4805150312615982,0.27547327394209353,0.10352448736322176,0.06441173541711918
10/22/2008,-805.7180000000001,26626.7604,6.3553,160.3926,17.977,2.0507,-0.5292500261862365,-0.2767623337173982,0.4741020095996624,1.351552514848508,-0.012035612222466296,-0.34910749846120426,-0.511255505410255,0.27547327394209353,0.1034116462773422,0.06397681131464497
10/23/2008,-805.7180000000001,26626.7604,6.3553,160.3926,17.0,2.0507,-0.551664117305765,-0.2952951105016087,0.44998544164747606,1.2780993910232314,-0.05434722144963011,-0.36379626510983876,-0.52939873768132,0.27547327394209353,0.1037030410931821,0.06422004052428568
10/24/2008,-805.7180000000001,26626.7604,6.3553,160.3926,15.704,2.0507,-0.5741980965808953,-0.2754805997668176,0.41568066915482144,1.1806631080369898,-0.07623529411764707,-0.41229744395793566,-0.575808325004727,0.27547327394209353,0.10443537645361115,0.06459980559664938
10/27/2008,-805.7180000000001,26626.7604,6.3553,160.3926,15.644,2.0507,-0.5732911461458732,-0.2477497135999127,0.4140924852431245,1.176152169009849,-0.003820682628629668,-0.43275680771601577,-0.5843672786205798,0.27547327394209353,0.10383262138322145,0.06450704555740679
10/28/2008,-805.7180000000001,26626.7604,6.3553,160.3926,17.239,2.0507,-0.4704490999569946,-0.27105732014498984,0.45631170756240236,1.2960679648146758,0.10195602147788296,-0.273535608933839,-0.5436882924375976,0.27547327394209353,0.10349428843027551,0.06605752755965766
10/29/2008,-805.7180000000001,26626.7604,6.3553,160.3926,19.243,2.0507,-0.37763187683948385,-0.16575568420712183,0.5093570502130813,1.446733328321179,0.11624804222982754,-0.2539737923548112,-0.4877957890814236,0.27547327394209353,0.10505307995921219,0.06795288782342697
10/30/2008,-805.7180000000001,26626.7604,6.3553,160.3926,20.41,2.0507,-0.392034791933514,-0.2601650233832772,0.5402472272955875,1.5344710923990679,0.060645429506833715,-0.17824213874461492,-0.4131347403530967,0.27547327394209353,0.10589637774946087,0.06796692420358486
10/31/2008,-805.7180000000001,26626.7604,6.3553,160.3926,20.928,2.0507,-0.36433496339944715,-0.35583027063147343,0.5539585483999047,1.573415532666717,0.025379715825575744,-0.01320256506978501,-0.4020058862188187,0.27547327394209353,0.1008915021940177,0.068065919097304
11/3/2008,-805.7180000000001,26626.7604,6.3553,160.3926,20.908,2.0507,-0.371603750901659,-0.3865712911757634,0.5534291537626723,1.5719118863243369,-0.0009556574923547112,0.024399804017638527,-0.4054484445202752,0.27547327394209353,0.10045017133682763,0.06805513143142072
11/4/2008,-805.7180000000001,26626.7604,6.3553,160.3926,20.619,2.0507,-0.3979678238780695,-0.47131303103740263,0.5457794012546653,1.5501841966769419,-0.01382246030227674,0.1387308775611642,-0.40335088836159505,0.27547327394209353,0.09686221295174235,0.06804723893693229
11/5/2008,-805.7180000000001,26626.7604,6.3553,160.3926,19.044,2.0507,-0.4349129105961247,-0.5124180291386011,0.5040895735726196,1.4317720472144955,-0.07638585770405937,0.1589581304771177,-0.4541233124086336,0.27547327394209353,0.09606547110963044,0.0685913263893568
11/6/2008,-805.7180000000001,26626.7604,6.3553,160.3926,17.877,2.0507,-0.4737415366499853,-0.5277303503090962,0.4731993964901135,1.3440342831366063,-0.061279143037177186,0.11431777099046303,-0.494085352048902,0.27547327394209353,0.0970948958583261,0.06887544783216573
11/7/2008,-805.7180000000001,26626.7604,6.3553,160.3926,18.266,2.0507,-0.4557373141443939,-0.6036768868627276,0.4834961221842822,1.3732802044959025,0.021759803098953867,0.3732802044959025,-0.47537122669960086,0.27547327394209353,0.08785767545304901,0.06897532997022109
11/10/2008,-805.7180000000001,26626.7604,6.3553,160.3926,17.987000000000002,2.0507,-0.464050534846995,-0.5718840320610232,0.47611106699489136,1.3523043380196982,-0.01527428008321452,0.25187917594654796,-0.4777142193443479,0.27547327394209353,0.08698011952274884,0.06898064433526852
11/11/2008,-805.7180000000001,26626.7604,6.3553,160.3926,16.9,2.0507,-0.5072742645558179,-0.465698708417155,0.4473384684613144,1.27058115931133,-0.060432534608328425,-0.077812943359162,-0.5126593229136629,0.11624804222982754,0.06449744924818877,0.06926763316872453
11/12/2008,-805.7180000000001,26626.7604,6.3553,160.3926,14.398,2.0507,-0.5837284607378281,-0.47421070891638717,0.3811111993435506,1.0824750018795581,-0.14804733727810648,-0.2082920928186517,-0.5891802436727822,0.11624804222982754,0.07197081935510376,0.07139361970727834
11/13/2008,-805.7180000000001,26626.7604,6.3553,160.3926,15.774000000000001,2.0507,-0.5444726810673444,-0.5453390319972276,0.41753355038513457,1.1859258702353208,0.09556882900402841,0.001905487804878092,-0.5403712229377313,0.11624804222982754,0.06932280142418336,0.07264475870939666
11/14/2008,-805.7180000000001,26626.7604,6.3553,160.3926,15.454,2.0507,-0.5664469069995792,-0.5351101136204237,0.40906323618941737,1.1618675287572364,-0.020286547483200246,-0.06740691569609547,-0.5358043974528415,0.11624804222982754,0.06850611444169488,0.0726116129337609
11/17/2008,-805.7180000000001,26626.7604,6.3553,160.3926,14.825999999999999,2.0507,-0.5973602737493889,-0.5082559339525283,0.39244024458032234,1.1146530336064957,-0.040636728355118557,-0.1812006406362181,-0.5553356127406874,0.11624804222982754,0.06549387687914125,0.07270224407994973
11/18/2008,-805.7180000000001,26626.7604,6.3553,160.3926,14.128,2.0507,-0.6215376372890437,-0.49624966514867397,0.37396437174091424,1.0621757762574244,-0.047079455011466265,-0.24871044934857744,-0.5858106127235414,0.11624804222982754,0.06515344159312224,0.07272173330510438
11/19/2008,-805.7180000000001,26626.7604,6.3553,160.3926,12.284,2.0507,-0.6639308382578244,-0.5021886627270737,0.3251541861880939,1.0,-0.13052095130237817,-0.3249065728731588,-0.6447452137197062,0.11624804222982754,0.0700610224881322,0.07417653138976937
11/20/2008,-805.7180000000001,26626.7604,6.3553,160.3926,10.609000000000002,2.0507,-0.6938062803047795,-0.4811533133225583,0.2808173853198867,1.0,-0.13635623575382605,-0.40985703955053676,-0.6861242603550295,0.11624804222982754,0.0747871031006747,0.07576644396419589
11/21/2008,-805.7180000000001,26626.7604,6.3553,160.3926,10.767999999999999,2.0507,-0.6941430437993523,-0.517127762313242,0.28502607268588365,1.0149872749552264,0.014987274955226448,-0.36658823529411766,-0.6838520258367586,0.11624804222982754,0.07482235927860185,0.0758079034965259
11/24/2008,-805.7180000000001,26626.7604,6.3553,160.3926,12.562999999999999,2.0507,-0.6465606977071319,-0.5581938387958925,0.3325392413774848,1.1841832406447352,0.1666976225854384,-0.2000127356087622,-0.6289722386296515,0.1666976225854384,0.08374456856435254,0.07919636182346881
11/25/2008,-805.7180000000001,26626.7604,6.3553,160.3926,13.43,2.0507,-0.6317824143887258,-0.5710799769692649,0.3554884989015061,1.2659063059666318,0.06901217861975661,-0.14152390692917416,-0.6166909267345948,0.1666976225854384,0.08538456753145124,0.07964281470170188
11/26/2008,-805.7180000000001,26626.7604,6.3553,160.3926,14.677,2.0507,-0.5953739696192761,-0.5247429217324181,0.3884962545329415,1.383448015835611,0.0928518242740135,-0.14861650907825286,-0.5785740948114968,0.1666976225854384,0.08484239131809214,0.08072975186214756
11/27/2008,-805.7180000000001,26626.7604,6.3553,160.3926,14.677,2.0507,-0.5815776719787895,-0.45140690480941925,0.3884962545329415,1.383448015835611,0.0,-0.23728108922725144,-0.5785740948114968,0.1666976225854384,0.08026022042064462,0.08072975186214756
11/28/2008,-805.7180000000001,26626.7604,6.3553,160.3926,15.744000000000002,2.0507,-0.5380281690140845,-0.4011150234741784,0.4167394584292861,1.4840229993401828,0.072698780404715,-0.22861342479176872,-0.5475602046094603,0.1666976225854384,0.08082968689071171,0.08139988164764875
12/1/2008,-805.7180000000001,26626.7604,6.3553,160.3926,13.51,2.0507,-0.5980482580107702,-0.3773467019725685,0.3576060774504354,1.2734470732397019,-0.1418953252032521,-0.3544533639143731,-0.6014749262536874,0.1666976225854384,0.08537148807312535,0.08307655380284601
12/2/2008,-805.7180000000001,26626.7604,6.3553,160.3926,13.899000000000001,2.0507,-0.5853643984368008,-0.3762715909429909,0.36790280314460416,1.3101140541050051,0.028793486306439853,-0.3352305337669791,-0.5771910078179661,0.1666976225854384,0.08589822105561096,0.08319017365646604
12/3/2008,-805.7180000000001,26626.7604,6.3553,160.3926,14.318,2.0507,-0.5462813321925405,-0.34661089457172733,0.3789936207946213,1.3496088226977092,0.03014605367292611,-0.3055919297735099,-0.5532047681457904,0.1666976225854384,0.08648009678889251,0.0833213994287236
12/4/2008,-805.7180000000001,26626.7604,6.3553,160.3926,14.019,2.0507,-0.5708119030124909,-0.41697281410727405,0.3710791709679981,1.32142520501461,-0.020882804861014126,-0.26386263390044107,-0.5645597142413419,0.1666976225854384,0.08530557971233843,0.08331447474597568
12/5/2008,-805.7180000000001,26626.7604,6.3553,160.3926,15.584000000000001,2.0507,-0.5237745996821905,-0.45370370370370383,0.4125043013314275,1.4689414647940426,0.11163421071403112,-0.12826536890977225,-0.499518273492196,0.1666976225854384,0.08849142749482859,0.08464558220204363
12/8/2008,-805.7180000000001,26626.7604,6.3553,160.3926,16.631,2.0507,-0.49362116737204276,-0.44383886977438125,0.44021811059053967,1.5676312564803467,0.06718429158110872,-0.08951056607905383,-0.48439001705162,0.1666976225854384,0.08966726340662626,0.08499512929859013
12/9/2008,-805.7180000000001,26626.7604,6.3553,160.3926,16.012999999999998,2.0507,-0.5329989209367436,-0.4754294380121905,0.4238598163000608,1.5093788292958805,-0.03715952137574419,-0.1097459276143884,-0.4891859129769045,0.1666976225854384,0.08997344269890069,0.08503909786661326
12/10/2008,-805.7180000000001,26626.7604,6.3553,160.3926,16.86,2.0507,-0.5010505755970525,-0.49986682844544406,0.4462796791868498,1.5892167027995094,0.05289452319990007,-0.002366863905325367,-0.45611148746733776,0.1666976225854384,0.08966675739181341,0.08537175019451018
12/11/2008,-805.7180000000001,26626.7604,6.3553,160.3926,16.093,2.0507,-0.5237489272291438,-0.5739102127785505,0.42597739484899017,1.5169195965689506,-0.045492289442467304,0.11772468398388658,-0.4550841431618867,0.1666976225854384,0.0835690556251055,0.08535803101655394
12/12/2008,-805.7180000000001,26626.7604,6.3553,160.3926,16.242,2.0507,-0.5267344619598473,-0.5403712229377313,0.429921384896371,1.5309642756150437,0.00925868389983231,0.029669075694180203,-0.43340542803321,0.1666976225854384,0.08116978480205761,0.08532645325436476
12/15/2008,-805.7180000000001,26626.7604,6.3553,160.3926,15.285,2.0507,-0.5457787287153427,-0.5407565897001574,0.4045898515048042,1.4407578471109432,-0.0589213151089768,-0.010935680082826527,-0.4296854594977799,0.1666976225854384,0.08219259551038284,0.08526072705489349
12/16/2008,-805.7180000000001,26626.7604,6.3553,160.3926,16.242,2.0507,-0.5148890415459515,-0.5571816851348527,0.429921384896371,1.5309642756150437,0.06261040235525028,0.0955078915418861,-0.40893045598457,0.1666976225854384,0.08255633368231559,0.08560573184199509
12/17/2008,-805.7180000000001,26626.7604,6.3553,160.3926,16.452,2.0507,-0.5124033075486796,-0.5812809341750393,0.43548002858731044,1.5507587897068527,0.012929442186922824,0.16449603624009068,-0.457763422431693,0.1666976225854384,0.08160058889058577,0.08449873939144954
12/18/2008,-805.7180000000001,26626.7604,6.3553,160.3926,16.601,2.0507,-0.5079873151358881,-0.6359325449749562,0.43942401863469116,1.5648034687529453,0.009056649647459114,0.351432758059264,-0.4216686988329559,0.1666976225854384,0.07495364608920103,0.08429705534013912
12/19/2008,-805.7180000000001,26626.7604,6.3553,160.3926,16.222,2.0507,-0.5090639469781799,-0.6789335108797627,0.42939199025913866,1.5290790837967763,-0.02282995000301169,0.5290790837967763,-0.4126507114667438,0.1666976225854384,0.06700096720853313,0.08422446525907053
12/22/2008,-805.7180000000001,26626.7604,6.3553,160.3926,15.265,2.0507,-0.5258580524926231,-0.66553812703836,0.4040604568675719,1.4388726552926758,-0.05899395882135372,0.4176263001485887,-0.4287264698177463,0.1666976225854384,0.06932328451618149,0.08443013264816437
12/23/2008,-805.7180000000001,26626.7604,6.3553,160.3926,15.165,2.0507,-0.5114211153709849,-0.5952511356680306,0.4014134836814102,1.4294466962013381,-0.0065509335080249365,0.2071161346812067,-0.43246884472886493,0.11163421071403112,0.06063543250328629,0.08442746306524841
12/24/2008,-805.7180000000001,26626.7604,6.3553,160.3926,15.255,2.0507,-0.4955523957541086,-0.5559009292020767,0.40379575954895575,1.437930059383542,0.005934718100890413,0.13588979895755782,-0.4468617426302621,0.11163421071403112,0.05915062336403148,0.08430390910629888
12/25/2008,-805.7180000000001,26626.7604,6.3553,160.3926,15.255,2.0507,-0.48240762731991993,-0.5020187968649272,0.40379575954895575,1.437930059383542,0.0,0.03938134496150458,-0.3571428571428571,0.11163421071403112,0.05585145149486194,0.08254973947466841
12/26/2008,-805.7180000000001,26626.7604,6.3553,160.3926,15.255,2.0507,-0.46315456081081074,-0.483495213963964,0.40379575954895575,1.437930059383542,0.0,0.03938134496150458,-0.4085833914863921,0.11163421071403112,0.05585145149486194,0.081732680005852
12/29/2008,-805.7180000000001,26626.7604,6.3553,160.3926,15.026,2.0507,-0.4728829018452255,-0.447695222058514,0.3977341909526456,1.416344613064379,-0.015011471648639807,-0.045604674796748124,-0.3950155010669566,0.11163421071403112,0.05364223597563039,0.08164025321153977
12/30/2008,-805.7180000000001,26626.7604,6.3553,160.3926,15.544,2.0507,-0.44854010714159,-0.5207010323908184,0.41144551205696284,1.4651710811575076,0.03447357912950899,0.1505551443375277,-0.2670690305545078,0.11163421071403112,0.0432511288373921,0.0797429517514413
12/31/2008,-805.7180000000001,26626.7604,6.3553,160.3926,16.272000000000002,2.0507,-0.44658708295071925,-0.5272931333537394,0.4307154768522195,1.5337920633424451,0.046834791559444255,0.17073170731707332,-0.20274375306222425,0.11163421071403112,0.043868446857248,0.07984125371919697
1/1/2009,-805.7180000000001,26626.7604,6.3553,160.3926,16.272000000000002,2.0507,-0.43685758781796147,-0.5044817442464093,0.4307154768522195,1.5337920633424451,0.0,0.13647157424221268,-0.10134202242226753,0.11163421071403112,0.04361493974638483,0.07853514708203072
1/2/2009,-805.7180000000001,26626.7604,6.3553,160.3926,17.637999999999998,2.0507,-0.36297312915342395,-0.4936795723779255,0.4668731305751872,1.6625506645301156,0.08394788593903613,0.25814965404094425,0.07339337877312535,0.11163421071403112,0.04618754511608459,0.07828154716509424
1/5/2009,-805.7180000000001,26626.7604,6.3553,160.3926,18.195999999999998,2.0507,-0.3128917755456537,-0.41152480930443314,0.48164324095396904,1.715147516259779,0.031636239936500665,0.1676078028747432,0.13420183257495477,0.08394788593903613,0.04050809810587421,0.07827509963581035
1/6/2009,-805.7180000000001,26626.7604,6.3553,160.3926,19.413,2.0507,-0.2560073582953284,-0.3626259916452689,0.513856904629556,1.829861438401357,0.06688283139151485,0.16727797486621365,0.4595143222314113,0.08394788593903613,0.04048619056475834,0.075334266367273
1/7/2009,-805.7180000000001,26626.7604,6.3553,160.3926,18.854,2.0507,-0.27743072854788653,-0.3863105047330704,0.4990603245189126,1.7771703270807802,-0.028795137279142846,0.17741834759258102,0.3122216035634744,0.08394788593903613,0.04005684232737381,0.07491727212548271
1/8/2009,-805.7180000000001,26626.7604,6.3553,160.3926,19.352999999999998,2.0507,-0.2456147189522102,-0.3427925469712326,0.512268720717859,1.8242058629465543,0.026466532300837953,0.14786476868327392,0.05604059805740458,0.08394788593903613,0.0389955836051607,0.06663732219282119
1/9/2009,-805.7180000000001,26626.7604,6.3553,160.3926,18.545,2.0507,-0.27059980334316613,-0.3670403146509341,0.4908811773736732,1.7480441134885474,-0.04175063297679926,0.15236438202945402,0.019740459694270518,0.08394788593903613,0.038750054326168605,0.06686400417341218
1/12/2009,-805.7180000000001,26626.7604,6.3553,160.3926,17.738,2.0507,-0.3530763339290274,-0.407637040008753,0.46952010376134884,1.6719766236214533,-0.04351577244540317,0.09210688338874506,0.12665142276422747,0.08394788593903613,0.040309184923692634,0.06481497782104437
1/13/2009,-805.7180000000001,26626.7604,6.3553,160.3926,18.077,2.0507,-0.3124786064732058,-0.4186665652455026,0.47849334286243683,1.7039306249410877,0.019111512008118225,0.18266274124959114,0.09088166073260528,0.08394788593903613,0.03763261873958677,0.06454743014190178
1/14/2009,-805.7180000000001,26626.7604,6.3553,160.3926,17.249000000000002,2.0507,-0.3537522011164811,-0.3914802742497471,0.4565764048810186,1.625883683664813,-0.04580406040825358,0.061999753724910844,-0.04738498923068413,0.08394788593903613,0.03730028341177405,0.06381316306385736
1/15/2009,-805.7180000000001,26626.7604,6.3553,160.3926,17.498,2.0507,-0.39939589483078186,-0.43529896341044827,0.463167368114561,1.6493543218022433,0.01443561945620031,0.06357889618283497,-0.06950279181068852,0.08394788593903613,0.03732071361939004,0.06365795573939102
1/16/2009,-805.7180000000001,26626.7604,6.3553,160.3926,18.396,2.0507,-0.3526182432432432,-0.41578688063063063,0.4869371873262924,1.7339994344424543,0.051320150874385684,0.10812601650502995,0.010991426687184225,0.08394788593903613,0.038742342333886945,0.06382607848885956
1/19/2009,-805.7180000000001,26626.7604,6.3553,160.3926,18.396,2.0507,-0.3768925922162383,-0.4505300951800292,0.4869371873262924,1.7339994344424543,0.0,0.13401553445937608,0.023307559659565102,0.08394788593903613,0.0382212264527847,0.0638008065326763
1/20/2009,-805.7180000000001,26626.7604,6.3553,160.3926,16.98,2.0507,-0.45064544307483256,-0.5061309003850012,0.4494560470102438,1.6005278537091148,-0.07697325505544683,0.11234850966262688,-0.0011764705882352233,0.08394788593903613,0.0399294587834105,0.06418782113933676
1/21/2009,-805.7180000000001,26626.7604,6.3553,160.3926,18.535,2.0507,-0.3895128618951945,-0.5005105233687955,0.490616480055057,1.7471015175794133,0.09157832744405181,0.22222222222222232,0.18027254202750886,0.09157832744405181,0.043946668983986484,0.06436945624069555
1/22/2009,-805.7180000000001,26626.7604,6.3553,160.3926,19.044,2.0507,-0.3358906402566606,-0.46802203933603004,0.5040895735726196,1.7950796493543215,0.02746155921230109,0.24837758112094388,0.21733571976476607,0.09157832744405181,0.044085384613938204,0.06442337979446468
1/23/2009,-805.7180000000001,26626.7604,6.3553,160.3926,18.635,2.0507,-0.35396082509967053,-0.4711388455538221,0.4932634532412187,1.756527476670751,-0.021476580550304547,0.2215666994428056,0.08097917512616748,0.09157832744405181,0.04461238464257679,0.0633000759569224
1/26/2009,-805.7180000000001,26626.7604,6.3553,160.3926,18.994,2.0507,-0.34537308288816126,-0.4742374633810098,0.5027660869795388,1.7903666698086527,0.01926482425543319,0.24509996722386096,-0.012939770306085285,0.09157832744405181,0.04458340800482874,0.06166532520764455
1/27/2009,-805.7180000000001,26626.7604,6.3553,160.3926,19.114,2.0507,-0.3783862889850077,-0.5113337019090052,0.5059424548029329,1.8016778207182578,0.00631778456354648,0.27206175961666457,-0.06349828515433609,0.09157832744405181,0.04419208603559011,0.061205700719347535
1/28/2009,-805.7180000000001,26626.7604,6.3553,160.3926,20.849,2.0507,-0.3219616898110508,-0.4944876256138411,0.551867439582837,1.9652182109529641,0.09077116249869199,0.3412892434379824,-0.003774847094801248,0.09157832744405181,0.047200229018241245,0.062175609299045545
1/29/2009,-805.7180000000001,26626.7604,6.3553,160.3926,20.43,2.0507,-0.3390274677278463,-0.4735513927982141,0.5407766219328197,1.9257234423602598,-0.0200968871408701,0.25553097345132736,-0.022862062368471436,0.09157832744405181,0.047212044336736314,0.06223634531362515
1/30/2009,-805.7180000000001,26626.7604,6.3553,160.3926,19.842,2.0507,-0.3547107222999123,-0.47081205892874567,0.5252124195981894,1.870298802903195,-0.028781204111600678,0.21939528023598798,-0.037683689800669384,0.09157832744405181,0.04798742818597832,0.06232444876146527
2/2/2009,-805.7180000000001,26626.7604,6.3553,160.3926,20.081,2.0507,-0.34440091413646756,-0.42415932092719555,0.5315386855131157,1.8928268451314918,0.012045156738232032,0.13850776732055792,0.05445284604074763,0.09157832744405181,0.04495984220714512,0.06153693104530614
2/3/2009,-805.7180000000001,26626.7604,6.3553,160.3926,20.37,2.0507,-0.3268563497571131,-0.39869799411784146,0.5391884380211228,1.9200678669054574,0.014391713560081731,0.11947680808969019,0.13945292834368206,0.09157832744405181,0.04464659501120235,0.06100367500099369
2/4/2009,-805.7180000000001,26626.7604,6.3553,160.3926,19.812,2.0507,-0.3452959254485971,-0.3584812134430455,0.524418327642341,1.8674710151757938,-0.027393225331369675,0.020553237521248713,0.08463812547903227,0.09157832744405181,0.04296106201434425,0.061086187738876516
2/5/2009,-805.7180000000001,26626.7604,6.3553,160.3926,20.160999999999998,2.0507,-0.3485734595625062,-0.39080422630779676,0.5336562640620449,1.9003676124045616,0.017615586513224146,0.06932215975389822,0.12086506921665618,0.09157832744405181,0.04249771820321527,0.06106675778411554
2/6/2009,-805.7180000000001,26626.7604,6.3553,160.3926,21.397,2.0507,-0.3018923327895595,-0.36858075040783034,0.5663728526430026,2.016872466773494,0.06130648281335249,0.1056167002531907,0.26609467455621294,0.09157832744405181,0.04406774817644869,0.060931628244825335
2/9/2009,-805.7180000000001,26626.7604,6.3553,160.3926,21.497,2.0507,-0.27086795780619344,-0.3709934538547637,0.5690198258291643,2.0262984258648316,0.004673552367154388,0.15918037206794278,0.49305459091540493,0.09157832744405181,0.04271160481177454,0.057670913976880615
2/10/2009,-805.7180000000001,26626.7604,6.3553,160.3926,20.27,2.0507,-0.3686341691325338,-0.4475003893474536,0.5365414648349611,1.9106419078141197,-0.057077731776526974,0.1427443905739092,0.28502599213896285,0.09157832744405181,0.043621006689785774,0.05713772093768974
2/11/2009,-805.7180000000001,26626.7604,6.3553,160.3926,20.090999999999998,2.0507,-0.3860469380271362,-0.44759198142036427,0.5318033828317318,1.8937694410406254,-0.008830784410458925,0.1114122918625875,0.3000517665329363,0.09157832744405181,0.043667913420963274,0.05707219345577706
2/12/2009,-805.7180000000001,26626.7604,6.3553,160.3926,19.930999999999997,2.0507,-0.3982549362961174,-0.47922830746935563,0.5275682257338732,1.8786879064944852,-0.007963764869842183,0.15548727462461565,0.3443275327128017,0.09157832744405181,0.042181385396108134,0.056791320214590386
2/13/2009,-805.7180000000001,26626.7604,6.3553,160.3926,19.961,2.0507,-0.3834440154440155,-0.45952123552123547,0.5283623176897217,1.8815156942218867,0.0015051929155587285,0.14075894387930044,0.41286806342015847,0.09157832744405181,0.04217316977505334,0.056383142333428844
2/16/2009,-805.7180000000001,26626.7604,6.3553,160.3926,19.961,2.0507,-0.3819167053723488,-0.43037621922898284,0.5283623176897217,1.8815156942218867,0.0,0.08507284192215692,0.6249592966460433,0.09157832744405181,0.040953524748897796,0.053573724581563315
2/17/2009,-805.7180000000001,26626.7604,6.3553,160.3926,18.406,2.0507,-0.40547175296359705,-0.4057947608126877,0.4872018846449085,1.734942030351588,-0.07790190872200786,0.0005435964340072541,0.7349420303515879,0.09157832744405181,0.04475105396209963,0.05147833313994688
2/18/2009,-805.7180000000001,26626.7604,6.3553,160.3926,17.917,2.0507,-0.4053632471540938,-0.4364607878928678,0.4742581857645782,1.6888490903949476,-0.02656742366619569,0.055182567726737464,0.6639115898959884,0.09157832744405181,0.041602277867072476,0.05168018422205888
2/19/2009,-805.7180000000001,26626.7604,6.3553,160.3926,18.067,2.0507,-0.38029086917747135,-0.3642381834396652,0.4782286455438206,1.7029880290319537,0.00837193726628338,-0.025249527920151116,0.4381119159436442,0.09077116249869199,0.036421277391816644,0.047596625832627686
2/20/2009,-805.7180000000001,26626.7604,6.3553,160.3926,18.745,2.0507,-0.36485616507979535,-0.3547250364246265,0.4961751237459964,1.7668960316712223,0.03752698289699463,-0.0157004830917874,0.3957557706626955,0.09077116249869199,0.03687231654099478,0.047096608136606315
2/23/2009,-805.7180000000001,26626.7604,6.3553,160.3926,18.256,2.0507,-0.3624807934069004,-0.34924570470736127,0.48323142486566606,1.7208030917145818,-0.026086956521739202,-0.02033807351757455,0.24385092321319068,0.09077116249869199,0.037019331874619796,0.04594505834495922
2/24/2009,-805.7180000000001,26626.7604,6.3553,160.3926,19.592,2.0507,-0.30689496586125165,-0.32805037676442494,0.5185949866327854,1.846733905174851,0.07318141980718651,0.03148362640833935,0.3348776998024119,0.09077116249869199,0.04018087642326374,0.046747219353327915
2/25/2009,-805.7180000000001,26626.7604,6.3553,160.3926,19.742,2.0507,-0.270705578130772,-0.2939046915404506,0.5225654464120278,1.8608728438118576,0.007656186198448545,0.03285549858742276,0.25393800813008127,0.09077116249869199,0.040188731159020476,0.04595462522514721
2/26/2009,-805.7180000000001,26626.7604,6.3553,160.3926,20.131,2.0507,-0.293301972898968,-0.2680966088604929,0.5328621721061966,1.8975398246771606,0.01970418397325502,-0.03443810254688473,0.49008142116950415,0.07318141980718651,0.03502730963359056,0.04198163418853089
2/27/2009,-805.7180000000001,26626.7604,6.3553,160.3926,20.719,2.0507,-0.2670251530052711,-0.2772490890437612,0.5484263744408269,1.9529644641342254,0.029208683125527823,0.014145863925599578,0.4906827829340241,0.07318141980718651,0.03534009181689623,0.04198510995059876
3/2/2009,-805.7180000000001,26626.7604,6.3553,160.3926,19.612000000000002,2.0507,-0.3252133223231488,-0.3172997522708506,0.5191243812700177,1.8486190969931189,-0.053429219556928365,-0.011591573430097646,0.3697443777063838,0.07318141980718651,0.03676835603073312,0.04256519007952445
3/3/2009,-805.7180000000001,26626.7604,6.3553,160.3926,19.114,2.0507,-0.3177957027625098,-0.2832821757441645,0.5059424548029329,1.8016778207182578,-0.025392616765245846,-0.04815497236193411,0.36343533775590275,0.07318141980718651,0.037066224581740775,0.0426147006145551
3/4/2009,-805.7180000000001,26626.7604,6.3553,160.3926,20.609,2.0507,-0.24064112011790706,-0.24944731024318345,0.5455147039360492,1.9425959091337541,0.07821492100031402,0.011732940598919939,0.3224460985626283,0.07821492100031402,0.040871979795723275,0.04146882966360821
3/5/2009,-805.7180000000001,26626.7604,6.3553,160.3926,19.622,2.0507,-0.31453923007056517,-0.3079019073569481,0.5193890785886338,1.8495616929022525,-0.047891697801931254,-0.009590147385423076,0.1798448680175575,0.07821492100031402,0.04182635645247349,0.041232088676162765
3/6/2009,-805.7180000000001,26626.7604,6.3553,160.3926,19.930999999999997,2.0507,-0.28659889755888057,-0.27836638270456027,0.5275682257338732,1.8786879064944852,0.015747630210987573,-0.011408164277565636,0.2446762005870231,0.07821492100031402,0.04178982317285864,0.04092913238318039
3/9/2009,-805.7180000000001,26626.7604,6.3553,160.3926,19.772000000000002,2.0507,-0.3017621923226329,-0.24437616979199772,0.5233595383678763,1.863700631539259,-0.00797752245246075,-0.07594522596625675,0.17271648873072376,0.07821492100031402,0.039397748907498975,0.040479452508069225
3/10/2009,-805.7180000000001,26626.7604,6.3553,160.3926,22.932,2.0507,-0.19016845004767446,-0.24084472225165088,0.6070038910505836,2.161560938825525,0.15982197046328128,0.06675350048844009,0.42496737712048716,0.15982197046328128,0.053082192786454936,0.04454580743432379
3/11/2009,-805.7180000000001,26626.7604,6.3553,160.3926,23.311,2.0507,-0.21466832867297791,-0.31711754202742315,0.6170359194261361,2.1972853237816943,0.01652712366998088,0.15002466699556005,0.43522965152074855,0.15982197046328128,0.051219148939044334,0.0445622368283886
3/12/2009,-805.7180000000001,26626.7604,6.3553,160.3926,23.79,2.0507,-0.2140993029632322,-0.3362954643057713,0.6297149209878503,2.2424356678292012,0.020548239028784554,0.18411228908466493,0.5564278704612364,0.15982197046328128,0.051141134512524083,0.04379267111989396
3/13/2009,-805.7180000000001,26626.7604,6.3553,160.3926,23.122,2.0507,-0.25695738800694135,-0.3595025387235685,0.6120331401042907,2.1794702610990666,-0.028079024800336194,0.16010235311825816,0.42359315355251814,0.15982197046328128,0.05166587242826087,0.04345678946441014
3/16/2009,-805.7180000000001,26626.7604,6.3553,160.3926,22.245,2.0507,-0.2865161331708256,-0.359772916800308,0.5888191852616532,2.0968045998680362,-0.037929244875010815,0.11442312509393338,0.35211524434719177,0.15982197046328128,0.05263346252236638,0.043806945488252244
3/17/2009,-805.7180000000001,26626.7604,6.3553,160.3926,22.951999999999998,2.0507,-0.23523923763827803,-0.33489937358389976,0.6075332856878158,2.1634461306437927,0.0317824230164081,0.14984219227493623,0.3825673152219746,0.15982197046328128,0.052895297486643574,0.043928252787493974
3/18/2009,-805.7180000000001,26626.7604,6.3553,160.3926,23.281,2.0507,-0.2172348866922197,-0.3811445094479188,0.6162418274702877,2.194457536054293,0.014334262809341247,0.26485928501575584,0.4351497965725557,0.15982197046328128,0.04910324974360815,0.04378303212962783
3/19/2009,-805.7180000000001,26626.7604,6.3553,160.3926,23.101999999999997,2.0507,-0.22895667845938195,-0.4020092116681129,0.6115037454670583,2.1775850692807985,-0.007688673166960314,0.2893899648378633,0.5133966590239107,0.15982197046328128,0.04852459854174932,0.04301229771607326
3/20/2009,-805.7180000000001,26626.7604,6.3553,160.3926,22.344,2.0507,-0.2819589947940099,-0.41940356064014395,0.5914396887159533,2.1061362993684605,-0.03281101203358994,0.23672994963192573,0.47339268051434247,0.15982197046328128,0.04955270060909303,0.04327695190643263
3/23/2009,-805.7180000000001,26626.7604,6.3553,160.3926,23.93,2.0507,-0.23903711005819317,-0.40391770280153905,0.6334206834484766,2.2556320105570737,0.07098102398854267,0.2766070952253934,0.568666011143887,0.15982197046328128,0.05095642079216523,0.044019003537087674
3/24/2009,-805.7180000000001,26626.7604,6.3553,160.3926,23.500999999999998,2.0507,-0.2379454586724603,-0.4080223094134051,0.6220651684798432,2.2151946460552354,-0.01792728792310916,0.28730280455740553,0.5405440839069156,0.15982197046328128,0.05067478475412221,0.0441300284086842
3/25/2009,-805.7180000000001,26626.7604,6.3553,160.3926,23.430999999999997,2.0507,-0.23352960418711166,-0.3591102387962055,0.62021228724953,2.208596474691299,-0.0029785966554615184,0.19594732543895454,0.5359554244509994,0.15982197046328128,0.04886535983592983,0.04414013316450764
3/26/2009,-805.7180000000001,26626.7604,6.3553,160.3926,23.969,2.0507,-0.22678150908093808,-0.36314074647569283,0.6344530029910797,2.2593081346026955,0.022961034526908897,0.21411204538547257,0.595168374816984,0.15982197046328128,0.048948368038192636,0.04408325365796707
3/27/2009,-805.7180000000001,26626.7604,6.3553,160.3926,23.83,2.0507,-0.20065745337448004,-0.324735006037837,0.630773710262315,2.246206051465736,-0.005799157244774644,0.18374646068252942,0.5330674215131239,0.15982197046328128,0.049021470557621565,0.043990562306191805
3/30/2009,-805.7180000000001,26626.7604,6.3553,160.3926,22.863000000000003,2.0507,-0.2366786858974358,-0.30825988247863245,0.6051774795521322,2.1550570270525027,-0.04057910197230363,0.10347989767845944,0.40505162241887915,0.15982197046328128,0.04995062087943945,0.04411576327068147
3/31/2009,-805.7180000000001,26626.7604,6.3553,160.3926,23.232,2.0507,-0.2120204863819829,-0.33480310687514836,0.6149448106090685,2.1898388160995377,0.016139614223855014,0.18458086885580238,0.42772861356932124,0.15982197046328128,0.04809647573279329,0.044125177848273356
4/1/2009,-805.7180000000001,26626.7604,6.3553,160.3926,24.308000000000003,2.0507,-0.1699221417839093,-0.3472886217729818,0.6434262420921676,2.29126213592233,0.046315426997245446,0.2717379930940673,0.37816078920512575,0.15982197046328128,0.04806746920630343,0.043308393529771116
4/2/2009,-805.7180000000001,26626.7604,6.3553,160.3926,26.392,2.0507,-0.12496270017572353,-0.31670037465601264,0.6985891632917758,2.487699123385804,0.08573309198617718,0.28060556067737386,0.4504286656408003,0.15982197046328128,0.04860591898537891,0.04434858579256993
4/3/2009,-805.7180000000001,26626.7604,6.3553,160.3926,26.840999999999998,2.0507,-0.12598502116574417,-0.36105503093454905,0.7104740728976414,2.5300216797059094,0.01701273113064561,0.36790337376414217,0.38263019626023786,0.15982197046328128,0.04656680624818926,0.043700342535923
4/6/2009,-805.7180000000001,26626.7604,6.3553,160.3926,25.894000000000002,2.0507,-0.14600441937930797,-0.34266679858843707,0.685407236824691,2.4407578471109432,-0.035281844938713,0.29918217851588014,0.37339556592765466,0.15982197046328128,0.04789351120896248,0.04379136595290595
4/7/2009,-805.7180000000001,26626.7604,6.3553,160.3926,24.787,2.0507,-0.21203547700034964,-0.3714594525860697,0.6561052436538817,2.3364124799698365,-0.042751216498030487,0.2536415132510619,0.28078334108406966,0.15982197046328128,0.04925769953496237,0.04413576140789631
4/8/2009,-805.7180000000001,26626.7604,6.3553,160.3926,25.844,2.0507,-0.18568232662192385,-0.27743643066452406,0.6840837502316102,2.4360448675652746,0.042643321095735764,0.1269841269841272,0.3935831760582367,0.08573309198617718,0.03670260959206972,0.043978383213434995
4/9/2009,-805.7180000000001,26626.7604,6.3553,160.3926,26.921,2.0507,-0.14039849287949424,-0.255667667156268,0.7125916514465708,2.5375624469789795,0.041673115616777556,0.1548625112607782,0.5177021084676965,0.08573309198617718,0.03745406561254674,0.0437337782758501
4/10/2009,-805.7180000000001,26626.7604,6.3553,160.3926,26.921,2.0507,-0.14906596706388087,-0.2480323671650282,0.7125916514465708,2.5375624469789795,0.0,0.13160992013451023,0.4892404713171432,0.08573309198617718,0.03736548657940328,0.043718654814190586
4/13/2009,-805.7180000000001,26626.7604,6.3553,160.3926,26.133000000000003,2.0507,-0.19945472368582273,-0.291692194583997,0.6917335027396172,2.46328588933924,-0.02927082946398707,0.1302222991090738,0.5150443503971245,0.08573309198617718,0.037421590943388275,0.043443752499150654
4/14/2009,-805.7180000000001,26626.7604,6.3553,160.3926,24.965999999999998,2.0507,-0.2446676549783683,-0.3269899857804134,0.660843325657111,2.3532849467433303,-0.04465618183905429,0.12231962238705307,0.4267916333295232,0.08573309198617718,0.03784731795223594,0.04392727516170043
4/15/2009,-805.7180000000001,26626.7604,6.3553,160.3926,26.043000000000003,2.0507,-0.2116065752429388,-0.30517966881603253,0.6893512268720718,2.4548025261570365,0.043138668589281615,0.13467235970721525,0.41568819308545346,0.08573309198617718,0.038309692696185366,0.04380480655733469
4/16/2009,-805.7180000000001,26626.7604,6.3553,160.3926,26.612,2.0507,-0.18947400481223164,-0.29092681143971,0.7044125043013313,2.5084362333867465,0.021848481357754412,0.1430780464756669,0.4466188301804739,0.08573309198617718,0.03841927078977797,0.04383936460990592
4/17/2009,-805.7180000000001,26626.7604,6.3553,160.3926,26.331999999999997,2.0507,-0.18337726779345642,-0.28354783687393403,0.6970009793800788,2.4820435479310015,-0.010521569216894733,0.13981473465500827,0.5507656065959952,0.08573309198617718,0.038478651765996054,0.04257235515118672
4/20/2009,-805.7180000000001,26626.7604,6.3553,160.3926,24.726999999999997,2.0507,-0.2599365497426075,-0.3312582305758409,0.6545170597421847,2.3307569045150336,-0.06095245328877419,0.10665055495882547,0.33407067709738314,0.08573309198617718,0.04037574226749256,0.04206843475869835
4/21/2009,-805.7180000000001,26626.7604,6.3553,160.3926,24.956999999999997,2.0507,-0.25126005040201616,-0.2820712828513141,0.6606050980703564,2.35243661042511,0.009301573179115952,0.04291684078562463,0.3104914933837428,0.08573309198617718,0.03752507719151302,0.041977183273378266
4/22/2009,-805.7180000000001,26626.7604,6.3553,160.3926,24.756999999999998,2.0507,-0.2527767717010745,-0.2906857418809611,0.6553111516980332,2.333584692242435,-0.008013783707977673,0.05344453427513729,0.32852159914140033,0.08573309198617718,0.0373147848997537,0.04187361074179847
4/23/2009,-805.7180000000001,26626.7604,6.3553,160.3926,24.986,2.0507,-0.27343045741370786,-0.3186484050132311,0.6613727202943434,2.3551701385615984,0.009249909116613608,0.06636507191327734,0.31546804253974936,0.08573309198617718,0.037309925240557214,0.04183896469176709
4/24/2009,-805.7180000000001,26626.7604,6.3553,160.3926,25.236,2.0507,-0.264235108895303,-0.30117496136913613,0.6679901532597474,2.378735036289942,0.010005603137757113,0.05285994409445527,0.3202887935544627,0.08573309198617718,0.03708233857647999,0.04184313296366854
4/27/2009,-805.7180000000001,26626.7604,6.3553,160.3926,25.016,2.0507,-0.2672310260991828,-0.3019713524121973,0.6621668122501918,2.3579979262889994,-0.00871770486606449,0.04976919848929917,0.19986570099285328,0.08573309198617718,0.03712283115165288,0.04041686783664516
4/28/2009,-805.7180000000001,26626.7604,6.3553,160.3926,23.949,2.0507,-0.2929140832595216,-0.32497785651018585,0.6339236083538473,2.257422942784428,-0.04265270227054674,0.0475003280409394,0.17224669603524245,0.08573309198617718,0.03724700208383687,0.04072958161516568
4/29/2009,-805.7180000000001,26626.7604,6.3553,160.3926,24.706999999999997,2.0507,-0.28279485616418476,-0.3256117739266742,0.6539876651049523,2.3288717126967664,0.03165059083886579,0.06349001377410457,0.24518697711924187,0.08573309198617718,0.03767466380878842,0.04067290774501425
4/30/2009,-805.7180000000001,26626.7604,6.3553,160.3926,25.125999999999998,2.0507,-0.2799954150786601,-0.30343582542911984,0.6650784827549696,2.3683664812894705,0.01695875662767632,0.0336514727661672,0.2512325083412179,0.08573309198617718,0.036538231326780454,0.04069274282990415
5/1/2009,-805.7180000000001,26626.7604,6.3553,160.3926,24.916999999999998,2.0507,-0.28721000085819726,-0.24501530451697806,0.6595463087958918,2.348666226788575,-0.008318076892462,-0.055888147923613296,0.22322042218949423,0.043138668589281615,0.031156258525659487,0.04070301924820867
5/4/2009,-805.7180000000001,26626.7604,6.3553,160.3926,25.026,2.0507,-0.2877593420041552,-0.23610439138230366,0.662431509568808,2.358940522198133,0.004374523417747023,-0.06762043142952934,0.26317383403997563,0.043138668589281615,0.030886071848049073,0.0405041430274428
5/5/2009,-805.7180000000001,26626.7604,6.3553,160.3926,25.156,2.0507,-0.29465862890789296,-0.27396607318098964,0.6658725747108181,2.371194269016872,0.005194597618476848,-0.028500810998687065,0.2477555676801746,0.043138668589281615,0.030012969309562695,0.04046950022769514
5/6/2009,-805.7180000000001,26626.7604,6.3553,160.3926,25.375,2.0507,-0.3040890765981954,-0.3202150124784028,0.6716694459885121,2.3918371194269015,0.008705676578152355,0.023722112397627892,0.18591391316539707,0.043138668589281615,0.02849097305093623,0.03981179856979113
5/7/2009,-805.7180000000001,26626.7604,6.3553,160.3926,24.308000000000003,2.0507,-0.32447754557581143,-0.2817919075144508,0.6434262420921676,2.29126213592233,-0.04204926108374374,-0.05943352422225656,0.13076243196725135,0.043138668589281615,0.02837080730125115,0.04022209939778396
5/8/2009,-805.7180000000001,26626.7604,6.3553,160.3926,24.368000000000002,2.0507,-0.31770964580708383,-0.24622707545849087,0.6450144260038646,2.2969177113771324,0.002468323185782495,-0.09483302997659815,0.2021706956092748,0.043138668589281615,0.026548281900780884,0.039486956397115476
5/11/2009,-805.7180000000001,26626.7604,6.3553,160.3926,24.109,2.0507,-0.32382555041368666,-0.24495863132800455,0.6381587654517059,2.272504477330568,-0.010628693368351927,-0.104453772148137,0.19999004529391295,0.043138668589281615,0.026561653265933075,0.03949678823130887
5/12/2009,-805.7180000000001,26626.7604,6.3553,160.3926,23.122,2.0507,-0.34931757422259735,-0.2645842127479948,0.6120331401042907,2.1794702610990666,-0.0409390683976939,-0.11521830635594854,0.16010235311825816,0.043138668589281615,0.027211063507707106,0.03986985311026424
5/13/2009,-805.7180000000001,26626.7604,6.3553,160.3926,22.524,2.0507,-0.36614605318699867,-0.2974250738708316,0.5962042404510443,2.1231030257328682,-0.025862814635412068,-0.09781302571497219,0.12840038074244786,0.043138668589281615,0.026145518955783882,0.04003650456976636
5/14/2009,-805.7180000000001,26626.7604,6.3553,160.3926,22.653000000000002,2.0507,-0.3701201201201201,-0.2758591925258591,0.5996188358611927,2.1352625129606935,0.005727224294086453,-0.13016933533003106,0.13486298281649245,0.03165059083886579,0.023912110834319183,0.04003680552204428
5/15/2009,-805.7180000000001,26626.7604,6.3553,160.3926,22.135,2.0507,-0.39211270700024714,-0.2691621124323732,0.5859075147568755,2.086436044867565,-0.022866728468635578,-0.16823237637156163,0.20259697924589815,0.03165059083886579,0.023258310131646823,0.03883025451794973
5/18/2009,-805.7180000000001,26626.7604,6.3553,160.3926,23.949,2.0507,-0.35152040291354136,-0.28699466572797927,0.6339236083538473,2.257422942784428,0.08195166026654621,-0.09049825307610493,0.3366635039348105,0.08195166026654621,0.03048260523495607,0.03986136249103781
5/19/2009,-805.7180000000001,26626.7604,6.3553,160.3926,23.979,2.0507,-0.3538573468782841,-0.3337015979089758,0.6347177003096958,2.2602507305118293,0.0012526619065513778,-0.030250333643385696,0.32722643493662473,0.08195166026654621,0.027560753178932314,0.03986281986600967
5/20/2009,-805.7180000000001,26626.7604,6.3553,160.3926,23.73,2.0507,-0.3634656652360515,-0.3305525751072962,0.6281267370761534,2.236780092374399,-0.010384086075315824,-0.04916456304844319,0.2659375833555615,0.08195166026654621,0.027523851732606925,0.03969400329516914
5/21/2009,-805.7180000000001,26626.7604,6.3553,160.3926,23.521,2.0507,-0.3716003205984504,-0.3385786802030457,0.6225945631170756,2.2170798378735035,-0.008807416772018573,-0.04992527365997479,0.2883983347940404,0.08195166026654621,0.027533003916464488,0.0395386305893641
5/22/2009,-805.7180000000001,26626.7604,6.3553,160.3926,23.401,2.0507,-0.36048863139484033,-0.31717315260166157,0.6194181952936816,2.205768686963898,-0.005101823902045055,-0.06343552389338036,0.19441608819926515,0.08195166026654621,0.027415573008152117,0.03857245468628839
5/25/2009,-805.7180000000001,26626.7604,6.3553,160.3926,23.401,2.0507,-0.34714317598482314,-0.2959491128222297,0.6194181952936816,2.205768686963898,0.0,-0.07271358376921866,0.18534089757876604,0.08195166026654621,0.02726911031807795,0.038571315158011724
5/26/2009,-805.7180000000001,26626.7604,6.3553,160.3926,24.756999999999998,2.0507,-0.2758782064406681,-0.2683026704495598,0.6553111516980332,2.333584692242435,0.057946241613606064,-0.010353373840741975,0.22979484377328485,0.08195166026654621,0.030310264941206703,0.03912874843242315
5/27/2009,-805.7180000000001,26626.7604,6.3553,160.3926,24.796999999999997,2.0507,-0.28286771935913024,-0.30739198334200935,0.6563699409724978,2.33735507587897,0.0016157046491900307,0.03540857655851992,0.19682417105072614,0.08195166026654621,0.02869677850595679,0.03899644170643746
5/28/2009,-805.7180000000001,26626.7604,6.3553,160.3926,25.525,2.0507,-0.2861138302335339,-0.30899174940567764,0.6756399057677545,2.4059760580639074,0.02935839012783803,0.03310802606548768,0.30149908219457466,0.08195166026654621,0.028582660442356207,0.0384352003182731
5/29/2009,-805.7180000000001,26626.7604,6.3553,160.3926,25.495,2.0507,-0.2683731741613339,-0.2789623210032428,0.674845813811906,2.4031482703365064,-0.001175318315376983,0.014685982647457019,0.33383907083812914,0.08195166026654621,0.028379220733891052,0.03824805078487758
6/1/2009,-805.7180000000001,26626.7604,6.3553,160.3926,25.465,2.0507,-0.27668579219451217,-0.2922513207975913,0.6740517218560576,2.400320482609105,-0.001176701313983175,0.02199301681582866,0.2356252122858944,0.08195166026654621,0.028303791413172574,0.037096777525903464
6/2/2009,-805.7180000000001,26626.7604,6.3553,160.3926,25.055999999999997,2.0507,-0.2988386735693298,-0.29967818665174195,0.6632256015246564,2.361768309925534,-0.016061260553701273,0.0011987532965713754,0.27693405361329115,0.08195166026654621,0.028547021333545933,0.03659169377333728
6/3/2009,-805.7180000000001,26626.7604,6.3553,160.3926,24.368000000000002,2.0507,-0.3398173986074612,-0.318468749153369,0.6450144260038646,2.2969177113771324,-0.027458492975734217,-0.0313245349022101,0.22261803221112864,0.08195166026654621,0.02915764874293725,0.03678233795192317
6/4/2009,-805.7180000000001,26626.7604,6.3553,160.3926,24.149,2.0507,-0.3599353282620795,-0.32744043043812454,0.6392175547261706,2.2762748609671033,-0.008987196323046676,-0.04831527093596055,0.22137365972081713,0.08195166026654621,0.029115176076195487,0.03678778880541902
6/5/2009,-805.7180000000001,26626.7604,6.3553,160.3926,24.239,2.0507,-0.343312291728753,-0.34144293029178285,0.6415998305937161,2.2847582241493067,0.003726862395958319,-0.0028385716636499803,0.05699459270887841,0.08195166026654621,0.027639970100770076,0.030896411562172002
6/8/2009,-805.7180000000001,26626.7604,6.3553,160.3926,23.85,2.0507,-0.36332087560064064,-0.3494927923117992,0.6313031048995473,2.248091243284004,-0.016048516853005457,-0.021257386736703854,0.023122131182703454,0.08195166026654621,0.027859111245012426,0.030910805138119776
6/9/2009,-805.7180000000001,26626.7604,6.3553,160.3926,23.93,2.0507,-0.3467460144136274,-0.3418595763267088,0.6334206834484766,2.2556320105570737,0.0033542976939202607,-0.007424613214982001,0.005884825556956796,0.08195166026654621,0.027775987583378226,0.03080961519922557
6/10/2009,-805.7180000000001,26626.7604,6.3553,160.3926,23.291,2.0507,-0.35057439214811514,-0.3552866384117779,0.6165065247889039,2.195400131963427,-0.026702883409945644,0.007309056310007778,0.007309056310007778,0.08195166026654621,0.026886250414730504,0.030789468351297356
6/11/2009,-805.7180000000001,26626.7604,6.3553,160.3926,23.61,2.0507,-0.32748454724129095,-0.3584185490073204,0.6249503692527594,2.2254689414647935,0.013696277532093903,0.04821523708044739,0.061362103843560334,0.08195166026654621,0.026313225766803967,0.03043306189101403
6/12/2009,-805.7180000000001,26626.7604,6.3553,160.3926,23.989,2.0507,-0.3303838101884159,-0.3676762037683182,0.634982397628312,2.261193326420963,0.016052520118593927,0.05897673597316011,0.04518124782154076,0.08195166026654621,0.026471267248888288,0.030243677322241695
6/15/2009,-805.7180000000001,26626.7604,6.3553,160.3926,23.381,2.0507,-0.32961550592080735,-0.3653410557100667,0.6188888006564492,2.2038834951456305,-0.025344949768643987,0.05629094194714246,0.004295348137966615,0.08195166026654621,0.026597833905079415,0.0303774679932907
6/16/2009,-805.7180000000001,26626.7604,6.3553,160.3926,22.932,2.0507,-0.34493101379724056,-0.3158796812066157,0.6070038910505836,2.161560938825525,-0.01920362687652377,-0.04246523863209328,-0.007358670245000365,0.057946241613606064,0.01988568394029898,0.030462155918331034
6/17/2009,-805.7180000000001,26626.7604,6.3553,160.3926,22.663,2.0507,-0.3687889928698753,-0.3321356951871659,0.5998835331798088,2.1362051088698273,-0.011730333158904482,-0.05488135451853704,0.014276763336913634,0.057946241613606064,0.019985038613622743,0.03020691759007862
6/18/2009,-805.7180000000001,26626.7604,6.3553,160.3926,22.873,2.0507,-0.3294341835238932,-0.30430958663148633,0.6054421768707483,2.155999622961636,0.0092662048272516,-0.03611462284028655,-0.044170497283744226,0.057946241613606064,0.020057175929841388,0.02886060719736218
6/19/2009,-805.7180000000001,26626.7604,6.3553,160.3926,23.112,2.0507,-0.2947853415921644,-0.2823055564031368,0.6117684427856744,2.1785276651899323,0.010449001005552239,-0.01738871646613671,-0.016552487128207338,0.057946241613606064,0.020149292748697117,0.028802621206055354
6/22/2009,-805.7180000000001,26626.7604,6.3553,160.3926,22.334,2.0507,-0.34059639799232355,-0.3090935931502804,0.5911749913973371,2.1051937034593267,-0.033662166839736885,-0.04559634203666507,-0.04681831761341804,0.057946241613606064,0.021390839416250293,0.029113927905480255
6/23/2009,-805.7180000000001,26626.7604,6.3553,160.3926,22.673000000000002,2.0507,-0.33058754059639783,-0.3090935931502804,0.600148230498425,2.137147704778961,0.015178651383540798,-0.0311097816332635,-0.054069840210271614,0.057946241613606064,0.021715915250257345,0.02902982101249796
6/24/2009,-805.7180000000001,26626.7604,6.3553,160.3926,23.72,2.0507,-0.29532693621698713,-0.26451977065446663,0.6278620397575372,2.235837496465265,0.0461782737176375,-0.04188714303025398,-0.004616030214015909,0.0461782737176375,0.020210807051533972,0.02960880562406727
6/25/2009,-805.7180000000001,26626.7604,6.3553,160.3926,24.259,2.0507,-0.30384251155049213,-0.28840359284873884,0.6421292252309484,2.2866434159675744,0.022723440134907236,-0.02169617292414394,0.06105935354065517,0.0461782737176375,0.020904317728800713,0.029269491298888804
6/26/2009,-805.7180000000001,26626.7604,6.3553,160.3926,24.857,2.0507,-0.2776017902293004,-0.25818826469818945,0.6579581248841948,2.3430106513337727,0.02465064512139814,-0.02617042115572965,0.06994662534435259,0.0461782737176375,0.02058715295474904,0.029358323616273333
6/29/2009,-805.7180000000001,26626.7604,6.3553,160.3926,24.816999999999997,2.0507,-0.27581779450815613,-0.2560331494937115,0.6568993356097301,2.3392402676972375,-0.0016092046506015478,-0.026593449696018956,0.020939608359387574,0.0461782737176375,0.020587491429684874,0.02879365780851746
6/30/2009,-805.7180000000001,26626.7604,6.3553,160.3926,24.468000000000004,2.0507,-0.28516754798562616,-0.25604019983055304,0.6476613991900262,2.30634367046847,-0.014062940726114914,-0.03915177694875305,-0.07290087905425868,0.0461782737176375,0.020781602791637863,0.026711832180746603
7/1/2009,-805.7180000000001,26626.7604,6.3553,160.3926,24.338,2.0507,-0.2893807118456013,-0.2684165961049959,0.644220334048016,2.294089923649731,-0.005313061958476473,-0.02865581098339709,-0.09325285943146666,0.0461782737176375,0.02054105705336872,0.026618943253826934
7/2/2009,-805.7180000000001,26626.7604,6.3553,160.3926,23.61,2.0507,-0.3195573231886565,-0.29771168367052847,0.6249503692527594,2.2254689414647935,-0.029912071657490436,-0.031106369008535917,-0.08820576195257601,0.0461782737176375,0.020704312200927003,0.026516471222211683
7/3/2009,-805.7180000000001,26626.7604,6.3553,160.3926,23.61,2.0507,-0.3222722966960415,-0.3068002411229439,0.6249503692527594,2.2254689414647935,0.0,-0.022319764793573338,-0.04748456852382299,0.0461782737176375,0.020630223431939387,0.025975417600109168
7/6/2009,-805.7180000000001,26626.7604,6.3553,160.3926,22.833000000000002,2.0507,-0.3321536166603293,-0.2910292784228845,0.6043833875962836,2.1522292393251012,-0.032909783989834684,-0.05800569330417915,-0.11650673270391576,0.0461782737176375,0.02174105626534272,0.02569673542032437
7/7/2009,-805.7180000000001,26626.7604,6.3553,160.3926,22.663,2.0507,-0.34908234483154776,-0.3149898038314616,0.5998835331798088,2.1362051088698273,-0.007445364165900359,-0.049769392033543025,-0.15816648712900705,0.0461782737176375,0.021555565372349223,0.02509955243701088
7/8/2009,-805.7180000000001,26626.7604,6.3553,160.3926,22.574,2.0507,-0.3546044543557194,-0.315836120879435,0.597527727044125,2.127816005278537,-0.003927105855358937,-0.05666527371500196,-0.1614724564466401,0.0461782737176375,0.021520169543382147,0.025098319382553018
7/9/2009,-805.7180000000001,26626.7604,6.3553,160.3926,23.232,2.0507,-0.3531213454363201,-0.3514785320487832,0.6149448106090685,2.1898388160995377,0.029148578010099957,-0.0025331673178481395,-0.11100906899322704,0.0461782737176375,0.02183536956608787,0.02517174053588578
7/10/2009,-805.7180000000001,26626.7604,6.3553,160.3926,23.421,2.0507,-0.35252812871478734,-0.3473032372211319,0.6199475899309139,2.207653878782166,0.008135330578512345,-0.00800508259212196,-0.06188416246094686,0.0461782737176375,0.021695584357142254,0.02458569171874523
7/13/2009,-805.7180000000001,26626.7604,6.3553,160.3926,23.76,2.0507,-0.32166614326091303,-0.31512832957432835,0.6289208290320019,2.2396078801018002,0.014474189829640105,-0.009546041935887262,-0.08766271166916262,0.0461782737176375,0.021639276793063787,0.02401969480026955
7/14/2009,-805.7180000000001,26626.7604,6.3553,160.3926,23.989,2.0507,-0.3478059920613342,-0.36433581643195034,0.634982397628312,2.261193326420963,0.009638047138047057,0.02600402035841065,-0.0985645573425521,0.0461782737176375,0.020944921216419263,0.02387979230352584
7/15/2009,-805.7180000000001,26626.7604,6.3553,160.3926,24.956999999999997,2.0507,-0.3091296644889825,-0.3651865795592958,0.6606050980703564,2.35243661042511,0.040351827921130345,0.08830455259026682,-0.052217833814370396,0.0461782737176375,0.022015733841015444,0.024419293997008054
7/16/2009,-805.7180000000001,26626.7604,6.3553,160.3926,25.256,2.0507,-0.31779260419761757,-0.3878339320925961,0.6685195478969798,2.3806202281082096,0.011980606643426928,0.11441556722410984,0.021393618311966733,0.0461782737176375,0.021760778619592188,0.0232088041429139
7/17/2009,-805.7180000000001,26626.7604,6.3553,160.3926,25.276,2.0507,-0.32846249900369306,-0.39230585297165177,0.6690489425342121,2.3825054199264772,0.0007918910357933573,0.10505836575875471,0.012781985014224562,0.0461782737176375,0.021764010591720676,0.023182082095947295
7/20/2009,-805.7180000000001,26626.7604,6.3553,160.3926,25.944000000000003,2.0507,-0.31326927658222825,-0.38823155721432556,0.6905693523915994,2.4454708266566123,0.02642823231523983,0.12253374870197309,0.04794603546471721,0.0461782737176375,0.022238454002813393,0.02338418475445072
7/21/2009,-805.7180000000001,26626.7604,6.3553,160.3926,26.063000000000002,2.0507,-0.30626314248449515,-0.40552050893023506,0.737576409327598,2.4566877179753037,0.0045868023435091665,0.16696516521894877,0.04310413831745774,0.0461782737176375,0.02033349989667756,0.023365054402640386
7/22/2009,-805.7180000000001,26626.7604,6.3553,160.3926,26.233,2.0507,-0.24570130542296853,-0.3480648685950888,0.7423873669911705,2.4727118484305772,0.006522656639680768,0.1570149517046706,0.03950705341575533,0.0461782737176375,0.020259267305866257,0.02334736201621029
7/23/2009,-805.7180000000001,26626.7604,6.3553,160.3926,26.831,2.0507,-0.2333342857959254,-0.3222276195102438,0.7593106180665611,2.529079083796776,0.022795715320397925,0.1311551433389544,0.07255356571794058,0.040351827921130345,0.01858081106895099,0.02347563502913513
7/24/2009,-805.7180000000001,26626.7604,6.3553,160.3926,26.592,2.0507,-0.24381504862651426,-0.31015753853153605,0.7525469775865973,2.506551041568479,-0.008907606872647356,0.0961704934251204,0.11035951396718002,0.040351827921130345,0.018443167445852896,0.022830851245666705
7/27/2009,-805.7180000000001,26626.7604,6.3553,160.3926,26.612,2.0507,-0.22993228774813357,-0.2807164766479542,0.7531129726058411,2.5084362333867465,0.0007521058965103133,0.07060385404513814,0.0771036548346622,0.040351827921130345,0.017868824219425632,0.022511447073525506
7/28/2009,-805.7180000000001,26626.7604,6.3553,160.3926,26.701,2.0507,-0.23464327686530795,-0.28864620059047796,0.7556316504414762,2.5168253369780373,0.0033443559296559844,0.07591570294556171,0.06268407227573047,0.040351827921130345,0.017831971306038075,0.022425114634610378
7/29/2009,-805.7180000000001,26626.7604,6.3553,160.3926,25.345,2.0507,-0.28274281186325556,-0.3075616934570975,0.7231717408052045,2.3890093316995,-0.050784614808434214,0.035842733366028945,0.017177027732070416,0.040351827921130345,0.021147255767928447,0.02333588574484954
7/30/2009,-805.7180000000001,26626.7604,6.3553,160.3926,25.983,2.0507,-0.2537266277967659,-0.3009736622914093,0.7413758666932977,2.4491469507022336,0.02517261787334779,0.06758977730298299,0.03824023016063305,0.040351827921130345,0.021667824495540736,0.02353731077035938
7/31/2009,-805.7180000000001,26626.7604,6.3553,160.3926,26.013,2.0507,-0.24466447922413537,-0.3144400243909521,0.7422318600736155,2.451974738429635,0.0011546010853251687,0.10177890724269378,0.034067419303545954,0.040351827921130345,0.020301137720475985,0.023530829868018462
8/3/2009,-805.7180000000001,26626.7604,6.3553,160.3926,26.451999999999998,2.0507,-0.2372109118172907,-0.31916488840186874,0.7547578965389334,2.4933546988406063,0.016876177295967354,0.12037272342227867,0.04244334975369446,0.040351827921130345,0.020434220281854272,0.023597515950415256
8/4/2009,-805.7180000000001,26626.7604,6.3553,160.3926,26.372,2.0507,-0.2475247524752474,-0.34850343824007746,0.7526900134143906,2.4858139315675367,-0.003024345985180643,0.15499496343012287,0.0849103175909165,0.040351827921130345,0.0185719464441735,0.02295450518546375
8/5/2009,-805.7180000000001,26626.7604,6.3553,160.3926,25.904,2.0507,-0.2451994521984907,-0.3396369358081529,0.7393327054256928,2.441700443020077,-0.01774609434248442,0.14300842783391432,0.06303348653972418,0.040351827921130345,0.019102403520256692,0.023082400336110954
8/6/2009,-805.7180000000001,26626.7604,6.3553,160.3926,25.305,2.0507,-0.23990748528174943,-0.32193920461372105,0.7222364928504152,2.3852389480629648,-0.023123841877702334,0.12097988836714801,0.04960803019619231,0.040351827921130345,0.020064454167920416,0.023239091260428658
8/7/2009,-805.7180000000001,26626.7604,6.3553,160.3926,25.176,2.0507,-0.24491632175634337,-0.30322116249775055,0.7185546707766075,2.3730794608351395,-0.005097806757557888,0.08367768595041314,0.08883314592163294,0.040351827921130345,0.019440756573076298,0.022625656833885063
8/10/2009,-805.7180000000001,26626.7604,6.3553,160.3926,24.927,2.0507,-0.269217238346526,-0.31336851363236584,0.7114478979364671,2.349608822697709,-0.009890371782650065,0.06430126809273728,0.10668620138518903,0.040351827921130345,0.019646602679625123,0.022401329291232907
8/11/2009,-805.7180000000001,26626.7604,6.3553,160.3926,24.986,2.0507,-0.27740181618370063,-0.31285788651743884,0.7131318320632475,2.3551701385615984,0.0023669113812332387,0.051599326599326645,0.1029885666357655,0.040351827921130345,0.019474782357501122,0.022395958675148413
8/12/2009,-805.7180000000001,26626.7604,6.3553,160.3926,25.116,2.0507,-0.2569230769230769,-0.2902662721893491,0.7168421953934412,2.367423885380337,0.00520291363163361,0.046979865771812124,0.1346735938558843,0.040351827921130345,0.019418384639971933,0.02217542669367727
8/13/2009,-805.7180000000001,26626.7604,6.3553,160.3926,25.016,2.0507,-0.2655314151497359,-0.2672636523781563,0.7139880697548305,2.3579979262889994,-0.003981525720656243,0.0023640661938535423,0.04455300847634547,0.02642823231523983,0.01738610117781345,0.019698175008346603
8/14/2009,-805.7180000000001,26626.7604,6.3553,160.3926,24.756999999999998,2.0507,-0.2688422917897224,-0.2541051388068517,0.7065958843508291,2.333584692242435,-0.010353373840741975,-0.01975768134304734,0.032445056090746105,0.02642823231523983,0.017316122929281745,0.019748862734059187
8/17/2009,-805.7180000000001,26626.7604,6.3553,160.3926,23.91,2.0507,-0.3175785598082027,-0.27859120358478173,0.6865363080368679,2.253746818738806,-0.034212545946600836,-0.05404336129134357,0.007585335018963413,0.02642823231523983,0.01877777436070652,0.020187835722331432
8/18/2009,-805.7180000000001,26626.7604,6.3553,160.3926,24.219,2.0507,-0.30459126539753634,-0.2550607287449391,0.6954087346024637,2.2828730323310396,0.012923462986198286,-0.06648936170212771,0.029675609030228367,0.02517261787334779,0.017951600617592305,0.020214999011484283
8/19/2009,-805.7180000000001,26626.7604,6.3553,160.3926,24.656999999999996,2.0507,-0.292014816090964,-0.25164383954977454,0.7085752054715787,2.3241587331510973,0.018084974606713544,-0.05394620726700705,0.05367291996068535,0.02517261787334779,0.018475193584207104,0.020319120848107823
8/20/2009,-805.7180000000001,26626.7604,6.3553,160.3926,25.086,2.0507,-0.2790964997988391,-0.24613483533536418,0.74,2.3645960976529357,0.017398710305390086,-0.04372355430183361,0.07200546985171563,0.02517261787334779,0.01888779788025369,0.020422828797218462
8/21/2009,-805.7180000000001,26626.7604,6.3553,160.3926,24.568,2.0507,-0.2752802359882005,-0.20852507374631268,0.7473610561859276,2.3157696295598074,-0.020648967551622266,-0.08434273787782787,-0.0076342044674232445,0.02517261787334779,0.018414653120087977,0.01927560805267209
8/24/2009,-805.7180000000001,26626.7604,6.3553,160.3926,24.478,2.0507,-0.25537675295835494,-0.1910686581693184,0.758890094558983,2.3072862663776035,-0.003663301856072887,-0.07949759326113104,-0.012864459410412366,0.02517261787334779,0.01838063513756062,0.01928021678135623
8/25/2009,-805.7180000000001,26626.7604,6.3553,160.3926,24.488000000000003,2.0507,-0.2358484678274979,-0.1695687449291644,0.7592001240117812,2.3082288622867377,0.0004085301086691473,-0.07981361791672914,-0.04062683643486764,0.02517261787334779,0.018376557615315002,0.01891011039135065
8/26/2009,-805.7180000000001,26626.7604,6.3553,160.3926,24.598000000000003,2.0507,-0.23596831806181073,-0.1706476160894549,0.7626104479925593,2.318597417287209,0.0044919960797125125,-0.07876109509007145,-0.03518336928809562,0.02517261787334779,0.018400526471705227,0.01892023506967681
8/27/2009,-805.7180000000001,26626.7604,6.3553,160.3926,24.568,2.0507,-0.21099621041813865,-0.18604277731389307,0.7616803596341652,2.3157696295598074,-0.001219611350516403,-0.03065693430656924,-0.035224818378166045,0.02517261787334779,0.014911932516910543,0.01892026455394069
8/28/2009,-805.7180000000001,26626.7604,6.3553,160.3926,24.986,2.0507,-0.22536040923887768,-0.19445047279491556,0.7970524435370677,2.3551701385615984,0.017014001953761015,-0.03837124273563486,-0.002793742017879852,0.018084974606713544,0.014278514909963253,0.01893735301611142
8/31/2009,-805.7180000000001,26626.7604,6.3553,160.3926,24.039,2.0507,-0.23315682021181572,-0.17018629577644506,0.7754766282783315,2.265906305966632,-0.03790122468582402,-0.07588513435589894,-0.013501313197636255,0.018084974606713544,0.016282323503891985,0.019226249748251524
9/1/2009,-805.7180000000001,26626.7604,6.3553,160.3926,23.401,2.0507,-0.24510468079615477,-0.14668215103713034,0.7712666029465081,2.205768686963898,-0.02654020549939684,-0.11534099500982908,-0.030974367468632247,0.018084974606713544,0.01630559896637748,0.019483563797120965
9/2/2009,-805.7180000000001,26626.7604,6.3553,160.3926,23.361,2.0507,-0.20898655741035455,-0.10703281075407178,0.7699482548366897,2.2019983033273633,-0.0017093286611682412,-0.11417412407098437,-0.03622261644457281,0.018084974606713544,0.01631887183529352,0.01947742562877114
9/3/2009,-805.7180000000001,26626.7604,6.3553,160.3926,24.069000000000003,2.0507,-0.16036419451615147,-0.09635107793204489,0.7932830163804754,2.2687340936940332,0.030306921792731645,-0.07083848054354525,0.009182389937107072,0.030306921792731645,0.017833486737333114,0.019750338527054635
9/4/2009,-805.7180000000001,26626.7604,6.3553,160.3926,24.468000000000004,2.0507,-0.08704899070930172,-0.055818812730868195,0.806433538775914,2.30634367046847,0.016577340147077235,-0.03307646710136325,0.022482239866276732,0.030306921792731645,0.017735448364457132,0.019852908913880744
9/7/2009,-805.7180000000001,26626.7604,6.3553,160.3926,24.468000000000004,2.0507,-0.10957458422795574,-0.08380945449252164,0.806433538775914,2.30634367046847,0.0,-0.02812202097235439,0.05053454123910539,0.030306921792731645,0.017717896929781637,0.019544387258971875
9/8/2009,-805.7180000000001,26626.7604,6.3553,160.3926,24.936999999999998,2.0507,-0.17810882963646557,-0.17843841666392002,0.8687336700923184,2.350551418606843,0.01916789275788755,0.00040117142054785226,0.056204997882253194,0.030306921792731645,0.018135597119798827,0.01961387963502604
9/9/2009,-805.7180000000001,26626.7604,6.3553,160.3926,24.956999999999997,2.0507,-0.13056958717993383,-0.12955931022469946,0.9036170752018537,2.35243661042511,0.0008020210931547478,-0.0011606499639800205,0.040351827921130345,0.030306921792731645,0.018129362196213382,0.019519721747596048
9/10/2009,-805.7180000000001,26626.7604,6.3553,160.3926,25.515,2.0507,-0.0761794416886925,-0.09062601832072126,0.9251604481670836,2.405033462154774,0.02235845654525792,0.015886287625417994,0.0912706898763953,0.030306921792731645,0.018746706654658066,0.019413478031412742
9/11/2009,-805.7180000000001,26626.7604,6.3553,160.3926,26.362,2.0507,-0.013435125930915781,-0.06380749223457216,0.9558722216178976,2.4848713356584025,0.03319615912208507,0.05380556443875917,0.14957264957264949,0.03319615912208507,0.0199759148166446,0.0196302456844975
9/14/2009,-805.7180000000001,26626.7604,6.3553,160.3926,25.674,2.0507,-0.039182665319411725,-0.07350024325436932,0.9309257043402589,2.4200207371100007,-0.026098171610651644,0.03704002908268378,0.13285972730882945,0.03319615912208507,0.020769636307597428,0.019879003385229153
9/15/2009,-805.7180000000001,26626.7604,6.3553,160.3926,26.322,2.0507,-0.04557815729359305,-0.13303600565647777,0.9777497121206493,2.4811009520218676,0.025239541949053423,0.10087829360100375,0.15078914003410127,0.03319615912208507,0.019615201177228554,0.020071809715936598
9/16/2009,-805.7180000000001,26626.7604,6.3553,160.3926,27.15,2.0507,0.1441213653603033,0.020606826801517153,1.0,2.5591478932981424,0.03145657624800546,0.12102068623807738,0.17471443406022846,0.03319615912208507,0.020401503422492823,0.020379312144616094
9/17/2009,-805.7180000000001,26626.7604,6.3553,160.3926,27.25,2.0507,0.05644723579126931,-0.04408001860897903,1.0,2.56857385238948,0.0036832412523020164,0.10516283408362748,0.22011283245276259,0.03319615912208507,0.020203822538593007,0.019838643775119326
9/18/2009,-805.7180000000001,26626.7604,6.3553,160.3926,27.629,2.0507,0.11241293231871818,0.010025365382292595,1.0,2.60429823734565,0.013908256880734049,0.10137128278721219,0.21858598332818757,0.03319615912208507,0.020110584172431802,0.019827075972630944
9/21/2009,-805.7180000000001,26626.7604,6.3553,160.3926,27.888,2.0507,0.3149754809505847,0.1584307808374199,1.0,2.6287114713922137,0.009374208259437466,0.1351351351351351,0.17571669477234408,0.03319615912208507,0.019260030925134272,0.019072253178596604
9/22/2009,-805.7180000000001,26626.7604,6.3553,160.3926,27.848000000000003,2.0507,0.3644292013718766,0.199314061734444,0.9985656913367758,2.624941087755679,-0.0014343086632242485,0.137674646621456,0.14794509254297372,0.03319615912208507,0.01920885016480048,0.018906382098044218
9/23/2009,-805.7180000000001,26626.7604,6.3553,160.3926,27.12,2.0507,0.4977632959628875,0.35240514718064864,0.9724612736660929,2.5563201055707414,-0.026141913243320936,0.10748121528912113,0.0910407531077766,0.03319615912208507,0.020452111165218854,0.01902351427668946
9/24/2009,-805.7180000000001,26626.7604,6.3553,160.3926,26.671,2.0507,0.6231134371957154,0.49695715676728325,0.9563611589213998,2.513997549250636,-0.016556047197640145,0.0842751443206764,0.07470685417254308,0.03319615912208507,0.020990660588007734,0.019156452263894966
9/25/2009,-805.7180000000001,26626.7604,6.3553,160.3926,27.02,2.0507,0.6842236489434645,0.5313844044131399,0.9688755020080321,2.5468941464794037,0.013085373626785746,0.0998046239010093,0.10429949321562848,0.03319615912208507,0.021042445665865758,0.019109998840879182
9/28/2009,-805.7180000000001,26626.7604,6.3553,160.3926,27.419,2.0507,1.0614239530862344,0.8785053755356742,0.9831827309236948,2.5845037232538406,0.014766839378238306,0.09737452973665262,0.12659216040759302,0.03319615912208507,0.020982599407052008,0.01915758006857496
9/29/2009,-805.7180000000001,26626.7604,6.3553,160.3926,27.389,2.0507,0.90625,0.6730929844097997,0.9821069994262764,2.581675935526439,-0.0010941318064116023,0.1393568784059236,0.16005929690808984,0.03319615912208507,0.018659642669704064,0.018720557242439956
9/30/2009,-805.7180000000001,26626.7604,6.3553,160.3926,26.951,2.0507,0.4706428025755758,0.2769289533995416,0.9664013195639701,2.540390234706381,-0.01599182153419254,0.1517029186786889,0.14150783566285474,0.03319615912208507,0.017853199773390588,0.01886332697491265
10/1/2009,-805.7180000000001,26626.7604,6.3553,160.3926,26.253,2.0507,0.4435829759155394,0.2845595513032002,0.9413726333907056,2.474597040248845,-0.02589885347482468,0.12379607037369977,0.14978320851399274,0.03319615912208507,0.019168344926541094,0.01867209403508408
10/2/2009,-805.7180000000001,26626.7604,6.3553,160.3926,25.864,2.0507,0.6427845528455283,0.5287728658536586,0.927423981640849,2.437930059383542,-0.014817354207138256,0.07457725705264018,0.14124343643824733,0.03319615912208507,0.018803375204683895,0.018757629522392967
10/5/2009,-805.7180000000001,26626.7604,6.3553,160.3926,26.851,2.0507,0.6203608714018467,0.4765554281576252,0.9628155479059093,2.5309642756150432,0.03816115063408598,0.09739251266960913,0.1894657570656506,0.03816115063408598,0.02009384311624925,0.019275595199776303
10/6/2009,-805.7180000000001,26626.7604,6.3553,160.3926,27.609,2.0507,0.524769426188767,0.3513006019771361,0.9899956970740104,2.602413045527382,0.028229861085248276,0.1283717508582638,0.18840392561983488,0.03816115063408598,0.02070384918546148,0.01925578571174332
10/7/2009,-805.7180000000001,26626.7604,6.3553,160.3926,27.569000000000003,2.0507,0.46604626429141205,0.326083488433927,0.988561388410786,2.5986426618908474,-0.0014488029265818936,0.10554597585916525,0.17710601596857534,0.03816115063408598,0.020534914496076643,0.01925182940950799
10/8/2009,-805.7180000000001,26626.7604,6.3553,160.3926,27.619,2.0507,0.5178610683666742,0.371565179160255,0.9903542742398164,2.6033556414365155,0.0018136312524936749,0.10666346115318359,0.16241582491582474,0.03816115063408598,0.020525784544627876,0.01919372227809246
10/9/2009,-805.7180000000001,26626.7604,6.3553,160.3926,28.096999999999998,2.0507,0.5629415364076318,0.4193135673360404,1.0,2.648411725893109,0.01730692639125242,0.10119537526944922,0.1712451540289297,0.03816115063408598,0.020341419424106853,0.019263440826196455
10/12/2009,-805.7180000000001,26626.7604,6.3553,160.3926,28.416,2.0507,0.6715294117647059,0.5507058823529412,1.0,2.678480535394476,0.011353525287397304,0.07791518094226557,0.13859838922947487,0.03816115063408598,0.019351008478413766,0.018686965665870078
10/13/2009,-805.7180000000001,26626.7604,6.3553,160.3926,28.337,2.0507,0.8044447274579725,0.6348700967906264,0.9972198761261261,2.6710340277123192,-0.002780123873873941,0.10372361143569364,0.12199081406398471,0.03816115063408598,0.018186175676082113,0.01865531141786205
10/14/2009,-805.7180000000001,26626.7604,6.3553,160.3926,29.354,2.0507,0.8763743288161594,0.6825620046024035,1.0,2.766896031671222,0.035889473127006966,0.11518881543955617,0.16133881943345463,0.03816115063408598,0.018916504943607807,0.019136488166134367
10/15/2009,-805.7180000000001,26626.7604,6.3553,160.3926,31.258000000000003,2.0507,0.8132142235628517,0.5749173385927255,1.0,2.946366292770289,0.06486339170130151,0.15130755064456736,0.20482577860006157,0.06486339170130151,0.022318366085892372,0.020475582820429855
10/16/2009,-805.7180000000001,26626.7604,6.3553,160.3926,31.049,2.0507,0.6135218001351141,0.4160993608065271,0.9933137116898073,2.9266660382693934,-0.0066862883101926895,0.1394128440366973,0.19130568238499013,0.06486339170130151,0.022508514072736897,0.020512207484514884
10/19/2009,-805.7180000000001,26626.7604,6.3553,160.3926,31.378,2.0507,0.5373836354728074,0.3536991670749634,1.0,2.957677443679894,0.0105961544655222,0.13569075970900135,0.1961270155910495,0.06486339170130151,0.022465361810513045,0.020529939003426353
10/20/2009,-805.7180000000001,26626.7604,6.3553,160.3926,30.989,2.0507,0.480743501529052,0.3325688073394495,0.9876027790171458,2.921010462814591,-0.012397220982854229,0.1111947791164658,0.15496999739107764,0.06486339170130151,0.02281667909265893,0.02046277969113081
10/21/2009,-805.7180000000001,26626.7604,6.3553,160.3926,30.381,2.0507,0.45308016070403667,0.33193036158408273,0.9682261457071833,2.863700631539259,-0.019619865113427393,0.0909580580293019,0.14248646209386284,0.06486339170130151,0.02342123510721457,0.020603083077572318
10/22/2009,-805.7180000000001,26626.7604,6.3553,160.3926,30.849,2.0507,0.4961443328968427,0.31529172122799376,0.9831410542418255,2.9078141200867185,0.015404364569961526,0.13749999999999996,0.1592138884713663,0.06486339170130151,0.022445770458990082,0.020667641883254307
10/23/2009,-805.7180000000001,26626.7604,6.3553,160.3926,30.49,2.0507,0.6010291955471538,0.4004935937828187,0.971699917139397,2.8739749269488164,-0.011637330221401121,0.14318923174984066,0.14190479757312446,0.06486339170130151,0.02221887519369014,0.020744489182271817
10/26/2009,-805.7180000000001,26626.7604,6.3553,160.3926,30.271,2.0507,0.6932930581193715,0.5114392795211726,0.9647205048122889,2.8533320765387873,-0.007182682846834987,0.12031828275351586,0.1943578615111463,0.06486339170130151,0.02236389050324424,0.019642265929210128
10/27/2009,-805.7180000000001,26626.7604,6.3553,160.3926,29.274,2.0507,0.6026497317420345,0.5010949304719152,0.9329466505194722,2.759355264398152,-0.032935813154504334,0.06765381669645132,0.1266597390601547,0.06486339170130151,0.023770867232661527,0.019946815438596208
10/28/2009,-805.7180000000001,26626.7604,6.3553,160.3926,28.765,2.0507,0.5992105409462387,0.5227108467226329,0.916725094014915,2.711377132623244,-0.01738744278199089,0.0502391471028516,0.10579325721754507,0.06486339170130151,0.024186711056058536,0.020097059985986564
10/29/2009,-805.7180000000001,26626.7604,6.3553,160.3926,29.294,2.0507,0.733372781065089,0.594733727810651,0.9335840397730895,2.7612404562164197,0.018390405006083688,0.08693554970130979,0.10743989112354457,0.06486339170130151,0.024027650242423523,0.02011628366705631
10/30/2009,-805.7180000000001,26626.7604,6.3553,160.3926,28.127,2.0507,0.9535352132240589,0.8233782469787472,0.8963923768245267,2.6512395136205105,-0.03983750938758801,0.07138231821125207,0.06654785378431671,0.06486339170130151,0.02507191581650776,0.02078287283163533
11/2/2009,-805.7180000000001,26626.7604,6.3553,160.3926,27.878,2.0507,0.7673386585520476,0.6396602003296563,0.8884568806169928,2.62776887548308,-0.008852703807729179,0.07786885245901631,0.07620444718962327,0.06486339170130151,0.024886119289039485,0.020681826449841147
11/3/2009,-805.7180000000001,26626.7604,6.3553,160.3926,28.885,2.0507,0.8690953798369354,0.7374789698459945,0.9205494295366181,2.722688283532849,0.03612167300380231,0.07575136866410936,0.14147401699268936,0.06486339170130151,0.024749204805632294,0.020895696151998967
11/4/2009,-805.7180000000001,26626.7604,6.3553,160.3926,28.516,2.0507,0.9233778497234588,0.8622015378389318,0.9087895978073809,2.6879064944858135,-0.012774796607235683,0.032851606360244645,0.13266603114076903,0.06486339170130151,0.02433718734378797,0.0209619102894667
11/5/2009,-805.7180000000001,26626.7604,6.3553,160.3926,29.413,2.0507,1.0818941109852775,0.9513731596828994,0.9373765058321116,2.772457347535111,0.031456024687894546,0.0668867205919692,0.179965499257833,0.06486339170130151,0.02516156801740207,0.021223072005775005
11/6/2009,-805.7180000000001,26626.7604,6.3553,160.3926,29.842,2.0507,1.4293389775317484,1.248371865841745,0.9510485053222002,2.812894712036949,0.014585387413728501,0.08048806980701695,0.19434883534779468,0.06486339170130151,0.025275758356489424,0.021274345618981436
11/9/2009,-805.7180000000001,26626.7604,6.3553,160.3926,31.039,2.0507,1.9257234423602596,1.648411725893109,0.9891962521511888,2.8825222882615162,0.04011125259701109,0.10470868776025921,0.23582576843446423,0.06486339170130151,0.02634362740026399,0.021780055664498664
11/10/2009,-805.7180000000001,26626.7604,6.3553,160.3926,31.088,2.0507,1.8870728083209514,1.6389301634472515,0.9907578558225508,2.47456817639099,0.0015786591062856292,0.09403153153153165,0.24272465622001937,0.06486339170130151,0.026313576665704146,0.021760099631544714
11/11/2009,-805.7180000000001,26626.7604,6.3553,160.3926,32.036,2.0507,1.5500278595876784,1.255591817241105,1.0,2.3854058078927776,0.03049408131755027,0.13053604827610554,0.2940178535363738,0.06486339170130151,0.02684253572509234,0.021942784271128724
11/12/2009,-805.7180000000001,26626.7604,6.3553,160.3926,30.869,2.0507,1.298510796723753,1.185703648548027,0.9635722312398551,2.284900074019245,-0.03642776876014486,0.05161136472031069,0.2910497699707235,0.06486339170130151,0.027474457107998014,0.02200723212846598
11/13/2009,-805.7180000000001,26626.7604,6.3553,160.3926,31.268,2.0507,1.1304081215507256,1.129726783402603,0.9760269696591335,2.314433752775722,0.012925588778386121,0.00031991810096609896,0.2910524794582765,0.04011125259701109,0.02367961659823582,0.022007245564913208
11/16/2009,-805.7180000000001,26626.7604,6.3553,160.3926,31.896,2.0507,1.1731961572528449,1.1154868161068339,0.9956299163441129,2.360917838638046,0.02008443136753235,0.027279461496344526,0.29358802774060133,0.04011125259701109,0.024004094806756294,0.02202887666476526
11/17/2009,-805.7180000000001,26626.7604,6.3553,160.3926,32.494,2.0507,1.0638973577235769,0.9930132113821137,1.0,2.405181347150259,0.018748432405317317,0.03556632035183882,0.29530415371123353,0.04011125259701109,0.024222517704859815,0.02204244176801299
11/18/2009,-805.7180000000001,26626.7604,6.3553,160.3926,31.936,2.0507,1.3638786084381938,1.293782383419689,0.982827598941343,2.2977192603784444,-0.017172401058657027,0.03055923069476263,0.29990231195050465,0.04011125259701109,0.0243857521507338,0.02198311018206327
11/19/2009,-805.7180000000001,26626.7604,6.3553,160.3926,31.607,2.0507,1.2740484926973163,1.1858407079646018,0.9727026527974395,2.2545830658392183,-0.010301853707414876,0.04035416872387354,0.29124111447013634,0.04011125259701109,0.02406069549223242,0.022038267745360274
11/20/2009,-805.7180000000001,26626.7604,6.3553,160.3926,31.636999999999997,2.0507,1.2095963123341247,1.154560692834195,0.9736259001661844,2.256723018760254,0.0009491568323471977,0.02554377775616712,0.2919389088533155,0.04011125259701109,0.02386889760035278,0.022036831938609246
11/23/2009,-805.7180000000001,26626.7604,6.3553,160.3926,31.557,2.0507,1.2510164776374917,1.174905485412654,0.9711639071828645,2.100159723146546,-0.0025286847678350766,0.0349950803542145,0.282909179608098,0.04011125259701109,0.023700913266164494,0.022053651508407986
11/24/2009,-805.7180000000001,26626.7604,6.3553,160.3926,31.138,2.0507,0.9980749486652978,0.9424409650924024,0.9582692189327261,2.0722747238120593,-0.013277561238393965,0.028641273826434555,0.26742103549332463,0.04011125259701109,0.02385460475376191,0.0221535458837134
11/25/2009,-805.7180000000001,26626.7604,6.3553,160.3926,31.298000000000002,2.0507,0.8819072815825868,0.7602068426432567,0.9631932048993661,2.082922933581792,0.005138416083242392,0.06913985106237619,0.2526214680220924,0.04011125259701109,0.022505939928869057,0.02209154059883252
11/26/2009,-805.7180000000001,26626.7604,6.3553,160.3926,31.298000000000002,2.0507,0.9545369387372764,0.796352963217386,0.9631932048993661,2.082922933581792,0.0,0.08805840431079437,0.30196763592495524,0.04011125259701109,0.022016313521564763,0.02144359940607889
11/27/2009,-805.7180000000001,26626.7604,6.3553,160.3926,31.537,2.0507,0.8705219454329776,0.7374851720047451,0.9705484089370345,2.0988286969253296,0.007636270688222702,0.07656858059670912,0.3476774496816375,0.04011125259701109,0.021795107128220546,0.021076840189794964
11/30/2009,-805.7180000000001,26626.7604,6.3553,160.3926,31.945999999999998,2.0507,0.9850866836512768,0.7477785372522214,0.983135348064258,2.1260481831492077,0.012968893680438853,0.13577701141252185,0.36749282993022536,0.04011125259701109,0.019433652127525496,0.021083002341996126
12/1/2009,-805.7180000000001,26626.7604,6.3553,160.3926,32.524,2.0507,1.002462750892747,0.7164142347001601,1.0,2.1645148409423665,0.01809303199148582,0.16665470980701635,0.3512817316880634,0.04011125259701109,0.019274831036914467,0.02090377776428348
12/2/2009,-805.7180000000001,26626.7604,6.3553,160.3926,32.863,2.0507,1.1500163559044814,0.8897612037945699,1.0,2.1870757353919874,0.01042307219284222,0.1377185390341007,0.3431011933954551,0.04011125259701109,0.01815282460764811,0.020863160500968737
12/3/2009,-805.7180000000001,26626.7604,6.3553,160.3926,32.444,2.0507,0.9975372491072529,0.7556951114394777,0.9872500988954144,2.1591907360575004,-0.012749901104585626,0.1377472296254736,0.32597678600621216,0.04011125259701109,0.018151516039237883,0.020973067809852572
12/4/2009,-805.7180000000001,26626.7604,6.3553,160.3926,32.773,2.0507,0.9920374422562606,0.7878069535618768,0.997261357757965,2.181086117396513,0.010140549870546245,0.11423520212151095,0.3142318642980313,0.04011125259701109,0.01724923383702852,0.020903374368934524
12/7/2009,-805.7180000000001,26626.7604,6.3553,160.3926,32.454,2.0507,0.9549424733449794,0.7976025540630083,0.9875543924778627,2.159856249168109,-0.009733622188997093,0.08752764560016102,0.3003966822935451,0.04011125259701109,0.017410666118055813,0.020975945049408685
12/8/2009,-805.7180000000001,26626.7604,6.3553,160.3926,31.855999999999998,2.0507,0.9637529281223027,0.9133892245099247,0.9693576362474515,2.1200585651537334,-0.01842607999014001,0.026321724282354353,0.24852047815010758,0.03049408131755027,0.015993190334498884,0.021041800839752788
12/9/2009,-805.7180000000001,26626.7604,6.3553,160.3926,31.785999999999998,2.0507,1.0822797248607925,1.036554208974779,0.967227581170313,2.1153999733794753,-0.00219738824711202,0.022452393206381815,0.20575070176769583,0.03049408131755027,0.016011826782371636,0.020712731249680993
12/10/2009,-805.7180000000001,26626.7604,6.3553,160.3926,32.694,2.0507,1.1558852621167164,1.1124958786679855,0.994857438456623,2.1758285638227077,0.028566035361480058,0.02053939318266962,0.2734283711147465,0.028566035361480058,0.015839942730316928,0.020611007049821932
12/11/2009,-805.7180000000001,26626.7604,6.3553,160.3926,32.803000000000004,2.0507,1.150311373320223,1.0235332677810551,0.9981742385053101,2.1830826567283377,0.0033339450663731895,0.06265185137192675,0.24621989210546325,0.028566035361480058,0.013304813875312496,0.020431796562441686
12/14/2009,-805.7180000000001,26626.7604,6.3553,160.3926,33.003,2.0507,1.1634218289085543,1.0496886266797771,1.0,2.196392918940503,0.006097003322866668,0.05548803888959952,0.2155801104972377,0.028566035361480058,0.01313196137696871,0.02012370010619462
12/15/2009,-805.7180000000001,26626.7604,6.3553,160.3926,32.953,2.0507,1.1601442150114716,1.0908554572271387,0.9984849862133747,2.193065353387462,-0.00151501378662533,0.033138951592676325,0.20928440366972478,0.028566035361480058,0.012530825429346595,0.0201327642324497
12/16/2009,-805.7180000000001,26626.7604,6.3553,160.3926,33.412,2.0507,1.2236124051643817,1.1625183016105418,1.0,2.149511065362841,0.013928929080812003,0.028251369483596855,0.20930905932172705,0.028566035361480058,0.012242408396414092,0.020132941428762877
12/17/2009,-805.7180000000001,26626.7604,6.3553,160.3926,33.580999999999996,2.0507,1.16038342768914,1.0545548121461659,1.0,2.0637291052114057,0.005058062971387445,0.05150926853707394,0.20413798049340204,0.028566035361480058,0.011494570841872307,0.020118997705463725
12/18/2009,-805.7180000000001,26626.7604,6.3553,160.3926,33.99,2.0507,1.0888643067846608,0.942416420845624,1.0,2.088864306784661,0.012179506268425788,0.07539469104945118,0.22055443837977595,0.028566035361480058,0.01129194698181604,0.020142054861994302
12/21/2009,-805.7180000000001,26626.7604,6.3553,160.3926,34.528,2.0507,1.1219272369714846,0.9442600786627331,1.0,2.0334511189634865,0.015828184760223518,0.09138034579764209,0.27315634218289087,0.028566035361480058,0.01158505085701174,0.01984216300739577
12/22/2009,-805.7180000000001,26626.7604,6.3553,160.3926,35.396,2.0507,1.0068034924594627,0.7891484295271574,1.0,2.084570082449941,0.02513901760889725,0.12165288208638336,0.3271343406696412,0.028566035361480058,0.012326740505685089,0.01983970829056996
12/23/2009,-805.7180000000001,26626.7604,6.3553,160.3926,34.588,2.0507,0.9008573312816006,0.7112552209276768,0.9771725618713979,2.03698468786808,-0.022827438128602107,0.11079709679491301,0.2800888230940044,0.028566035361480058,0.013201332677442643,0.02010884534192678
12/24/2009,-805.7180000000001,26626.7604,6.3553,160.3926,35.016999999999996,2.0507,0.803791273888631,0.6122186163910781,0.9892925754322521,2.0622497055359243,0.01240314559962985,0.11882548405648907,0.2771071155038476,0.028566035361480058,0.013297251236390518,0.02009086623926427
12/25/2009,-805.7180000000001,26626.7604,6.3553,160.3926,35.016999999999996,2.0507,0.8572716664898694,0.6600190940914397,0.9892925754322521,2.0622497055359243,0.0,0.11882548405648907,0.2785059695498191,0.028566035361480058,0.013297251236390518,0.020086787530895277
12/28/2009,-805.7180000000001,26626.7604,6.3553,160.3926,34.857,2.0507,0.8011161060300731,0.6295664754818375,0.9847722906543112,2.052826855123675,-0.0045692092412256136,0.10527317119573842,0.2933471856331862,0.028566035361480058,0.013462406808373073,0.019953574049664944
12/29/2009,-805.7180000000001,26626.7604,6.3553,160.3926,34.449,2.0507,0.8575896468050686,0.722620652466972,0.9732455644705615,2.028798586572438,-0.011704966003959094,0.07835096725724666,0.31219289224088675,0.028566035361480058,0.01379233688202296,0.019685587837033534
12/30/2009,-805.7180000000001,26626.7604,6.3553,160.3926,34.219,2.0507,0.9291351899875975,0.8335776299470066,0.9667476551022715,2.0152532391048292,-0.006676536329066063,0.0521153609642111,0.3230358799876276,0.028566035361480058,0.013556029133150953,0.019583117630385182
12/31/2009,-805.7180000000001,26626.7604,6.3553,160.3926,34.06,2.0507,0.8841621950544891,0.8179454555512529,0.9622556221041926,2.005889281507656,-0.004646541395131321,0.03642394181906705,0.26848162079624616,0.028566035361480058,0.013514965213946545,0.0191388941527169
1/1/2010,-805.7180000000001,26626.7604,6.3553,160.3926,34.06,2.0507,0.9746072236071655,0.8809206330801784,0.9622556221041926,2.005889281507656,0.0,0.04980890149180128,0.23365569198449787,0.028566035361480058,0.013109337056151749,0.018890384631068746
1/4/2010,-805.7180000000001,26626.7604,6.3553,160.3926,35.067,2.0507,1.0040576065836095,0.8729569093610698,0.9907051644253588,2.0651943462897524,0.029565472695243677,0.0699966435785555,0.27197214262396163,0.029565472695243677,0.014312956790253295,0.019161176633297406
1/5/2010,-805.7180000000001,26626.7604,6.3553,160.3926,35.904,2.0507,0.9517286366601436,0.764187866927593,1.0,2.114487632508834,0.023868594404996335,0.10630430763542242,0.2999746551287159,0.029565472695243677,0.014654404093736431,0.019321296473688153
1/6/2010,-805.7180000000001,26626.7604,6.3553,160.3926,35.834,2.0507,0.947923461622092,0.7316808001739508,0.9980503565062389,2.110365135453475,-0.001949643493761144,0.1248744349573081,0.2753674769548353,0.029565472695243677,0.013755223564656928,0.01926533506316756
1/7/2010,-805.7180000000001,26626.7604,6.3553,160.3926,36.343,2.0507,1.1403415783274444,0.871967020023557,1.0,2.028408773790255,0.014204386895127596,0.1433650034606433,0.2789625563063065,0.029565472695243677,0.013749519962004934,0.019286104741004638
1/8/2010,-805.7180000000001,26626.7604,6.3553,160.3926,36.383,2.0507,0.962934987860804,0.7639061235500406,1.0,2.0306412903945974,0.0011006246044629187,0.11283415917293693,0.28393972544729507,0.029565472695243677,0.012819399682016168,0.019269982934374333
1/11/2010,-805.7180000000001,26626.7604,6.3553,160.3926,36.632,2.0507,0.9235454736399915,0.7224847721067005,1.0,2.0445387062566276,0.006843855646867958,0.11672712861628498,0.24793895210192818,0.029565472695243677,0.012816983802138133,0.01884120581298308
1/12/2010,-805.7180000000001,26626.7604,6.3553,160.3926,35.226,2.0507,0.8903139254091761,0.7710222699221894,0.9616182572614108,1.9660657476139975,-0.038381742738589186,0.06735751295336789,0.12694350246336916,0.029565472695243677,0.015973580743566508,0.017901705701235802
1/13/2010,-805.7180000000001,26626.7604,6.3553,160.3926,36.173,2.0507,0.9044435084763611,0.7349162893545331,0.9874699716095219,2.0189205782218003,0.02688355192187597,0.0977149273207294,0.16502946954813358,0.029565472695243677,0.01673563071788144,0.018135359789083334
1/14/2010,-805.7180000000001,26626.7604,6.3553,160.3926,36.303000000000004,2.0507,0.8992884796484253,0.7480380872658783,0.9910187813933174,2.026176257185913,0.0035938407099218583,0.08652579911409086,0.1569571037032318,0.029565472695243677,0.01659845860480651,0.018106932383563114
1/15/2010,-805.7180000000001,26626.7604,6.3553,160.3926,36.542,2.0507,0.7526979711257136,0.6106767710681564,0.9975431316881416,2.0395155438968575,0.006583477949480665,0.0881748607843722,0.17919261673497044,0.029565472695243677,0.016606238018915424,0.018013093500835405
1/18/2010,-805.7180000000001,26626.7604,6.3553,160.3926,36.542,2.0507,0.7886441507586883,0.6637298091042585,0.9975431316881416,2.0395155438968575,0.0,0.07508090614886731,0.20279121819558288,0.029565472695243677,0.016524772473334504,0.017787779668946756
1/19/2010,-805.7180000000001,26626.7604,6.3553,160.3926,36.611999999999995,2.0507,0.8451768974901721,0.7401471625844169,0.9994540292640314,2.0434224479544563,0.0019156039625634058,0.060356811862835924,0.1868131868131866,0.029565472695243677,0.016286498399663583,0.01771822051990617
1/20/2010,-805.7180000000001,26626.7604,6.3553,160.3926,36.203,2.0507,0.8028484637219264,0.7626612220506948,0.9882889277134747,2.0205949656750573,-0.01117120069922406,0.022799186348740008,0.1873729091505414,0.029565472695243677,0.0157276563505639,0.017712158115682657
1/21/2010,-805.7180000000001,26626.7604,6.3553,160.3926,36.024,2.0507,0.7684830633284241,0.697987236131566,0.9834024896265561,2.0106044538706254,-0.004944341629146809,0.041517289233260035,0.1900498827260415,0.029565472695243677,0.014820037735873494,0.017693874380195516
1/22/2010,-805.7180000000001,26626.7604,6.3553,160.3926,34.399,2.0507,0.7362709469008681,0.7674641631334542,0.9390423673291113,1.919908466819222,-0.04510881634465913,-0.01764857069423409,0.17507002801120453,0.029565472695243677,0.017820226921875584,0.01815227218633299
1/25/2010,-805.7180000000001,26626.7604,6.3553,160.3926,34.588,2.0507,0.7155895044888649,0.7368682109022371,0.944201790784014,1.930457107774739,0.005494345765865383,-0.012251192278036283,0.20243351294976542,0.029565472695243677,0.017871200956692437,0.017971341144494318
1/26/2010,-805.7180000000001,26626.7604,6.3553,160.3926,34.149,2.0507,0.5959713978595131,0.6290601486189653,0.9322177331295043,1.9059552380420828,-0.012692263212674915,-0.020311558653928863,0.16573359732368398,0.029565472695243677,0.018052189416830663,0.017971174824560676
1/27/2010,-805.7180000000001,26626.7604,6.3553,160.3926,34.469,2.0507,0.603433037167977,0.6025026747918314,0.9409532649050012,1.9238153708768209,0.009370698995578186,0.0005805683764406044,0.2254772993920433,0.029565472695243677,0.01800257165579524,0.01714761830511079
1/28/2010,-805.7180000000001,26626.7604,6.3553,160.3926,33.591,2.0507,0.6571780957079429,0.6881598421312285,0.9169851495959818,1.8748116314115084,-0.025472163393193914,-0.018352377334229564,0.20492861754788727,0.029565472695243677,0.018809813669835505,0.017463728089611955
1/29/2010,-805.7180000000001,26626.7604,6.3553,160.3926,32.993,2.0507,0.642178089691902,0.6952864466676625,0.9006606245905221,1.841435508176592,-0.01780238754428265,-0.03132706987668821,0.1422191448848884,0.029565472695243677,0.01916318477280005,0.01713827664339558
2/1/2010,-805.7180000000001,26626.7604,6.3553,160.3926,33.96,2.0507,0.7038783804124231,0.7088956901309522,0.9270583096746016,1.8954065970865657,0.02930924741611851,-0.0029359953024075125,0.19091036611025403,0.029565472695243677,0.020299150908911493,0.01736160262373379
2/2/2010,-805.7180000000001,26626.7604,6.3553,160.3926,33.96,2.0507,0.7013175692600573,0.7567757126396475,0.9270583096746016,1.8954065970865657,0.0,-0.03156814098725291,0.15459150715669945,0.02930924741611851,0.01914259521780843,0.016975904944628587
2/3/2010,-805.7180000000001,26626.7604,6.3553,160.3926,33.063,2.0507,0.6563799408847255,0.7987074795851914,0.902571522166412,1.845342412234191,-0.0264134275618374,-0.07912767379679142,0.10793512499162272,0.02930924741611851,0.018974406214033786,0.017285301674177307
2/4/2010,-805.7180000000001,26626.7604,6.3553,160.3926,31.726999999999997,2.0507,0.7237313919374115,0.9468651526676086,0.8661006770037125,1.7707763576491597,-0.040407706499712814,-0.11461182117542013,0.02216566255356156,0.02930924741611851,0.020580445318733476,0.01738156996652344
2/5/2010,-805.7180000000001,26626.7604,6.3553,160.3926,31.697,2.0507,0.7691019701959032,1.0284087737902552,0.8652817208997599,1.754414125200642,-0.0009455668673369333,-0.1278375478083814,0.019589552238805874,0.02930924741611851,0.020112613586144384,0.01738194714913698
2/8/2010,-805.7180000000001,26626.7604,6.3553,160.3926,32.086,2.0507,0.7759450932639618,1.0137820335418168,0.8759008517143482,1.7575591586327781,0.012272454806448563,-0.11810460929555022,0.0015607441628167074,0.02930924741611851,0.020462781855166937,0.01702195812141153
2/9/2010,-805.7180000000001,26626.7604,6.3553,160.3926,32.873000000000005,2.0507,0.7536943184849294,0.9542277940784207,0.8973848001747108,1.8006682734443473,0.02452783145297044,-0.10261519982528922,0.06491949852602952,0.02930924741611851,0.021352168915523384,0.01663626685065574
2/10/2010,-805.7180000000001,26626.7604,6.3553,160.3926,33.141999999999996,2.0507,0.8154031551270813,0.9295574057843996,0.9047281065734876,1.7339123155802028,0.00818300733124433,-0.05916084710157277,0.05993347831648954,0.02930924741611851,0.020084018207893097,0.016592731016513148
2/11/2010,-805.7180000000001,26626.7604,6.3553,160.3926,33.711,2.0507,0.7206512862392813,0.8463148223764805,0.920260974011793,1.763681071465941,0.017168547462434347,-0.06806181406021072,0.05690368698269377,0.02930924741611851,0.019470900693489585,0.016542801545568267
2/12/2010,-805.7180000000001,26626.7604,6.3553,160.3926,33.86,2.0507,0.7151251139702157,0.8388714415965963,0.9243284559947588,1.7714764047295175,0.004419922280561206,-0.06729471393548758,0.04203853019018888,0.02930924741611851,0.01948607439481556,0.01639287091973769
2/15/2010,-805.7180000000001,26626.7604,6.3553,160.3926,33.86,2.0507,0.6819830112761411,0.8152103720629875,0.9243284559947588,1.7714764047295175,0.0,-0.07339499753708068,0.060245490981963856,0.02930924741611851,0.019374640723626237,0.01623140559109684
2/16/2010,-805.7180000000001,26626.7604,6.3553,160.3926,34.229,2.0507,0.6520584970317098,0.7636951590327719,0.9344016160733785,1.7907816260332738,0.01089781453041927,-0.06329702807728099,0.08295630714715085,0.02930924741611851,0.019615907297937166,0.01621180853837645
2/17/2010,-805.7180000000001,26626.7604,6.3553,160.3926,34.229,2.0507,0.7453089944931672,0.8668162349581885,0.9344016160733785,1.7907816260332738,0.0,-0.06508794930623829,0.0819293864778583,0.02930924741611851,0.019596722524036686,0.016212671454520742
2/18/2010,-805.7180000000001,26626.7604,6.3553,160.3926,34.349000000000004,2.0507,0.7970597467824632,0.8940567123574343,0.9376774404891899,1.7505351136479463,0.0035057991761373586,-0.051211225589039566,0.08847482333555168,0.02930924741611851,0.019552964823898105,0.016207026054639573
2/19/2010,-805.7180000000001,26626.7604,6.3553,160.3926,34.678000000000004,2.0507,0.6826629142607599,0.7479741860352271,0.9466586590958727,1.7673020079502602,0.00957815365803949,-0.03736397956917603,0.1136874558417369,0.02930924741611851,0.019711531871258993,0.01612704216473275
2/22/2010,-805.7180000000001,26626.7604,6.3553,160.3926,34.12,2.0507,0.7388645398022626,0.7530832738762614,0.9314260755623498,1.7256726684199875,-0.01609089336178582,-0.008110700892467904,0.090165505783117,0.02930924741611851,0.01739135335572759,0.016278083741509432
2/23/2010,-805.7180000000001,26626.7604,6.3553,160.3926,34.279,2.0507,0.7198835984145304,0.7353870854447848,0.9357665429133,1.7337143435160833,0.004660023446658945,-0.008933734243089964,0.09524570260080512,0.02930924741611851,0.0173785403525766,0.01628173358462025
2/24/2010,-805.7180000000001,26626.7604,6.3553,160.3926,34.788000000000004,2.0507,0.7594578191381751,0.7271393890349989,0.9496614981436997,1.5716286424215045,0.01484874121182056,0.018712114556795223,0.10308526492691139,0.02930924741611851,0.01743430810202486,0.01635024279848925
2/25/2010,-805.7180000000001,26626.7604,6.3553,160.3926,35.336,2.0507,0.540903540903541,0.5030961102389675,0.9646210963092379,1.5963858143212106,0.015752558353455015,0.025153036061388523,0.10611657171476874,0.02930924741611851,0.01764137339778372,0.016384936625448137
2/26/2010,-805.7180000000001,26626.7604,6.3553,160.3926,35.256,2.0507,0.5124190296426581,0.44099352237141276,0.9624372133653637,1.5927716286424214,-0.0022639800769752583,0.049566848262927454,0.08399950805558976,0.02930924741611851,0.016572773357994702,0.016257372800280914
3/1/2010,-805.7180000000001,26626.7604,6.3553,160.3926,35.436,2.0507,0.48953341740226985,0.3868432114333755,0.9673509499890807,1.6009035464196972,0.005105513955071528,0.07404600975964581,0.07829473876395943,0.02930924741611851,0.015914749244967174,0.016223602984218263
3/2/2010,-805.7180000000001,26626.7604,6.3553,160.3926,35.316,2.0507,0.5273765245221003,0.4687310786264165,0.9640751255732694,1.5954822679015135,-0.0033863867253639546,0.03992932862190823,0.08852176057206251,0.02452783145297044,0.01482882045954878,0.01613520621066055
3/3/2010,-805.7180000000001,26626.7604,6.3553,160.3926,35.545,2.0507,0.5978871656552034,0.5266351989211058,0.9703264905001093,1.6058278744070476,0.0064843130592366904,0.04667255594817443,0.08458182040093964,0.02452783145297044,0.014853195031673096,0.016110095329514313
3/4/2010,-805.7180000000001,26626.7604,6.3553,160.3926,35.605,2.0507,0.551280934123388,0.4405280585569886,0.9719644027080149,1.6085385136661394,0.00168800112533396,0.07688352539092014,0.09709126764035236,0.02452783145297044,0.013326171024490449,0.016046716183380553
3/5/2010,-805.7180000000001,26626.7604,6.3553,160.3926,35.615,2.0507,0.5297882393367983,0.3627851037326575,0.9722373880759992,1.6089902868759882,0.0002808594298555622,0.12254546600687122,0.11799974886991471,0.02452783145297044,0.008791177734820431,0.015841952061099167
3/8/2010,-805.7180000000001,26626.7604,6.3553,160.3926,35.246,2.0507,0.5256687732663843,0.3720457103281103,0.9621642279973794,1.5923198554325728,-0.010360803032430144,0.11196643215446267,0.10885295413074947,0.02452783145297044,0.009360979392135321,0.01590922018557304
3/9/2010,-805.7180000000001,26626.7604,6.3553,160.3926,36.154,2.0507,0.618063014679556,0.43600071607590385,0.9869512994103518,1.633340862886831,0.02576178857175293,0.12678426728168057,0.10582981586835505,0.02576178857175293,0.010293539094715797,0.01583678831349446
3/10/2010,-805.7180000000001,26626.7604,6.3553,160.3926,36.562,2.0507,0.5278729628081904,0.37371500208942776,0.9980891024241101,1.6517732098486557,0.01128505836145366,0.11221975481398094,0.11459317745328157,0.02576178857175293,0.009457355584661114,0.015881458452167943
3/11/2010,-805.7180000000001,26626.7604,6.3553,160.3926,36.383,2.0507,0.5481468873664954,0.4102378622186289,0.9932026643371916,1.643686469392365,-0.0048957934467478426,0.09779132218936715,0.10241493197588114,0.02576178857175293,0.009673721303142554,0.015894411111885755
3/12/2010,-805.7180000000001,26626.7604,6.3553,160.3926,36.154,2.0507,0.5429985916094067,0.43873500917587815,0.9869512994103518,1.633340862886831,-0.006294148365995067,0.07246892705645047,0.09713834855703585,0.02576178857175293,0.00949022984657121,0.01592125898900069
3/15/2010,-805.7180000000001,26626.7604,6.3553,160.3926,35.505,2.0507,0.48128833076056576,0.4126580166047811,0.9692345490281722,1.604020781567653,-0.017950987442606703,0.04858239810986431,0.06264216449179938,0.02576178857175293,0.010562623150058415,0.01602928380945636
3/16/2010,-805.7180000000001,26626.7604,6.3553,160.3926,36.223,2.0507,0.5200587494754512,0.42089802769618134,0.9888348984494432,1.6364580980347865,0.020222503872693975,0.06978735971647954,0.07867544146987893,0.02576178857175293,0.011241093972975588,0.01620271992425864
3/17/2010,-805.7180000000001,26626.7604,6.3553,160.3926,36.233000000000004,2.0507,0.5847876481651577,0.4971351091282856,0.9891078838174275,1.6369098712446353,0.00027606769179810975,0.05854684624149131,0.06598999705795827,0.02576178857175293,0.011119378281988971,0.016143490640997044
3/18/2010,-805.7180000000001,26626.7604,6.3553,160.3926,35.795,2.0507,0.5407627410468321,0.47335571625344364,0.9771511246997162,1.617122204653264,-0.012088427676427593,0.04575067924859044,0.036694856348470806,0.02576178857175293,0.011573665710520759,0.016117040747659007
3/19/2010,-805.7180000000001,26626.7604,6.3553,160.3926,35.236,2.0507,0.4495639295705114,0.4130738851406943,0.9618912426293951,1.591868082222724,-0.01561670624388889,0.02582316806893914,-0.004520284777941086,0.02576178857175293,0.012200742589901436,0.015937238760437608
3/22/2010,-805.7180000000001,26626.7604,6.3553,160.3926,35.685,2.0507,0.3521142770536527,0.313958775386481,0.9741482856518892,1.6121526993449289,0.01274264956294724,0.029038583539996443,0.0317162021510351,0.02576178857175293,0.012327172669937894,0.015742429742277714
3/23/2010,-805.7180000000001,26626.7604,6.3553,160.3926,36.193000000000005,2.0507,0.3484221899333113,0.271189598003055,0.9880159423454905,1.6351027784052408,0.01423567325206676,0.06075615474794871,0.03358368792300914,0.02576178857175293,0.011941559113695337,0.015766230842719407
3/24/2010,-805.7180000000001,26626.7604,6.3553,160.3926,35.585,2.0507,0.3742565845369583,0.32382019000540674,0.9714184319720464,1.6076349672464423,-0.016798828502749275,0.038099127745850225,0.0162206928063513,0.02576178857175293,0.012677125229867586,0.015918678400928105
3/25/2010,-805.7180000000001,26626.7604,6.3553,160.3926,34.708,2.0507,0.4002501311171178,0.40347762940250953,0.9474776151998253,1.568014456742715,-0.024645215680764387,-0.0022996435552491423,-0.004274607682818399,0.02576178857175293,0.013552882791852797,0.016217510356616054
3/26/2010,-805.7180000000001,26626.7604,6.3553,160.3926,34.728,2.0507,0.3437548367125831,0.3672806067172263,0.9480235859357939,1.5689180031624124,0.0005762360262764332,-0.017206248585012407,0.008098928851345555,0.02576178857175293,0.01306552712050049,0.016147443932014633
3/29/2010,-805.7180000000001,26626.7604,6.3553,160.3926,35.525,2.0507,0.31960179785297727,0.309609598454738,0.9697805197641407,1.6049243279873502,0.02294978115641544,0.0076299069661900365,0.03816593120780842,0.02576178857175293,0.014041040849390056,0.016372095633366713
3/30/2010,-805.7180000000001,26626.7604,6.3553,160.3926,36.144,2.0507,0.3425950001857285,0.3162958285353441,0.9866783140423674,1.6328890896769819,0.017424349049964816,0.01997968167964781,0.061186142102172436,0.02576178857175293,0.014495003927103274,0.01649095387688943
3/31/2010,-805.7180000000001,26626.7604,6.3553,160.3926,35.964,2.0507,0.376191022844679,0.3513947881988291,0.9817645774186504,1.6247571718997063,-0.004980079681274896,0.0183486238532109,0.05590135055783896,0.02576178857175293,0.014523494548266526,0.016508130477410447
4/1/2010,-805.7180000000001,26626.7604,6.3553,160.3926,36.512,2.0507,0.46246895778258446,0.4237362813426262,0.9967241755841888,1.6495143437994126,0.015237459681904264,0.02720495146996771,0.04120683263467084,0.02576178857175293,0.014812500844426767,0.016204122842109522
4/2/2010,-805.7180000000001,26626.7604,6.3553,160.3926,36.512,2.0507,0.40198901816227006,0.3671620013055328,0.9967241755841888,1.6495143437994126,0.0,0.02547395028788091,0.01693404634581097,0.02576178857175293,0.01481534447852468,0.01593212915606547
4/5/2010,-805.7180000000001,26626.7604,6.3553,160.3926,36.861,2.0507,0.38512701037126096,0.33830602735608006,1.0,1.6652812288231305,0.009558501314636203,0.034985259020075654,0.028659931908243452,0.02576178857175293,0.014921293107565937,0.015970769250405522
4/6/2010,-805.7180000000001,26626.7604,6.3553,160.3926,36.512,2.0507,0.386601853258393,0.3385234695427619,0.990531998589295,1.6495143437994126,-0.00946800141070503,0.03591896952845697,0.004650138953856242,0.02576178857175293,0.014886307870359307,0.015923339888413247
4/7/2010,-805.7180000000001,26626.7604,6.3553,160.3926,35.725,2.0507,0.444776964451814,0.46212642051199126,0.9691815197634357,1.6139597921843234,-0.02155455740578438,-0.011865906953587468,-0.018085369540719598,0.02294978115641544,0.014655189831636141,0.016156764240625267
4/8/2010,-805.7180000000001,26626.7604,6.3553,160.3926,35.825,2.0507,0.4354690066915097,0.4649997996554074,0.9718944141504573,1.61847752428281,0.002799160251924393,-0.020157540615939884,-0.022029919196330905,0.02294978115641544,0.014430242286391145,0.016136506789961296
4/9/2010,-805.7180000000001,26626.7604,6.3553,160.3926,36.134,2.0507,0.4595467948459022,0.46960455628711095,0.9802772578063537,1.6324373164671333,0.008625261688764763,-0.006843855646868069,0.025776415147902076,0.02294978115641544,0.014542842974877596,0.015414305281669934
4/12/2010,-805.7180000000001,26626.7604,6.3553,160.3926,36.064,2.0507,0.44336828624029456,0.4469703033698873,0.9783782317354386,1.6292749039981929,-0.0019372336303757898,-0.0024893511091442777,-0.0030132972106267086,0.02294978115641544,0.014482901930200557,0.015042500835425335
4/13/2010,-805.7180000000001,26626.7604,6.3553,160.3926,35.446,2.0507,0.40458075764780466,0.4069186875891584,0.9616125444236456,1.6013553196295458,-0.01713620230700985,-0.0016617377834109437,-0.023606864446464648,0.02294978115641544,0.014433466807874629,0.015190053152881659
4/14/2010,-805.7180000000001,26626.7604,6.3553,160.3926,35.286,2.0507,0.4105372561560603,0.4479932842980494,0.9572719134044113,1.5941269482719673,-0.00451390848050548,-0.02586754272147529,-0.034371408242570234,0.02294978115641544,0.01369266674994062,0.015173692599562976
4/15/2010,-805.7180000000001,26626.7604,6.3553,160.3926,34.997,2.0507,0.46131362478600346,0.5129232953359222,0.9494316486259191,1.5810707025073412,-0.008190217083262508,-0.034112549333480624,-0.042280116030868675,0.02294978115641544,0.013772741107818627,0.015204906934359915
4/16/2010,-805.7180000000001,26626.7604,6.3553,160.3926,34.718,2.0507,0.40518881288703645,0.4487796980612784,0.9418626732861292,1.5684662299525638,-0.007972111895305223,-0.03008800111747445,-0.051731672675625284,0.02294978115641544,0.013644113094844297,0.015229836855164392
4/19/2010,-805.7180000000001,26626.7604,6.3553,160.3926,34.149,2.0507,0.3591100851707396,0.40237204489373557,0.9264263042239766,1.5427603343121752,-0.01638919292585983,-0.030849131569985144,-0.05673562964395218,0.02294978115641544,0.013685436316402205,0.015301566806770073
4/20/2010,-805.7180000000001,26626.7604,6.3553,160.3926,35.077,2.0507,0.4077537424248505,0.4321547537825583,0.9516019641355362,1.5846848881861304,0.027175027087176673,-0.017037971136331875,-0.026288030202087587,0.027175027087176673,0.014752071682967865,0.015691735635233777
4/21/2010,-805.7180000000001,26626.7604,6.3553,160.3926,35.246,2.0507,0.4083752896987134,0.446215935427156,0.9561867556496026,1.5923198554325728,0.0048179718904126645,-0.0261652805791176,0.024622808802581497,0.027175027087176673,0.014414142052271208,0.01461615618228188
4/22/2010,-805.7180000000001,26626.7604,6.3553,160.3926,35.685,2.0507,0.4185482588646845,0.41457306408013994,0.9680963620086271,1.6121526993449289,0.012455314078193336,0.0028101728256288983,0.0317162021510351,0.027175027087176673,0.014240037243961109,0.014680753137464754
4/23/2010,-805.7180000000001,26626.7604,6.3553,160.3926,35.655,2.0507,0.4051231527093597,0.36780295566502463,0.9672824936925206,1.6107973797153827,-0.0008406893652795899,0.02728477584418587,0.04410085214794002,0.027175027087176673,0.013059391892167,0.014583260961757126
4/26/2010,-805.7180000000001,26626.7604,6.3553,160.3926,35.695,2.0507,0.4684466019417475,0.4286654599308868,0.9683676514473293,1.6126044725547775,0.0011218622914037635,0.027844966597558196,0.03556819170849157,0.027175027087176673,0.01305828967455383,0.014541951269797534
4/27/2010,-805.7180000000001,26626.7604,6.3553,160.3926,35.107,2.0507,0.4407009192383453,0.45785456336178587,0.9524158324516427,1.5860402078156763,-0.016472895363496276,-0.01176636171710066,0.04513113631627519,0.027175027087176673,0.01263052305156157,0.014323684363218061
4/28/2010,-805.7180000000001,26626.7604,6.3553,160.3926,34.648,2.0507,0.4371396573893567,0.4991911734207142,0.9399636472152141,1.5653038174836233,-0.01307431566354278,-0.041389995573262395,0.05016215560876547,0.027175027087176673,0.012214528873401785,0.014236756828645187
4/29/2010,-805.7180000000001,26626.7604,6.3553,160.3926,35.396,2.0507,0.5308364328345299,0.5554017818527808,0.9602560972301349,1.5990964535803025,0.021588547679519676,-0.015793571349126845,0.042285041224970454,0.027175027087176673,0.01321860046090799,0.014019638605262784
4/30/2010,-805.7180000000001,26626.7604,6.3553,160.3926,35.266,2.0507,0.5657076895755637,0.6210264606641804,0.9567293345270069,1.59322340185227,-0.0036727313820771323,-0.03412576687116575,0.038457008244993984,0.027175027087176673,0.012714928713467608,0.01403045886406437
5/3/2010,-805.7180000000001,26626.7604,6.3553,160.3926,35.695,2.0507,0.57572948395356,0.611795347194632,0.9683676514473293,1.6126044725547775,0.01216469120399255,-0.022376205083260325,0.07960560142757767,0.027175027087176673,0.013062630570905887,0.013665295598751029
5/4/2010,-805.7180000000001,26626.7604,6.3553,160.3926,34.628,2.0507,0.5644002710639258,0.6652812288231305,0.9394210683378097,1.5504611802632757,-0.02989214175654853,-0.060578931662190305,0.09143631607148506,0.027175027087176673,0.014251534749344362,0.013203969962790123
5/5/2010,-805.7180000000001,26626.7604,6.3553,160.3926,33.580999999999996,2.0507,0.40218798279677626,0.5245730510668503,0.9110170641056943,1.5035819826273842,-0.030235647452928394,-0.08027497808939543,0.05943780168470192,0.027175027087176673,0.01540574801264597,0.013793113899389408
5/6/2010,-805.7180000000001,26626.7604,6.3553,160.3926,32.714,2.0507,0.3642770757746361,0.4898452812877936,0.8874962697702179,1.4647622459031073,-0.02581817098954764,-0.08428271518544439,0.019572399177211208,0.027175027087176673,0.015676271332937083,0.014122405445932441
5/7/2010,-805.7180000000001,26626.7604,6.3553,160.3926,32.484,2.0507,0.36890012642225045,0.509692372524231,0.8812566126800685,1.4544640458493778,-0.007030629088463525,-0.0932588974180042,-0.01183341952362127,0.027175027087176673,0.015607620252877817,0.013809217185926627
5/10/2010,-805.7180000000001,26626.7604,6.3553,160.3926,33.681,2.0507,0.43195442370647497,0.5362442073041112,0.9137299584927159,1.5080594609116145,0.03684891023272985,-0.06788620136159862,0.016263351638404533,0.03684891023272985,0.01785138542042868,0.014539344079009923
5/11/2010,-805.7180000000001,26626.7604,6.3553,160.3926,33.321999999999996,2.0507,0.42395624118627384,0.5411307209093628,0.9039906676433086,1.4919853138712276,-0.010658828419583766,-0.07603149955634436,-0.011539260182136468,0.03684891023272985,0.017922080753003746,0.014442845037839512
5/12/2010,-805.7180000000001,26626.7604,6.3553,160.3926,34.01,2.0507,0.4533566941583693,0.5147215930943121,0.9226553810260166,1.5227903644667322,0.020647019986795634,-0.040512328612537396,0.004430005906674417,0.03684891023272985,0.0183863811685106,0.014667371318048957
5/13/2010,-805.7180000000001,26626.7604,6.3553,160.3926,34.189,2.0507,0.38098315627903223,0.4252938562830717,0.9275114619787852,1.5308050505955046,0.0052631578947368585,-0.03108881709459843,0.009716479621972862,0.03684891023272985,0.01843811750870257,0.014681335145318728
5/14/2010,-805.7180000000001,26626.7604,6.3553,160.3926,33.88,2.0507,0.36629430979554,0.41134008146146717,0.9191286183228888,1.516969642697233,-0.00903799467665034,-0.03191702145898212,-0.010196032603932204,0.03684891023272985,0.01845478385685933,0.014663175734927958
5/17/2010,-805.7180000000001,26626.7604,6.3553,160.3926,33.87,2.0507,0.3269343780607248,0.3601567091087172,0.9188573288841866,1.5165218948688097,-0.0002951593860686108,-0.02442537012500734,-0.010488182535277168,0.03684891023272985,0.018393639447216677,0.014663204404342612
5/18/2010,-805.7180000000001,26626.7604,6.3553,160.3926,33.481,2.0507,0.31323788978231026,0.3394391057070014,0.908304169718673,1.4991045043431541,-0.011485090050191826,-0.01956133415326944,-0.025270022416955418,0.03684891023272985,0.018219002346132347,0.0147258797280093
5/19/2010,-805.7180000000001,26626.7604,6.3553,160.3926,32.744,2.0507,0.2858433143530337,0.37745925780483014,0.8883101380863243,1.4661054893883765,-0.02201248469281092,-0.06651081905522138,-0.05577022896360817,0.03684891023272985,0.017596197197874808,0.014920669611570826
5/20/2010,-805.7180000000001,26626.7604,6.3553,160.3926,31.308000000000003,2.0507,0.24952107279693503,0.40668901660280987,0.8493529746886955,1.4018089012268293,-0.04385536281456137,-0.1117289905237473,-0.0824150058616645,0.03684891023272985,0.019590312913503462,0.01576567147611901
5/21/2010,-805.7180000000001,26626.7604,6.3553,160.3926,31.945999999999998,2.0507,0.3109816152330924,0.4644205515430071,0.8666612408778926,1.4303752126802185,0.0203781781014436,-0.1047779178926721,-0.06805916158581071,0.03684891023272985,0.020023728226329446,0.01598344114148275
5/24/2010,-805.7180000000001,26626.7604,6.3553,160.3926,31.566999999999997,2.0507,0.30717628059132873,0.4764586525321959,0.8563793711510811,1.4134055699829855,-0.011863770112064187,-0.11465432618146132,-0.09258939864321047,0.03684891023272985,0.020051909129622156,0.01591058307434863
5/25/2010,-805.7180000000001,26626.7604,6.3553,160.3926,31.805999999999997,2.0507,0.31218284582697287,0.4726267585296422,0.8628631887360625,1.424106743082296,0.007571197769822957,-0.10895083345006307,-0.09989812089653616,0.03684891023272985,0.020208624787697325,0.015801202842339854
5/26/2010,-805.7180000000001,26626.7604,6.3553,160.3926,32.235,2.0507,0.35157232704402497,0.4719916142557652,0.8745015056563848,1.443315124921644,0.013488021128089,-0.08180704702765829,-0.08568754254594968,0.03684891023272985,0.02043546393476465,0.015913884844574965
5/27/2010,-805.7180000000001,26626.7604,6.3553,160.3926,33.641,2.0507,0.4058086084412871,0.4478896782281656,0.9126448007379073,1.5062684695979225,0.043617186288196,-0.029063726622027386,-0.050654701433570426,0.043617186288196,0.02276826885313764,0.01687443410426984
5/28/2010,-805.7180000000001,26626.7604,6.3553,160.3926,32.933,2.0507,0.4139796487913787,0.5197286505517154,0.893437508477795,1.4745679233455717,-0.021045747748283272,-0.06958413380042949,-0.0674764979046325,0.043617186288196,0.022538357629882617,0.017065625501646576
5/31/2010,-805.7180000000001,26626.7604,6.3553,160.3926,32.933,2.0507,0.394875052943668,0.49368911478187205,0.893437508477795,1.4745679233455717,0.0,-0.0661543696478194,-0.0734843156562105,0.043617186288196,0.022548646782877435,0.017039506392018868
6/1/2010,-805.7180000000001,26626.7604,6.3553,160.3926,32.006,2.0507,0.3341948393013465,0.48797365459168773,0.8682889775101056,1.4330616996507568,-0.028148058178726454,-0.10334780781622077,-0.10108130880494304,0.043617186288196,0.02290516294198073,0.017373032766977527
6/2/2010,-805.7180000000001,26626.7604,6.3553,160.3926,33.083,2.0507,0.41495231170608604,0.48103160686027113,0.8975068500583273,1.4812841407719173,0.03364994063613058,-0.04461707288899164,-0.07109364032008991,0.043617186288196,0.023628564187352194,0.01792926426476054
6/3/2010,-805.7180000000001,26626.7604,6.3553,160.3926,34.199,2.0507,0.49132216989359856,0.4643729286586429,0.9277827514174873,1.5312527984239275,0.033733337363600624,0.018403263750335075,-0.029705498496283345,0.043617186288196,0.02391537107936748,0.01841256455425409
6/4/2010,-805.7180000000001,26626.7604,6.3553,160.3926,32.684,2.0507,0.4421744693994616,0.4434982129462117,0.8866824014541114,1.4634190024178382,-0.04429954092224919,-0.0009170385767561795,-0.09597831498589382,0.043617186288196,0.02525930869271479,0.01892111945066953
6/7/2010,-805.7180000000001,26626.7604,6.3553,160.3926,32.325,2.0507,0.4132383159183317,0.42018974336554016,0.8769431106047043,1.4473448553774515,-0.010983967690612939,-0.004894717399335002,-0.11588534544062123,0.043617186288196,0.025330993298359448,0.01888784398844757
6/8/2010,-805.7180000000001,26626.7604,6.3553,160.3926,32.165,2.0507,0.39170128071997246,0.45729491173416403,0.8726024795854698,1.440180890122683,-0.004949729311678364,-0.04501054006710015,-0.11593326553610206,0.043617186288196,0.02389838946328756,0.01888798882895733
6/9/2010,-805.7180000000001,26626.7604,6.3553,160.3926,32.105,2.0507,0.4374944031521446,0.49198531387122757,0.8709747429532568,1.422211393638699,-0.001865381625991036,-0.03652241762199149,-0.11199314045472164,0.043617186288196,0.02381447779846823,0.01887915048748248
6/10/2010,-805.7180000000001,26626.7604,6.3553,160.3926,33.87,2.0507,0.4938473073699994,0.500022052661756,0.9188573288841866,1.500398688756977,0.05497586045787273,-0.004116436342252339,-0.046049852133502434,0.05497586045787273,0.026443792263741002,0.02006562221840305
6/11/2010,-805.7180000000001,26626.7604,6.3553,160.3926,34.857,2.0507,0.4695193929173693,0.44135750421585174,0.945633596484089,1.544121555772127,0.02914083259521716,0.01953844803884297,-0.03771084669961078,0.05497586045787273,0.027178460727620292,0.02024519304975328
6/14/2010,-805.7180000000001,26626.7604,6.3553,160.3926,34.498000000000005,2.0507,0.42207015952842264,0.3965950781153387,0.9358943056346818,1.5282183042438204,-0.010299222537797137,0.018240850059031866,-0.04788452515662511,0.05497586045787273,0.027203764478390118,0.020283227711772364
6/15/2010,-805.7180000000001,26626.7604,6.3553,160.3926,35.486,2.0507,0.4276059057810677,0.36259403789676936,0.9626977021784542,1.5719854700097455,0.028639341411096142,0.0477118393858873,-0.008632490571308993,0.05497586045787273,0.027848715670613696,0.02055759768586702
6/16/2010,-805.7180000000001,26626.7604,6.3553,160.3926,35.266,2.0507,0.4210420276423421,0.3491155256477416,0.9567293345270069,1.5622397448391954,-0.0061996280223186595,0.053313819778381566,0.0008514019752525748,0.05497586045787273,0.027738818148071245,0.02047577408912356
6/17/2010,-805.7180000000001,26626.7604,6.3553,160.3926,34.967,2.0507,0.42909105770802647,0.3382376982180806,0.9486177803098126,1.5489944183574023,-0.008478421142176562,0.0678903005130711,-0.020120498809023446,0.05497586045787273,0.027286021076453934,0.020440950819351565
6/18/2010,-805.7180000000001,26626.7604,6.3553,160.3926,35.246,2.0507,0.4481880187361329,0.28638343331415905,0.9561867556496026,1.561353769823691,0.007978951582921168,0.12578254759166985,-0.0261652805791176,0.05497586045787273,0.025041548317999242,0.02038521269517107
6/21/2010,-805.7180000000001,26626.7604,6.3553,160.3926,35.037,2.0507,0.4839898348157561,0.35307073274036416,0.9505168063807277,1.552095330911668,-0.0059297508937184995,0.09675702748387915,-0.015399747084445692,0.05497586045787273,0.024941737571946922,0.02028837752838029
6/22/2010,-805.7180000000001,26626.7604,6.3553,160.3926,34.528,2.0507,0.4624311732316815,0.33701821262177023,0.9367081739507881,1.529547266767077,-0.014527499500528007,0.09380048785123707,-0.005186124236487233,0.05497586045787273,0.0250367867535655,0.020129928872345867
6/23/2010,-805.7180000000001,26626.7604,6.3553,160.3926,34.967,2.0507,0.5314238164060787,0.3929838391801337,0.9486177803098126,1.5489944183574023,0.01271431881371643,0.09938376406967242,0.006882054826076844,0.05497586045787273,0.02509265738134442,0.02019239557344672
6/24/2010,-805.7180000000001,26626.7604,6.3553,160.3926,34.319,2.0507,0.5143184926973483,0.42236244098310016,0.9310382246819133,1.5202888278550546,-0.018531758515171304,0.0646502249108114,-0.03394792399718494,0.05497586045787273,0.025508968026177768,0.020118387358805268
6/25/2010,-805.7180000000001,26626.7604,6.3553,160.3926,34.658,2.0507,0.5353061043678569,0.4902542748294496,0.9402349366539162,1.4918216253443528,0.009877910195518425,0.030230968163847738,-0.04111332447985827,0.05497586045787273,0.02385098083639329,0.02003313895994466
6/28/2010,-805.7180000000001,26626.7604,6.3553,160.3926,35.086999999999996,2.0507,0.5102875344352615,0.4175705922865014,0.9518732535742384,1.5019476905954365,0.0123780945236307,0.06540552029878843,-0.024385496607718937,0.05497586045787273,0.023368387560632704,0.020089391053208366
6/29/2010,-805.7180000000001,26626.7604,6.3553,160.3926,33.96,2.0507,0.44998078647367756,0.4061312497331455,0.921298933832506,1.4537048927700014,-0.03212015846324834,0.031184526159171666,-0.06989482909728306,0.05497586045787273,0.02461188879683885,0.020386483030467233
6/30/2010,-805.7180000000001,26626.7604,6.3553,160.3926,33.91,2.0507,0.4271885521885519,0.34705387205387206,0.9199424866389951,1.4515645734343563,-0.001472320376914138,0.05948884584140468,-0.07126424189307634,0.05497586045787273,0.02366166889123481,0.02038622536367091
7/1/2010,-805.7180000000001,26626.7604,6.3553,160.3926,33.352,2.0507,0.39030388928258763,0.3790904164408686,0.9048045359594151,1.4276786096485594,-0.01645532291359486,0.008131064292839163,-0.09519546404058488,0.05497586045787273,0.022933698478924083,0.020432951474573094
7/2/2010,-805.7180000000001,26626.7604,6.3553,160.3926,33.132,2.0507,0.3275634090635895,0.3703169451456505,0.8988361683079678,1.418261204571722,-0.00659630606860151,-0.03119974268253456,-0.09257230499561797,0.05497586045787273,0.021677633813505497,0.020417819476347458
7/5/2010,-805.7180000000001,26626.7604,6.3553,160.3926,33.132,2.0507,0.3118466898954704,0.29410833069369646,0.8988361683079678,1.418261204571722,0.0,0.01370701260555629,-0.07258222533240033,0.05497586045787273,0.01930858043725359,0.02025349533343329
7/6/2010,-805.7180000000001,26626.7604,6.3553,160.3926,33.402,2.0507,0.32149074220604534,0.2788811520810257,0.9061609831529259,1.4298189289842045,0.008149221296631648,0.03331786542923432,-0.06763433356594561,0.05497586045787273,0.0191745128636564,0.020280855133592356
7/7/2010,-805.7180000000001,26626.7604,6.3553,160.3926,35.016999999999996,2.0507,0.349714770274437,0.2397856922602526,0.9499742275033233,1.4989512435255339,0.04835039817974951,0.08866780662210472,-0.030912713787568658,0.05497586045787273,0.021617467227435877,0.021179712679522133
7/8/2010,-805.7180000000001,26626.7604,6.3553,160.3926,35.565,2.0507,0.3645781375896864,0.23182289068794826,0.9648408887442012,1.5224091434442018,0.01564954165119814,0.1077713751752063,-0.01383651286601606,0.05497586045787273,0.02170649896759656,0.021273194272705003
7/9/2010,-805.7180000000001,26626.7604,6.3553,160.3926,35.246,2.0507,0.34357488659322244,0.29112186940113594,0.9561867556496026,1.5087539060827877,-0.00896949247856027,0.040625922645409096,-0.005642385600631794,0.04835039817974951,0.018627874143734464,0.02119181317496238
7/12/2010,-805.7180000000001,26626.7604,6.3553,160.3926,34.329,2.0507,0.2794528716782827,0.29913160150572105,0.9313095141206154,1.4695004494670605,-0.02601713669636274,-0.015147603063946913,-0.027121237884713545,0.04835039817974951,0.01850707324024767,0.021439536438022978
7/13/2010,-805.7180000000001,26626.7604,6.3553,160.3926,34.758,2.0507,0.3070848375451265,0.29730746089049354,0.9429478310409377,1.4878643893668937,0.012496722887354705,0.007536668792393675,-0.006829156784867174,0.04835039817974951,0.01857596663324415,0.02147375321329861
7/14/2010,-805.7180000000001,26626.7604,6.3553,160.3926,34.967,2.0507,0.31395611002555235,0.3334585901097249,0.9486177803098126,1.496810924189889,0.006013004200471794,-0.014625486107197161,0.007172072123970086,0.04835039817974951,0.017487801225249174,0.02146106440034589
7/15/2010,-805.7180000000001,26626.7604,6.3553,160.3926,34.808,2.0507,0.3036215872064716,0.32077450282760944,0.9443042782344484,1.4900047087025383,-0.004547144450481877,-0.012987012987012991,0.019297783244018873,0.04835039817974951,0.01746484274560653,0.021363824782805317
7/16/2010,-805.7180000000001,26626.7604,6.3553,160.3926,33.91,2.0507,0.33793647662260784,0.3796409548234365,0.9199424866389951,1.4515645734343563,-0.02579866697310973,-0.030228501158234944,-0.033269663882316114,0.04835039817974951,0.01825275349574106,0.021340552306012183
7/19/2010,-805.7180000000001,26626.7604,6.3553,160.3926,34.199,2.0507,0.31620675056767866,0.3565023284455222,0.9277827514174873,1.4639356191943838,0.008522559716897637,-0.029705498496283345,-0.029705498496283345,0.04835039817974951,0.0182669549185927,0.021360015895289797
7/20/2010,-805.7180000000001,26626.7604,6.3553,160.3926,35.795,2.0507,0.3760427478568409,0.34690347134125243,0.9710805458343508,1.5322546123881684,0.04666803122898333,0.021634272340668614,0.0030825276726915707,0.04835039817974951,0.020998756275200304,0.022110119844791568
7/21/2010,-805.7180000000001,26626.7604,6.3553,160.3926,35.376,2.0507,0.3373657946469075,0.30530772720399213,0.9597135183527306,1.514318736355464,-0.011705545467244116,0.024559777571825814,-0.007824989482541067,0.04835039817974951,0.02090169610496922,0.022161379080650297
7/22/2010,-805.7180000000001,26626.7604,6.3553,160.3926,35.705,2.0507,0.3538980737145456,0.32591384802062784,0.9686389408860313,1.5284020375840075,0.009300090456806798,0.021105613864500716,0.00028015128169212034,0.04835039817974951,0.020822106438024495,0.022191300963924063
7/23/2010,-805.7180000000001,26626.7604,6.3553,160.3926,36.313,2.0507,0.4018298332303891,0.32485330450895633,0.9851333387591222,1.5544283207054492,0.01702842739112187,0.058101926046796315,0.034352123508132326,0.04835039817974951,0.020581802183194126,0.02218561468051188
7/26/2010,-805.7180000000001,26626.7604,6.3553,160.3926,35.934,2.0507,0.4200355660936572,0.3696107488638609,0.9748514690323106,1.5382047001412609,-0.010437033569245302,0.03681689653182518,0.03711613945970882,0.04835039817974951,0.020714075043760976,0.02216153211072019
7/27/2010,-805.7180000000001,26626.7604,6.3553,160.3926,35.396,2.0507,0.4059421671433112,0.39366857324435967,0.9602560972301349,1.5151748640897222,-0.014971892914788176,0.008806680536951106,0.0,0.04835039817974951,0.02088313551726742,0.022087450591864767
7/28/2010,-805.7180000000001,26626.7604,6.3553,160.3926,35.426,2.0507,0.42118987443334555,0.36237814418100855,0.9610699655462415,1.516459055691109,0.0008475533958640646,0.04316843345111909,0.004536947768388977,0.04835039817974951,0.019491376012827567,0.022081880825099497
7/29/2010,-805.7180000000001,26626.7604,6.3553,160.3926,35.236,2.0507,0.41022972864804275,0.35716000960537886,0.9559154662109004,1.5083258422156585,-0.005363292497036265,0.03910350928929529,-0.012858943829668124,0.04835039817974951,0.019546377477201577,0.02204049708963466
7/30/2010,-805.7180000000001,26626.7604,6.3553,160.3926,36.074,2.0507,0.43629558846950145,0.32791845835324085,0.9786495211741407,1.5441975942810666,0.023782495175388885,0.08161429599424319,0.0417581148203765,0.04835039817974951,0.019618064467819836,0.02190207563117003
8/2/2010,-805.7180000000001,26626.7604,6.3553,160.3926,37.041,2.0507,0.4806923568915893,0.3244323632874959,1.0,1.5855913702324385,0.026806009868603375,0.11798261499456708,0.10303445400673006,0.04835039817974951,0.02007131930954011,0.02177350645042732
8/3/2010,-805.7180000000001,26626.7604,6.3553,160.3926,35.924,2.0507,0.45106434543765417,0.338288160924183,0.9698442266677466,1.537776636274132,-0.03015577333225339,0.08426898466739119,0.09812312771290577,0.04835039817974951,0.021512566833382075,0.021868863380469523
8/4/2010,-805.7180000000001,26626.7604,6.3553,160.3926,36.571999999999996,2.0507,0.5295692179004599,0.3969887076537013,0.9873383547960368,1.5655151748640894,0.018038080391938438,0.09490449673672208,0.12584657061938165,0.04835039817974951,0.021713421542776886,0.021935028011613535
8/5/2010,-805.7180000000001,26626.7604,6.3553,160.3926,36.493,2.0507,0.5067921879516082,0.44584830092076455,0.9852055830026188,1.5621334703137708,-0.002160122498085837,0.04215095525030721,0.08348920756509615,0.04666803122898333,0.01928010689842763,0.021484797118026457
8/6/2010,-805.7180000000001,26626.7604,6.3553,160.3926,35.884,2.0507,0.45532708764245466,0.44238958510767734,0.9687643422153831,1.5360643808056162,-0.016688131970514886,0.008969492478560381,0.07688614128803817,0.04666803122898333,0.019438249643051953,0.02155314935102029
8/9/2010,-805.7180000000001,26626.7604,6.3553,160.3926,36.193000000000005,2.0507,0.44275691620824387,0.40500677668819285,0.977106449609892,1.5492915542999017,0.008611080147140848,0.02686829711172911,0.06418700382240528,0.04666803122898333,0.0193838163015929,0.021432833924218363
8/10/2010,-805.7180000000001,26626.7604,6.3553,160.3926,36.293,2.0507,0.47724682513839123,0.3973054379680885,0.9798061607408008,1.5535721929711912,0.0027629652142677763,0.057211104314136785,0.061540261487613046,0.04666803122898333,0.018334366140760294,0.021427527153315033
8/11/2010,-805.7180000000001,26626.7604,6.3553,160.3926,35.406,2.0507,0.4464417027534928,0.4199689517117411,0.9558597230096381,1.515602927956851,-0.02443997465075909,0.018643190056965242,0.04504132231404956,0.04666803122898333,0.019113972913692535,0.02163278924181121
8/12/2010,-805.7180000000001,26626.7604,6.3553,160.3926,35.715,2.0507,0.4584694544266579,0.42792388108461266,0.964201830404147,1.5288301014511365,0.008727334350110194,0.02139159779220412,0.05447298494242703,0.04666803122898333,0.01915831700867843,0.02165441185313062
8/13/2010,-805.7180000000001,26626.7604,6.3553,160.3926,35.894,2.0507,0.4592243271810714,0.4150743962923813,0.9690343133284739,1.536492444672745,0.005011899762004557,0.03119972420133288,0.07207072668080383,0.04666803122898333,0.019128919788625784,0.021599794483038542
8/16/2010,-805.7180000000001,26626.7604,6.3553,160.3926,36.084,2.0507,0.46873982416151105,0.380250732660371,0.9741637644772011,1.5446256581481959,0.005293363793391848,0.06411088174579782,0.10200342047398014,0.04666803122898333,0.018073327965809866,0.021396778400654907
8/17/2010,-805.7180000000001,26626.7604,6.3553,160.3926,36.842,2.0507,0.47450572320499473,0.3687264868326261,0.9946275748494912,1.577072899276572,0.02100654029486737,0.07728296149010205,0.17675993356330633,0.04666803122898333,0.018461138532402287,0.020715796926172467
8/18/2010,-805.7180000000001,26626.7604,6.3553,160.3926,36.881,2.0507,0.5342152335787678,0.48903864553434007,0.9956804621905457,1.5787423483583751,0.0010585744530700048,0.030339432881687278,0.1544794340449509,0.026806009868603375,0.015619024364061903,0.02059397362276438
8/19/2010,-805.7180000000001,26626.7604,6.3553,160.3926,36.443000000000005,2.0507,0.5573266099739329,0.5117302679372675,0.9838557274371644,1.5599931509781262,-0.011876033730104818,0.03016169154228887,0.15446510596509033,0.026806009868603375,0.015626296345072597,0.020594111544570363
8/20/2010,-805.7180000000001,26626.7604,6.3553,160.3926,36.622,2.0507,0.5676554941997345,0.5284020375840075,0.9886882103614913,1.5215422327475174,0.00491178004006243,0.025682677496148942,0.15141797145192748,0.026806009868603375,0.015546365598259415,0.02058625193795427
8/23/2010,-805.7180000000001,26626.7604,6.3553,160.3926,36.672,2.0507,0.5236195936682035,0.5087041422576757,0.9900380659269459,1.4987739087788128,0.0013652995467203777,0.009886266626276896,0.13764541647277806,0.026806009868603375,0.015125251466974113,0.020537990180945546
8/24/2010,-805.7180000000001,26626.7604,6.3553,160.3926,36.154,2.0507,0.47760340035965343,0.4686120647376162,0.9760535622688374,1.4776034003596534,-0.014125218150087049,0.006122335392664491,0.07470051425344093,0.026806009868603375,0.015280163601292765,0.019942147768158263
8/25/2010,-805.7180000000001,26626.7604,6.3553,160.3926,36.632,2.0507,0.4971391204838971,0.44662416217099876,0.9889581814745823,1.46898183422224,0.013221220335232431,0.034919199909594134,0.11231895059666597,0.026806009868603375,0.015099324987239721,0.019788491962437354
8/26/2010,-805.7180000000001,26626.7604,6.3553,160.3926,36.428000000000004,2.0507,0.46080121907206184,0.42061996230500887,0.9834507707675281,1.4596305645710625,-0.005568901506879054,0.028284310958053505,0.106124555916558,0.026806009868603375,0.015183072504889447,0.019809463820242866
8/27/2010,-805.7180000000001,26626.7604,6.3553,160.3926,36.493,2.0507,0.46223504427615514,0.41186841367151494,0.9852055830026188,1.4302567117381932,0.0017843417151641727,0.03567374276308333,0.14019246391301632,0.026806009868603375,0.015102862252985336,0.01943515520060382
8/30/2010,-805.7180000000001,26626.7604,6.3553,160.3926,35.585,2.0507,0.3946698020772095,0.41383499902018417,0.9606922059339652,1.3860325621251073,-0.02488148412024227,-0.013555469313078605,0.07562796602484667,0.026806009868603375,0.015290229316159757,0.019309449023756284
8/31/2010,-805.7180000000001,26626.7604,6.3553,160.3926,35.695,2.0507,0.35403231924740175,0.40509066079963585,0.963661888177965,1.3903170522707797,0.0030911901081915882,-0.036338111822034946,0.04374396912190415,0.02100654029486737,0.013990210348662966,0.01886105542161143
9/1/2010,-805.7180000000001,26626.7604,6.3553,160.3926,35.944,2.0507,0.40001557996416626,0.3992365817558621,0.9703841688939285,1.389730900092793,0.0069757669141337075,0.0005567308762943757,0.09974299351364602,0.02100654029486737,0.012473912132840643,0.017966261899237255
9/2/2010,-805.7180000000001,26626.7604,6.3553,160.3926,36.104,2.0507,0.3716282957222097,0.38940809968847345,0.9747037067033828,1.3959171048561707,0.004451368795904687,-0.012796675051952255,0.11690641918020095,0.02100654029486737,0.011832929197812788,0.017896057547826937
9/3/2010,-805.7180000000001,26626.7604,6.3553,160.3926,36.782,2.0507,0.354769797421731,0.34412523020257835,0.9930077481709457,1.4221311475409835,0.018779082650121737,0.007919326994217935,0.1435411161200062,0.02100654029486737,0.012550580435606709,0.017998707739786176
9/6/2010,-805.7180000000001,26626.7604,6.3553,160.3926,36.782,2.0507,0.3497981651376145,0.3168440366972478,0.9930077481709457,1.4221311475409835,0.0,0.02502508081596244,0.14567824326428913,0.02100654029486737,0.011923782209474581,0.017993296224027785
9/7/2010,-805.7180000000001,26626.7604,6.3553,160.3926,37.171,2.0507,0.3453617575735639,0.3099641680842593,1.0,1.4371713578719454,0.010575825131857952,0.027021799795540424,0.09746087983466212,0.02100654029486737,0.011991976778046587,0.01672219554489982
9/8/2010,-805.7180000000001,26626.7604,6.3553,160.3926,37.639,2.0507,0.34964859437751006,0.30138410786001146,1.0,1.4552660068048253,0.0125904603050766,0.03708704157826581,0.07981180250738751,0.02100654029486737,0.012239512308731026,0.01640986483572688
9/9/2010,-805.7180000000001,26626.7604,6.3553,160.3926,37.46,2.0507,0.345159436943407,0.27140189600689446,0.9952442944817874,1.4483451902257964,-0.004755705518212583,0.05801276619781959,0.0858600498579627,0.02100654029486737,0.010797725435812608,0.01636117470160863
9/10/2010,-805.7180000000001,26626.7604,6.3553,160.3926,38.028,2.0507,0.40221238938053094,0.31692477876106206,1.0,1.470306217135787,0.015162840363053931,0.06476270474590495,0.07163388378515467,0.02100654029486737,0.011064051772998924,0.016085594246882714
9/13/2010,-805.7180000000001,26626.7604,6.3553,160.3926,38.516999999999996,2.0507,0.44415282516591037,0.3458063064751977,1.0,1.48921280544386,0.012858946039760122,0.07307628015824363,0.09218510746895014,0.02100654029486737,0.011264285171001474,0.0161228701145422
9/14/2010,-805.7180000000001,26626.7604,6.3553,160.3926,38.088,2.0507,0.4096225018504811,0.33545521835677294,0.9888620609081705,1.4726260439220538,-0.011137939091829474,0.05553708014632508,0.08925558383618837,0.02100654029486737,0.011690605792148765,0.016152946379937663
9/15/2010,-805.7180000000001,26626.7604,6.3553,160.3926,38.327,2.0507,0.3978263248112621,0.3436668003938874,0.9950671132227329,1.4818666872873492,0.006274942239025361,0.04030725802073709,0.08741417465811718,0.018779082650121737,0.010952217296788512,0.01614332225502475
9/16/2010,-805.7180000000001,26626.7604,6.3553,160.3926,37.749,2.0507,0.3782540435941437,0.34656248859031,0.9800607523950465,1.4595190225796475,-0.015080752472147463,0.02353515360212577,0.07740388731911985,0.018779082650121737,0.011566269517518614,0.01625168074917712
9/17/2010,-805.7180000000001,26626.7604,6.3553,160.3926,38.043,2.0507,0.41156172312715666,0.35219472375793126,0.9876937456188177,1.4708861738323538,0.007788285782404758,0.04390417912905065,0.10180143651529194,0.018779082650121737,0.011248717374794728,0.016143679753590077
9/20/2010,-805.7180000000001,26626.7604,6.3553,160.3926,38.866,2.0507,0.4804403306288805,0.39496438502266407,1.0,1.5027064645839776,0.021633414820072083,0.06127464365681834,0.11150513341150226,0.021633414820072083,0.01202230702884999,0.016280642867574878
9/21/2010,-805.7180000000001,26626.7604,6.3553,160.3926,39.225,2.0507,0.5165867615218065,0.4178781317661613,1.0,1.4608394473203978,0.009236865126331484,0.06961714659685869,0.14295288324251865,0.021633414820072083,0.012094399790997521,0.016095905455429486
9/22/2010,-805.7180000000001,26626.7604,6.3553,160.3926,38.766,2.0507,0.4437451119138951,0.3464675431082642,0.9882982791586997,1.4061445826834487,-0.011701720841300278,0.07224650107871877,0.11852963240810199,0.021633414820072083,0.011930469483256673,0.016160448210897176
9/23/2010,-805.7180000000001,26626.7604,6.3553,160.3926,38.816,2.0507,0.40591835995508707,0.32681372016371446,0.9895729764181007,1.4079582139359426,0.0012897900221844338,0.05962000436776593,0.10627867871291374,0.021633414820072083,0.01172139881910253,0.01610485989208828
9/24/2010,-805.7180000000001,26626.7604,6.3553,160.3926,39.733000000000004,2.0507,0.44122021110667786,0.32133918531684147,1.0,1.4386111010536227,0.023624278647980335,0.09072691336334682,0.16999411071849235,0.023624278647980335,0.012388053857679836,0.015742253525139128
9/27/2010,-805.7180000000001,26626.7604,6.3553,160.3926,39.284,2.0507,0.4223541764727181,0.3213005539664724,0.9886995696272618,1.4091398235167516,-0.011300430372738202,0.07648042090263885,0.15847832497788272,0.023624278647980335,0.01283744708761031,0.01583186727920663
9/28/2010,-805.7180000000001,26626.7604,6.3553,160.3926,39.823,2.0507,0.4173399295298432,0.26650532085276013,1.0,1.4284740655714183,0.013720598717035015,0.11909512435014746,0.19402134804509497,0.023624278647980335,0.011217695530644119,0.015706332569783845
9/29/2010,-805.7180000000001,26626.7604,6.3553,160.3926,40.181999999999995,2.0507,0.4140624999999998,0.25615850225225234,1.0,1.441351603414879,0.009014890892197869,0.12570388009525124,0.21278522274538214,0.023624278647980335,0.011230355586085239,0.015676582380998776
9/30/2010,-805.7180000000001,26626.7604,6.3553,160.3926,40.181999999999995,2.0507,0.4180047287998023,0.2684476126618909,1.0,1.441351603414879,0.0,0.11790563098152651,0.21278522274538214,0.023624278647980335,0.011294163955779748,0.015676582380998776
10/1/2010,-805.7180000000001,26626.7604,6.3553,160.3926,40.162,2.0507,0.3681951352456223,0.22995162499148325,0.999502264695635,1.4406341918358563,-0.0004977353043650323,0.11239751828052302,0.20238309083288408,0.023624278647980335,0.011365964701860316,0.01567028963992403
10/4/2010,-805.7180000000001,26626.7604,6.3553,160.3926,40.102,2.0507,0.2829355684944652,0.1767227589737026,0.9980090587825395,1.4384819570987875,-0.0014939495045067641,0.09026154097112715,0.14521518119770405,0.023624278647980335,0.011005405524333227,0.014565576625151877
10/5/2010,-805.7180000000001,26626.7604,6.3553,160.3926,40.65,2.0507,0.3092209088859543,0.18464362781410015,1.0,1.4581390343640146,0.013665153857663093,0.10516013267359048,0.1429776465626318,0.023624278647980335,0.011148885007749385,0.01453827187335611
10/6/2010,-805.7180000000001,26626.7604,6.3553,160.3926,40.411,2.0507,0.2878768563962013,0.18461979731021727,0.9941205412054122,1.4495659659946911,-0.005879458794587844,0.08716472518899154,0.1465414515122283,0.023624278647980335,0.011302203925343183,0.014505062376937763
10/7/2010,-805.7180000000001,26626.7604,6.3553,160.3926,40.69,2.0507,0.3130465649101293,0.2145922746781117,1.0,1.4595738575220603,0.0069040607755312955,0.08105953930763299,0.18529523143697735,0.023624278647980335,0.011154466692425405,0.01405536171273214
10/8/2010,-805.7180000000001,26626.7604,6.3553,160.3926,40.84,2.0507,0.34426121589151126,0.2330074717751227,1.0,1.4649544443647322,0.0036864094372082157,0.09022957821676458,0.174981299269233,0.023624278647980335,0.010982354876578794,0.014001039755074928
10/11/2010,-805.7180000000001,26626.7604,6.3553,160.3926,40.76,2.0507,0.3212745956108787,0.2327141884664008,0.9980411361410381,1.4620847980486404,-0.0019588638589619345,0.07184180077837388,0.16567048931850037,0.023624278647980335,0.010759476791699167,0.01400626121207132
10/12/2010,-805.7180000000001,26626.7604,6.3553,160.3926,40.6,2.0507,0.3315841259429322,0.26326664480157413,0.9941234084231145,1.4563455054164576,-0.003925417075564153,0.05408001661603978,0.16639852907377617,0.023624278647980335,0.010641658420180203,0.014001410709567657
10/13/2010,-805.7180000000001,26626.7604,6.3553,160.3926,40.81,2.0507,0.34815499983482545,0.258233953288626,0.9992654260528893,1.4638783269961977,0.005172413793103514,0.07146607855492548,0.20347979946918326,0.023624278647980335,0.010176595617166878,0.013525917688753811
10/14/2010,-805.7180000000001,26626.7604,6.3553,160.3926,40.421,2.0507,0.380781580925053,0.3092505294800847,0.9897404505386874,1.4499246717842025,-0.009531977456505802,0.05463511362746898,0.18193514430246505,0.023624278647980335,0.010527314929469546,0.013598820802970354
10/15/2010,-805.7180000000001,26626.7604,6.3553,160.3926,39.773,2.0507,0.3826872935859553,0.31232400486702594,0.973873653281097,1.4266805366238613,-0.01603127087405054,0.053617314365943525,0.11113283978209254,0.023624278647980335,0.01060881289254204,0.012589514539878183
10/18/2010,-805.7180000000001,26626.7604,6.3553,160.3926,39.374,2.0507,0.3440977674609136,0.29866184201542967,0.964103819784525,1.4123681756223547,-0.010031931209614542,0.034986725547407005,0.11301447308910006,0.023624278647980335,0.010877621798643749,0.01256239581846164
10/19/2010,-805.7180000000001,26626.7604,6.3553,160.3926,39.005,2.0507,0.3867458314075445,0.38180396060724564,0.9550685602350636,1.3991319319893825,-0.009371666582008387,0.0035763906756549613,0.0924240302478645,0.023624278647980335,0.010113375529609395,0.012602278783047887
10/20/2010,-805.7180000000001,26626.7604,6.3553,160.3926,39.384,2.0507,0.4127268814118661,0.40702345935863415,0.9643486777668951,1.381119371580867,0.00971670298679661,0.004053537284894881,0.08457026409274904,0.023624278647980335,0.010135287879775046,0.012489967505462942
10/21/2010,-805.7180000000001,26626.7604,6.3553,160.3926,38.846,2.0507,0.3448502683053487,0.342080664704864,0.9511753183153769,1.3622527703745266,-0.013660369693276553,0.002063664035494961,0.08103745756108416,0.023624278647980335,0.010258946537324412,0.012545576841859554
10/22/2010,-805.7180000000001,26626.7604,6.3553,160.3926,38.885999999999996,2.0507,0.3636554916538084,0.3612007294150654,0.9521547502448579,1.3220684731241286,0.001029707048344708,0.0018033800494638985,0.09859871171883805,0.023624278647980335,0.010257656318190686,0.01237128806526516
10/25/2010,-805.7180000000001,26626.7604,6.3553,160.3926,39.135,2.0507,0.3305341175670622,0.35086526365892645,0.9582517140058765,1.3114067421754574,0.0064033328190094,-0.01505046183273362,0.10469711511319368,0.013720598717035015,0.008882118487519403,0.012385854868301616
10/26/2010,-805.7180000000001,26626.7604,6.3553,160.3926,39.364000000000004,2.0507,0.3190804905837412,0.3163997051135983,0.9638589618021548,1.2751951796300498,0.0058515395426090855,0.0020364524997456,0.11715291179475562,0.013720598717035015,0.00864246979690323,0.012363897522822557
10/27/2010,-805.7180000000001,26626.7604,6.3553,160.3926,39.085,2.0507,0.2592222687586585,0.28299880795128707,0.9570274240940254,1.2661569859729827,-0.007087694340006223,-0.01853200411822309,0.08346731718134959,0.013665153857663093,0.008187556021943604,0.012088720234455902
10/28/2010,-805.7180000000001,26626.7604,6.3553,160.3926,39.922,2.0507,0.2841610910962429,0.29252444673185773,0.9775220372184131,1.2932715669441834,0.02141486503773815,-0.0064705589567467525,0.07777867768148816,0.02141486503773815,0.009305954367864072,0.011923534650165556
10/29/2010,-805.7180000000001,26626.7604,6.3553,160.3926,39.145,2.0507,0.22190660506929705,0.25427643900611785,0.9584965719882468,1.2681006835336424,-0.019462952757877683,-0.025807575531332283,0.08966150762721314,0.02141486503773815,0.010203810919031523,0.011539038255828563
11/1/2010,-805.7180000000001,26626.7604,6.3553,160.3926,39.284,2.0507,0.2726035828825035,0.3010463571868216,0.9619000979431929,1.2616096088380755,0.0035509004981477688,-0.02186146108261544,0.07415509132669817,0.02141486503773815,0.010255753798393604,0.011345445056679653
11/2/2010,-805.7180000000001,26626.7604,6.3553,160.3926,39.324,2.0507,0.25764359728796205,0.28252526544710244,0.9628795298726737,1.262894212858886,0.0010182262498728,-0.019400528651937532,0.07757652152467576,0.02141486503773815,0.010264375595285308,0.011337328528075957
11/3/2010,-805.7180000000001,26626.7604,6.3553,160.3926,39.135,2.0507,0.22695635816403303,0.2744544770504138,0.9582517140058765,1.2568244588605562,-0.004806225205981063,-0.03726937269372699,0.0905974807713743,0.02141486503773815,0.009733112781516881,0.01113106139031536
11/4/2010,-805.7180000000001,26626.7604,6.3553,160.3926,39.025,2.0507,0.20099095217578622,0.24364498061180528,0.955558276199804,1.2532917978033271,-0.0028107831864060406,-0.03429759223973672,0.0782471748680682,0.02141486503773815,0.009691148200626026,0.011105341318027616
11/5/2010,-805.7180000000001,26626.7604,6.3553,160.3926,38.317,2.0507,0.19980586172344683,0.27411072144288573,0.9382223310479921,1.2305543066349798,-0.01814221652786674,-0.058318997296633035,0.05576832998098813,0.02141486503773815,0.010121835841946336,0.011368823195680942
11/8/2010,-805.7180000000001,26626.7604,6.3553,160.3926,37.908,2.0507,0.19935457335400386,0.29211883443541,0.92820763956905,1.2174192305221916,-0.0106741133178484,-0.07179236043095005,0.07066598881545505,0.02141486503773815,0.01014617341949406,0.010999740983568693
11/9/2010,-805.7180000000001,26626.7604,6.3553,160.3926,37.679,2.0507,0.19097891709074832,0.28836488921199877,0.9226003917727718,1.210064872503051,-0.006040941226126417,-0.07558881256133454,0.05499090018199637,0.02141486503773815,0.010154426498869516,0.010992885554431153
11/10/2010,-805.7180000000001,26626.7604,6.3553,160.3926,38.068000000000005,2.0507,0.2063250625851636,0.2865608264410433,0.9321253672869736,1.222557646605434,0.01032405318612506,-0.06236453201970438,0.060567225720176365,0.02141486503773815,0.010603824124101872,0.011045109220185404
11/11/2010,-805.7180000000001,26626.7604,6.3553,160.3926,38.018,2.0507,0.22095189157942063,0.31061725223199943,0.9309010773751224,1.214710205124928,-0.0013134391089629771,-0.06841460426366086,0.053597162177142055,0.02141486503773815,0.010446936029496753,0.011034988182382835
11/12/2010,-805.7180000000001,26626.7604,6.3553,160.3926,37.4,2.0507,0.19496453447504614,0.2914882740111189,0.9157688540646424,1.1949645344750461,-0.016255457940975382,-0.07473837856559706,0.015145757559307249,0.02141486503773815,0.010745685289264586,0.0109374871889461
11/15/2010,-805.7180000000001,26626.7604,6.3553,160.3926,36.900999999999996,2.0507,0.17902102370758488,0.27078407565978657,0.9035504407443681,1.1786444359269195,-0.01334224598930489,-0.07220979056143628,0.0005422846452101115,0.02141486503773815,0.010605718433553988,0.011070992637838393
11/16/2010,-805.7180000000001,26626.7604,6.3553,160.3926,36.751999999999995,2.0507,0.1653613216222214,0.2485017598376511,0.8999020568070517,1.1738852689408454,-0.0040378309530907375,-0.06659216742012508,0.008478994594297573,0.02141486503773815,0.010501538840520427,0.010978244466434944
11/17/2010,-805.7180000000001,26626.7604,6.3553,160.3926,37.121,2.0507,0.16199211168847438,0.2209666311901335,0.9089373163565132,1.1856713938929346,0.010040269917283684,-0.04830149980771692,0.013625689476271186,0.02141486503773815,0.01078386707879408,0.011032675630956617
11/18/2010,-805.7180000000001,26626.7604,6.3553,160.3926,37.819,2.0507,0.1628028532775796,0.21092116590825238,0.926028403525955,1.2079660150760188,0.018803372753966707,-0.03973694901482827,0.03127726876090775,0.02141486503773815,0.011451728955665756,0.011276531474932572
11/19/2010,-805.7180000000001,26626.7604,6.3553,160.3926,38.297,2.0507,0.16535313270243113,0.1820588503788454,0.9377326150832516,1.2232336782930877,0.012639149633781877,-0.014132729238531594,0.0592742158544004,0.02141486503773815,0.011535223839235179,0.011218693569196516
11/22/2010,-805.7180000000001,26626.7604,6.3553,160.3926,37.968,2.0507,0.17026260633707313,0.1985575144864995,0.9296767874632713,1.2127251820620928,-0.008590751233777949,-0.023607467983335684,0.036470845162699383,0.02141486503773815,0.011657064732305756,0.011171178790396204
11/23/2010,-805.7180000000001,26626.7604,6.3553,160.3926,37.898,2.0507,0.15637872639062644,0.19412321117993447,0.9279627815866798,1.2104893318001788,-0.0018436578171091567,-0.031608534559856793,0.040353574173712436,0.02141486503773815,0.011530858291079046,0.011147671453937708
11/24/2010,-805.7180000000001,26626.7604,6.3553,160.3926,38.686,2.0507,0.19202563628520375,0.21291674369877378,0.9472575905974534,1.2356586176057236,0.02079265396590846,-0.01722385936388593,0.06009371660318408,0.02141486503773815,0.012430720547307391,0.011431413670513453
11/25/2010,-805.7180000000001,26626.7604,6.3553,160.3926,38.686,2.0507,0.2144023103967856,0.226927423405324,0.9472575905974534,1.2356586176057236,0.0,-0.0102085198925419,0.08714345932274825,0.02141486503773815,0.012346073744931683,0.010942487398810707
11/26/2010,-805.7180000000001,26626.7604,6.3553,160.3926,38.826,2.0507,0.2214811552255711,0.25596174416409734,0.9506856023506366,1.2401303181295515,0.003618880215064957,-0.027453534392064438,0.08771536629780075,0.02079265396590846,0.011342666375614943,0.010944015612823375
11/29/2010,-805.7180000000001,26626.7604,6.3553,160.3926,38.676,2.0507,0.1829693521747109,0.1973144919557106,0.9470127326150832,1.2353392104254504,-0.003863390511512854,-0.011981095925405527,0.07600712219007333,0.02079265396590846,0.010576087315181549,0.010940054771796057
11/30/2010,-805.7180000000001,26626.7604,6.3553,160.3926,39.035,2.0507,0.18998262354052953,0.19757339267749874,0.9558031341821742,1.2468059281972657,0.009282242217395709,-0.00633845840545777,0.08118214048304884,0.02079265396590846,0.010758780995501805,0.010979910713611946
12/1/2010,-805.7180000000001,26626.7604,6.3553,160.3926,39.853,2.0507,0.20755688876768774,0.19152804290519043,0.9758325171400587,1.272933435543631,0.020955552709107428,0.013452344624148127,0.08349192539829287,0.020955552709107428,0.011713400994374557,0.011039061932316723
12/2/2010,-805.7180000000001,26626.7604,6.3553,160.3926,40.062,2.0507,0.21573149637362277,0.18760052195551213,0.9809500489715963,1.2796090456113451,0.005244272702180419,0.023687236489076335,0.08917405252569188,0.020955552709107428,0.01168238720895763,0.011048612947195346
12/3/2010,-805.7180000000001,26626.7604,6.3553,160.3926,39.743,2.0507,0.1894828205435175,0.16799353525679406,0.9731390793339862,1.2694199565606235,-0.007962657880285495,0.018398462524023218,0.06919372629200193,0.020955552709107428,0.011823629142638774,0.01104761200263448
12/6/2010,-805.7180000000001,26626.7604,6.3553,160.3926,39.931999999999995,2.0507,0.18912480271582144,0.14103213126470338,0.9777668952007833,1.2754567522677906,0.0047555544372592795,0.04214839366338685,0.06092085337017439,0.020955552709107428,0.011003763586856657,0.010960187058751684
12/7/2010,-805.7180000000001,26626.7604,6.3553,160.3926,39.813,2.0507,0.17131509267431588,0.11526919682259495,0.9748530852105779,1.2716558068225372,-0.002980066112390878,0.0502532446976891,0.06281366791244003,0.020955552709107428,0.010683201123893264,0.010947427806735346
12/8/2010,-805.7180000000001,26626.7604,6.3553,160.3926,39.494,2.0507,0.1438253012048194,0.09125926784059324,0.9670421155729676,1.2614667177718153,-0.008012458242282694,0.048170068207754824,0.038550541706111385,0.020955552709107428,0.010769326071138568,0.010853715346400172
12/9/2010,-805.7180000000001,26626.7604,6.3553,160.3926,39.643,2.0507,0.11998530907447158,0.07548875579161507,0.970690499510284,1.2662258847578893,0.003772724970881658,0.0413733319323315,0.029233844795804487,0.020955552709107428,0.010619036426673318,0.010748841062963282
12/10/2010,-805.7180000000001,26626.7604,6.3553,160.3926,39.683,2.0507,0.14730542384642065,0.0991673412744305,0.9716699314397649,1.267503513478983,0.0010090053729536752,0.04379504445262761,0.041876706574249134,0.020955552709107428,0.01059502428858963,0.010644899291539367
12/13/2010,-805.7180000000001,26626.7604,6.3553,160.3926,39.683,2.0507,0.13324956449724423,0.06805266013650524,0.9716699314397649,1.267503513478983,0.0,0.061042780748663095,0.03537975839486518,0.020955552709107428,0.009747078956235443,0.010621291476919353
12/14/2010,-805.7180000000001,26626.7604,6.3553,160.3926,39.683,2.0507,0.13324956449724423,0.05380243881543256,0.9716699314397649,1.267503513478983,0.0,0.07539091081542515,0.051233145248880785,0.020955552709107428,0.009047155682120027,0.01043023998835288
12/15/2010,-805.7180000000001,26626.7604,6.3553,160.3926,39.205,2.0507,0.12473821614022995,0.0543649769056429,0.959965719882468,1.2522358502619138,-0.012045460272660846,0.06674466695690029,0.03054438398654158,0.020955552709107428,0.009536517250242738,0.01051631273387522
12/16/2010,-805.7180000000001,26626.7604,6.3553,160.3926,39.135,2.0507,0.13602717060001734,0.07756393509245574,0.9582517140058765,1.2499999999999998,-0.0017854865450835922,0.05425500390614468,0.006921216487418169,0.020955552709107428,0.009456544549486467,0.010166476825830743
12/17/2010,-805.7180000000001,26626.7604,6.3553,160.3926,39.045,2.0507,0.1410327595780123,0.10520471083316285,0.9560479921645445,1.2471253353775391,-0.002299731697968488,0.032417567889156285,-0.004588910133843216,0.020955552709107428,0.008738269465887597,0.010104057962959413
12/20/2010,-805.7180000000001,26626.7604,6.3553,160.3926,39.564,2.0507,0.16159718144450963,0.12439812096300629,0.9687561214495591,1.2637025680337293,0.013292354975028786,0.03308353134710296,0.020585048754062862,0.020955552709107428,0.008780751459914495,0.010128757912787363
12/21/2010,-805.7180000000001,26626.7604,6.3553,160.3926,40.361,2.0507,0.1849970640046974,0.11473869641808565,0.988271302644466,1.2891593203015201,0.020144575877059978,0.06302675937631674,0.03980317394888688,0.020955552709107428,0.009336687157802186,0.010430327656133661
12/22/2010,-805.7180000000001,26626.7604,6.3553,160.3926,40.152,2.0507,0.14500812729917012,0.08073117175692257,0.9831537708129284,1.282483710233806,-0.005178266148014088,0.05947543405984468,0.010545390481463635,0.020955552709107428,0.009450064180224652,0.010031726341961823
12/23/2010,-805.7180000000001,26626.7604,6.3553,160.3926,39.992,2.0507,0.11385918003565054,0.07748440285204983,0.9792360430950048,1.2773731953494312,-0.003984857541343034,0.03375898257767651,0.018022604622747185,0.020955552709107428,0.008599411462712387,0.00993817454019272
12/24/2010,-805.7180000000001,26626.7604,6.3553,160.3926,39.992,2.0507,0.11603505051068796,0.07958921694480092,0.9792360430950048,1.2773731953494312,0.0,0.03375898257767651,0.004243778720839586,0.020955552709107428,0.008599411462712387,0.009789265596942986
12/27/2010,-805.7180000000001,26626.7604,6.3553,160.3926,40.291,2.0507,0.10863164846050122,0.06832127232204277,0.9865572967678745,1.2869234700396062,0.007476495299059804,0.03773244732910919,0.00271265740879012,0.020955552709107428,0.008685081910711035,0.009768602160440275
12/28/2010,-805.7180000000001,26626.7604,6.3553,160.3926,40.400999999999996,2.0507,0.11043619272737248,0.06302393975208198,0.989250734573947,1.2904369490226137,0.0027301382442728173,0.04460130313372623,0.0054502015827984085,0.020955552709107428,0.008588716692156596,0.009774251189768678
12/29/2010,-805.7180000000001,26626.7604,6.3553,160.3926,40.541,2.0507,0.10670998034505352,0.06559838392662143,0.9926787463271302,1.2949086495464415,0.0034652607608722796,0.038580760855642326,0.009436781036801012,0.020955552709107428,0.008438492286206637,0.00978287381928149
12/30/2010,-805.7180000000001,26626.7604,6.3553,160.3926,40.64,2.0507,0.15369329472548698,0.13135184238914444,0.9951028403525954,1.2980707806311484,0.002441972324313646,0.019747572328306484,0.013415789736172856,0.020144575877059978,0.0072205387518522925,0.009784474396483585
12/31/2010,-805.7180000000001,26626.7604,6.3553,160.3926,40.82,2.0507,0.1284659829154342,0.10751112708373634,0.9995102840352594,1.3038201098760698,0.00442913385826782,0.018920672956916906,0.0041820418204181475,0.020144575877059978,0.007198492567961514,0.009648609624229601
1/3/2011,-805.7180000000001,26626.7604,6.3553,160.3926,40.78,2.0507,0.12332314133818123,0.094758008979974,0.9985308521057786,1.3025424811549762,-0.000979911807937217,0.02609264524570354,0.009131177154735104,0.020144575877059978,0.006923823153196301,0.009619239232310377
1/4/2011,-805.7180000000001,26626.7604,6.3553,160.3926,40.9,2.0507,0.11926002955503257,0.09276996332986687,1.0,1.3063753673182572,0.002942618930848351,0.02424121005709723,0.005160973212091413,0.020144575877059978,0.006889144524862306,0.00958753600179827
1/5/2011,-805.7180000000001,26626.7604,6.3553,160.3926,40.63,2.0507,0.11187127141371578,0.08951343659350885,0.993398533007335,1.2977513734508752,-0.0066014669926649505,0.020520935372868143,-0.005142017629774731,0.020144575877059978,0.007041693270962463,0.009613509067555476
1/6/2011,-805.7180000000001,26626.7604,6.3553,160.3926,39.653,2.0507,0.08306019884190996,0.07871736042827493,0.9695110024449878,1.2665452919381626,-0.024046271228156613,0.00402592798906154,-0.02715897939156031,0.020144575877059978,0.008732920851660837,0.010076357808729761
1/7/2011,-805.7180000000001,26626.7604,6.3553,160.3926,39.544000000000004,2.0507,0.0922851697373146,0.09501974974449623,0.9668459657701712,1.2630637536731826,-0.0027488462411418,-0.002497288298060063,-0.026009852216748675,0.020144575877059978,0.008716496365571876,0.010070782714798415
1/10/2011,-805.7180000000001,26626.7604,6.3553,160.3926,39.444,2.0507,0.09493670886075956,0.10157117477237398,0.9644009779951102,1.2598696818704485,-0.002528828646570891,-0.006022730136330368,-0.033472188189169305,0.020144575877059978,0.008728519924403506,0.010049159245865684
1/11/2011,-805.7180000000001,26626.7604,6.3553,160.3926,39.514,2.0507,0.14869618302857646,0.1536091165440856,0.9661124694376529,1.2621055321323622,0.0017746678835817153,-0.004258750598493011,-0.022438831300561457,0.020144575877059978,0.008739658173356129,0.009985847219784103
1/12/2011,-805.7180000000001,26626.7604,6.3553,160.3926,40.071999999999996,2.0507,0.15855209899387046,0.14730542384642065,0.9797555012224938,1.2799284527916184,0.01412157716252449,0.009802686288838958,0.00751766273602672,0.020144575877059978,0.009279722681759419,0.009942748503635588
1/13/2011,-805.7180000000001,26626.7604,6.3553,160.3926,39.793,2.0507,0.1652757035345105,0.14805704413013543,0.9729339853300734,1.2710169924619903,-0.006962467558394803,0.014998086978701641,0.010641540102605651,0.020144575877059978,0.008997990482251535,0.00989938896850251
1/14/2011,-805.7180000000001,26626.7604,6.3553,160.3926,39.135,2.0507,0.13536801183672265,0.13536801183672265,0.9568459657701711,1.2499999999999998,-0.01653557158294172,0.0,0.003332906037687433,0.020144575877059978,0.009749903097623377,0.01005127990200835
1/17/2011,-805.7180000000001,26626.7604,6.3553,160.3926,39.135,2.0507,0.16504420827007227,0.1623649191747789,0.9568459657701711,1.2499999999999998,0.0,0.0023050326546292244,-0.006322364411944004,0.020144575877059978,0.009735150130450464,0.009975638912894963
1/18/2011,-805.7180000000001,26626.7604,6.3553,160.3926,39.773,2.0507,0.20549813596823574,0.19916345891552756,0.9724449877750613,1.2703781781014436,0.016302542481155147,0.0052825801233444825,0.023863460845389595,0.020144575877059978,0.009957874468180002,0.010030474613284606
1/19/2011,-805.7180000000001,26626.7604,6.3553,160.3926,39.165,2.0507,0.1532685512367491,0.18848645465253222,0.9575794621026895,1.2509582215408201,-0.015286752319412789,-0.02963256609102838,0.00717481870081782,0.016302542481155147,0.009413868557353192,0.010223373582688522
1/20/2011,-805.7180000000001,26626.7604,6.3553,160.3926,39.663000000000004,2.0507,0.16793286219081272,0.18233215547703185,0.969755501222494,1.2668646991184362,0.012715434699348993,-0.01217872086072913,0.013491759294748995,0.016302542481155147,0.009853293352430006,0.01031600897132493
1/21/2011,-805.7180000000001,26626.7604,6.3553,160.3926,39.603,2.0507,0.1978041919970963,0.20956960953331505,0.9682885085574573,1.2649482560367957,-0.0015127448755768436,-0.009726945389077701,0.00607153744538147,0.016302542481155147,0.009824766404963492,0.010293384701940456
1/24/2011,-805.7180000000001,26626.7604,6.3553,160.3926,40.152,2.0507,0.2655466952437988,0.26050367195133495,0.9817114914425429,1.282483710233806,0.01386258616771463,0.004000800160032014,0.02729947550211076,0.016302542481155147,0.010308159713356446,0.010393774563330528
1/25/2011,-805.7180000000001,26626.7604,6.3553,160.3926,40.521,2.0507,0.27838596712622654,0.2711297599141873,0.9907334963325184,1.2942698351858948,0.009190077704722022,0.00570847087438886,0.01500425830369223,0.016302542481155147,0.010374866601817726,0.010106797746954813
1/26/2011,-805.7180000000001,26626.7604,6.3553,160.3926,40.77,2.0507,0.270647634482329,0.2591472916536808,0.9968215158924206,1.302223073974703,0.006144961871622279,0.009133437291156232,0.041512325967556496,0.016302542481155147,0.010441039178880352,0.009810296750754652
1/27/2011,-805.7180000000001,26626.7604,6.3553,160.3926,40.89,2.0507,0.24387795455236794,0.2332613390928724,0.9997555012224939,1.3060559601379838,0.0029433406916850036,0.008608569102883656,0.04088178393238984,0.016302542481155147,0.010434209705948948,0.009807740478521927
1/28/2011,-805.7180000000001,26626.7604,6.3553,160.3926,40.83,2.0507,0.23197151650473735,0.22623860961921438,0.9982885085574572,1.3041395170563432,-0.0014673514306676738,0.004675196850393748,0.03829722306988104,0.016302542481155147,0.010431959579793443,0.009811370973042006
1/31/2011,-805.7180000000001,26626.7604,6.3553,160.3926,40.68,2.0507,0.20672777431698863,0.2108807214262407,0.9946210268948655,1.299348409352242,-0.0036737692872886862,-0.003429691327780482,0.03947872748179382,0.016302542481155147,0.010420438902880821,0.00980225758028707
2/1/2011,-805.7180000000001,26626.7604,6.3553,160.3926,41.647,2.0507,0.22997637330183096,0.20437093916125226,1.0,1.330235083684681,0.023770894788593955,0.021260421775380012,0.06718770019218456,0.023770894788593955,0.01164509565166147,0.01021381690949343
2/2/2011,-805.7180000000001,26626.7604,6.3553,160.3926,42.016000000000005,2.0507,0.24087418783225067,0.20791494388659193,1.0,1.3420212086367702,0.00886018200590688,0.02728606356968233,0.09653678523892806,0.023770894788593955,0.011763746482406256,0.009957342768813467
2/3/2011,-805.7180000000001,26626.7604,6.3553,160.3926,42.763999999999996,2.0507,0.24934996640275786,0.187005171053785,1.0,1.3659128657212212,0.01780274181264252,0.05252276642874709,0.1280996095810909,0.023770894788593955,0.012138545790897706,0.010041205841815556
2/4/2011,-805.7180000000001,26626.7604,6.3553,160.3926,42.824,2.0507,0.25110286599082654,0.15846212276140115,1.0,1.3678293088028617,0.0014030492937986416,0.07996872872166039,0.1365482098781814,0.023770894788593955,0.010516640594883818,0.009989145620486835
2/7/2011,-805.7180000000001,26626.7604,6.3553,160.3926,42.575,2.0507,0.23948295438004008,0.151241666424059,0.9941855034560061,1.3598760700140538,-0.005814496543993908,0.07664879627756416,0.11839340128191655,0.023770894788593955,0.010631613180826196,0.00998132190650461
2/8/2011,-805.7180000000001,26626.7604,6.3553,160.3926,43.263000000000005,2.0507,0.24756329661456822,0.13743583828363803,1.0,1.3818512840168646,0.016159718144451052,0.09682080924855496,0.13796096585827788,0.023770894788593955,0.010874392953957977,0.01013425521673296
2/9/2011,-805.7180000000001,26626.7604,6.3553,160.3926,43.312,2.0507,0.2694021101992967,0.1580890973036344,1.0,1.383416379200204,0.0011326075399300528,0.09611783165460319,0.15807486631016032,0.023770894788593955,0.010883238994642478,0.0098592280457358
2/10/2011,-805.7180000000001,26626.7604,6.3553,160.3926,43.611999999999995,2.0507,0.27226581872283284,0.16899559497068162,1.0,1.3929985946084065,0.006926486885851402,0.08834098622479525,0.18186499010866908,0.023770894788593955,0.010674326954429995,0.009666732947460377
2/11/2011,-805.7180000000001,26626.7604,6.3553,160.3926,44.13,2.0507,0.26854087616419453,0.14387144992526135,1.0,1.4095438865465695,0.01187746491791275,0.10898901816902473,0.20075097953852872,0.023770894788593955,0.010488761607143432,0.009695683584815247
2/14/2011,-805.7180000000001,26626.7604,6.3553,160.3926,43.911,2.0507,0.24267036450079238,0.10751075390536569,0.9950373895309313,1.4025488692985817,-0.004962610469068651,0.12203909543886549,0.1829153309447482,0.023770894788593955,0.009564508021006795,0.009703077588461978
2/15/2011,-805.7180000000001,26626.7604,6.3553,160.3926,43.901,2.0507,0.2452064896755164,0.11002382573179026,0.9948107863131657,1.4022294621183085,-0.00022773336977066627,0.12178356969464699,0.16081863613527592,0.023770894788593955,0.009571232150510658,0.009488023405926267
2/16/2011,-805.7180000000001,26626.7604,6.3553,160.3926,44.08,2.0507,0.24393272378372277,0.12238966023253206,0.9988669839111715,1.4079468506452022,0.0040773558688866895,0.10828954315741823,0.15100399509099938,0.023770894788593955,0.009249688239437157,0.0094001122791781
2/17/2011,-805.7180000000001,26626.7604,6.3553,160.3926,43.532,2.0507,0.23264242836108262,0.10898742779476711,0.9864491275776115,1.3904433371662193,-0.012431941923774947,0.11150261713264387,0.14654445849136088,0.023770894788593955,0.0089536587008193,0.009483832141988374
2/18/2011,-805.7180000000001,26626.7604,6.3553,160.3926,43.332,2.0507,0.21907441271627515,0.115853143902096,0.9819170632222978,1.384055193560751,-0.004594321418726399,0.09250434914151717,0.14338487519130294,0.023770894788593955,0.00901261174962847,0.009509126786782595
2/21/2011,-805.7180000000001,26626.7604,6.3553,160.3926,43.332,2.0507,0.21702008144923468,0.11228760005617211,0.9819170632222978,1.384055193560751,0.0,0.09415953336868421,0.12009512485136753,0.023770894788593955,0.008970107357431248,0.009208556719582157
2/22/2011,-805.7180000000001,26626.7604,6.3553,160.3926,42.605,2.0507,0.1962656184192053,0.1273901446019936,0.9654430092907318,1.360834291554874,-0.01677743930582487,0.06109284718071328,0.10130279687742338,0.023770894788593955,0.009796297051215834,0.00950069451231139
2/23/2011,-805.7180000000001,26626.7604,6.3553,160.3926,42.056000000000004,2.0507,0.1932134142881463,0.149662373035238,0.9530024926353955,1.3432988373578638,-0.012885811524468771,0.03788159226080312,0.08319167568124453,0.023770894788593955,0.01025814203843374,0.00966954268944803
2/24/2011,-805.7180000000001,26626.7604,6.3553,160.3926,42.315,2.0507,0.17040991314930554,0.12767605244232993,0.9588715159755268,1.351571483326945,0.006158455392809348,0.037895511405445115,0.09408935774123472,0.023770894788593955,0.010258426773307884,0.009665409532307045
2/25/2011,-805.7180000000001,26626.7604,6.3553,160.3926,42.246,2.0507,0.1554619550352827,0.11837426836606313,0.9573079537729435,1.3493675737830586,-0.0016306274370789797,0.033162142333088784,0.08225951069552973,0.023770894788593955,0.010281974125602406,0.009620906586152146
2/28/2011,-805.7180000000001,26626.7604,6.3553,160.3926,41.966,2.0507,0.15345078745567986,0.1222274139020969,0.9509630636755042,1.340424172735403,-0.0066278464233300305,0.027822679402400352,0.05301984794118386,0.023770894788593955,0.010419815429248155,0.009335438097715122
3/1/2011,-805.7180000000001,26626.7604,6.3553,160.3926,41.607,2.0507,0.15082701775737117,0.12518670133318577,0.9428280081577157,1.3289574549635874,-0.008554544154792065,0.0227876106194691,0.03856522390295036,0.023770894788593955,0.010590721988503627,0.009392690381693955
3/2/2011,-805.7180000000001,26626.7604,6.3553,160.3926,41.667,2.0507,0.17355302070130962,0.17298971975778055,0.94418762746431,1.330873898045228,0.0014420650371331778,0.0004802266669869937,0.04841104093802673,0.01780274181264252,0.009238148834082492,0.009328207434575419
3/3/2011,-805.7180000000001,26626.7604,6.3553,160.3926,41.876999999999995,2.0507,0.15608867294260542,0.15992601385859828,0.9489462950373894,1.3375814488309694,0.005039959680322337,-0.0033082635186597598,0.048707803265551464,0.01780274181264252,0.009092733873469636,0.009330224407163912
3/4/2011,-805.7180000000001,26626.7604,6.3553,160.3926,42.026,2.0507,0.1598818756382303,0.1802500482985121,0.9523226829820983,1.3423406158170434,0.0035580390190321776,-0.017257506313721693,0.055584859216838645,0.016159718144451052,0.0081738643304538,0.009323882957012062
3/7/2011,-805.7180000000001,26626.7604,6.3553,160.3926,41.797,2.0507,0.1676770498672997,0.19636820785025821,0.9471334692952639,1.3350261913887822,-0.005449007757102886,-0.023981879320007504,0.058312655086848464,0.016159718144451052,0.008218301301413574,0.009289885107467385
3/8/2011,-805.7180000000001,26626.7604,6.3553,160.3926,41.498000000000005,2.0507,0.17771597230105596,0.20828130321262361,0.9403580330840698,1.3254759166986074,-0.007153623465798842,-0.025296535525543118,0.04679262417072372,0.016159718144451052,0.00826160473276706,0.009338061887332013
3/9/2011,-805.7180000000001,26626.7604,6.3553,160.3926,41.388000000000005,2.0507,0.15981504833963855,0.2123581336696092,0.9378653976886473,1.3219624377155998,-0.002650730155670189,-0.043339574232022726,0.04296550160018153,0.01187746491791275,0.0072438714521666,0.009347923053531817
3/10/2011,-805.7180000000001,26626.7604,6.3553,160.3926,40.561,2.0507,0.1206863205592239,0.19669549360373528,0.9191253115794243,1.2955474639069884,-0.019981637189523616,-0.0635158847432582,0.022125343346017123,0.01187746491791275,0.008180109830147194,0.009704610142497582
3/11/2011,-805.7180000000001,26626.7604,6.3553,160.3926,40.84,2.0507,0.14767458198679217,0.22557257271322162,0.9254475413550872,1.304458924236617,0.0068785286358818976,-0.06356048793909919,0.02915606178968333,0.01187746491791275,0.008177180358737893,0.009738742563353373
3/14/2011,-805.7180000000001,26626.7604,6.3553,160.3926,40.551,2.0507,0.16834735507663945,0.2714647919787947,0.9188987083616588,1.2952280567267151,-0.0070763956904995595,-0.08110129163834123,0.03433235556689218,0.0068785286358818976,0.007456788812876215,0.009655238157158963
3/15/2011,-805.7180000000001,26626.7604,6.3553,160.3926,40.211999999999996,2.0507,0.1579129232895644,0.2644263994471321,0.9112168592794017,1.2844001533154463,-0.008359843160464786,-0.08423857347817187,0.02752012265235715,0.0068785286358818976,0.007515499304873734,0.0097165702474221
3/16/2011,-805.7180000000001,26626.7604,6.3553,160.3926,40.78,2.0507,0.14792399718508098,0.2357776213933851,0.9240879220484931,1.3025424811549762,0.014125136775092084,-0.07109177467483663,0.044435907286464404,0.014125136775092084,0.008481078992029491,0.0098601445336223
3/17/2011,-805.7180000000001,26626.7604,6.3553,160.3926,40.7,2.0507,0.12605135015493585,0.21956617972554238,0.9222750963063676,1.299987223712789,-0.0019617459538989745,-0.07667876588021771,0.02871297138813067,0.014125136775092084,0.00831304886648542,0.009733365002881217
3/18/2011,-805.7180000000001,26626.7604,6.3553,160.3926,40.481,2.0507,0.1255978200422645,0.21043265487709917,0.9173124858372989,1.2929922064648012,-0.005380835380835447,-0.07008637324267197,0.002973167166324009,0.014125136775092084,0.00808447500420281,0.00942877477163312
3/21/2011,-805.7180000000001,26626.7604,6.3553,160.3926,36.921,2.0507,0.011201796669588093,0.1867879053461876,0.8366417403127123,1.1792832502874664,-0.08794249153924072,-0.1479507061755747,-0.08046921697549314,0.014125136775092084,0.020147639738493376,0.014549854412522168
3/22/2011,-805.7180000000001,26626.7604,6.3553,160.3926,36.832,2.0507,0.00876424189307623,0.1867879053461876,0.8346249716745977,1.176440526383033,-0.0024105522602312357,-0.15000461552663158,-0.07901580316063206,0.014125136775092084,0.020110251818198206,0.014546385715077255
3/23/2011,-805.7180000000001,26626.7604,6.3553,160.3926,37.629,2.0507,0.020835028892325136,0.1558286535905158,0.8526852481305234,1.201897278650824,0.0216387923544743,-0.1167938035441849,-0.059086817363472655,0.0216387923544743,0.020954333761073998,0.014827872667771561
3/24/2011,-805.7180000000001,26626.7604,6.3553,160.3926,37.918,2.0507,0.038507887817703645,0.15184049079754613,0.8592340811239519,1.2111281461607255,0.007680246618299691,-0.09839261936465671,-0.058896527760541995,0.0216387923544743,0.02108080307930052,0.01482974114800651
3/25/2011,-805.7180000000001,26626.7604,6.3553,160.3926,38.287,2.0507,0.07171448565430372,0.18446466060181943,0.8675957398595059,1.2229142711128145,0.009731525924363105,-0.09519083067470158,-0.052325437489170956,0.0216387923544743,0.02118696066361576,0.014883149734917661
3/28/2011,-805.7180000000001,26626.7604,6.3553,160.3926,38.656,2.0507,0.07902302861130495,0.17923237962316807,0.8759573985950599,1.2347003960649034,0.009637736046177459,-0.0849784594991243,-0.04649613971041655,0.0216387923544743,0.021405572038808635,0.014931517674160674
3/29/2011,-805.7180000000001,26626.7604,6.3553,160.3926,39.145,2.0507,0.0833287208723088,0.16139923617645424,0.8870382959438025,1.2503194071802735,0.012650041390728672,-0.06722108373445168,-0.03678641732283461,0.0216387923544743,0.021698221140325193,0.015020645915543035
3/30/2011,-805.7180000000001,26626.7604,6.3553,160.3926,39.573,2.0507,0.0972992457852706,0.15369897959183665,0.896736913664174,1.2639900344959754,0.010933708008685539,-0.04888600475881455,-0.030548750612444886,0.0216387923544743,0.02186815376560505,0.015077182845173462
3/31/2011,-805.7180000000001,26626.7604,6.3553,160.3926,39.564,2.0507,0.1161767195170118,0.17550640410765683,0.8965329707681848,1.2637025680337293,-0.00022742779167617133,-0.05047159622723019,-0.029818538499264413,0.0216387923544743,0.021857492237907557,0.015076995375971073
4/1/2011,-805.7180000000001,26626.7604,6.3553,160.3926,39.863,2.0507,0.1297115003117384,0.186787961231083,0.9033084069793791,1.2732528427239043,0.007557375391770371,-0.04809322539818983,-0.02535452322738385,0.0216387923544743,0.021906176899412114,0.015104508449127956
4/4/2011,-805.7180000000001,26626.7604,6.3553,160.3926,39.623000000000005,2.0507,0.1321827585221591,0.20084578678172416,0.8978699297530025,1.2655870703973426,-0.006020620625642681,-0.05717888925903014,-0.024784641890228887,0.0216387923544743,0.021882077594881498,0.015100771576796207
4/5/2011,-805.7180000000001,26626.7604,6.3553,160.3926,39.005,2.0507,0.1234806152428134,0.2038999942392994,0.8838658508950827,1.2458477066564455,-0.015597001741412875,-0.06679905256358099,-0.01634176480972427,0.0216387923544743,0.02206036996884673,0.014922782994006309
4/6/2011,-805.7180000000001,26626.7604,6.3553,160.3926,38.905,2.0507,0.13927201382178112,0.21520395912032564,0.8815998187174258,1.2426536348537114,-0.002563773875144282,-0.06248493903320651,-0.016159215051588127,0.0216387923544743,0.022040348726395383,0.014922280994252371
4/7/2011,-805.7180000000001,26626.7604,6.3553,160.3926,38.905,2.0507,0.10913133962425525,0.17991846509108544,0.8815998187174258,1.2426536348537114,0.0,-0.05999323475403506,-0.013664942703579763,0.0216387923544743,0.022048989640461338,0.014919166870911195
4/8/2011,-805.7180000000001,26626.7604,6.3553,160.3926,38.876,2.0507,0.10299041025931999,0.1507972535890596,0.8809426693859052,1.2417273540309184,-0.0007454054748747829,-0.04154236828480562,-0.016146176038872473,0.0216387923544743,0.021691800311607348,0.01491742372476402
4/11/2011,-805.7180000000001,26626.7604,6.3553,160.3926,38.646,2.0507,0.08297604035308948,0.14445845593386575,0.8757307953772944,1.23438098888463,-0.005916246527420399,-0.05372184133202751,-0.035585945298462596,0.0216387923544743,0.02161589454385387,0.014821640498570585
4/12/2011,-805.7180000000001,26626.7604,6.3553,160.3926,38.437,2.0507,0.07802552236712934,0.1373159444678167,0.8709947881259913,1.2277053788169157,-0.005408062930186919,-0.05213188330744012,-0.03407634508581914,0.0216387923544743,0.021600880744058314,0.014811937509175874
4/13/2011,-805.7180000000001,26626.7604,6.3553,160.3926,38.866,2.0507,0.08883597142456923,0.1265443339403276,0.8807160661681396,1.2414079468506451,0.011161120795067259,-0.03347259524520041,-0.006873642519483747,0.0216387923544743,0.021747200374093535,0.014737300635257484
4/14/2011,-805.7180000000001,26626.7604,6.3553,160.3926,38.676,2.0507,0.10166063747970489,0.1615917053579059,0.8764106050305914,1.2353392104254504,-0.004888591571038936,-0.05159391858754292,-0.011728631659639555,0.0216387923544743,0.021463175427000335,0.014750170870904173
4/15/2011,-805.7180000000001,26626.7604,6.3553,160.3926,39.035,2.0507,0.12661625490648798,0.1746709766797505,0.8845456605483797,1.2468059281972657,0.009282242217395709,-0.040909090909091006,-0.018555301335076768,0.0216387923544743,0.021611487257689525,0.014650618276030128
4/18/2011,-805.7180000000001,26626.7604,6.3553,160.3926,38.516999999999996,2.0507,0.08817380494971161,0.14366030059893786,0.8728076138681168,1.2302606362591029,-0.013270142180094813,-0.04851658802895198,-0.01654538490999624,0.0216387923544743,0.021745845238709233,0.014619266731826007
4/19/2011,-805.7180000000001,26626.7604,6.3553,160.3926,38.866,2.0507,0.10208132478874843,0.0469290534792719,0.8807160661681396,1.2414079468506451,0.00906093413298037,0.05268004658595382,-0.020094294430577753,0.0216387923544743,0.009409820708982606,0.014574552547761962
4/20/2011,-805.7180000000001,26626.7604,6.3553,160.3926,39.025,2.0507,0.09329037680347385,0.03185320072839337,0.884319057330614,1.2464865210169922,0.004090979262080019,0.059540616854908635,-0.014594853925207762,0.0216387923544743,0.009347277477104406,0.014583594980390843
4/21/2011,-805.7180000000001,26626.7604,6.3553,160.3926,40.102,2.0507,0.1580801663393785,0.08666397135266246,0.908724223883979,1.2808866743324387,0.027597693786034494,0.06572058784448154,-0.0012452679816697954,0.027597693786034494,0.010014423840497442,0.014895408153002708
4/22/2011,-805.7180000000001,26626.7604,6.3553,160.3926,40.102,2.0507,0.1941871891843603,0.12915041243560355,0.908724223883979,1.2808866743324387,0.0,0.057597974576718114,-0.01034031736630403,0.027597693786034494,0.009978320199145985,0.014849812193996269
4/25/2011,-805.7180000000001,26626.7604,6.3553,160.3926,40.062,2.0507,0.2246133154001344,0.17035519960873025,0.9078178110129163,1.2796090456113451,-0.0009974564859607238,0.04636038341995974,-0.01736571008094201,0.027597693786034494,0.009875370616094644,0.014828981490429605
4/26/2011,-805.7180000000001,26626.7604,6.3553,160.3926,39.883,2.0507,0.2277736731929565,0.19000123137544622,0.9037616134149105,1.2738916570844512,-0.0044680744845487785,0.03174151490066235,-0.024627048178038624,0.027597693786034494,0.009824233895841668,0.014833312361125518
4/27/2011,-805.7180000000001,26626.7604,6.3553,160.3926,40.022,2.0507,0.18826638163950005,0.1622279623526619,0.9069113981418535,1.2783314168902515,0.003485194193014518,0.022403882999105784,-0.019789370560862163,0.027597693786034494,0.009504124298111573,0.014840060983780151
4/28/2011,-805.7180000000001,26626.7604,6.3553,160.3926,39.743,2.0507,0.1926955164756019,0.1875937818858413,0.9005891683661907,1.2694199565606235,-0.0069711658587775505,0.0042958582872161255,-0.023033431661750203,0.027597693786034494,0.009379995547011126,0.014858295092682338
4/29/2011,-805.7180000000001,26626.7604,6.3553,160.3926,38.516999999999996,2.0507,0.13251984710379294,0.163304910320494,0.8728076138681168,1.2302606362591029,-0.03084819968296315,-0.026463451622687373,-0.07515547338343709,0.027597693786034494,0.011579398524349147,0.015026180638909575
5/2/2011,-805.7180000000001,26626.7604,6.3553,160.3926,37.859,2.0507,0.10734446751879267,0.16595981163532136,0.8578971221391344,1.2092436437971126,-0.017083365786535687,-0.050272182224117556,-0.09893849961919277,0.027597693786034494,0.011890580595204597,0.015103430229706005
5/3/2011,-805.7180000000001,26626.7604,6.3553,160.3926,37.898,2.0507,0.11859504132231402,0.16951003541912635,0.8587808746884206,1.2104893318001788,0.0010301381441666368,-0.0435353203947203,-0.11378729772705998,0.027597693786034494,0.011882353108618791,0.014903541581114586
5/4/2011,-805.7180000000001,26626.7604,6.3553,160.3926,37.669000000000004,2.0507,0.11216415707115468,0.15160909359315045,0.8535916610015862,1.2031749073719178,-0.006042535226133294,-0.034252018971926645,-0.12037642443489616,0.027597693786034494,0.011514941613636615,0.014907232097410099
5/5/2011,-805.7180000000001,26626.7604,6.3553,160.3926,37.968,2.0507,0.1340163077566381,0.16200232967951966,0.8603670972127805,1.2127251820620928,0.007937561390002346,-0.024084307929571946,-0.10820904286553135,0.027597693786034494,0.011697344128709685,0.014949921283497371
5/6/2011,-805.7180000000001,26626.7604,6.3553,160.3926,38.236999999999995,2.0507,0.16775592474957235,0.18815660884436847,0.8664627237706773,1.2213172352114472,0.007084913611462129,-0.017170029559182787,-0.11617317338141164,0.027597693786034494,0.01183190132161062,0.01481817864115079
5/9/2011,-805.7180000000001,26626.7604,6.3553,160.3926,38.775999999999996,2.0507,0.23853328222818426,0.24172735403091838,0.8786766372082482,1.2283714005131943,0.014096294165337309,-0.002572281098878526,-0.10472848171407467,0.027597693786034494,0.01226789481962081,0.014949642776154622
5/10/2011,-805.7180000000001,26626.7604,6.3553,160.3926,39.254,2.0507,0.22876103424528904,0.20972891754836298,0.8895082710174483,1.24351379605284,0.012327212708892032,0.015732546705997885,-0.09992662569934874,0.027597693786034494,0.01247595245932659,0.015014904604089488
5/11/2011,-805.7180000000001,26626.7604,6.3553,160.3926,39.075,2.0507,0.23784331738841225,0.21763233756771316,0.8854520734194425,1.2285417845689495,-0.0045600448361948764,0.016598589900356675,-0.11454792658055746,0.027597693786034494,0.012456149411580334,0.014920242618613794
5/12/2011,-805.7180000000001,26626.7604,6.3553,160.3926,39.035,2.0507,0.2272841602213418,0.22197069735270092,0.8845456605483797,1.2196150721739674,-0.0010236724248242624,0.004348273555292437,-0.11104279110018,0.027597693786034494,0.012234045487334332,0.01491509605190706
5/13/2011,-805.7180000000001,26626.7604,6.3553,160.3926,38.547,2.0507,0.19581200558399248,0.19981386691484415,0.8734874235214138,1.204367931012935,-0.012501601127193562,-0.003335401799565707,-0.1219562196760895,0.027597693786034494,0.012504605959531012,0.014974887558028078
5/16/2011,-805.7180000000001,26626.7604,6.3553,160.3926,38.596,2.0507,0.14729050860557047,0.1603400612348027,0.8745977792884657,1.205898893957383,0.0012711754481542492,-0.011246317407454853,-0.12441016333938304,0.027597693786034494,0.012325482578513578,0.014960842306555843
5/17/2011,-805.7180000000001,26626.7604,6.3553,160.3926,38.357,2.0507,0.16469802325934468,0.16955637202805685,0.8691819623838658,1.198431544085484,-0.006192351539019536,-0.004154009917698542,-0.11887806670954693,0.027597693786034494,0.012051574045468331,0.014911190965896111
5/18/2011,-805.7180000000001,26626.7604,6.3553,160.3926,38.885999999999996,2.0507,0.1807609388758995,0.18015364527981048,0.8811692726036708,1.2149596950571766,0.013791485256928304,0.0005145885864250577,-0.10260315702021616,0.027597693786034494,0.012274092534275626,0.01503687508150886
5/19/2011,-805.7180000000001,26626.7604,6.3553,160.3926,38.866,2.0507,0.21433481222270823,0.21930263075673295,0.8807160661681396,1.2105902507397603,-0.0005143239212054285,-0.00407431133888525,-0.10306470968337489,0.027597693786034494,0.012240247609981702,0.015036130940348905
5/20/2011,-805.7180000000001,26626.7604,6.3553,160.3926,39.185,2.0507,0.18444518332678417,0.21216334673397208,0.8879447088148652,1.2205263977573588,0.008207687953481368,-0.02286668994065122,-0.08027226851308522,0.014096294165337309,0.01067599351717037,0.01495893039671175
5/23/2011,-805.7180000000001,26626.7604,6.3553,160.3926,39.185,2.0507,0.14579373665896678,0.17260738618088256,0.8879447088148652,1.2205263977573588,0.0,-0.02286668994065122,-0.06826612136199361,0.014096294165337309,0.01067599351717037,0.014884668890584948
5/24/2011,-805.7180000000001,26626.7604,6.3553,160.3926,39.215,2.0507,0.19982254314037462,0.22573736384775422,0.8886245184681623,1.2214608316461613,0.0007655990812811542,-0.021142229544206304,-0.07326007326007311,0.014096294165337309,0.01068332609743118,0.014858268324521837
5/25/2011,-805.7180000000001,26626.7604,6.3553,160.3926,39.08,2.0507,0.2089713843774168,0.23381283836040212,0.8855653750283253,1.2172558791465504,-0.0034425602448043824,-0.0201338916330267,-0.074942006343796,0.014096294165337309,0.010668833732126988,0.014861076132784763
5/26/2011,-805.7180000000001,26626.7604,6.3553,160.3926,39.234,2.0507,0.21977304523550445,0.24427172392351926,0.8890550645819171,1.222052639775736,0.0039406345957011535,-0.01968917095597411,-0.06510031930610494,0.014096294165337309,0.01067868076563974,0.014857586796644206
5/27/2011,-805.7180000000001,26626.7604,6.3553,160.3926,39.135,2.0507,0.21896900794268803,0.2379068680890828,0.8868116927260367,1.1811843534951105,-0.0025233216088087485,-0.015298291523035634,-0.059413079529886836,0.014096294165337309,0.010595860700871273,0.014827233427641539
5/30/2011,-805.7180000000001,26626.7604,6.3553,160.3926,39.135,2.0507,0.15544729849424277,0.1372010628875111,0.8868116927260367,1.1811843534951105,0.0,0.0160448633071113,-0.06076751385988921,0.014096294165337309,0.008032653500639506,0.014824735416475202
5/31/2011,-805.7180000000001,26626.7604,6.3553,160.3926,39.175,2.0507,0.12387755687523305,0.08612330378403188,0.8877181055970994,1.182391645539056,0.0010221029768748835,0.034760558915977624,-0.0645222914726461,0.014096294165337309,0.0069119228399764174,0.014807477628418057
6/1/2011,-805.7180000000001,26626.7604,6.3553,160.3926,38.576,2.0507,0.11820975128992961,0.09855643805437997,0.8741445728529345,1.1643124471809732,-0.01529036375239301,0.01789012612802776,-0.08209203826202838,0.014096294165337309,0.007840406264242462,0.014905088628571494
6/2/2011,-805.7180000000001,26626.7604,6.3553,160.3926,38.705999999999996,2.0507,0.0907400101448459,0.06151721805782584,0.8770904146838884,1.1682361463237956,0.0033699709664039013,0.027529268098436255,-0.07395267602938016,0.014096294165337309,0.0076928931265882045,0.01490638795041216
6/3/2011,-805.7180000000001,26626.7604,6.3553,160.3926,38.098,2.0507,0.08030397550048218,0.0766177054386663,0.8633129390437343,1.1498853072558253,-0.015708158941766026,0.0034239359460597196,-0.08193165935707758,0.014096294165337309,0.008376329428167286,0.015001031152848319
6/6/2011,-805.7180000000001,26626.7604,6.3553,160.3926,37.23,2.0507,0.06471816283924836,0.09351674435896684,0.8436437797416723,1.1236870699022092,-0.022783348207255028,-0.026335748097392475,-0.10046390258045834,0.014096294165337309,0.009595266907849913,0.015244010345747945
6/7/2011,-805.7180000000001,26626.7604,6.3553,160.3926,37.5,2.0507,0.06395051920785333,0.10015320887476586,0.849762066621346,1.131836291198841,0.00725221595487513,-0.032906952754280905,-0.07546658119868843,0.013791485256928304,0.009154940777135093,0.015098671658890886
6/8/2011,-805.7180000000001,26626.7604,6.3553,160.3926,36.971,2.0507,0.055198789850729124,0.1203584781802094,0.8377747564015408,1.1158698539176626,-0.014106666666666712,-0.05815967799459931,-0.09473555337904027,0.013791485256928304,0.008966529333042175,0.015150562896886032
6/9/2011,-805.7180000000001,26626.7604,6.3553,160.3926,37.041,2.0507,0.07278151065801652,0.1316902224281744,0.8393609789259007,1.117982614994567,0.001893375889210569,-0.05205374280230346,-0.0865576681216248,0.013791485256928304,0.0090140402479792,0.015139091582988791
6/10/2011,-805.7180000000001,26626.7604,6.3553,160.3926,36.692,2.0507,0.04933222752881283,0.11633826178968731,0.8314525266258781,1.1074489919111434,-0.009421991846872313,-0.06002305623158699,-0.08753605888789406,0.013791485256928304,0.009130653096807995,0.015147647488926434
6/13/2011,-805.7180000000001,26626.7604,6.3553,160.3926,37.031,2.0507,0.07902328156414806,0.12319706285148158,0.839134375708135,1.117680791983581,0.009239071187179704,-0.03932861182452585,-0.09193231976459049,0.013791485256928304,0.009220035804280326,0.015079562697528545
6/14/2011,-805.7180000000001,26626.7604,6.3553,160.3926,36.772,2.0507,0.060996018235327965,0.11362455998615029,0.8332653523680036,1.1098635759990343,-0.006994140044827346,-0.047258783293605555,-0.09651105651105663,0.013791485256928304,0.009255672818453206,0.015095831592719433
6/15/2011,-805.7180000000001,26626.7604,6.3553,160.3926,36.473,2.0507,0.03950180978710072,0.09319691053666612,0.8264899161568093,1.1008390679705422,-0.008131186772544319,-0.04911750136872017,-0.09900941182283052,0.013791485256928304,0.009306372950659014,0.015111223189313728
6/16/2011,-805.7180000000001,26626.7604,6.3553,160.3926,36.681999999999995,2.0507,0.08015312131919883,0.14505300353356865,0.8312259234081122,1.1071471689001569,0.005730266224330149,-0.05667849611685438,-0.006473280788711122,0.009239071187179704,0.008757156611585755,0.010321717559224706
6/17/2011,-805.7180000000001,26626.7604,6.3553,160.3926,36.571999999999996,2.0507,0.07850191683869068,0.14615157770569165,0.8287332880126896,1.103827115779307,-0.0029987459789542203,-0.059023310862965195,-0.00705907906168568,0.009239071187179704,0.008742384821564355,0.010324152436275328
6/20/2011,-805.7180000000001,26626.7604,6.3553,160.3926,36.871,2.0507,0.10551091388822287,0.17489206044615035,0.835508724223884,1.1128516238077992,0.008175653505414049,-0.05905320913614909,-0.020144037843152773,0.009239071187179704,0.008740360334597382,0.01000207870374359
6/21/2011,-805.7180000000001,26626.7604,6.3553,160.3926,37.48,2.0507,0.13123264517686817,0.18269346855004232,0.8493088601858145,1.1312326451768682,0.016517045916845108,-0.043511547786142746,-0.011551242154122066,0.016517045916845108,0.00970077587719609,0.010175873071755066
6/22/2011,-805.7180000000001,26626.7604,6.3553,160.3926,38.088,2.0507,0.14958348424483892,0.1835989375830016,0.8630863358259687,1.14029100053889,0.016221985058697985,-0.028739002932551383,-0.005197586648209573,0.016517045916845108,0.010481691415699263,0.010309338541207231
6/23/2011,-805.7180000000001,26626.7604,6.3553,160.3926,38.417,2.0507,0.1501407101371175,0.16998982096880422,0.87054158169046,1.1329106458271898,0.008637891199327896,-0.01696519959058329,-0.006182740066225101,0.016517045916845108,0.010689686827710237,0.010294974763746082
6/24/2011,-805.7180000000001,26626.7604,6.3553,160.3926,38.227,2.0507,0.0916697604020904,0.12042722106405468,0.8662361205529118,1.1273075788852847,-0.004945727152042223,-0.025666513738084484,-0.023451270915825884,0.016517045916845108,0.010670178114454637,0.010183050908211356
6/27/2011,-805.7180000000001,26626.7604,6.3553,160.3926,38.387,2.0507,0.0793476732742866,0.10037958667229008,0.8698617720371629,1.1320259510468889,0.004185523321212914,-0.019113325667560965,-0.02996992899198947,0.016517045916845108,0.01072831771257476,0.010097842085289764
6/28/2011,-805.7180000000001,26626.7604,6.3553,160.3926,38.098,2.0507,0.08091698348748788,0.11033876184531555,0.8633129390437343,1.1235033913299912,-0.007528590408211189,-0.026498019675482265,-0.03705388737235871,0.016517045916845108,0.010823385667790723,0.01013726975357683
6/29/2011,-805.7180000000001,26626.7604,6.3553,160.3926,38.178000000000004,2.0507,0.11212094730402877,0.14116344781380175,0.86512576478586,1.1258625774107935,0.0020998477610374433,-0.02544990427568583,-0.042269773975867175,0.016517045916845108,0.010837105462430828,0.010090093162419876
6/30/2011,-805.7180000000001,26626.7604,6.3553,160.3926,38.078,2.0507,0.0955175786869209,0.10984521548995918,0.862859732608203,1.1229135948097908,-0.0026193095500026686,-0.01290958108668594,-0.038992504353532076,0.016517045916845108,0.010353614857627456,0.010069891579197857
7/1/2011,-805.7180000000001,26626.7604,6.3553,160.3926,39.215,2.0507,0.12148597248834636,0.10692939056825002,0.8886245184681623,1.156443526983191,0.029859761542097907,0.013150415956182604,0.005383925137802947,0.029859761542097907,0.012289915388282696,0.010591643034168739
7/4/2011,-805.7180000000001,26626.7604,6.3553,160.3926,39.215,2.0507,0.1266088255573432,0.09451850149390939,0.8886245184681623,1.156443526983191,0.0,0.02931912436348383,0.007968127490039834,0.029859761542097907,0.011705853762933238,0.010586009220647426
7/5/2011,-805.7180000000001,26626.7604,6.3553,160.3926,38.955,2.0507,0.14877617222058404,0.09790622235328805,0.8827328348062542,1.1390683938126847,-0.006630116027030564,0.04633360193392422,0.0012851818532322312,0.029859761542097907,0.01050334538296869,0.010620738207363057
7/6/2011,-805.7180000000001,26626.7604,6.3553,160.3926,39.354,2.0507,0.1507354016199305,0.09652329015468286,0.8917743031951053,1.1168691111363378,0.010242587601078101,0.04943999999999993,0.012295503652639095,0.029859761542097907,0.010594976475771806,0.010696981838702645
7/7/2011,-805.7180000000001,26626.7604,6.3553,160.3926,39.763000000000005,2.0507,0.1108534711551894,0.032853750523816005,0.9010423748017222,1.1284765580656149,0.010392844437668414,0.07551864975250888,0.028903379392434037,0.029859761542097907,0.010025405800226582,0.010742588881932354
7/8/2011,-805.7180000000001,26626.7604,6.3553,160.3926,39.494,2.0507,0.116406603346902,0.047065807327001385,0.894946748243825,1.1208423203541833,-0.006765083117471149,0.06622391404119776,0.02749954470952476,0.029859761542097907,0.010270704199864786,0.010755997010976572
7/11/2011,-805.7180000000001,26626.7604,6.3553,160.3926,39.085,2.0507,0.09466461279932781,0.027643187228679533,0.8856786766372082,1.1092348734249065,-0.010356003443561024,0.06521857625640459,0.005634745021355414,0.029859761542097907,0.01032953147466999,0.010753231232160234
7/12/2011,-805.7180000000001,26626.7604,6.3553,160.3926,39.284,2.0507,0.08181642937790867,0.019772533252554014,0.8901880806707454,1.1148825065274153,0.00509146731482657,0.06084091706948236,0.015720343365394518,0.029859761542097907,0.010244852949443658,0.010751377133788435
7/13/2011,-805.7180000000001,26626.7604,6.3553,160.3926,39.065,2.0507,0.08713196415650915,0.02332053208660323,0.8852254702016767,1.1086672721080713,-0.00557478871805317,0.06235722832590018,0.0007685410529012504,0.029859761542097907,0.010181033503822315,0.010714154912810641
7/14/2011,-805.7180000000001,26626.7604,6.3553,160.3926,37.948,2.0507,0.07209854220815903,0.03042716691151548,0.859913890777249,1.0769667385628336,-0.028593370024318387,0.04044087407123076,-0.014772697769815823,0.029859761542097907,0.012092664131985594,0.01118541296613499
7/15/2011,-805.7180000000001,26626.7604,6.3553,160.3926,38.118,2.0507,0.07598938632642693,0.03545418619093299,0.8637661454792658,1.0817913497559315,0.0044798144829767406,0.03914726568889404,-0.019245613132300665,0.029859761542097907,0.012076234113588491,0.011139200228456337
7/18/2011,-805.7180000000001,26626.7604,6.3553,160.3926,37.161,2.0507,0.05463162674537414,0.037915767964581626,0.842080217539089,1.0495678698525674,-0.025106249016212834,0.016105217105982783,-0.047764253683536095,0.029859761542097907,0.01341409626366547,0.011555397607137077
7/19/2011,-805.7180000000001,26626.7604,6.3553,160.3926,37.36,2.0507,0.035648943837667035,0.02209347452458843,0.8465896215726263,1.0551883861492402,0.0053550765587577764,0.013262455588402666,-0.06837564211261282,0.029859761542097907,0.013351018379044488,0.011003124071186322
7/20/2011,-805.7180000000001,26626.7604,6.3553,160.3926,37.799,2.0507,0.02046381037229028,0.011851731864690462,0.8565375028325402,1.0675874145625035,0.011750535331905843,0.008511205976520886,-0.05742855717919304,0.029859761542097907,0.01310718783244537,0.011120415119214492
7/21/2011,-805.7180000000001,26626.7604,6.3553,160.3926,38.068000000000005,2.0507,0.05968154993875974,0.06023828081505411,0.8626331293904375,1.0751849968931821,0.007116590385989108,-0.0005250997689559833,-0.04977285207927695,0.029859761542097907,0.012705030691231035,0.01116589523345514
7/22/2011,-805.7180000000001,26626.7604,6.3553,160.3926,38.188,2.0507,0.04418680958110044,0.050448430493273744,0.8653523680036257,1.0785742529514772,0.0031522538615109674,-0.005960902725355988,-0.042499310483163244,0.029859761542097907,0.012575407643317141,0.011166226330191374
7/25/2011,-805.7180000000001,26626.7604,6.3553,160.3926,37.679,2.0507,0.0324993834434002,0.04751596196530827,0.8538182642193519,1.0641981585042084,-0.013328794385670917,-0.014335417375153536,-0.058542801459197324,0.029859761542097907,0.012863048549120182,0.011266827296550052
7/26/2011,-805.7180000000001,26626.7604,6.3553,160.3926,37.988,2.0507,0.05863337420577408,0.06975253594916953,0.8608203036483117,1.0729254928543186,0.008200854587435913,-0.010394143850782855,-0.04415871977455155,0.029859761542097907,0.012967292925886319,0.011296951766133406
7/27/2011,-805.7180000000001,26626.7604,6.3553,160.3926,37.32,2.0507,0.031138617964799664,0.052634487331804314,0.8456832087015635,1.0540586341298086,-0.017584500368537426,-0.020421019476087987,-0.031077186696783166,0.029859761542097907,0.01342077354424368,0.010839487080801383
7/28/2011,-805.7180000000001,26626.7604,6.3553,160.3926,37.968,2.0507,0.04615215055244826,0.05193839032320291,0.8603670972127805,1.0723606168446027,0.017363344051447127,-0.005500550055005493,0.0028791040439526405,0.029859761542097907,0.01399228112384972,0.010855346574039401
7/29/2011,-805.7180000000001,26626.7604,6.3553,160.3926,38.058,2.0507,0.07490255888832409,0.07546743489803998,0.8624065261726716,1.0694955739777996,0.002370417193426011,-0.0005252376700457528,0.004221858673280732,0.029859761542097907,0.013990960645324572,0.010858504298953986
8/1/2011,-805.7180000000001,26626.7604,6.3553,160.3926,38.287,2.0507,0.07201455970880577,0.0979980400391991,0.8675957398595059,1.0759308697484895,0.006017131746282045,-0.02366441412724729,0.016406063341208865,0.017363344051447127,0.012320171031906692,0.010854322161945974
8/2/2011,-805.7180000000001,26626.7604,6.3553,160.3926,37.28,2.0507,0.03861369588232022,0.09252242714659853,0.8447767958305008,1.0476324293944077,-0.0263013555514926,-0.04934336350886148,-0.018120522545301387,0.017363344051447127,0.013487824171863255,0.011314013697799823
8/3/2011,-805.7180000000001,26626.7604,6.3553,160.3926,38.856,2.0507,0.07682075157964752,0.0795643498503491,0.8804894629503739,1.0919207531263173,0.042274678111587916,-0.0025413939160569,0.016188508512697375,0.042274678111587916,0.01657496276287942,0.012488513379931218
8/4/2011,-805.7180000000001,26626.7604,6.3553,160.3926,36.193000000000005,2.0507,-0.017615764616470186,0.06818305195157692,0.8201450260593701,1.017085850779823,-0.06853510397364615,-0.08032220358794517,-0.06661336909428495,0.042274678111587916,0.022127696296651296,0.015088164231746163
8/5/2011,-805.7180000000001,26626.7604,6.3553,160.3926,35.476,2.0507,-0.038095496326021605,0.07814321737480023,0.8038975753455698,1.0,-0.019810460586301426,-0.10781379674571856,-0.09624496866561372,0.042274678111587916,0.022144599279275656,0.015174029237611365
8/8/2011,-805.7180000000001,26626.7604,6.3553,160.3926,32.724000000000004,2.0507,-0.10204977636308754,0.08371978157670878,0.7415363698164514,1.0,-0.07757357086480987,-0.17141844330784417,-0.16253358925143946,0.042274678111587916,0.027209560701013425,0.01794714813699668
8/9/2011,-805.7180000000001,26626.7604,6.3553,160.3926,33.88,2.0507,-0.07487302714215494,0.06725465567145439,0.7677317017901655,1.035325754797702,0.03532575479770195,-0.13317129333503896,-0.13206097092352997,0.042274678111587916,0.028835598162588592,0.018573605304002413
8/10/2011,-805.7180000000001,26626.7604,6.3553,160.3926,32.873000000000005,2.0507,-0.10359402268760887,0.07122600349040153,0.7449127577611603,1.004553233101088,-0.029722550177095575,-0.16319621219835034,-0.1471969284250394,0.042274678111587916,0.029142435259411972,0.018854172723725006
8/11/2011,-805.7180000000001,26626.7604,6.3553,160.3926,33.631,2.0507,-0.06978480942634291,0.08051667865243117,0.7620892816677997,1.0277166605549444,0.0230584370151794,-0.13910149750415968,-0.12864027360348218,0.042274678111587916,0.029922658316566986,0.01911952873392421
8/12/2011,-805.7180000000001,26626.7604,6.3553,160.3926,34.598,2.0507,-0.05552522384800174,0.03592487442673087,0.7840018128257421,1.0572668377948904,0.028753233623739938,-0.08827869716454095,-0.09800036499204845,0.042274678111587916,0.030434351012354845,0.019499080112563336
8/15/2011,-805.7180000000001,26626.7604,6.3553,160.3926,35.635,2.0507,-0.021768968925002907,0.04639288459426805,0.8075005665080444,1.0889561178340055,0.02997283079946822,-0.06513982895220116,-0.08360335339196623,0.042274678111587916,0.03128357776556285,0.019807154691348323
8/16/2011,-805.7180000000001,26626.7604,6.3553,160.3926,35.555,2.0507,-0.025703559586770175,0.018304880388019695,0.8056877407659189,1.0865114289206697,-0.0022449838641783737,-0.04321735152444772,-0.08519014048268414,0.042274678111587916,0.030860755781957693,0.0198074052057534
8/17/2011,-805.7180000000001,26626.7604,6.3553,160.3926,35.854,2.0507,0.007559364900941334,0.04988056765491078,0.812463176977113,1.0956484537342621,0.008409506398537436,-0.040310492505353346,-0.0850070179915785,0.042274678111587916,0.03090253037821536,0.019808970085718254
8/18/2011,-805.7180000000001,26626.7604,6.3553,160.3926,34.299,2.0507,-0.03910911892421909,0.0589438296680207,0.7772263766145479,1.048129812981298,-0.04337033524850786,-0.09259504219688353,-0.12469057037131559,0.042274678111587916,0.03204142377806577,0.020507461622445364
8/19/2011,-805.7180000000001,26626.7604,6.3553,160.3926,33.88,2.0507,-0.05742265746717112,0.05909192076563552,0.7677317017901655,1.035325754797702,-0.012216099594740237,-0.11001365976673327,-0.13604488078541377,0.042274678111587916,0.031980198212109706,0.02054542195459965
8/22/2011,-805.7180000000001,26626.7604,6.3553,160.3926,33.791,2.0507,-0.06406492355417692,0.05772213605140708,0.7657149331520506,1.0326060383816158,-0.0026269185360096037,-0.11514088195244598,-0.13533776867963154,0.042274678111587916,0.03193102642430657,0.02054482369354169
8/23/2011,-805.7180000000001,26626.7604,6.3553,160.3926,35.535,2.0507,-0.03390245228644451,0.02438692838888601,0.8052345343303874,1.0859002566923357,0.05161137581012687,-0.056901722444863356,-0.09428047102003378,0.05161137581012687,0.03418120271063967,0.021620383605083723
8/24/2011,-805.7180000000001,26626.7604,6.3553,160.3926,35.874,2.0507,-0.02468598771138042,0.03278777662987342,0.8129163834126445,1.0962596259625963,0.009539890249050442,-0.05564915236390433,-0.08332694518972772,0.05161137581012687,0.034202857235805156,0.021663086409105033
8/25/2011,-805.7180000000001,26626.7604,6.3553,160.3926,35.016999999999996,2.0507,-0.057948400634903696,0.004008501250975183,0.7934964876501245,1.0700708959784866,-0.023889167642303755,-0.061709539121114765,-0.10522550146927312,0.05161137581012687,0.034372299922552856,0.021850971361903348
8/26/2011,-805.7180000000001,26626.7604,6.3553,160.3926,35.505,2.0507,-0.05669651159701372,0.008740933606100176,0.8045547246770904,1.084983498349835,0.013936088185738438,-0.06487041719342601,-0.09368219527760036,0.05161137581012687,0.0342815030306098,0.021935659932243435
8/29/2011,-805.7180000000001,26626.7604,6.3553,160.3926,36.253,2.0507,-0.0322210357714896,0.015963694607581402,0.8215046453659641,1.1078413396895244,0.02106745528798748,-0.04742761048925326,-0.06021878888428034,0.05161137581012687,0.034658314864835435,0.022040205952256586
8/30/2011,-805.7180000000001,26626.7604,6.3553,160.3926,36.173,2.0507,-0.04877984642894706,0.006810771010834049,0.8196918196238386,1.1053966507761888,-0.0022067139271232383,-0.05521456369002531,-0.06544205032811434,0.05161137581012687,0.03461283649744865,0.02203461920306812
8/31/2011,-805.7180000000001,26626.7604,6.3553,160.3926,37.679,2.0507,-0.021756626943946644,-0.03211568917620777,0.8538182642193519,1.1514179195697347,0.04163326237801668,0.010702789699570836,-0.010997952648432952,0.05161137581012687,0.035405503095592025,0.022587555760329437
9/1/2011,-805.7180000000001,26626.7604,6.3553,160.3926,38.306999999999995,2.0507,0.005749842470069266,0.020163831127914422,0.8680489462950373,1.1706087275394204,0.016667108999707914,-0.014129092032118762,0.028928283642223995,0.05161137581012687,0.03434199081508068,0.022490158784034993
9/2/2011,-805.7180000000001,26626.7604,6.3553,160.3926,37.29,2.0507,-0.0270566441412059,-0.055678764317582785,0.8450033990482664,1.1395306197286394,-0.02654867256637161,0.030309728400519376,-0.005600000000000049,0.05161137581012687,0.031241121490970476,0.022733309440727992
9/5/2011,-805.7180000000001,26626.7604,6.3553,160.3926,37.29,2.0507,-0.012159262497019818,-0.060213515589817024,0.8450033990482664,1.1395306197286394,0.0,0.05113316044649907,0.008628384409401946,0.05161137581012687,0.0308496230586689,0.0226597907296284
9/6/2011,-805.7180000000001,26626.7604,6.3553,160.3926,36.941,2.0507,-0.028967221302210522,-0.13981547196593314,0.8370949467482438,1.128865664344212,-0.009359077500670332,0.1288656643442121,-0.002699711130908833,0.05161137581012687,0.024995293991083977,0.022692092831094843
9/7/2011,-805.7180000000001,26626.7604,6.3553,160.3926,37.749,2.0507,-0.028739772551844678,-0.12828693459579055,0.8554044867437117,1.1535570223689036,0.02187271595246476,0.11419716646989375,0.028807369453832,0.05161137581012687,0.02437305204537804,0.022819927962067568
9/8/2011,-805.7180000000001,26626.7604,6.3553,160.3926,37.35,2.0507,-0.04780114722753348,-0.16193753983428927,0.8463630183548606,1.1413641364136413,-0.010569816418978029,0.13619079487725472,0.008614404147876176,0.05161137581012687,0.023327212656389068,0.022836983661610764
9/9/2011,-805.7180000000001,26626.7604,6.3553,160.3926,36.532,2.0507,-0.057627818191198554,-0.13246143527833665,0.8278268751416269,1.1163671922747829,-0.021900937081660077,0.08625970087121981,-0.00652670510170783,0.05161137581012687,0.02377652835823554,0.022991491714451633
9/12/2011,-805.7180000000001,26626.7604,6.3553,160.3926,35.964,2.0507,-0.07347485572959611,-0.10866652926628206,0.8149558123725356,1.0990099009900989,-0.015548012701193437,0.0394820509856062,-0.013955528747292556,0.05161137581012687,0.023453706579100963,0.023053533540134893
9/13/2011,-805.7180000000001,26626.7604,6.3553,160.3926,36.483000000000004,2.0507,-0.08179598822137768,-0.10313844914806347,0.8267165193745751,1.1148698203153649,0.0144310977644313,0.023796828960292116,-0.0054250040891987705,0.05161137581012687,0.02276551980089623,0.023114144658984825
9/14/2011,-805.7180000000001,26626.7604,6.3553,160.3926,36.900999999999996,2.0507,-0.06066082883616741,-0.0949241421443845,0.836188533877181,1.127643319887544,0.011457391113669058,0.03785684151314861,0.008995953188231542,0.05161137581012687,0.02285304332425826,0.023153802514204503
9/15/2011,-805.7180000000001,26626.7604,6.3553,160.3926,37.52,2.0507,-0.057830901740200336,-0.0996660221480049,0.8502152730568774,1.14655910035448,0.016774613154115325,0.04646622413119883,0.01760190935965933,0.05161137581012687,0.02304213124427973,0.023225557788282804
9/16/2011,-805.7180000000001,26626.7604,6.3553,160.3926,37.22,2.0507,-0.073714598576477,-0.14640883977900543,0.8434171765239066,1.1373915169294706,-0.007995735607675969,0.08516283273564818,-0.006937033084311595,0.05161137581012687,0.020701640589453542,0.023158912291206753
9/19/2011,-805.7180000000001,26626.7604,6.3553,160.3926,37.908,2.0507,-0.05659250410631611,-0.15683639440545505,0.8590074779061863,1.1584158415841583,0.018484685652874866,0.11889020070838252,-0.00472589792060496,0.05161137581012687,0.020575340209828825,0.02318596767332376
9/20/2011,-805.7180000000001,26626.7604,6.3553,160.3926,37.589,2.0507,-0.06406553458493103,-0.15863253822020817,0.8517788352594606,1.148667644542232,-0.008415110266962178,0.11239679204521913,-0.021552958325741334,0.05161137581012687,0.020728741055325465,0.02318532555712583
9/21/2011,-805.7180000000001,26626.7604,6.3553,160.3926,37.27,2.0507,-0.0706199192060245,-0.11388459428457431,0.8445501926127351,1.1389194475003055,-0.008486525313256443,0.048825102012100885,-0.025034661365003652,0.04163326237801668,0.01797981678801926,0.023201601335323487
9/22/2011,-805.7180000000001,26626.7604,6.3553,160.3926,36.203,2.0507,-0.10939729397293962,-0.11749077490774895,0.8203716292771358,1.1063134091186897,-0.028628924067614747,0.009170987344595094,-0.05689426107796902,0.04163326237801668,0.019117920378248592,0.0234698430060524
9/23/2011,-805.7180000000001,26626.7604,6.3553,160.3926,35.416,2.0507,-0.12360495904580449,-0.13347850832694086,0.8025379560389756,1.0822637819337486,-0.021738529956081165,0.011394465545306653,-0.07039739618877638,0.04163326237801668,0.01898543117549258,0.023604858240073693
9/26/2011,-805.7180000000001,26626.7604,6.3553,160.3926,35.575,2.0507,-0.12570656180879813,-0.1274268862128286,0.8061409472014502,1.0871226011490038,0.004489496272871207,0.0019715533023518805,-0.06818062758656818,0.04163326237801668,0.0187670621168505,0.02361164397120536
9/27/2011,-805.7180000000001,26626.7604,6.3553,160.3926,36.064,2.0507,-0.11694417238001964,-0.11231635651322236,0.8172218445501925,1.1020657621317687,0.013745607870695675,-0.0052133616528287074,-0.05289143337360158,0.04163326237801668,0.018426102124308875,0.023681698746317495
9/28/2011,-805.7180000000001,26626.7604,6.3553,160.3926,35.326,2.0507,-0.13331697742885174,-0.11253680078508332,0.8004985270790845,1.079513506906246,-0.02046362023070092,-0.023415254471567226,-0.09917123549662121,0.04163326237801668,0.01895420786500699,0.02348619907477799
9/29/2011,-805.7180000000001,26626.7604,6.3553,160.3926,35.126999999999995,2.0507,-0.13480295566502476,-0.0719458128078817,0.7959891230455471,1.0734323432343231,-0.005633244635679269,-0.0677300352981769,-0.10424582430192553,0.02187271595246476,0.016258507021130717,0.02349157628456746
9/30/2011,-805.7180000000001,26626.7604,6.3553,160.3926,34.379,2.0507,-0.1575839255084539,-0.0613330066160257,0.7790392023566733,1.0505745018946337,-0.021294161186551586,-0.10254000574307565,-0.11746887434218978,0.02187271595246476,0.01604720777083798,0.02361583651815479
10/3/2011,-805.7180000000001,26626.7604,6.3553,160.3926,33.282,2.0507,-0.17661611538556699,-0.07745973627569824,0.7541808293677769,1.0170517051705168,-0.03190901422379944,-0.10748189863234114,-0.15429181277633797,0.02187271595246476,0.016444561772243845,0.023867680022926187
10/4/2011,-805.7180000000001,26626.7604,6.3553,160.3926,33.361999999999995,2.0507,-0.1611897518417018,-0.06242928619918042,0.7559936551099024,1.0194963940838526,0.0024037017006188766,-0.10533655135425057,-0.1609787993863645,0.02187271595246476,0.016491382322088396,0.023819935243116222
10/5/2011,-805.7180000000001,26626.7604,6.3553,160.3926,34.389,2.0507,-0.12660639000355567,-0.061792045512267024,0.7792658055744391,1.050880088008801,0.030783526167496245,-0.06908313256273513,-0.129260140780878,0.030783526167496245,0.018216189354208403,0.02417855276749829
10/6/2011,-805.7180000000001,26626.7604,6.3553,160.3926,35.097,2.0507,-0.10019228304063588,-0.03220099987181135,0.7953093133922502,1.0725155848918224,0.020587978714123656,-0.07025351664944768,-0.10203402839964182,0.030783526167496245,0.018129567325584222,0.02431798554263209
10/7/2011,-805.7180000000001,26626.7604,6.3553,160.3926,34.897,2.0507,-0.11392951452366451,-0.05164533820840944,0.7907772490369362,1.0664038626084829,-0.005698492748668071,-0.06567603748326645,-0.11167396395479079,0.030783526167496245,0.018063021638292508,0.024309433488993698
10/10/2011,-805.7180000000001,26626.7604,6.3553,160.3926,35.205999999999996,2.0507,-0.09370334139937186,-0.05956855274674355,0.7977792884658961,1.0758464735362423,0.008854629337765374,-0.036296945143983406,-0.09878407781901966,0.030783526167496245,0.017703461776201742,0.024339183378429087
10/11/2011,-805.7180000000001,26626.7604,6.3553,160.3926,35.027,2.0507,-0.0992388005966156,-0.07514272488813445,0.7937230908678903,1.0703764820926536,-0.005084360620348671,-0.026053831609387124,-0.07697375355749969,0.030783526167496245,0.017436784578012125,0.024093816893883128
10/12/2011,-805.7180000000001,26626.7604,6.3553,160.3926,36.024,2.0507,-0.0794940590264468,-0.06776542736680702,0.8163154316791298,1.1008434176751007,0.028463756530676232,-0.01258120220376624,-0.054934676530772886,0.030783526167496245,0.018309242138980587,0.02436940939799907
10/13/2011,-805.7180000000001,26626.7604,6.3553,160.3926,36.373000000000005,2.0507,-0.07598313179554916,-0.06256986078650562,0.8242238839791526,1.111508373059528,0.00968798578725294,-0.014308555323703787,-0.021205026775382718,0.030783526167496245,0.018255732723536054,0.024198762275837577
10/14/2011,-805.7180000000001,26626.7604,6.3553,160.3926,37.2,2.0507,-0.048228220544966005,-0.040040936420621676,0.8429639700883753,1.1367803447011366,0.02273664531383157,-0.008528784648187626,-0.004282655246252598,0.030783526167496245,0.018581707339038696,0.024359916700766926
10/17/2011,-805.7180000000001,26626.7604,6.3553,160.3926,37.131,2.0507,-0.06991132708782122,-0.06768197986072833,0.841400407885792,1.1346718005133845,-0.0018548387096775087,-0.002391187533584027,-0.01767242519643375,0.030783526167496245,0.018501754302549987,0.024316379509626743
10/18/2011,-805.7180000000001,26626.7604,6.3553,160.3926,37.28,2.0507,-0.04764337718738032,-0.03160045982884152,0.8447767958305008,1.1392250336144725,0.00401281947698684,-0.016566423973831346,-0.020699800357255493,0.030783526167496245,0.01804461905131768,0.02430489288670978
10/19/2011,-805.7180000000001,26626.7604,6.3553,160.3926,37.549,2.0507,-0.04416556358822932,-0.04314733733835663,0.8508724223883979,1.147445300085564,0.007215665236051549,-0.0010641411051105498,-0.01673300513250242,0.030783526167496245,0.018030240341111642,0.02431888330303393
10/20/2011,-805.7180000000001,26626.7604,6.3553,160.3926,37.729,2.0507,-0.04056047197640111,-0.052232733190926584,0.8549512803081804,1.1529458501405694,0.004793736184718567,0.012315535283069279,0.001326999124180439,0.030783526167496245,0.017946562023965603,0.024265485228097954
10/21/2011,-805.7180000000001,26626.7604,6.3553,160.3926,38.566,2.0507,-0.014539414846045595,-0.07492014820493154,0.8739179696351689,1.1785234078963451,0.022184526491558332,0.06527083390879218,0.015215331157207634,0.030783526167496245,0.017199273365257443,0.024402361568330633
10/24/2011,-805.7180000000001,26626.7604,6.3553,160.3926,39.045,2.0507,0.0005124919923127358,-0.0924791800128123,0.8847722637661455,1.193160982764943,0.012420266556033788,0.10246781115879844,0.0462218649517685,0.030783526167496245,0.016319927487935194,0.024335708649169088
10/25/2011,-805.7180000000001,26626.7604,6.3553,160.3926,38.277,2.0507,-0.0010439230628702667,-0.07156092595975672,0.8673691366417403,1.1696919691969196,-0.019669611986169788,0.0759522136331694,0.00813843236409606,0.030783526167496245,0.017170979006463874,0.02438160083071034
10/26/2011,-805.7180000000001,26626.7604,6.3553,160.3926,37.928000000000004,2.0507,0.0005275931201857986,-0.04864408568112277,0.8594606843417177,1.1590270138124923,-0.009117746949865335,0.05168589174800364,-0.003415838982605335,0.030783526167496245,0.01722244811237195,0.024409756423409108
10/27/2011,-805.7180000000001,26626.7604,6.3553,160.3926,38.856,2.0507,0.031237559383210822,-0.06244857878393806,0.8804894629503739,1.1873854052071873,0.024467411938409622,0.09992639981883045,0.014861441220257676,0.030783526167496245,0.01701091274953063,0.024590174855441977
10/28/2011,-805.7180000000001,26626.7604,6.3553,160.3926,38.516999999999996,2.0507,0.011794683198486755,-0.07725648838919852,0.8728076138681168,1.1770260359369267,-0.00872452130945045,0.09650696045776752,0.03318133047210292,0.030783526167496245,0.017117691340077484,0.02437959243200233
10/31/2011,-805.7180000000001,26626.7604,6.3553,160.3926,37.978,2.0507,-0.0010521332000631434,-0.09571781787574318,0.8605937004305461,1.1605549443833272,-0.013993820910247257,0.10468600017452534,-0.02259625283096567,0.030783526167496245,0.016634187091592548,0.023861369241998137
11/1/2011,-805.7180000000001,26626.7604,6.3553,160.3926,38.467,2.0507,0.028529411764705914,-0.11010695187165787,0.8716745977792884,1.175498105366092,0.012875875506872303,0.15578991647136609,0.06282982897245315,0.030783526167496245,0.01440238684646679,0.022243897959126232
11/2/2011,-805.7180000000001,26626.7604,6.3553,160.3926,38.846,2.0507,0.052708598682962515,-0.09590526002005373,0.8802628597326081,1.18707981909302,0.009852600930667865,0.164378634374438,0.09499379862442203,0.030783526167496245,0.014374803082669337,0.022105220419082704
11/3/2011,-805.7180000000001,26626.7604,6.3553,160.3926,40.052,2.0507,0.08979103178058345,-0.06429582063561146,0.9075912077951507,1.2239335044615571,0.031045667507594077,0.1646747506470092,0.22393350446155713,0.031045667507594077,0.014396248513766155,0.01995511875841795
11/4/2011,-805.7180000000001,26626.7604,6.3553,160.3926,39.504,2.0507,0.06419546887206695,-0.054524393200614196,0.8951733514615906,1.207187385405207,-0.013682213122940268,0.12556628771689882,0.16599763872491136,0.031045667507594077,0.01476233070387647,0.01964361137928455
11/7/2011,-805.7180000000001,26626.7604,6.3553,160.3926,39.364000000000004,2.0507,0.040852481556889364,-0.07726275152701034,0.8920009064128711,1.2029091798068696,-0.0035439449169702986,0.1280052726595411,0.19745687950597746,0.031045667507594077,0.014686063372893226,0.01922052687810556
11/8/2011,-805.7180000000001,26626.7604,6.3553,160.3926,39.364000000000004,2.0507,0.027861190171554195,-0.0807112828681098,0.8920009064128711,1.2029091798068696,0.0,0.11810486848832613,0.17046772323154236,0.031045667507594077,0.01472268088182578,0.01905209397705042
11/9/2011,-805.7180000000001,26626.7604,6.3553,160.3926,38.556,2.0507,0.01548672566371656,-0.07745996628739993,0.873691366417403,1.178217821782178,-0.020526369271415712,0.10075084934479106,0.11439967628186598,0.031045667507594077,0.015631786769514204,0.018975808887464713
11/10/2011,-805.7180000000001,26626.7604,6.3553,160.3926,38.287,2.0507,0.010264393899414026,-0.049448519710802774,0.8675957398595059,1.1699975553110864,-0.006976864820002038,0.06281923162336223,0.07442121509751654,0.031045667507594077,0.014830184584964623,0.018662493113296832
11/11/2011,-805.7180000000001,26626.7604,6.3553,160.3926,39.534,2.0507,0.021920074445535898,-0.05978907098175035,0.8958531611148878,1.208104143747708,0.032569801760388595,0.08690512193110256,0.1119111236113064,0.032569801760388595,0.016129098376675345,0.01906657668047749
11/14/2011,-805.7180000000001,26626.7604,6.3553,160.3926,39.274,2.0507,0.015199296903272597,-0.03841182856847436,0.8899614774529798,1.2001589047793668,-0.006576617594981515,0.05575268817204293,0.09538684665588226,0.032569801760388595,0.01569818902000128,0.01907707264951219
11/15/2011,-805.7180000000001,26626.7604,6.3553,160.3926,39.294000000000004,2.0507,0.012053778395920256,-0.04365631278009585,0.8904146838885113,1.2007700770077008,0.0005092427560218216,0.058253211602165456,0.1456310679611652,0.032569801760388595,0.015672321659248166,0.018188083204500903
11/16/2011,-805.7180000000001,26626.7604,6.3553,160.3926,39.274,2.0507,0.015461785086358537,-0.0360947357534388,0.8899614774529798,1.2001589047793668,-0.0005089835598310888,0.05348712446351933,0.15920897284533653,0.032569801760388595,0.01568611291644362,0.018096726464303037
11/17/2011,-805.7180000000001,26626.7604,6.3553,160.3926,39.195,2.0507,0.0040988856154733355,-0.03806840015370816,0.8881713120326308,1.1977447744774476,-0.0020115088862860953,0.04383605422248271,0.15992424018229712,0.032569801760388595,0.015679608552632424,0.018094075888644024
11/18/2011,-805.7180000000001,26626.7604,6.3553,160.3926,38.775999999999996,2.0507,-0.027024314355255652,-0.05329586229393024,0.8786766372082482,1.1849407162938514,-0.010690139048348146,0.02775053672241512,0.09120585338398768,0.032569801760388595,0.01591196879114208,0.017039414447920183
11/21/2011,-805.7180000000001,26626.7604,6.3553,160.3926,38.407,2.0507,-0.041310967999600656,-0.03734211971444246,0.8703149784726942,1.1736645886810901,-0.009516195584897913,-0.004122802468495723,0.07060823995093912,0.032569801760388595,0.015337285427574525,0.017064032369955795
11/22/2011,-805.7180000000001,26626.7604,6.3553,160.3926,37.928000000000004,2.0507,-0.04566841959590362,-0.0175628412550638,0.8594606843417177,1.1590270138124923,-0.012471684849115872,-0.02860801639134325,0.08313105063255022,0.032569801760388595,0.015284239455806866,0.016852305063621977
11/23/2011,-805.7180000000001,26626.7604,6.3553,160.3926,37.29,2.0507,-0.06616247620955618,-0.04144545727737137,0.8450033990482664,1.1395306197286394,-0.0168213457076567,-0.025785719884003466,0.0502746092099704,0.032569801760388595,0.015124610994160036,0.01692884888594555
11/24/2011,-805.7180000000001,26626.7604,6.3553,160.3926,37.29,2.0507,-0.06337126064350851,-0.04734634415894301,0.8450033990482664,1.1395306197286394,0.0,-0.0168213457076567,0.02860452928033541,0.032569801760388595,0.01501447288618141,0.016731360961916335
11/25/2011,-805.7180000000001,26626.7604,6.3553,160.3926,37.29,2.0507,-0.05580594520686688,-0.016154352559882512,0.8450033990482664,1.1395306197286394,0.0,-0.04030265596046945,0.03087938517678923,0.032569801760388595,0.013869421288230967,0.016727731735371714
11/28/2011,-805.7180000000001,26626.7604,6.3553,160.3926,38.666,2.0507,-0.024644956234392,-0.028403501248644214,0.8761840018128256,1.1815792690380147,0.03689997318315896,0.003868421735856886,0.026194962711324488,0.03689997318315896,0.01613052474333501,0.016550240169284584
11/29/2011,-805.7180000000001,26626.7604,6.3553,160.3926,39.384,2.0507,-0.007534712597333848,-0.04296550160018142,0.8924541128484024,1.2035203520352034,0.018569285677339398,0.03702143346147757,0.028114965933119462,0.03689997318315896,0.016251804484718513,0.016581831950247553
11/30/2011,-805.7180000000001,26626.7604,6.3553,160.3926,40.77,2.0507,0.027392082251845862,-0.030642844543003367,0.9238613188307274,1.2458745874587458,0.03519195612431458,0.05986949853120871,0.09332260659694303,0.03689997318315896,0.017675566348240274,0.016776263490145837
12/1/2011,-805.7180000000001,26626.7604,6.3553,160.3926,40.7,2.0507,0.025628102714008616,-0.021092155330998286,0.9222750963063676,1.243735484659577,-0.0017169487368162706,0.04772692169077919,0.09144542772861364,0.03689997318315896,0.01762891253407422,0.016780224620879844
12/2/2011,-805.7180000000001,26626.7604,6.3553,160.3926,41.218999999999994,2.0507,0.05137099859711758,0.02160438719551072,0.9340358033084067,1.2595954039848427,0.01275184275184249,0.02913712174173555,0.1158062856988169,0.03689997318315896,0.01656061089523092,0.016780077166934606
12/5/2011,-805.7180000000001,26626.7604,6.3553,160.3926,41.119,2.0507,0.05069630765299604,0.009428899961671178,0.93176977113075,1.2565395428431732,-0.0024260656493363397,0.04088193600648049,0.08927388805001457,0.03689997318315896,0.01622345840519216,0.016591294278318076
12/6/2011,-805.7180000000001,26626.7604,6.3553,160.3926,41.358000000000004,2.0507,0.05923933922397251,0.008170060186963868,0.9371855880353501,1.2638430509717637,0.005812398161433974,0.0506554211970327,0.10730923694779126,0.03689997318315896,0.01619106834419624,0.016527439047862268
12/7/2011,-805.7180000000001,26626.7604,6.3553,160.3926,40.998999999999995,2.0507,0.03627034677990082,-0.005055100596501716,0.9290505325175615,1.2528725094731692,-0.008680303689733715,0.041535413067777416,0.12227636045111123,0.03689997318315896,0.016367365107846345,0.01630468657811796
12/8/2011,-805.7180000000001,26626.7604,6.3553,160.3926,40.341,2.0507,-0.0004955278610538905,-0.044721389460122385,0.9141400407885791,1.2327649431609826,-0.01604917193102262,0.0462962962962965,0.1217050383717051,0.03689997318315896,0.016085093267781004,0.016313487717876544
12/9/2011,-805.7180000000001,26626.7604,6.3553,160.3926,40.471,2.0507,0.007944809723052337,-0.04644849571627818,0.917085882619533,1.236737562645153,0.003222527949232612,0.057042860500953196,0.1093111860318503,0.03689997318315896,0.015945015434995127,0.016236166827230867
12/12/2011,-805.7180000000001,26626.7604,6.3553,160.3926,40.330999999999996,2.0507,0.008476695339067808,-0.011452290458091596,0.9139134375708133,1.2324593570468154,-0.0034592671295495814,0.020159862396924133,0.09295141053087996,0.03689997318315896,0.01444549729894609,0.016201450292645213
12/13/2011,-805.7180000000001,26626.7604,6.3553,160.3926,40.111999999999995,2.0507,0.0030006001200240107,-0.01795359071814351,0.9089508271017447,1.2257670211465588,-0.0054300662021770085,0.021337271477313013,0.06908315565031953,0.03689997318315896,0.01441737406915992,0.016105935319805077
12/14/2011,-805.7180000000001,26626.7604,6.3553,160.3926,39.773,2.0507,-0.01285646918666683,-0.024744980268546102,0.9012689780194879,1.2154076518762986,-0.00845133625847605,0.012190156257952944,0.06859215475550795,0.03689997318315896,0.014567658654585076,0.01611022710334684
12/15/2011,-805.7180000000001,26626.7604,6.3553,160.3926,39.903,2.0507,-0.01232642756367408,-0.027895349125021562,0.9042148198504418,1.2193802713604691,0.0032685490156638686,0.016015684676885522,0.05262741373852475,0.03689997318315896,0.014575603524984066,0.0159599796825396
12/16/2011,-805.7180000000001,26626.7604,6.3553,160.3926,39.843,2.0507,-0.01721713820576687,-0.033200957055819935,0.9028552005438477,1.2175467546754675,-0.001503646342380205,0.016532721010332985,0.05996435127297883,0.03689997318315896,0.014571027084347342,0.01591834301409828
12/19/2011,-805.7180000000001,26626.7604,6.3553,160.3926,39.454,2.0507,-0.02918307086614169,-0.04586614173228354,0.8940403353727623,1.2056594548343722,-0.009763321035062722,0.01748504229420278,0.05859940971290567,0.03689997318315896,0.014535587482541565,0.01593148623404388
12/20/2011,-805.7180000000001,26626.7604,6.3553,160.3926,41.448,2.0507,0.01538461538461533,-0.05911317981381681,0.9392250169952413,1.2665933259992666,0.05053986921478182,0.07917827479365758,0.1448774963400823,0.05053986921478182,0.017897655143180157,0.016660109077087454
12/21/2011,-805.7180000000001,26626.7604,6.3553,160.3926,42.126000000000005,2.0507,0.033006375674350164,-0.06993624325649817,0.9545887151597553,1.2873120645397873,0.016357845975680574,0.11068340012655553,0.1894623898802803,0.05053986921478182,0.01769285799808253,0.016464298175992344
12/22/2011,-805.7180000000001,26626.7604,6.3553,160.3926,42.11600000000001,2.0507,0.02973105134474352,-0.08826405867970655,0.9543621119419897,1.2870064784256203,-0.00023738308882870207,0.12941807455081822,0.1838650737877725,0.05053986921478182,0.017020097962380642,0.016467661338904236
12/23/2011,-805.7180000000001,26626.7604,6.3553,160.3926,42.315,2.0507,0.04147181885306406,-0.08220526704405617,0.9588715159755268,1.2930876420975428,0.004725045113495918,0.13475462590506826,0.17333074534161486,0.05053986921478182,0.016968696959823972,0.016410203687683193
12/26/2011,-805.7180000000001,26626.7604,6.3553,160.3926,42.315,2.0507,0.06713237333871325,-0.05959196025521396,0.9588715159755268,1.2930876420975428,0.0,0.13475462590506826,0.19784294853648854,0.05053986921478182,0.016968696959823972,0.016145269875706834
12/27/2011,-805.7180000000001,26626.7604,6.3553,160.3926,42.824,2.0507,0.08294557960752558,-0.022203115516892802,0.9704056197598004,1.3086419753086418,0.012028831383670058,0.1075363368333937,0.21911919606001096,0.05053986921478182,0.015523200299925268,0.016146347544345675
12/28/2011,-805.7180000000001,26626.7604,6.3553,160.3926,42.365,2.0507,0.07405435554203432,-0.0015211439002129623,0.9600045320643553,1.294615572668378,-0.010718288810013021,0.07569063579118418,0.23229296954536216,0.05053986921478182,0.015557623043850789,0.015940430706510533
12/29/2011,-805.7180000000001,26626.7604,6.3553,160.3926,42.794,2.0507,0.0830085539302523,0.0317862023586577,0.9697258101065034,1.3077252169661409,0.010126283488728793,0.04964434633308801,0.2858001322035937,0.05053986921478182,0.013883601871465975,0.015303773958938893
12/30/2011,-805.7180000000001,26626.7604,6.3553,160.3926,42.833999999999996,2.0507,0.06892593332002406,0.01567179077660219,0.9706322229775661,1.3089475614228088,0.0009347104734307443,0.05243243243243234,0.28391583238414975,0.05053986921478182,0.013856319243268264,0.01530753737633396
1/2/2012,-805.7180000000001,26626.7604,6.3553,160.3926,42.833999999999996,2.0507,0.07642047596310908,0.03583544844570641,0.9706322229775661,1.3089475614228088,0.0,0.03918096023678408,0.24557271220448373,0.05053986921478182,0.01366386635336026,0.01492829291524584
1/3/2012,-805.7180000000001,26626.7604,6.3553,160.3926,42.973,2.0507,0.09807078063114871,0.05069630765299604,0.9737820077045093,1.3131952084097296,0.003245085679600468,0.04508864515187616,0.22440664444254477,0.05053986921478182,0.01362969777150711,0.014769031140918099
1/4/2012,-805.7180000000001,26626.7604,6.3553,160.3926,43.033,2.0507,0.09960393509646104,0.05680337293982385,0.9751416270111035,1.3150287250947317,0.0013962255369650567,0.04050002417911891,0.23314325013611503,0.05053986921478182,0.01360504270721068,0.014726105096765153
1/5/2012,-805.7180000000001,26626.7604,6.3553,160.3926,43.003,2.0507,0.0812108716968798,0.030824931486183926,0.9744618173578065,1.3141119667522307,-0.0006971394046429991,0.048879240957096615,0.22146793160256784,0.05053986921478182,0.013402341364629533,0.014718600231514969
1/6/2012,-805.7180000000001,26626.7604,6.3553,160.3926,43.023,2.0507,0.09850631941784771,0.03002680965147464,0.9749150237933378,1.3147231389805647,0.00046508383136067977,0.06648323046032578,0.22828104034030905,0.05053986921478182,0.012736169446405267,0.014684265467268441
1/9/2012,-805.7180000000001,26626.7604,6.3553,160.3926,43.431999999999995,2.0507,0.0950255906008115,0.020371630991099732,0.9841830953999545,1.3272216110499935,0.009506543011877255,0.07316349978997305,0.20564068398845192,0.05053986921478182,0.012811674914774427,0.014352315958183183
1/10/2012,-805.7180000000001,26626.7604,6.3553,160.3926,44.12,2.0507,0.11405701588263506,0.018382445774309808,0.9997733967822342,1.3482459357046814,0.015840854669368243,0.09394758374451428,0.2129876556786625,0.05053986921478182,0.01298278024416852,0.014418836412749512
1/11/2012,-805.7180000000001,26626.7604,6.3553,160.3926,44.29,2.0507,0.10305837816298058,-0.000996214385335925,1.0,1.3534408996455198,0.003853127833182368,0.10415835660151584,0.19059139784946222,0.05053986921478182,0.012789242121503614,0.014200154424589925
1/12/2012,-805.7180000000001,26626.7604,6.3553,160.3926,44.589,2.0507,0.10039238913156145,-0.018459564176599774,1.0,1.3625779244591123,0.006750959584556293,0.12108716968797917,0.20085642724408181,0.05053986921478182,0.012426439700165716,0.014195353209497164
1/13/2012,-805.7180000000001,26626.7604,6.3553,160.3926,44.428999999999995,2.0507,0.08974736325729693,-0.021265636497424634,0.9964116710399425,1.3576885466324407,-0.003588328960057452,0.11342505576021833,0.19176502145922725,0.05053986921478182,0.012577980584413706,0.014218953662736686
1/16/2012,-805.7180000000001,26626.7604,6.3553,160.3926,44.428999999999995,2.0507,0.08654927855221306,-0.02560528246515037,0.9964116710399425,1.3576885466324407,0.0,0.11510177446477399,0.1832272497270233,0.05053986921478182,0.012542121915757725,0.014212581947686683
1/17/2012,-805.7180000000001,26626.7604,6.3553,160.3926,44.428999999999995,2.0507,0.08814597109968147,-0.03370071026206212,0.9964116710399425,1.3576885466324407,0.0,0.12609621331170473,0.1775822311749582,0.05053986921478182,0.012131034929309477,0.014214417116941878
1/18/2012,-805.7180000000001,26626.7604,6.3553,160.3926,44.928000000000004,2.0507,0.10442477876106215,0.01887905604719764,1.0,1.372937293729373,0.011231402912512234,0.08396062536189941,0.16496395789036988,0.016357845975680574,0.00668112489543024,0.014038098335611033
1/19/2012,-805.7180000000001,26626.7604,6.3553,160.3926,45.257,2.0507,0.0866809133911206,0.011501428674334457,1.0,1.382991076885466,0.0073228276353274335,0.0743246451122821,0.15909847611730044,0.015840854669368243,0.006102437289371134,0.01399475237576299
1/20/2012,-805.7180000000001,26626.7604,6.3553,160.3926,44.838,2.0507,0.06716488956587963,0.002380045696877442,0.9907417637050623,1.37018701870187,-0.009258236294937716,0.0646310190901318,0.17140841758758518,0.015840854669368243,0.006665565649808301,0.013789404314964197
1/23/2012,-805.7180000000001,26626.7604,6.3553,160.3926,44.878,2.0507,0.04943410345150134,-0.010499485548592258,0.9916256048788034,1.371409363158538,0.0008921004505106911,0.06056953798889286,0.18324193208183903,0.015840854669368243,0.006668670791228479,0.01370956985064271
1/24/2012,-805.7180000000001,26626.7604,6.3553,160.3926,44.629,2.0507,0.04214926209602088,-0.011885858397160498,0.986123693572265,1.3638002689157802,-0.005548375596060473,0.05468509984639014,0.14857422277125787,0.015840854669368243,0.006892365307832514,0.013462548573502093
1/25/2012,-805.7180000000001,26626.7604,6.3553,160.3926,44.948,2.0507,0.05573693482090425,0.005848502642395559,0.9931723269328502,1.3735484659577066,0.007147818682919249,0.049598356062021454,0.16696523612950132,0.015840854669368243,0.006634605547681092,0.013401493110154655
1/26/2012,-805.7180000000001,26626.7604,6.3553,160.3926,44.868,2.0507,0.03709867554261148,-0.02075676675219018,0.9914046445853681,1.371103777044371,-0.00177983447539376,0.0590817892127935,0.1814208225814946,0.015840854669368243,0.00601336604045939,0.013245876398360322
1/27/2012,-805.7180000000001,26626.7604,6.3553,160.3926,45.685,2.0507,0.054788511267085394,-0.011959734022903623,1.0,1.3960701625718126,0.018208968529910052,0.06755619946721514,0.18764135492760037,0.018208968529910052,0.006725327114751224,0.013328514535545326
1/30/2012,-805.7180000000001,26626.7604,6.3553,160.3926,45.536,2.0507,0.044116298266532405,-0.01783912684582223,0.9967385356243843,1.3915169294707248,-0.003261464375615697,0.06308073026100769,0.17221850383565895,0.018208968529910052,0.006855184144762464,0.013319306026675434
1/31/2012,-805.7180000000001,26626.7604,6.3553,160.3926,45.586000000000006,2.0507,0.03299342850668485,-0.029367777022433872,0.9978329867571414,1.3930448600415597,0.0010980323260718627,0.06424802726805834,0.13817037850793978,0.018208968529910052,0.006835803243583802,0.012812916202510882
2/1/2012,-805.7180000000001,26626.7604,6.3553,160.3926,45.556000000000004,2.0507,0.0374621393272756,-0.021361390084489118,0.9971763160774871,1.3921281016990588,-0.0006580967841004481,0.060107509366346346,0.1531996759821792,0.018208968529910052,0.006881480384727203,0.012657706968562804
2/2/2012,-805.7180000000001,26626.7604,6.3553,160.3926,45.416000000000004,2.0507,0.034509464476891294,-0.019771759185440052,0.9941118529057678,1.387849896100721,-0.003073140749846326,0.055376106708804995,0.1537445381566913,0.018208968529910052,0.006995425551833966,0.01265431391805647
2/3/2012,-805.7180000000001,26626.7604,6.3553,160.3926,45.43600000000001,2.0507,0.030762250453720608,-0.024432849364791287,0.9945496333588706,1.3884610683290552,0.00044037343667446827,0.05657744808501741,0.1542526166040037,0.018208968529910052,0.006973043559773544,0.012653116294994576
2/6/2012,-805.7180000000001,26626.7604,6.3553,160.3926,45.317,2.0507,0.04100431866213361,-0.011692548010658665,0.991944839662909,1.384824593570468,-0.0026190685799807323,0.05332031703972295,0.1753553273161117,0.018208968529910052,0.007053316807300355,0.012327714071384301
2/7/2012,-805.7180000000001,26626.7604,6.3553,160.3926,45.167,2.0507,0.042347456844826104,0.002307763315794187,0.9886614862646382,1.3802408018579635,-0.0033100161087450397,0.03994750414440973,0.17969545798835118,0.018208968529910052,0.006970781831776726,0.01229016868491244
2/8/2012,-805.7180000000001,26626.7604,6.3553,160.3926,45.107,2.0507,0.04096279885534937,0.01818517492845917,0.98734814490533,1.3784072851729616,-0.001328403480417184,0.022370806890299244,0.14096726868012355,0.018208968529910052,0.006219044537371451,0.011688673136795735
2/9/2012,-805.7180000000001,26626.7604,6.3553,160.3926,45.336999999999996,2.0507,0.06412392911630094,0.03954934866799675,0.9923826201160116,1.385435765798802,0.005098986853481646,0.023639647776021677,0.15437694148800718,0.018208968529910052,0.006252748642680293,0.011640351100489983
2/10/2012,-805.7180000000001,26626.7604,6.3553,160.3926,45.056999999999995,2.0507,0.07135723796842286,0.0602292181852766,0.9862536937725729,1.3768793546021265,-0.006175971061164187,0.010495862208167894,0.14666361276530737,0.018208968529910052,0.006307958760292718,0.011687749191083818
2/13/2012,-805.7180000000001,26626.7604,6.3553,160.3926,45.346000000000004,2.0507,0.07162944582299446,0.0499586435070305,0.9925796213199081,1.3857107933015522,0.006414097698471011,0.020639672286119515,0.15460610072821712,0.018208968529910052,0.006359957914775256,0.011694022056178399
2/14/2012,-805.7180000000001,26626.7604,6.3553,160.3926,45.257,2.0507,0.07127301993088087,0.051673531221890556,0.9906314983036006,1.382991076885466,-0.0019626868963085187,0.01863647617547115,0.1546625845133307,0.018208968529910052,0.006389623769810622,0.011693729925079733
2/15/2012,-805.7180000000001,26626.7604,6.3553,160.3926,45.336999999999996,2.0507,0.08032693132535851,0.0586903683934612,0.9923826201160116,1.385435765798802,0.0017676823474821468,0.020437101892907705,0.16920259954611105,0.018208968529910052,0.006388831654741148,0.011574358750791838
2/16/2012,-805.7180000000001,26626.7604,6.3553,160.3926,46.123999999999995,2.0507,0.10856346287884233,0.0798182998053214,1.0,1.4094853929837425,0.017358890089772094,0.02662037037037024,0.2009269143645689,0.018208968529910052,0.006991756469317851,0.011617675357895488
2/17/2012,-805.7180000000001,26626.7604,6.3553,160.3926,46.13399999999999,2.0507,0.1072071423428611,0.08615931072551408,1.0,1.4097909790979095,0.00021680686844161023,0.01937821773427295,0.21635730858468638,0.018208968529910052,0.006855041303930197,0.01145439347654125
2/20/2012,-805.7180000000001,26626.7604,6.3553,160.3926,46.13399999999999,2.0507,0.10165484633569744,0.07070707070707094,1.0,1.4097909790979095,0.0,0.028904054596547324,0.2371681415929201,0.018208968529910052,0.00645249105066435,0.011173307459806778
2/21/2012,-805.7180000000001,26626.7604,6.3553,160.3926,46.882,2.0507,0.11554751820301701,0.06786275162994326,1.0,1.4326488204375991,0.016213638531235253,0.044654396363474236,0.2572271386430678,0.018208968529910052,0.007215922770246931,0.011278923336690292
2/22/2012,-805.7180000000001,26626.7604,6.3553,160.3926,46.613,2.0507,0.1152235806397588,0.06775605904730009,0.9942621901795999,1.4244285539665076,-0.005737809820400064,0.044455398955835834,0.25001340842048814,0.018208968529910052,0.007226082644218866,0.011332335399726483
2/23/2012,-805.7180000000001,26626.7604,6.3553,160.3926,46.821999999999996,2.0507,0.12829533953443506,0.08313653670056387,0.9987201911181263,1.4308153037525972,0.004483727715444141,0.041692622586099404,0.21093467128743604,0.018208968529910052,0.007156041744087851,0.010501958306220619
2/24/2012,-805.7180000000001,26626.7604,6.3553,160.3926,46.702,2.0507,0.12839470377887285,0.08408234270803128,0.9961605733543791,1.4271482703825935,-0.0025628977830933763,0.0408754568957832,0.1858114970546414,0.018208968529910052,0.007178569551481842,0.010335939578929917
2/27/2012,-805.7180000000001,26626.7604,6.3553,160.3926,46.772,2.0507,0.15312738837799844,0.12632824634501127,0.997653683716565,1.4292873731817624,0.0014988651449616697,0.023793367626135487,0.14721609026244775,0.017358890089772094,0.006134540185292022,0.009465846655386089
2/28/2012,-805.7180000000001,26626.7604,6.3553,160.3926,47.46,2.0507,0.162095984329089,0.1149853085210577,1.0,1.45031169783645,0.014709655349354422,0.04225228390723812,0.1660933660933661,0.017358890089772094,0.006716029473191979,0.00958102912061987
2/29/2012,-805.7180000000001,26626.7604,6.3553,160.3926,46.792,2.0507,0.15390495918719638,0.12416463219156126,0.9859249894648124,1.4298985454100965,-0.01407501053518756,0.026455490720835195,0.13520463863752163,0.017358890089772094,0.007578081995138973,0.009712680535013141
3/1/2012,-805.7180000000001,26626.7604,6.3553,160.3926,46.912,2.0507,0.16661693026957125,0.13289565303889406,0.9884534344711335,1.4335655787801,0.0025645409471704017,0.029765563262797334,0.1408837763564288,0.017358890089772094,0.007569680242233666,0.009695833680192402
3/2/2012,-805.7180000000001,26626.7604,6.3553,160.3926,46.961999999999996,2.0507,0.1515939185875428,0.1136831780284453,0.9895069532237672,1.4350935093509347,0.001065825375170526,0.03404086665492323,0.1354997823879296,0.017358890089772094,0.0075002741011497365,0.009685271916707134
3/5/2012,-805.7180000000001,26626.7604,6.3553,160.3926,47.46,2.0507,0.1660933660933661,0.11636363636363645,1.0,1.45031169783645,0.010604318385077471,0.04454617483933432,0.15758920949291455,0.017358890089772094,0.007744189630011752,0.009644864279999762
3/6/2012,-805.7180000000001,26626.7604,6.3553,160.3926,47.38,2.0507,0.17042563177787118,0.11946345198982233,0.9983143699957859,1.4478670089231145,-0.001685630004214067,0.04552375488227378,0.17448749411268927,0.017358890089772094,0.007718349008601673,0.009368220069111474
3/7/2012,-805.7180000000001,26626.7604,6.3553,160.3926,47.919,2.0507,0.29787925570813356,0.22334172963895882,1.0,1.464338100476714,0.011376108062473467,0.060929439635131644,0.1840330112920363,0.017358890089772094,0.007862839491400824,0.009433074357816372
3/8/2012,-805.7180000000001,26626.7604,6.3553,160.3926,48.976000000000006,2.0507,0.3297132927888793,0.2246687662901825,1.0,1.4966385527441632,0.022058056303345452,0.08577382667878619,0.21435124346036583,0.022058056303345452,0.008837258847888066,0.009706972208523382
3/9/2012,-805.7180000000001,26626.7604,6.3553,160.3926,49.523999999999994,2.0507,0.3161125727497407,0.20484201015174452,1.0,1.513384671800513,0.011189153871283608,0.09235282440390846,0.2346429996011168,0.022058056303345452,0.008975240284410886,0.009696322150545741
3/12/2012,-805.7180000000001,26626.7604,6.3553,160.3926,49.474,2.0507,0.3047629094361517,0.18827469803259644,0.9989903884985059,1.5118567412296782,-0.0010096115014941454,0.09803138247109211,0.24390918462273392,0.022058056303345452,0.008742869320404896,0.00959444958959872
3/13/2012,-805.7180000000001,26626.7604,6.3553,160.3926,49.913000000000004,2.0507,0.30365398176926917,0.18437067411915287,1.0,1.5252719716416085,0.00887334761693026,0.10071450624090317,0.25085833145377556,0.022058056303345452,0.008786161160732331,0.009618083563566837
3/14/2012,-805.7180000000001,26626.7604,6.3553,160.3926,49.574,2.0507,0.2824399834437086,0.17076262417218535,0.9932081822370924,1.514912602371348,-0.006791817762907604,0.09538855867600593,0.2442336169465149,0.022058056303345452,0.009026866257920435,0.009686212288759306
3/15/2012,-805.7180000000001,26626.7604,6.3553,160.3926,49.504,2.0507,0.2646314982756417,0.15818112147145214,0.9918057419910643,1.512773499572179,-0.0014120304998588296,0.0919116836138254,0.25472702387590607,0.022058056303345452,0.009099368078288145,0.009557785501240425
3/16/2012,-805.7180000000001,26626.7604,6.3553,160.3926,49.793,2.0507,0.25825689232557547,0.16554216258560106,0.9975958167210947,1.5216049382716048,0.005837912087912178,0.07954644003122024,0.20133661455317498,0.022058056303345452,0.008602283531114608,0.007447039194753992
3/19/2012,-805.7180000000001,26626.7604,6.3553,160.3926,50.033,2.0507,0.26460924072389047,0.16606005459508633,1.0,1.528939005011612,0.004819954612094168,0.08451467464343021,0.187698808336894,0.022058056303345452,0.008568028668133424,0.007251110520037021
3/20/2012,-805.7180000000001,26626.7604,6.3553,160.3926,50.003,2.0507,0.2543712214334095,0.15731379976419224,0.9994003957388123,1.5280222466691111,-0.0005996042611876584,0.08386439502319343,0.18726849653338373,0.022058056303345452,0.00858268166992161,0.007253668620955223
3/21/2012,-805.7180000000001,26626.7604,6.3553,160.3926,50.232,2.0507,0.26774852989425324,0.18320167579436175,1.0,1.5350201686835347,0.004579725216486974,0.07145599590461171,0.18709677419354853,0.022058056303345452,0.00810897224064897,0.00725305485260742
3/22/2012,-805.7180000000001,26626.7604,6.3553,160.3926,50.56100000000001,2.0507,0.29626970901166527,0.19505191642097164,1.0,1.5450739518396284,0.006549609810479584,0.08469740201231435,0.19487179487179507,0.022058056303345452,0.00786202065080803,0.007259911107070223
3/23/2012,-805.7180000000001,26626.7604,6.3553,160.3926,50.272,2.0507,0.2921732425138157,0.20349569464079154,0.9942841320385275,1.5362425131402027,-0.005715867961472498,0.0736833112639359,0.17392116570147587,0.022058056303345452,0.008135007296501495,0.007242485395221003
3/26/2012,-805.7180000000001,26626.7604,6.3553,160.3926,50.571000000000005,2.0507,0.29985862999614454,0.20041125819303418,1.0,1.5453795379537953,0.005947644812221542,0.08284441779795304,0.1936976277587632,0.022058056303345452,0.008033266844519684,0.007050972652154957
3/27/2012,-805.7180000000001,26626.7604,6.3553,160.3926,50.551,2.0507,0.30031381829406323,0.2031073155674452,0.9996045164224555,1.5447683657254614,-0.0003954835775444865,0.08079620285640998,0.18126372856007866,0.022058056303345452,0.00807127334911094,0.006999998954408388
3/28/2012,-805.7180000000001,26626.7604,6.3553,160.3926,50.342,2.0507,0.30264451689696203,0.22807017543859653,0.995471713037116,1.5383816159393715,-0.0041344384878637674,0.06072482090181208,0.17528131857869922,0.022058056303345452,0.007834490060621112,0.007049247784676383
3/29/2012,-805.7180000000001,26626.7604,6.3553,160.3926,50.431999999999995,2.0507,0.31206910008585464,0.21736868121861752,0.9972513891360659,1.541131890966874,0.0017877716419687495,0.07779107539750374,0.1773824531913899,0.022058056303345452,0.006821223821953959,0.0070422432932013435
3/30/2012,-805.7180000000001,26626.7604,6.3553,160.3926,50.661,2.0507,0.303478618844234,0.20701898831883914,1.0,1.548129812981298,0.004540767766497478,0.07991558663028653,0.17890303213645775,0.022058056303345452,0.006819918688376727,0.00704599042318616
4/2/2012,-805.7180000000001,26626.7604,6.3553,160.3926,50.761,2.0507,0.3124676802151205,0.21424139000930786,1.0,1.5511856741229677,0.0019739049762144134,0.08089519185724647,0.1795831106360235,0.022058056303345452,0.0068053126739382064,0.007044721249390973
4/3/2012,-805.7180000000001,26626.7604,6.3553,160.3926,49.933,2.0507,0.2791853464839249,0.21583194568976571,0.9836882646125962,1.5258831438699423,-0.016311735387403825,0.05210703750526746,0.1611515475664489,0.022058056303345452,0.007894065114362131,0.007428579577672858
4/4/2012,-805.7180000000001,26626.7604,6.3553,160.3926,49.544,2.0507,0.28628917101539586,0.23010618687852147,0.9760249010066783,1.513995844028847,-0.007790439188512632,0.045673279864921756,0.15157009041675362,0.022058056303345452,0.008161892754875326,0.007535335168740272
4/5/2012,-805.7180000000001,26626.7604,6.3553,160.3926,50.321999999999996,2.0507,0.29475634230432757,0.23292852364534555,0.9913516282185141,1.5377704437110375,0.015703213305344743,0.05014712327051907,0.15863879167434147,0.022058056303345452,0.00845551567463475,0.007670542492046374
4/6/2012,-805.7180000000001,26626.7604,6.3553,160.3926,50.321999999999996,2.0507,0.2894811018577834,0.2549903907751443,0.9913516282185141,1.5377704437110375,0.0,0.02748284874224094,0.1405711695376246,0.015703213305344743,0.007157499006600479,0.00747904578837811
4/9/2012,-805.7180000000001,26626.7604,6.3553,160.3926,50.751000000000005,2.0507,0.26554785297491423,0.23495087526806646,0.9998029983648865,1.550880088008801,0.008525098366519712,0.02477586624666861,0.14587943102280443,0.015703213305344743,0.006995539033824669,0.0075195868340597535
4/10/2012,-805.7180000000001,26626.7604,6.3553,160.3926,49.973,2.0507,0.2461473243229766,0.2337040546606155,0.9844762711530505,1.5271054883266102,-0.015329747197099675,0.010086105833366998,0.12074726950593195,0.015703213305344743,0.00786458374647148,0.007812528054983135
4/11/2012,-805.7180000000001,26626.7604,6.3553,160.3926,51.409,2.0507,0.28323598422445206,0.24589386451000972,1.0,1.5709876543209875,0.028735517179276915,0.029972151543685932,0.15710459384636177,0.028735517179276915,0.00986174570580973,0.008482864656929469
4/12/2012,-805.7180000000001,26626.7604,6.3553,160.3926,51.797,2.0507,0.298723767018529,0.24298573326981399,1.0,1.582844395550666,0.007547316617712907,0.04484205430265864,0.1658376285759302,0.028735517179276915,0.009758185678068939,0.008502353522571329
4/13/2012,-805.7180000000001,26626.7604,6.3553,160.3926,51.986999999999995,2.0507,0.2989605716855728,0.23691969416820746,1.0,1.5886505317198383,0.003668166110006421,0.05015756302521002,0.1701141146548426,0.028735517179276915,0.009728751977648971,0.008497697415675505
4/16/2012,-805.7180000000001,26626.7604,6.3553,160.3926,52.107,2.0507,0.3110988098533074,0.25287472007649137,1.0,1.592317565089842,0.0023082693750362537,0.04647239571827355,0.15978899572649552,0.028735517179276915,0.009696425495825209,0.008424409987094336
4/17/2012,-805.7180000000001,26626.7604,6.3553,160.3926,52.446000000000005,2.0507,0.3616325258976558,0.2989848638263626,1.0,1.6026769343601026,0.006505843744602613,0.048228169408190746,0.15884835495061544,0.028735517179276915,0.009726048713668698,0.008417320835415888
4/18/2012,-805.7180000000001,26626.7604,6.3553,160.3926,51.887,2.0507,0.37053276631712406,0.3207691698143109,0.9893414178393013,1.5855946705781687,-0.010658582160698704,0.03767773933563978,0.15721040189125302,0.028735517179276915,0.010115392971706366,0.008450327360541377
4/19/2012,-805.7180000000001,26626.7604,6.3553,160.3926,51.708,2.0507,0.3643991767375585,0.3254525304765421,0.9859283834801509,1.58012467913458,-0.003449804382600674,0.029383659818442487,0.15219038281563346,0.028735517179276915,0.010157184185416092,0.008480106763867248
4/20/2012,-805.7180000000001,26626.7604,6.3553,160.3926,51.827,2.0507,0.375852823276434,0.3422442857522101,0.9881973839758988,1.5837611538931669,0.0023013846986925657,0.0250390617274181,0.1612852629456183,0.028735517179276915,0.01009219505867281,0.008420592840356794
4/23/2012,-805.7180000000001,26626.7604,6.3553,160.3926,51.449,2.0507,0.35506215760640525,0.3240623683101558,0.9809899706364641,1.5722099987776552,-0.007293495668280969,0.02341263526416304,0.14463379905668772,0.028735517179276915,0.010152151745934238,0.008485875064442008
4/24/2012,-805.7180000000001,26626.7604,6.3553,160.3926,51.379,2.0507,0.3436985119125455,0.32256714700421085,0.9796552644624946,1.5700708959784866,-0.0013605706622091818,0.015977536532795433,0.14511455825978414,0.028735517179276915,0.010104671279940768,0.008482881983781726
4/25/2012,-805.7180000000001,26626.7604,6.3553,160.3926,52.336000000000006,2.0507,0.34970084588405226,0.30366721683515596,0.9979026045837623,1.599315487104266,0.018626287004418263,0.035310874166683215,0.14558388967932578,0.028735517179276915,0.010819133280729087,0.008495747057505748
4/26/2012,-805.7180000000001,26626.7604,6.3553,160.3926,53.193000000000005,2.0507,0.3550975696744283,0.28246802873592514,1.0,1.6255042170883756,0.016374961785386777,0.05663263279170483,0.168152670414617,0.028735517179276915,0.01118475773336793,0.008651118777903921
4/27/2012,-805.7180000000001,26626.7604,6.3553,160.3926,53.463,2.0507,0.36821497120921287,0.29064619321816987,1.0,1.6337550421708835,0.005075855845693811,0.060100729695431676,0.1727942789452901,0.028735517179276915,0.011194566675131717,0.008655186734814661
4/30/2012,-805.7180000000001,26626.7604,6.3553,160.3926,53.582,2.0507,0.37266555655181266,0.29783527603432836,1.0,1.6373915169294706,0.002225838430316207,0.05765776435522385,0.17617876898761953,0.028735517179276915,0.011188403304060672,0.008645459908315323
5/1/2012,-805.7180000000001,26626.7604,6.3553,160.3926,54.17,2.0507,0.4052974291125122,0.31685993721949846,1.0,1.6553599804424886,0.010973834496659451,0.06715785741021651,0.19275145323234089,0.028735517179276915,0.011329384112062081,0.008677456675241047
5/2/2012,-805.7180000000001,26626.7604,6.3553,160.3926,54.37,2.0507,0.40869520157529293,0.2937351020831176,1.0,1.661471702725828,0.0036920804873545876,0.08885907115534808,0.1966282243155204,0.028735517179276915,0.010414283072141609,0.008672631059645467
5/3/2012,-805.7180000000001,26626.7604,6.3553,160.3926,54.141000000000005,2.0507,0.4115024636963267,0.29165471752222527,0.9957881184476735,1.6544737807114045,-0.004211881552326546,0.09278621023736489,0.19471721429044297,0.028735517179276915,0.010237541397398818,0.008691252691722719
5/4/2012,-805.7180000000001,26626.7604,6.3553,160.3926,53.662,2.0507,0.3799825129866792,0.29409041814534786,0.9869781129299247,1.6398362058428062,-0.00884726916754408,0.06637256070903397,0.18807979276905695,0.028735517179276915,0.01027001778628738,0.008782228395124714
5/7/2012,-805.7180000000001,26626.7604,6.3553,160.3926,54.21,2.0507,0.3947923635053774,0.29475634230432757,0.9970572006621299,1.6565823248991565,0.010212068130148078,0.07726242995111487,0.20180903185758314,0.028735517179276915,0.010356568390716801,0.008815508738014987
5/8/2012,-805.7180000000001,26626.7604,6.3553,160.3926,53.443000000000005,2.0507,0.363863723363532,0.295163965803241,0.982950156336215,1.6331438699425498,-0.014148681055155765,0.053043289787393366,0.17879436222070288,0.028735517179276915,0.010980651197384702,0.009070048186134208
5/9/2012,-805.7180000000001,26626.7604,6.3553,160.3926,53.074,2.0507,0.35444685466377424,0.27530942962868443,0.9761633253632518,1.6218677423297883,-0.006904552513893436,0.0620535088948031,0.17793017733093652,0.028735517179276915,0.010436236304604501,0.009081946056514478
5/10/2012,-805.7180000000001,26626.7604,6.3553,160.3926,52.873999999999995,2.0507,0.34831059543542,0.31095244166772895,0.972484826190914,1.6157560200464487,-0.003768323472886914,0.028496955785951794,0.16601243770123042,0.018626287004418263,0.008678843782429736,0.00910433185405759
5/11/2012,-805.7180000000001,26626.7604,6.3553,160.3926,52.894,2.0507,0.3534800409416581,0.32540941658137146,0.9728526761081479,1.6163671922747829,0.00037825774482747043,0.021178832750931464,0.16874737609651547,0.018626287004418263,0.008564143040842192,0.009090667837011733
5/14/2012,-805.7180000000001,26626.7604,6.3553,160.3926,51.758,2.0507,0.31921292756282815,0.3250497017892642,0.9519588008092699,1.5816526097054149,-0.0214769160963435,-0.0044049473906936365,0.141628250656197,0.018626287004418263,0.00984009861777518,0.009580173651121548
5/15/2012,-805.7180000000001,26626.7604,6.3553,160.3926,51.977,2.0507,0.328146160725693,0.3314679954005366,0.9559867574029796,1.5883449456056713,0.004231229954789528,-0.0024948663327384324,0.12689706009886392,0.018626287004418263,0.009873147718642911,0.009384803509269214
5/16/2012,-805.7180000000001,26626.7604,6.3553,160.3926,51.588,2.0507,0.31820620927558463,0.34013031812955186,0.9488320765127829,1.5764576457645763,-0.00748407949670038,-0.016359684246653794,0.11822083495903257,0.018626287004418263,0.009879063737515627,0.009457497847679415
5/17/2012,-805.7180000000001,26626.7604,6.3553,160.3926,50.202,2.0507,0.2814805360561583,0.3244926611359287,0.9233400772484827,1.5341034103410338,-0.026866713189113822,-0.03247441555688324,0.08817791650409679,0.018626287004418263,0.011233160408289622,0.010123156063320763
5/18/2012,-805.7180000000001,26626.7604,6.3553,160.3926,49.733999999999995,2.0507,0.2892472003318123,0.34041891331397744,0.9147323891852124,1.5198019801980194,-0.00932233775546798,-0.03817591088419592,0.0608335821850603,0.018626287004418263,0.0113562748024714,0.010030962092870134
5/21/2012,-805.7180000000001,26626.7604,6.3553,160.3926,50.262,2.0507,0.29855836304448946,0.33899137084689723,0.924443627000184,1.5359369270260357,0.010616479671854417,-0.030196615663650173,0.07828288245768356,0.018626287004418263,0.011647297606799282,0.010065671885758857
5/22/2012,-805.7180000000001,26626.7604,6.3553,160.3926,50.601000000000006,2.0507,0.3281799569531212,0.3504383432201166,0.9306786830972965,1.5462962962962963,0.006744657992121317,-0.01648234173647678,0.08070992268591715,0.018626287004418263,0.011694540418020746,0.010081416674788953
5/23/2012,-805.7180000000001,26626.7604,6.3553,160.3926,51.169,2.0507,0.3744023636852001,0.3800429760945474,0.9411256207467353,1.56365358758098,0.011225074603268492,-0.004087273010373926,0.09564900860776837,0.018626287004418263,0.011979400587060372,0.010146038215861344
5/24/2012,-805.7180000000001,26626.7604,6.3553,160.3926,52.166000000000004,2.0507,0.3910933333333335,0.3956266666666668,0.9594629391208388,1.5941205231634274,0.019484453477691677,-0.0032482421277897355,0.11532540836397853,0.019484453477691677,0.012047837941912647,0.010395917503523497
5/25/2012,-805.7180000000001,26626.7604,6.3553,160.3926,52.117,2.0507,0.4096724459711667,0.43877633821103057,0.958561706823616,1.592623151204009,-0.0009393091285513355,-0.020228225518395426,0.09812473662031174,0.019484453477691677,0.011442276828811012,0.010268344006556143
5/28/2012,-805.7180000000001,26626.7604,6.3553,160.3926,52.117,2.0507,0.40700845009583975,0.4433465619178749,0.958561706823616,1.592623151204009,0.0,-0.025176290144586,0.11380150453068882,0.019484453477691677,0.011362844331133562,0.010074436734409975
5/29/2012,-805.7180000000001,26626.7604,6.3553,160.3926,52.246,2.0507,0.4239071187179768,0.4603183255205494,0.9609343387897739,1.596565212076763,0.002475200030700231,-0.024933746407375557,0.11370225102319242,0.019484453477691677,0.011366680060754216,0.010074328253309887
5/30/2012,-805.7180000000001,26626.7604,6.3553,160.3926,51.778,2.0507,0.3982339121276768,0.46282844103588894,0.9523266507265036,1.5822637819337486,-0.008957623550128302,-0.044157282628761396,0.10255099867978368,0.019484453477691677,0.01113437804818064,0.010164228156513907
5/31/2012,-805.7180000000001,26626.7604,6.3553,160.3926,51.797,2.0507,0.40859893397149993,0.47857065158272594,0.9526761081478756,1.582844395550666,0.0003669512148016807,-0.04732389185212438,0.09138221660345547,0.019484453477691677,0.011071522149243047,0.01009960685423889
6/1/2012,-805.7180000000001,26626.7604,6.3553,160.3926,51.178999999999995,2.0507,0.40320236887560656,0.4844131275189869,0.9413095457053522,1.563959173695147,-0.011931192926231238,-0.054709000572579214,0.08018151118615435,0.019484453477691677,0.011266438506422493,0.010232351378678424
6/4/2012,-805.7180000000001,26626.7604,6.3553,160.3926,51.09,2.0507,0.3927812005888449,0.46289733384221154,0.939672613573662,1.561239457279061,-0.0017389945094665737,-0.04792963363273817,0.06617416891003591,0.019484453477691677,0.01117624994544855,0.01015669487365207
6/5/2012,-805.7180000000001,26626.7604,6.3553,160.3926,51.239,2.0507,0.40104451492945437,0.4822815268511431,0.9424130954570535,1.565792690380149,0.0029164220003914387,-0.05480538646006283,0.04620630512904267,0.019484453477691677,0.010878051898462885,0.009798662573964964
6/6/2012,-805.7180000000001,26626.7604,6.3553,160.3926,52.29600000000001,2.0507,0.41835046513520124,0.4494589243578966,0.9618539635828584,1.5980931426475982,0.020628817892621054,-0.021462118518795648,0.0559728616428401,0.020628817892621054,0.011655274019772028,0.010030082406713435
6/7/2012,-805.7180000000001,26626.7604,6.3553,160.3926,52.29600000000001,2.0507,0.395304162219851,0.4160618996798293,0.9618539635828584,1.5980931426475982,0.0,-0.014658778309529885,0.0570400614464166,0.020628817892621054,0.011576547119768289,0.010027765131741516
6/8/2012,-805.7180000000001,26626.7604,6.3553,160.3926,52.495,2.0507,0.37825561856752765,0.3882062591892459,0.9655140702593342,1.6041743063195206,0.0038052623527611296,-0.007167984264477734,0.0517300102177789,0.020628817892621054,0.011592142846834972,0.009983246307397617
6/11/2012,-805.7180000000001,26626.7604,6.3553,160.3926,52.056999999999995,2.0507,0.35505114923080905,0.37683837884269966,0.9574581570719146,1.5907896345190071,-0.00834365177635965,-0.01582410103225329,0.05008673901641991,0.020628817892621054,0.011722951494937118,0.010004297603961636
6/12/2012,-805.7180000000001,26626.7604,6.3553,160.3926,52.785,2.0507,0.3808303031888456,0.3539644753708113,0.9708478940592238,1.6130363036303628,0.01398467064948039,0.019842343212643332,0.0662774725274724,0.020628817892621054,0.011117952587861635,0.010135955968707462
6/13/2012,-805.7180000000001,26626.7604,6.3553,160.3926,52.974,2.0507,0.37999843697084934,0.3540261025868132,0.9743240757770829,1.6188118811881185,0.003580562659846631,0.019181561075090947,0.06388448175446348,0.020628817892621054,0.011109386131025438,0.01012280958152801
6/14/2012,-805.7180000000001,26626.7604,6.3553,160.3926,53.413000000000004,2.0507,0.401989605753583,0.35408682870491903,0.9823983814603643,1.6322271116000489,0.008287084229999797,0.03537644413429475,0.06755541342713811,0.020628817892621054,0.011042602673445888,0.010153104612121114
6/15/2012,-805.7180000000001,26626.7604,6.3553,160.3926,53.562,2.0507,0.4029545811724027,0.3149457802923148,0.9851388633437558,1.6367803447011364,0.0027895830603035243,0.06692960439823104,0.07117572945623252,0.020628817892621054,0.00889139702075299,0.01015299272253664
6/18/2012,-805.7180000000001,26626.7604,6.3553,160.3926,54.528999999999996,2.0507,0.4320342454960868,0.3061085141026312,1.0,1.6663305219410827,0.018053844143235853,0.09641291671693408,0.08554308010829748,0.020628817892621054,0.008981263308320804,0.010366240878274308
6/19/2012,-805.7180000000001,26626.7604,6.3553,160.3926,54.988,2.0507,0.40221853882442926,0.2817034298100216,1.0,1.6803569245813468,0.008417539291019516,0.0940272969639091,0.08755760368663568,0.020628817892621054,0.008918136934608361,0.010383989874131985
6/20/2012,-805.7180000000001,26626.7604,6.3553,160.3926,54.538999999999994,2.0507,0.3907688384546726,0.2903480810914192,0.9918345820906379,1.6666361080552496,-0.008165417909362094,0.07782454892195778,0.08487826225334172,0.020628817892621054,0.009301256620103815,0.010415549787407793
6/21/2012,-805.7180000000001,26626.7604,6.3553,160.3926,53.841,2.0507,0.382133230650751,0.3135412655628289,0.979140903469848,1.6453061972863952,-0.012798181118098828,0.052219117043522445,0.06466156492851627,0.020628817892621054,0.009783456856896895,0.010548919872218069
6/22/2012,-805.7180000000001,26626.7604,6.3553,160.3926,54.589,2.0507,0.3871271027087462,0.3255577577882809,0.9927438713901214,1.6681640386260845,0.013892758306866426,0.046447877928152304,0.07987972542580746,0.020628817892621054,0.009364411198464668,0.010670244579794142
6/25/2012,-805.7180000000001,26626.7604,6.3553,160.3926,55.477,2.0507,0.3951915096949423,0.31069084324623364,1.0,1.6953000855641116,0.01626701350088844,0.06447032638102734,0.10200230423900525,0.020628817892621054,0.009817249716635437,0.010812018150141382
6/26/2012,-805.7180000000001,26626.7604,6.3553,160.3926,56.982,2.0507,0.4428014381931433,0.3196181698485845,1.0,1.7412907957462411,0.027128359500333543,0.09334766007252915,0.12987785532994933,0.027128359500333543,0.011100291494605442,0.011280323301269789
6/27/2012,-805.7180000000001,26626.7604,6.3553,160.3926,57.281000000000006,2.0507,0.4655494435205323,0.33672764487655105,1.0,1.7504278205598338,0.005247271068056669,0.09637101404892245,0.13067250942539643,0.027128359500333543,0.011093773365744762,0.01128323810788207
6/28/2012,-805.7180000000001,26626.7604,6.3553,160.3926,56.713,2.0507,0.44366663272579165,0.31804296914774466,0.9900839719976955,1.7330705292751496,-0.009916028002304511,0.09531074973927156,0.11725537321959778,0.027128359500333543,0.011153495133870896,0.011382914990249293
6/29/2012,-805.7180000000001,26626.7604,6.3553,160.3926,56.883,2.0507,0.4561116088570334,0.3259183412261615,0.9930517972800753,1.7382654932159882,0.0029975490628251222,0.09819101492364424,0.13918650992329717,0.027128359500333543,0.01112061762459097,0.011144142169722097
7/2/2012,-805.7180000000001,26626.7604,6.3553,160.3926,57.62,2.0507,0.5183935912301043,0.3486613260250868,1.0,1.7607871898300937,0.012956419316843215,0.12585240039860102,0.16300662037784597,0.027128359500333543,0.010592367143147291,0.011152748514549062
7/3/2012,-805.7180000000001,26626.7604,6.3553,160.3926,58.019,2.0507,0.5220893016422685,0.34031166378089095,1.0,1.772980075785356,0.006924678930926742,0.13562340966921105,0.15295496999324354,0.027128359500333543,0.01045540953787953,0.011038889559009035
7/4/2012,-805.7180000000001,26626.7604,6.3553,160.3926,58.019,2.0507,0.5612873711686983,0.37883802911654674,1.0,1.772980075785356,0.0,0.13232108354964,0.15295496999324354,0.027128359500333543,0.010519352663821702,0.011038889559009035
7/5/2012,-805.7180000000001,26626.7604,6.3553,160.3926,57.74,2.0507,0.5455032119914347,0.3997858672376875,0.9951912304589876,1.7644542232000977,-0.004808769541012392,0.10409973994186927,0.13771157218576957,0.027128359500333543,0.010209102547754935,0.011045853972101534
7/6/2012,-805.7180000000001,26626.7604,6.3553,160.3926,57.79,2.0507,0.5288764253022566,0.38352866477949177,0.996053017115083,1.7659821537709324,0.0008659508139936545,0.10505583601040214,0.15642446921337516,0.027128359500333543,0.010190578300706896,0.010819573731918827
7/9/2012,-805.7180000000001,26626.7604,6.3553,160.3926,58.258,2.0507,0.5303667121992224,0.37897972050015727,1.0,1.7802835839139468,0.008098286900847906,0.1097818839889515,0.13322569978019416,0.027128359500333543,0.010212295156461,0.010308707325117981
7/10/2012,-805.7180000000001,26626.7604,6.3553,160.3926,57.511,2.0507,0.5059966481617262,0.363176914213889,0.9871777266641492,1.757456301185674,-0.012822273335850842,0.10476977159651946,0.11031526922408652,0.027128359500333543,0.01054665987161697,0.010451618917499387
7/11/2012,-805.7180000000001,26626.7604,6.3553,160.3926,56.603,2.0507,0.5022426285198651,0.4009129753974361,0.9715918843763947,1.7297090820193128,-0.015788283980455953,0.0723311546840959,0.08879142862638756,0.027128359500333543,0.011230454141618319,0.010678012590966476
7/12/2012,-805.7180000000001,26626.7604,6.3553,160.3926,56.723,2.0507,0.4931820574918395,0.3944929977887752,0.9736516873219128,1.7333761153893166,0.0021200289737293154,0.07077056669309467,0.08858694609169593,0.027128359500333543,0.011233742551399736,0.010677782738868125
7/13/2012,-805.7180000000001,26626.7604,6.3553,160.3926,56.743,2.0507,0.5204448017148982,0.43121650589496263,0.9739949878128326,1.7339872876176505,0.00035259065987336413,0.062344373092692695,0.0819318918506653,0.027128359500333543,0.011191728705111613,0.010658490364562128
7/16/2012,-805.7180000000001,26626.7604,6.3553,160.3926,56.883,2.0507,0.49818268015170664,0.4107142857142856,0.9763980912492705,1.7382654932159882,0.0024672646846306545,0.06200291251260226,0.09628616030990433,0.027128359500333543,0.011192171310587508,0.010548550149046798
7/17/2012,-805.7180000000001,26626.7604,6.3553,160.3926,57.231,2.0507,0.5037836985653477,0.4327867990961163,0.9823715197912732,1.7488998899889987,0.0061178207900427495,0.04955161473711245,0.10681132513344171,0.027128359500333543,0.010676835916998589,0.010544791519949522
7/18/2012,-805.7180000000001,26626.7604,6.3553,160.3926,56.45399999999999,2.0507,0.47449525948755444,0.4362055005615484,0.9690342957190428,1.7251558489182248,-0.013576558159039798,0.026660362260856774,0.08927778956914345,0.027128359500333543,0.011122342371757158,0.0107177116126738
7/19/2012,-805.7180000000001,26626.7604,6.3553,160.3926,56.333999999999996,2.0507,0.511105150214592,0.4629560085836908,0.9669744927735245,1.721488815548221,-0.0021256244021681248,0.03291222794697379,0.09494839549845469,0.027128359500333543,0.010941626546376065,0.01066965517092802
7/20/2012,-805.7180000000001,26626.7604,6.3553,160.3926,56.125,2.0507,0.44443586576075766,0.3856547251389746,0.9633870026434137,1.7151020657621316,-0.003710015266091493,0.04242120317230369,0.09237237003444987,0.027128359500333543,0.010515082385198986,0.010683899866677117
7/23/2012,-805.7180000000001,26626.7604,6.3553,160.3926,56.135,2.0507,0.5509905230293148,0.5082750808167322,0.9635586528888735,1.7154076518762984,0.000178173719376451,0.02832072395537555,0.0725886579027819,0.027128359500333543,0.010161601866620679,0.01045618862813662
7/24/2012,-805.7180000000001,26626.7604,6.3553,160.3926,55.985,2.0507,0.5781091442101702,0.5637896042394859,0.9609838992069758,1.710823860163794,-0.002672129687360747,0.009156947924365166,0.052488109337694766,0.027128359500333543,0.009599135429188629,0.010283296398689785
7/25/2012,-805.7180000000001,26626.7604,6.3553,160.3926,56.175,2.0507,0.7166299963329663,0.7412907957462411,0.9642452538707129,1.7088492075563528,0.0033937661873715275,-0.014162367063283221,0.05072667078166204,0.012956419316843215,0.007464232501124346,0.010274365037910831
7/26/2012,-805.7180000000001,26626.7604,6.3553,160.3926,57.72,2.0507,0.7036599763872489,0.690702479338843,0.99076521679426,1.7558482645332032,0.027503337783711723,0.007663972346851455,0.07722742712104802,0.027503337783711723,0.009614172939869919,0.010809097602135727
7/27/2012,-805.7180000000001,26626.7604,6.3553,160.3926,58.657,2.0507,0.7843518997353447,0.7252152222188419,1.0,1.7624241331650743,0.01623354123354126,0.03427785516548232,0.08283182573380099,0.027503337783711723,0.00989943469970964,0.01090538477848796
7/30/2012,-805.7180000000001,26626.7604,6.3553,160.3926,59.236000000000004,2.0507,0.7613511343700754,0.6913859237013471,1.0,1.7798209242233043,0.009870944644288171,0.04136561011198436,0.08949788486297594,0.027503337783711723,0.010058474036008538,0.010954713432563856
7/31/2012,-805.7180000000001,26626.7604,6.3553,160.3926,58.887,2.0507,0.7020347996994047,0.6654141857910862,0.9941083125126612,1.7693347755543538,-0.005891687487338815,0.021988892745574473,0.08765999889178255,0.027503337783711723,0.00986919813292799,0.010970676253763176
8/1/2012,-805.7180000000001,26626.7604,6.3553,160.3926,58.218999999999994,2.0507,0.6337589448575838,0.6281464851971377,0.9828313863191301,1.7492638663541855,-0.011343760082870635,0.003447146624381503,0.08492042786329246,0.027503337783711723,0.010130171771910161,0.0110126926230107
8/2/2012,-805.7180000000001,26626.7604,6.3553,160.3926,58.288000000000004,2.0507,0.6393756152439882,0.6318098720292504,0.9839962185157675,1.7513370590709696,0.0011851800958451175,0.0046364122097934946,0.07522597306769985,0.027503337783711723,0.010132229895026912,0.010954153392050223
8/3/2012,-805.7180000000001,26626.7604,6.3553,160.3926,59.016000000000005,2.0507,0.6460088135215041,0.610420036815976,0.9962860422715916,1.773210744546602,0.01248970628602808,0.022099064773120958,0.10427932563665965,0.027503337783711723,0.010398452241428569,0.010865473130123633
8/6/2012,-805.7180000000001,26626.7604,6.3553,160.3926,59.824,2.0507,0.744190792734482,0.6848887722674131,1.0,1.7974881317228533,0.013691202385793577,0.03519640076137742,0.1271809172099334,0.027503337783711723,0.010754986858446718,0.010914162974314856
8/7/2012,-805.7180000000001,26626.7604,6.3553,160.3926,59.894,2.0507,0.7678276269185358,0.7195395513577332,1.0,1.7995913707108948,0.001170098956940313,0.028081980157231623,0.13276846843439127,0.027503337783711723,0.010654808885426905,0.01089006055697296
8/8/2012,-805.7180000000001,26626.7604,6.3553,160.3926,59.873999999999995,2.0507,0.7718919238850581,0.7019620609037911,0.9996660767355661,1.7989904452857401,-0.00033392326443393294,0.04108779190067979,0.1319620372821113,0.027503337783711723,0.01015989162574652,0.010892181760125578
8/9/2012,-805.7180000000001,26626.7604,6.3553,160.3926,60.113,2.0507,0.6916561136907275,0.5928802588996767,1.0,1.8061715041163393,0.003991715936800588,0.06201084748158214,0.1614243208779318,0.027503337783711723,0.009313001570522944,0.010470195804189099
8/10/2012,-805.7180000000001,26626.7604,6.3553,160.3926,60.233000000000004,2.0507,0.6790154429391759,0.5811729943691808,1.0,1.809777056667268,0.0019962404138873513,0.0618796608077854,0.15883948669603876,0.027503337783711723,0.00931356579793643,0.010467787227397218
8/13/2012,-805.7180000000001,26626.7604,6.3553,160.3926,60.223,2.0507,0.7198218008395925,0.6204414998429337,0.9998339780518983,1.8094765939546904,-0.00016602194810166893,0.06132915073224887,0.16738388772582757,0.027503337783711723,0.009321354212037575,0.010396737861114235
8/14/2012,-805.7180000000001,26626.7604,6.3553,160.3926,60.442,2.0507,0.7023517814392337,0.6021123785382341,1.0,1.816056727360135,0.0036364843996479213,0.06256702353954613,0.20397593721365692,0.027503337783711723,0.009322260725949511,0.009692913803058601
8/15/2012,-805.7180000000001,26626.7604,6.3553,160.3926,61.26,2.0507,0.6897911896946458,0.5786555595399001,1.0,1.8406345772489636,0.013533635551437717,0.07039890968181584,0.2317529255640005,0.027503337783711723,0.009585589144535884,0.009652034347780029
8/16/2012,-805.7180000000001,26626.7604,6.3553,160.3926,60.352,2.0507,0.6684267271169102,0.5606667956763329,0.9851779301338557,1.8133525629469385,-0.014822069866144316,0.06904736599709516,0.20074808006048306,0.027503337783711723,0.009698346689992851,0.009873122974437858
8/17/2012,-805.7180000000001,26626.7604,6.3553,160.3926,60.332,2.0507,0.6012102232012526,0.49510337323177356,0.9848514528240288,1.8127516375217838,-0.0003313891834569871,0.07096957432456419,0.19230845240212635,0.027503337783711723,0.009656629005290032,0.009869574193031506
8/20/2012,-805.7180000000001,26626.7604,6.3553,160.3926,60.382,2.0507,0.5762654345158851,0.4651369201451434,0.9856676460985961,1.8142539510846705,0.0008287475966319846,0.07584855233852994,0.18005042115343284,0.027503337783711723,0.00954165732553951,0.00981393034183016
8/21/2012,-805.7180000000001,26626.7604,6.3553,160.3926,59.565,2.0507,0.5973451327433628,0.5053633681952265,0.9723310479921645,1.7897061474670994,-0.013530522341095086,0.06110269885098418,0.14183567841122557,0.027503337783711723,0.010226821603655224,0.009783471824846932
8/22/2012,-805.7180000000001,26626.7604,6.3553,160.3926,59.455,2.0507,0.5943952802359882,0.5013408420488066,0.9705354227881162,1.7864010576287483,-0.001846722068328699,0.06198088773778698,0.14079858779285082,0.027503337783711723,0.010205989917604314,0.009788766511008719
8/23/2012,-805.7180000000001,26626.7604,6.3553,160.3926,59.146,2.0507,0.6010936357976231,0.5206680923634983,0.9654913483512896,1.7771167598101079,-0.005197207972416074,0.05288829550511798,0.13486962027745264,0.027503337783711723,0.010356988907254845,0.009828910451349463
8/24/2012,-805.7180000000001,26626.7604,6.3553,160.3926,59.505,2.0507,0.5763331478979576,0.5290471270762138,0.9713516160626837,1.7879033711916354,0.006069725763365286,0.03092515592515599,0.13893886613329243,0.01623354123354126,0.008693061110513678,0.009841798386460661
8/27/2012,-805.7180000000001,26626.7604,6.3553,160.3926,59.714,2.0507,0.5987684069611781,0.5704685408299865,0.9747633039503755,1.7941830418845022,0.003512309889925236,0.018020014661506822,0.1532697284561011,0.013691202385793577,0.008032215872644247,0.009740398406361228
8/28/2012,-805.7180000000001,26626.7604,6.3553,160.3926,59.773999999999994,2.0507,0.6362093507062301,0.6214825358589733,0.9757427358798563,1.7959858181599664,0.0010047894966003224,0.009082314808562142,0.15400505820800436,0.013691202385793577,0.007764639891552684,0.009738674816149769
8/29/2012,-805.7180000000001,26626.7604,6.3553,160.3926,59.873999999999995,2.0507,0.6648314981648313,0.6373873873873874,0.9773751224289912,1.7989904452857401,0.0016729681801452845,0.016760914972744345,0.16989390179565844,0.013691202385793577,0.00762956342196412,0.009566829722036206
8/30/2012,-805.7180000000001,26626.7604,6.3553,160.3926,59.913999999999994,2.0507,0.6422443329770027,0.5957843379108074,0.978028077048645,1.8001922961360495,0.0006680696128535946,0.029114206702279377,0.17271481698962599,0.013691202385793577,0.0071042599721483045,0.00955426886412038
8/31/2012,-805.7180000000001,26626.7604,6.3553,160.3926,59.604,2.0507,0.6152407793826726,0.5795777892198046,0.9729676787463272,1.7908779520461513,-0.005174082852087869,0.022577545978589075,0.16325455219656915,0.013691202385793577,0.007247584768842383,0.00960387491460851
9/3/2012,-805.7180000000001,26626.7604,6.3553,160.3926,59.604,2.0507,0.5885927505330488,0.5729211087420043,0.9729676787463272,1.7908779520461513,0.0,0.009963399755998248,0.1397430013767782,0.013691202385793577,0.006761379485945972,0.009321537907657641
9/4/2012,-805.7180000000001,26626.7604,6.3553,160.3926,59.794,2.0507,0.6065018807092961,0.6073078989790435,0.9760692131896833,1.7965867435851213,0.0031877055231193108,-0.0005014709815458485,0.1433761664372033,0.013533635551437717,0.006091639766730814,0.009318490479999766
9/5/2012,-805.7180000000001,26626.7604,6.3553,160.3926,60.023,2.0507,0.583386092645352,0.5799831170201539,0.9798073783872022,1.803467339703143,0.003829815700572059,0.002153805055598257,0.14340413372702177,0.013533635551437717,0.006144736715882391,0.009318560422882167
9/6/2012,-805.7180000000001,26626.7604,6.3553,160.3926,60.501999999999995,2.0507,0.6095666285349437,0.5928596131847081,0.9876265099575579,1.817859503635599,0.007980274228212458,0.010488692921802434,0.1622260214764586,0.013533635551437717,0.006377436049268818,0.00924813334131723
9/7/2012,-805.7180000000001,26626.7604,6.3553,160.3926,59.864,2.0507,0.6062248457204185,0.612905822377247,0.9772118837740776,1.7986899825731628,-0.010545105946910827,-0.004142198858815949,0.13411006914843226,0.013533635551437717,0.006758883698764738,0.00927020754761409
9/10/2012,-805.7180000000001,26626.7604,6.3553,160.3926,59.653999999999996,2.0507,0.6477639974587739,0.6637571471977459,0.9737838720208946,1.792380265609038,-0.0035079513564079123,-0.009612670795079215,0.12609959602824028,0.013533635551437717,0.006777140569915125,0.00929421548479086
9/11/2012,-805.7180000000001,26626.7604,6.3553,160.3926,59.864,2.0507,0.6903094646487464,0.7004461260447257,0.9772118837740776,1.7986899825731628,0.0035203003989674464,-0.00596117762316728,0.1207758410873756,0.013533635551437717,0.006832054055116634,0.009260965149887435
9/12/2012,-805.7180000000001,26626.7604,6.3553,160.3926,59.265,2.0507,0.665917076598735,0.6990021082220659,0.9674338883447601,1.7806922660897784,-0.010006013630896593,-0.019473213990271687,0.10647473955416165,0.013533635551437717,0.007086654486439863,0.009379656300513031
9/13/2012,-805.7180000000001,26626.7604,6.3553,160.3926,59.913999999999994,2.0507,0.661324312333629,0.6986468500443654,0.978028077048645,1.8001922961360495,0.010950814139880194,-0.021971922951354972,0.09875479102862683,0.010950814139880194,0.006841584487725083,0.009220644079653622
9/14/2012,-805.7180000000001,26626.7604,6.3553,160.3926,59.365,2.0507,0.680490290437638,0.7084300515201267,0.969066274893895,1.7836968932155521,-0.009163133825149217,-0.016354056203605416,0.07959918527678767,0.010950814139880194,0.006366334079771695,0.009274945291712059
9/17/2012,-805.7180000000001,26626.7604,6.3553,160.3926,59.744,2.0507,0.7007999544509924,0.7175392148489768,0.9752530199151159,1.7950844300222344,0.0063842331340013825,-0.00974607173639197,0.0954362932947066,0.010950814139880194,0.006555103103183899,0.00921746696980174
9/18/2012,-805.7180000000001,26626.7604,6.3553,160.3926,60.243,2.0507,0.7523197300677742,0.7563628959539255,0.9833986287952988,1.8100775193798453,0.00835230316015001,-0.002302010532940213,0.11890566668523994,0.010950814139880194,0.00682815375938416,0.009072718965387505
9/19/2012,-805.7180000000001,26626.7604,6.3553,160.3926,60.841,2.0507,0.8280451895919718,0.7897061474670994,0.9931603003591251,1.8236616509801573,0.009926464485500386,0.021421975992613085,0.11452856802652556,0.010950814139880194,0.006425872376763771,0.009001108978340368
9/20/2012,-805.7180000000001,26626.7604,6.3553,160.3926,60.761,2.0507,0.8212637132066427,0.7821173790540137,0.9918543911198172,1.7668731280351275,-0.0013149027793757373,0.02196619291901447,0.09524667880382864,0.010950814139880194,0.006415009025856438,0.008814773459326753
9/21/2012,-805.7180000000001,26626.7604,6.3553,160.3926,61.318999999999996,2.0507,0.7830992468521909,0.7199104364767803,1.0,1.7571424477748803,0.009183522325175497,0.036739593548168914,0.07611175458916852,0.010950814139880194,0.006481460771375632,0.008244182122378383
9/24/2012,-805.7180000000001,26626.7604,6.3553,160.3926,61.358999999999995,2.0507,0.748269082827592,0.6954440550474399,1.0,1.758288678109866,0.0006523263588773531,0.031157045626417856,0.0711928911855586,0.010950814139880194,0.006407891916368093,0.008228094275380647
9/25/2012,-805.7180000000001,26626.7604,6.3553,160.3926,61.0,2.0507,0.7480012608533686,0.7111499555835745,0.994149187568246,1.741513689439575,-0.0058508124317540045,0.02153598821046998,0.0755911343078306,0.010950814139880194,0.006582888357741791,0.008155728928976768
9/26/2012,-805.7180000000001,26626.7604,6.3553,160.3926,61.32899999999999,2.0507,0.7420042038288928,0.6978355962051923,0.9995110741700484,1.7509064436006507,0.005393442622950717,0.02601465520125812,0.07816043457623523,0.010950814139880194,0.00665116307306108,0.008169867204673355
9/27/2012,-805.7180000000001,26626.7604,6.3553,160.3926,61.948,2.0507,0.7685785251377508,0.7093670596968051,1.0,1.7196313568731956,0.010093104404115705,0.034639409426462375,0.07511280805275944,0.010950814139880194,0.006926373114699395,0.008111323788855302
9/28/2012,-805.7180000000001,26626.7604,6.3553,160.3926,62.715,2.0507,0.7409227181878748,0.6631689984454805,1.0,1.7242185137327137,0.012381352101762833,0.04675034215709206,0.08093900274048171,0.012381352101762833,0.007304988788391858,0.008202251584415246
10/1/2012,-805.7180000000001,26626.7604,6.3553,160.3926,62.985,2.0507,0.7316416022874108,0.6386880378302584,1.0,1.6962915084430799,0.004305190145898141,0.056724380914032535,0.08559265068339683,0.012381352101762833,0.007116763904958247,0.008209437857341321
10/2/2012,-805.7180000000001,26626.7604,6.3553,160.3926,62.266999999999996,2.0507,0.6738440860215051,0.6022580645161288,0.9886004604270857,1.6769545662653846,-0.011399539572914286,0.044678209516139766,0.07840318669899538,0.012381352101762833,0.007737109624895742,0.008330132244903424
10/3/2012,-805.7180000000001,26626.7604,6.3553,160.3926,63.503,2.0507,0.7102421157523364,0.6103525356171393,1.0,1.703406652360515,0.019850000802993595,0.06202963508044301,0.09885793389859843,0.019850000802993595,0.008653074763229861,0.00865372290419063
10/4/2012,-805.7180000000001,26626.7604,6.3553,160.3926,63.762,2.0507,0.7103540772532189,0.6100590128755365,1.0,1.7098954143201932,0.004078547470198313,0.06229278776469016,0.094476295101102,0.019850000802993595,0.008654573321582816,0.008619295153316013
10/5/2012,-805.7180000000001,26626.7604,6.3553,160.3926,64.241,2.0507,0.7108578124583877,0.6112812591547043,1.0,1.7227406811477608,0.007512311408048644,0.06179960993025024,0.11702109161725582,0.019850000802993595,0.008641477972744794,0.00845460209228587
10/8/2012,-805.7180000000001,26626.7604,6.3553,160.3926,64.331,2.0507,0.7050809721964537,0.5866839831429405,1.0,1.725154196835613,0.001400974455565862,0.07461913670987586,0.1365298659081675,0.019850000802993595,0.00808795766261704,0.00814993874462547
10/9/2012,-805.7180000000001,26626.7604,6.3553,160.3926,64.969,2.0507,0.6846185759477257,0.5468028833687701,1.0,1.7422633413783855,0.009917458146150304,0.089097126764341,0.1453731290658109,0.019850000802993595,0.008039773441301967,0.008209759672061914
10/10/2012,-805.7180000000001,26626.7604,6.3553,160.3926,65.19800000000001,2.0507,0.6698168779613267,0.5332052759636317,1.0,1.7484043979619204,0.003524757961489433,0.08910196445275975,0.1490051636325187,0.019850000802993595,0.00803975734004011,0.00820803736782205
10/11/2012,-805.7180000000001,26626.7604,6.3553,160.3926,64.15100000000001,2.0507,0.6759672910625183,0.5483188337644016,0.9839412251909568,1.720327165459909,-0.016058774809043164,0.0824432633088672,0.12777103879893836,0.019850000802993595,0.00865577180614601,0.008525491945613174
10/12/2012,-805.7180000000001,26626.7604,6.3553,160.3926,65.029,2.0507,0.7145380721366796,0.5796772832735706,0.9974078959477283,1.7438723518369534,0.013686458511948052,0.08537236705945195,0.13625482692946123,0.019850000802993595,0.008788105549674855,0.008637812618550894
10/15/2012,-805.7180000000001,26626.7604,6.3553,160.3926,66.036,2.0507,0.6995058678196417,0.5278206711962117,1.0,1.7708769106999196,0.015485398822064012,0.11237261012381028,0.1697311085131259,0.019850000802993595,0.00859365613084094,0.008564651237557954
10/16/2012,-805.7180000000001,26626.7604,6.3553,160.3926,66.155,2.0507,0.7175532881584756,0.5511073032686866,1.0,1.7740681147760795,0.0018020473681021887,0.10730784681306904,0.1743352149678703,0.019850000802993595,0.008618068652445193,0.008544504895244805
10/17/2012,-805.7180000000001,26626.7604,6.3553,160.3926,66.514,2.0507,0.7513823792722101,0.5862604665859181,1.0,1.7836953606865111,0.0054266495351824595,0.10409508158624226,0.18510467706013345,0.019850000802993595,0.008583063389274243,0.008513333116784332
10/18/2012,-805.7180000000001,26626.7604,6.3553,160.3926,66.50399999999999,2.0507,0.7288585020927028,0.5816414069202174,0.9998496557115795,1.7834271922767495,-0.00015034428842053416,0.09307868049506074,0.18471541818829595,0.019850000802993595,0.008561535665504562,0.008515024876661656
10/19/2012,-805.7180000000001,26626.7604,6.3553,160.3926,65.906,2.0507,0.6965968182052209,0.5641507491118778,0.9908590672640348,1.7673907213730224,-0.008991940334415749,0.08467602574019528,0.1772081807627044,0.019850000802993595,0.00896677601147896,0.008616313747591567
10/22/2012,-805.7180000000001,26626.7604,6.3553,160.3926,65.507,2.0507,0.6355487865774494,0.5309847198641764,0.9848603301560576,1.7566908018235454,-0.006054077018784354,0.06829856977445825,0.16612372051624402,0.019850000802993595,0.009134192851094155,0.008684742914955409
10/23/2012,-805.7180000000001,26626.7604,6.3553,160.3926,64.979,2.0507,0.6448714054272986,0.5532351154313486,0.9769221517274559,1.742531509788147,-0.008060207306089473,0.05899705014749279,0.12576230076230077,0.019850000802993595,0.009447736071074478,0.008172680221854132
10/24/2012,-805.7180000000001,26626.7604,6.3553,160.3926,65.358,2.0507,0.6603495579717507,0.5496392643024082,0.9826202002585923,1.7526950925181015,0.005832653626556272,0.07144262295081982,0.11424041461377166,0.019850000802993595,0.009256402833168054,0.007981588034068307
10/25/2012,-805.7180000000001,26626.7604,6.3553,160.3926,65.587,2.0507,0.6661670561934763,0.5579971547606948,0.9860630844634214,1.758836149101636,0.0035037791854095612,0.06942881834042636,0.1072152069687351,0.019850000802993595,0.009244540049653286,0.007917148362373706
10/26/2012,-805.7180000000001,26626.7604,6.3553,160.3926,65.876,2.0507,0.7085797281875716,0.6067019400352736,0.9904080343987733,1.7665862161437385,0.004406361016664917,0.06340801962936671,0.11868493895087218,0.019850000802993595,0.009116223514230401,0.007865091541308905
10/29/2012,-805.7180000000001,26626.7604,6.3553,160.3926,65.876,2.0507,0.7205840102384624,0.6380233499621282,0.9904080343987733,1.7665862161437385,0.0,0.05040261500438503,0.13152063759253863,0.019850000802993595,0.008874379807629186,0.007686876887306552
10/30/2012,-805.7180000000001,26626.7604,6.3553,160.3926,65.876,2.0507,0.6663125411038602,0.5931856123842769,0.9904080343987733,1.7665862161437385,0.0,0.045899817416845456,0.13018116936590718,0.019850000802993595,0.008877452447426694,0.007690333511872119
10/31/2012,-805.7180000000001,26626.7604,6.3553,160.3926,66.434,2.0507,0.6915516626775984,0.5854509344604573,0.9987972456926362,1.7815500134084206,0.0084704596514662,0.06692148328970404,0.1256947268537345,0.019850000802993595,0.008404392098203132,0.007618017200700811
11/1/2012,-805.7180000000001,26626.7604,6.3553,160.3926,66.42399999999999,2.0507,0.6904361989107748,0.6160991499974549,0.9986469014042156,1.781281844998659,-0.0001505253334136425,0.04599782687432086,0.11032361594009088,0.015485398822064012,0.007498499838229521,0.007470931405846153
11/2/2012,-805.7180000000001,26626.7604,6.3553,160.3926,66.404,2.0507,0.6907877985435655,0.6235168304730865,0.9983462128273747,1.7807455081791363,-0.0003010959894013121,0.041435337661930305,0.10869202257321264,0.015485398822064012,0.0075036836441065196,0.007474880864106443
11/5/2012,-805.7180000000001,26626.7604,6.3553,160.3926,65.956,2.0507,0.6827656588850619,0.6390100778160479,0.9916107887061372,1.768731563421829,-0.006746581531232976,0.026696346569947682,0.10157998463439899,0.015485398822064012,0.0076205562544343726,0.007545886906907469
11/6/2012,-805.7180000000001,26626.7604,6.3553,160.3926,66.205,2.0507,0.7073705384774087,0.6590416752630495,0.9953543614878071,1.775408956824886,0.0037752441021285943,0.029130590228661157,0.1013424716783391,0.015485398822064012,0.0076399816003820675,0.007544813197022504
11/7/2012,-805.7180000000001,26626.7604,6.3553,160.3926,66.783,2.0507,0.738823651938449,0.6915926784179967,1.0,1.790909090909091,0.008730458424590415,0.027921008480968013,0.1087443760065081,0.015485398822064012,0.007577923559225269,0.007598585737938372
11/8/2012,-805.7180000000001,26626.7604,6.3553,160.3926,67.282,2.0507,0.7739400970259436,0.7189938831470153,1.0,1.8042906945561812,0.007471961427309326,0.03196417068008195,0.11721435332015995,0.015485398822064012,0.007683058819337764,0.0076297161508473476
11/9/2012,-805.7180000000001,26626.7604,6.3553,160.3926,67.033,2.0507,0.7976133011531243,0.720327165459909,0.9962991587646027,1.7976133011531243,-0.0037008412353972675,0.04492525447771656,0.10904668938817386,0.015485398822064012,0.006675977591288656,0.007657020363795322
11/12/2012,-805.7180000000001,26626.7604,6.3553,160.3926,66.883,2.0507,0.7935907750067042,0.7438723518369534,0.9940697363336405,1.7935907750067042,-0.0022377038175227515,0.028510356917682778,0.09178909565785176,0.015485398822064012,0.006182141054879654,0.007519576831176962
11/13/2012,-805.7180000000001,26626.7604,6.3553,160.3926,66.544,2.0507,0.7844998659157951,0.7708769106999196,0.9890312416396659,1.720995189572234,-0.005068552546985017,0.0076927736386211976,0.10259809119830332,0.008730458424590415,0.0054127849763845,0.007276191394766571
11/14/2012,-805.7180000000001,26626.7604,6.3553,160.3926,65.816,2.0507,0.7021672787461855,0.7109346712874363,0.978211111441396,1.6711354864919765,-0.010940129838903467,-0.005124329226815827,0.09089703639859437,0.008730458424590415,0.0059343464770821195,0.0074419529886152365
11/15/2012,-805.7180000000001,26626.7604,6.3553,160.3926,64.65,2.0507,0.6415295551492994,0.6888584196628071,0.9608810677447164,1.638617123739038,-0.01771605688586353,-0.028024175361577863,0.07068331622006574,0.008730458424590415,0.006901776064959749,0.007822324165732931
11/16/2012,-805.7180000000001,26626.7604,6.3553,160.3926,65.736,2.0507,0.6123620309050772,0.6311994113318613,0.9770220861448828,1.6661428499011508,0.01679814385150813,-0.011548177553229677,0.10360110803324107,0.01679814385150813,0.007956899582754232,0.007839709868237862
11/19/2012,-805.7180000000001,26626.7604,6.3553,160.3926,66.813,2.0507,0.6415970515970515,0.6193120393120393,0.9930293391991916,1.6934404623105388,0.016383716684921446,0.013762024701847952,0.12375746362795392,0.01679814385150813,0.008513769965441651,0.008044359888650371
11/20/2012,-805.7180000000001,26626.7604,6.3553,160.3926,66.883,2.0507,0.6226254882457121,0.5892428249108423,0.9940697363336405,1.6952146803872863,0.001047700297846177,0.021005388737081354,0.1308118892232779,0.01679814385150813,0.008372550907858593,0.007993994059923843
11/21/2012,-805.7180000000001,26626.7604,6.3553,160.3926,67.053,2.0507,0.6307059996595248,0.5802670298402199,0.996596415088731,1.6995234957165306,0.002541752014712184,0.03191800427830538,0.12684648348878236,0.01679814385150813,0.008113031909852084,0.007977255545358133
11/22/2012,-805.7180000000001,26626.7604,6.3553,160.3926,67.053,2.0507,0.6212824604671403,0.5802988539097635,0.996596415088731,1.6995234957165306,0.0,0.02593408611034609,0.12290250192584651,0.01679814385150813,0.00805796985121244,0.007978282770855685
11/23/2012,-805.7180000000001,26626.7604,6.3553,160.3926,67.551,2.0507,0.6476255518427281,0.5997219444376696,1.0,1.7121457900339636,0.007426960762382029,0.029944958604601446,0.13010673536989348,0.01679814385150813,0.00815767493105113,0.008007984480462709
11/26/2012,-805.7180000000001,26626.7604,6.3553,160.3926,67.053,2.0507,0.6621551275377406,0.6329788552589177,0.9926277923346803,1.6995234957165306,-0.007372207665319652,0.01786690145121117,0.11990179376691046,0.01679814385150813,0.008346100394596675,0.008094106540337554
11/27/2012,-805.7180000000001,26626.7604,6.3553,160.3926,67.242,2.0507,0.661486002322651,0.6277334387586175,0.9954256783763379,1.7043138845237493,0.002818665831506584,0.02073592810735314,0.12230864238742223,0.01679814385150813,0.008353955947122488,0.00809365653568126
11/28/2012,-805.7180000000001,26626.7604,6.3553,160.3926,67.601,2.0507,0.6761548188738193,0.6333837494731103,1.0,1.713413088660212,0.005338925076588952,0.026185560750500825,0.13416884772834048,0.01679814385150813,0.008402746240019836,0.008054458787394228
11/29/2012,-805.7180000000001,26626.7604,6.3553,160.3926,67.88,2.0507,0.6922616673314721,0.6562126047068211,1.0,1.7204846149946773,0.004127157882279686,0.021765963211608508,0.1388497416280785,0.01679814385150813,0.008268917938302917,0.008054446476682372
11/30/2012,-805.7180000000001,26626.7604,6.3553,160.3926,68.618,2.0507,0.7252407412063457,0.6700776908958335,1.0,1.739189942718102,0.010872127283441335,0.03303023003733596,0.14757333511723592,0.01679814385150813,0.00853393677816568,0.008129057748469648
12/3/2012,-805.7180000000001,26626.7604,6.3553,160.3926,68.219,2.0507,0.7096208305139964,0.6641355286569932,0.9941851992188638,1.7290768996806405,-0.005814800781136165,0.02733269080175882,0.13654765673158598,0.01679814385150813,0.008678407119021804,0.008188843807405527
12/4/2012,-805.7180000000001,26626.7604,6.3553,160.3926,68.319,2.0507,0.7147052179805737,0.6553974349321086,0.9956425427730334,1.7316114969331373,0.0014658672803764539,0.035826914912972185,0.12920234041849876,0.01679814385150813,0.008479452934304861,0.008154022609866739
12/5/2012,-805.7180000000001,26626.7604,6.3553,160.3926,67.691,2.0507,0.7156942261874588,0.6780301110153595,0.9864904252528492,1.6331547963713569,-0.0091921720165693,0.022445434634846384,0.13074635841240156,0.01679814385150813,0.008788215530410795,0.0081222677967185
12/6/2012,-805.7180000000001,26626.7604,6.3553,160.3926,68.119,2.0507,0.6434809882262111,0.6112478286045164,0.9927278556646945,1.6174138094785826,0.006322849418681997,0.02000509111600257,0.1419016327488518,0.01679814385150813,0.008698866547253133,0.008109464002591514
12/7/2012,-805.7180000000001,26626.7604,6.3553,160.3926,68.877,2.0507,0.6350235009257938,0.5971608982576078,1.0,1.6354117200113967,0.011127585548818875,0.023706191849231617,0.1505579313109715,0.01679814385150813,0.008870173230579318,0.008186605418700496
12/10/2012,-805.7180000000001,26626.7604,6.3553,160.3926,68.658,2.0507,0.6302117959920217,0.591627884889353,0.9968204190077966,1.6225451967387452,-0.00317958099220339,0.024241791356496067,0.1584915211338902,0.01679814385150813,0.008856628065420718,0.008065902202041678
12/11/2012,-805.7180000000001,26626.7604,6.3553,160.3926,68.339,2.0507,0.6150064988774666,0.580597896726929,0.9921889745488335,1.6150064988774666,-0.004646217483760151,0.02176935843188854,0.14061821944787534,0.01679814385150813,0.008918459128963817,0.00803759081563047
12/12/2012,-805.7180000000001,26626.7604,6.3553,160.3926,68.977,2.0507,0.6300838946000238,0.5725865532317145,1.0,1.6281600377670247,0.009335811176634179,0.036562274585236976,0.1619135854459699,0.01679814385150813,0.008976958733122882,0.007956147213849456
12/13/2012,-805.7180000000001,26626.7604,6.3553,160.3926,68.857,2.0507,0.6079067812441623,0.5368951989538577,0.9982602896617713,1.6253275109170304,-0.0017397103382287282,0.046204570317248006,0.15253414568826984,0.01679814385150813,0.00854057088436013,0.007956629045919771
12/14/2012,-805.7180000000001,26626.7604,6.3553,160.3926,69.426,2.0507,0.6387584090640859,0.5260238404343209,1.0,1.6223302332102634,0.008263502621374874,0.07387470997679801,0.15243264777650523,0.01679814385150813,0.007305583686828041,0.007955545034813147
12/17/2012,-805.7180000000001,26626.7604,6.3553,160.3926,69.914,2.0507,0.6337337009861197,0.5361031920362669,1.0,1.6322080590185368,0.007029066920174021,0.06355725934039191,0.1491264114659523,0.016383716684921446,0.006697148147455521,0.00791895216671613
12/18/2012,-805.7180000000001,26626.7604,6.3553,160.3926,69.605,2.0507,0.624994163514965,0.5598122986412666,0.9955802843493435,1.624994163514965,-0.004419715650656464,0.04178827473695246,0.1455538914764405,0.011127585548818875,0.0061265212405849775,0.007951026573043349
12/19/2012,-805.7180000000001,26626.7604,6.3553,160.3926,69.595,2.0507,0.6247607041135548,0.5614465144511369,0.9954372514803902,1.6195052707514022,-0.00014366783995412025,0.040548420375880356,0.13496632365172312,0.011127585548818875,0.006140980183240705,0.00790541825070017
12/20/2012,-805.7180000000001,26626.7604,6.3553,160.3926,69.874,2.0507,0.6259977194982895,0.5603518488353152,0.9994278685241867,1.6248633816245377,0.004008908685968704,0.04207119741100329,0.13877344806792813,0.011127585548818875,0.006156822489045619,0.007907210021847015
12/21/2012,-805.7180000000001,26626.7604,6.3553,160.3926,70.692,2.0507,0.6427392931006435,0.558176283317454,1.0,1.6438853103271862,0.011706786501416877,0.05427050243836962,0.15888524590163922,0.011706786501416877,0.006489368516576819,0.007931992005253005
12/24/2012,-805.7180000000001,26626.7604,6.3553,160.3926,70.532,2.0507,0.6401646396763017,0.5708438946120038,0.9977366604424829,1.6394021802291796,-0.002263339557517119,0.04412962058296688,0.1500595150744346,0.011706786501416877,0.0064689747255195764,0.007943636562594626
12/25/2012,-805.7180000000001,26626.7604,6.3553,160.3926,70.532,2.0507,0.6394021802291796,0.5585384561746041,0.9977366604424829,1.6239638975870327,0.0,0.05188433030587736,0.13856783108413495,0.011706786501416877,0.006121154973952885,0.00788452041563301
12/26/2012,-805.7180000000001,26626.7604,6.3553,160.3926,70.203,2.0507,0.616388837723338,0.5482132989500832,0.9930826684773385,1.5911831368993656,-0.004664549424374664,0.044034978138663305,0.11939727337957429,0.011706786501416877,0.006312199387091526,0.007817946101337792
12/27/2012,-805.7180000000001,26626.7604,6.3553,160.3926,70.383,2.0507,0.59526291931097,0.5322076155938351,0.9956289254795451,1.5891397606683224,0.002563992991752473,0.041153237378145135,0.11745653727077876,0.011706786501416877,0.0062693135024923935,0.007812101363703087
12/28/2012,-805.7180000000001,26626.7604,6.3553,160.3926,70.064,2.0507,0.5819372318807856,0.5326258749153308,0.9911163922367453,1.5769880033311576,-0.00453234445817885,0.03217442545668825,0.12521881574509774,0.011706786501416877,0.006401714708108101,0.007671684011655691
12/31/2012,-805.7180000000001,26626.7604,6.3553,160.3926,70.811,2.0507,0.5880822624414095,0.5388997286326223,1.0,1.593801345967724,0.010661680749029623,0.031959544142936336,0.11508117726721578,0.011706786501416877,0.006386503632665774,0.007407798061394103
1/1/2013,-805.7180000000001,26626.7604,6.3553,160.3926,70.811,2.0507,0.593801345967724,0.5354610727227711,1.0,1.593801345967724,0.0,0.03799527990735729,0.11055173928044937,0.011706786501416877,0.006175217482765196,0.007405007740366218
1/2/2013,-805.7180000000001,26626.7604,6.3553,160.3926,72.377,2.0507,0.6290485943865494,0.5377118548695674,1.0,1.6290485943865494,0.02211520808913847,0.05939782490961498,0.12664809078314465,0.02211520808913847,0.0075998191694529975,0.007807710643188747
1/3/2013,-805.7180000000001,26626.7604,6.3553,160.3926,71.25,2.0507,0.6036822795921584,0.5235769429876884,0.9844287549912265,1.596495552219409,-0.015571245008773493,0.05257715205861935,0.10755312368842396,0.02211520808913847,0.008205567741144735,0.008112910286200693
1/4/2013,-805.7180000000001,26626.7604,6.3553,160.3926,70.472,2.0507,0.5685541310541307,0.5161814458689458,0.9736794838139188,1.5790629411369288,-0.010919298245614106,0.03454249181579283,0.08470193476888976,0.02211520808913847,0.008651795796103942,0.008194959463975967
1/7/2013,-805.7180000000001,26626.7604,6.3553,160.3926,69.585,2.0507,0.537552201869324,0.5219082130941071,0.9614242093482736,1.559187971946492,-0.012586559200817304,0.010279193344657767,0.06728734010245696,0.02211520808913847,0.008897568464557635,0.008374605638105267
1/8/2013,-805.7180000000001,26626.7604,6.3553,160.3926,69.416,2.0507,0.5481511218163164,0.5312458182791382,0.9590892134241541,1.5554011965314034,-0.0024286843428898974,0.011040228378338846,0.0820719864070707,0.02211520808913847,0.008883435205837587,0.008096437591357744
1/9/2013,-805.7180000000001,26626.7604,6.3553,160.3926,69.575,2.0507,0.5503141851241142,0.5227728508400553,0.9612860439089768,1.5589639023953037,0.002290538204448689,0.01808630503811881,0.06990727214012216,0.02211520808913847,0.00880880458039633,0.007940704162924387
1/10/2013,-805.7180000000001,26626.7604,6.3553,160.3926,70.413,2.0507,0.5777409307849157,0.54556454323422,0.9728643077220664,1.5693367210484086,0.012044556234279469,0.020818533714136445,0.06628202798473559,0.02211520808913847,0.008957230430526902,0.00785152603453172
1/11/2013,-805.7180000000001,26626.7604,6.3553,160.3926,70.602,2.0507,0.5707484203969031,0.5319257809023761,0.97547563452478,1.573549077293394,0.002684163435729303,0.025342376228996377,0.06722092056533913,0.02211520808913847,0.008941093600556319,0.00785367596180893
1/14/2013,-805.7180000000001,26626.7604,6.3553,160.3926,70.32300000000001,2.0507,0.5673308371222252,0.5473388606579299,0.9716208187683935,1.560756375258007,-0.003951729412764449,0.01292023161351663,0.0572661394593621,0.02211520808913847,0.00885761931562305,0.007858520699651737
1/15/2013,-805.7180000000001,26626.7604,6.3553,160.3926,69.884,2.0507,0.5296924592316952,0.5303491299113494,0.9655553559832544,1.5510131611070423,-0.006242623323805985,-0.0004290986068599123,0.05082401058582953,0.02211520808913847,0.008853088422189308,0.007909158341073705
1/16/2013,-805.7180000000001,26626.7604,6.3553,160.3926,70.572,2.0507,0.5498067463106113,0.528570801124385,0.975061138206889,1.566282708569146,0.009844885810772253,0.01389268012355438,0.07079780293144777,0.02211520808913847,0.009040916996661796,0.007888350359678687
1/17/2013,-805.7180000000001,26626.7604,6.3553,160.3926,71.28,2.0507,0.5636379590225067,0.5266748563155352,0.9848432513091177,1.5819961382249152,0.010032307430708931,0.02421150944751771,0.0881279863220723,0.02211520808913847,0.009263621223290764,0.00791280017776481
1/18/2013,-805.7180000000001,26626.7604,6.3553,160.3926,71.09100000000001,2.0507,0.5605189217666169,0.5338045482483096,0.9822319245064042,1.5778014514947736,-0.0026515151515150714,0.017417065002719445,0.09406115822034833,0.02211520808913847,0.009275955300131356,0.0078377950889157
1/21/2013,-805.7180000000001,26626.7604,6.3553,160.3926,71.09100000000001,2.0507,0.5653293993306325,0.5565439492689799,0.9822319245064042,1.5778014514947736,0.0,0.005644203021558436,0.0877168824015424,0.02211520808913847,0.008937304276135845,0.007819716282243415
1/22/2013,-805.7180000000001,26626.7604,6.3553,160.3926,71.39,2.0507,0.5712210581917421,0.5523373536402849,0.9863630711413848,1.5844374902900773,0.004205876974581857,0.01216469120399255,0.08847789958375896,0.02211520808913847,0.00895578901532682,0.00782331224483706
1/23/2013,-805.7180000000001,26626.7604,6.3553,160.3926,71.131,2.0507,0.569631705540967,0.5564137078800448,0.9827845862635921,1.578689215882105,-0.003627959097912914,0.008492599103952836,0.07977108506891728,0.02211520808913847,0.009003093416103187,0.007838598020611907
1/24/2013,-805.7180000000001,26626.7604,6.3553,160.3926,71.639,2.0507,0.5860916155600326,0.5542984922620497,0.9898033905798803,1.5899638236012164,0.007141752541086177,0.02045496631198085,0.08748254295949942,0.02211520808913847,0.009036878053049492,0.007871812655129274
1/25/2013,-805.7180000000001,26626.7604,6.3553,160.3926,71.141,2.0507,0.5771609727980138,0.5603564856895824,0.9829227517028892,1.578911156978938,-0.006951520819665102,0.01076964607930897,0.07992288542109427,0.02211520808913847,0.009191948652673265,0.007939648168301694
1/28/2013,-805.7180000000001,26626.7604,6.3553,160.3926,71.21,2.0507,0.5706817830910735,0.5454044158193088,0.9838760932340385,1.580442550547085,0.0009699048368729812,0.0163564740808404,0.0718908992383418,0.02211520808913847,0.009117946358042944,0.007885715975347946
1/29/2013,-805.7180000000001,26626.7604,6.3553,160.3926,70.831,2.0507,0.5720309829771182,0.5715871007834523,0.9786396230846817,1.5650838544313588,-0.0053222861957589185,0.0002824419934754907,0.0663465012646034,0.02211520808913847,0.008919635353932002,0.007926110464365574
1/30/2013,-805.7180000000001,26626.7604,6.3553,160.3926,69.884,2.0507,0.5411282141754508,0.561571031623517,0.9655553559832544,1.5441589146430388,-0.01336985218336606,-0.013091186397593657,0.05240648153725691,0.02211520808913847,0.009388313483795424,0.008130451408916209
1/31/2013,-805.7180000000001,26626.7604,6.3553,160.3926,69.455,2.0507,0.5346797180546656,0.5992443157964513,0.9596280586374125,1.5319716787612767,-0.006138744204682078,-0.04037194136258748,0.0530505185275032,0.012044556234279469,0.007875008529898038,0.008121654945120396
2/1/2013,-805.7180000000001,26626.7604,6.3553,160.3926,70.153,2.0507,0.547367492335179,0.5715640646712399,0.9692720063003442,1.5209652241783023,0.010049672449787828,-0.015396491228070075,0.05963295823578285,0.012044556234279469,0.007637177272609661,0.008196193649146852
2/4/2013,-805.7180000000001,26626.7604,6.3553,160.3926,69.426,2.0507,0.5052033648425984,0.5278813632815889,0.9592273788634512,1.5048770971517755,-0.010363063589582833,-0.014842774435236628,0.03957593998472664,0.012044556234279469,0.007600880124351175,0.008256749139961937
2/5/2013,-805.7180000000001,26626.7604,6.3553,160.3926,70.163,2.0507,0.5208522998222571,0.5083235791390299,0.9694101717396411,1.5208522998222571,0.010615619508541396,0.008306387870949283,0.042819773490681,0.012044556234279469,0.007469464407019717,0.008307984115222227
2/6/2013,-805.7180000000001,26626.7604,6.3553,160.3926,69.735,2.0507,0.5115749772402134,0.5046603372783631,0.9634966909377289,1.4960418767296677,-0.006100081239399646,0.004595482309553978,0.040308504766309206,0.012044556234279469,0.007581611021791582,0.008333939485873782
2/7/2013,-805.7180000000001,26626.7604,6.3553,160.3926,69.047,2.0507,0.47278273111215396,0.484045049272642,0.9539909087140943,1.4812820457812197,-0.009865920986592114,-0.007588932806324222,0.03235500799904312,0.012044556234279469,0.007876049595028125,0.00843158498994012
2/8/2013,-805.7180000000001,26626.7604,6.3553,160.3926,69.286,2.0507,0.4864093707763928,0.5105871752515392,0.957293062713293,1.483576720483063,0.0034614103436789723,-0.016005567153792533,0.04120581870641993,0.010615619508541396,0.007410552524579999,0.008408517267414824
2/11/2013,-805.7180000000001,26626.7604,6.3553,160.3926,69.077,2.0507,0.47531075135620027,0.5078809106830124,0.9544054050319853,1.4791015374073915,-0.0030164824062581808,-0.021599954675505018,0.04954722255986388,0.010615619508541396,0.007383136875323477,0.008290395815826362
2/12/2013,-805.7180000000001,26626.7604,6.3553,160.3926,68.06,2.0507,0.45732516808701984,0.5057813369877096,0.9403539798554791,1.4551441033096726,-0.014722700754230766,-0.0321800833297784,0.05274555297757155,0.010615619508541396,0.007949848930797235,0.008190532250275578
2/13/2013,-805.7180000000001,26626.7604,6.3553,160.3926,67.252,2.0507,0.4378688103993842,0.4941417942358677,0.9291902123602802,1.4372542314925627,-0.011871877754922266,-0.03766241199702369,0.0230619447486915,0.010615619508541396,0.008207559877195762,0.008085897356289678
2/14/2013,-805.7180000000001,26626.7604,6.3553,160.3926,67.91,2.0507,0.4308891698272228,0.48697850821744626,0.9382814982660237,1.4513164643528806,0.009784095640278379,-0.03772034234540622,0.016418960381961556,0.010615619508541396,0.00820325912201208,0.007916377985470024
2/15/2013,-805.7180000000001,26626.7604,6.3553,160.3926,68.498,2.0507,0.4638827149940161,0.523337322619251,0.9464056260966883,1.4601381309686223,0.008658518627595368,-0.039029180695847265,0.024146644139766638,0.010615619508541396,0.00810914335074205,0.007985903908672137
2/18/2013,-805.7180000000001,26626.7604,6.3553,160.3926,68.498,2.0507,0.4601381309686223,0.5154118349249661,0.9464056260966883,1.4585835356245478,0.0,-0.03647437791000274,0.021550117071570396,0.010615619508541396,0.008116884752778558,0.007981380514859315
2/19/2013,-805.7180000000001,26626.7604,6.3553,160.3926,67.70100000000001,2.0507,0.4416123674460204,0.5137983901878118,0.9353938405847163,1.4288940481215704,-0.011635376215363924,-0.047685361016162386,0.009663997136593494,0.010615619508541396,0.008385121019000618,0.008123432604670803
2/20/2013,-805.7180000000001,26626.7604,6.3553,160.3926,67.531,2.0507,0.42290349768225877,0.5042140750105353,0.933045028116667,1.4253060363022372,-0.002511041195846442,-0.05405518980249324,-0.0002960725970007072,0.010615619508541396,0.008251979571216126,0.00807689566519207
2/21/2013,-805.7180000000001,26626.7604,6.3553,160.3926,67.551,2.0507,0.4257281553398058,0.501287463064584,0.933321358995261,1.4096913541601455,0.00029616028194445754,-0.05032967341946548,0.007426960762382029,0.010615619508541396,0.008272187766522493,0.008021173736413372
2/22/2013,-805.7180000000001,26626.7604,6.3553,160.3926,69.794,2.0507,0.45649950958909824,0.4950019825121559,0.9643118670295813,1.4250653381247955,0.03320454175363796,-0.02575412833791646,0.03795247018232639,0.03320454175363796,0.01121181248349462,0.009033907953579263
2/25/2013,-805.7180000000001,26626.7604,6.3553,160.3926,69.92399999999999,2.0507,0.4277196994446255,0.4525686050310356,0.9661080177404424,1.4133484254355824,0.0018626242943518,-0.017106872267750095,0.03436339699116875,0.03320454175363796,0.011149851036467,0.009015288027229807
2/26/2013,-805.7180000000001,26626.7604,6.3553,160.3926,70.203,2.0507,0.41755512478798185,0.4378887004280754,0.9699628334968292,1.4189877511420141,0.003990046336022068,-0.014141272293217155,0.03422215674720097,0.03320454175363796,0.011192710511040862,0.009014433483810303
2/27/2013,-805.7180000000001,26626.7604,6.3553,160.3926,70.512,2.0507,0.4252334559566642,0.4316812871407205,0.9742321455711069,1.4243697478991597,0.004401521302508371,-0.004503677768208925,0.02760208691596966,0.03320454175363796,0.011189534531433058,0.00893168995092744
2/28/2013,-805.7180000000001,26626.7604,6.3553,160.3926,70.911,2.0507,0.4206920040871116,0.40011620219181365,0.9797449465990578,1.432429702650291,0.005658611300204175,0.014695781580905454,0.03946114718773375,0.03320454175363796,0.010830665416967372,0.008918409614555266
3/1/2013,-805.7180000000001,26626.7604,6.3553,160.3926,71.42,2.0507,0.4406745471416469,0.4010368338241821,0.9867775674592758,1.4427117000646414,0.007178011874039214,0.02829169966165157,0.04539000863595777,0.03320454175363796,0.010796936329132254,0.00895576015690115
3/4/2013,-805.7180000000001,26626.7604,6.3553,160.3926,72.197,2.0507,0.45840740142210734,0.4171178086619265,0.9975130220926538,1.4572299370256743,0.010879305516662052,0.02913631633714875,0.06656719504808617,0.03320454175363796,0.010831689713486239,0.008953595953136571
3/5/2013,-805.7180000000001,26626.7604,6.3553,160.3926,72.816,2.0507,0.4623742293093407,0.39429237041351195,1.0,1.4697238818020346,0.00857376345277494,0.04882896897415945,0.06895286190343364,0.03320454175363796,0.010586826900956253,0.008979378657558821
3/6/2013,-805.7180000000001,26626.7604,6.3553,160.3926,72.77600000000001,2.0507,0.454559990406332,0.40233445925689026,0.9994506701823777,1.4689165186500892,-0.000549329817622346,0.03724185111811096,0.05660815656895646,0.03320454175363796,0.010428869112502886,0.008889083936301749
3/7/2013,-805.7180000000001,26626.7604,6.3553,160.3926,72.925,2.0507,0.4584124952502848,0.3946163230206188,1.0,1.4719239463910867,0.0020473782565679777,0.0457446045744605,0.06214862069969995,0.03320454175363796,0.010270860479231042,0.008874649664534327
3/8/2013,-805.7180000000001,26626.7604,6.3553,160.3926,73.105,2.0507,0.4553471890428413,0.3745620321707277,1.0,1.4755570805748428,0.002468289338361407,0.058771561400205785,0.06974055810006008,0.03320454175363796,0.009893167250272223,0.008846916464699796
3/11/2013,-805.7180000000001,26626.7604,6.3553,160.3926,72.846,2.0507,0.4407547319079923,0.3703447321057731,0.9964571506736886,1.470329404165994,-0.003542849326311437,0.051381231417602535,0.05609116082172316,0.03320454175363796,0.009986302245858983,0.008802435899810295
3/12/2013,-805.7180000000001,26626.7604,6.3553,160.3926,72.168,2.0507,0.43555060471037566,0.37406508593252696,0.9871828192326106,1.4566445987405137,-0.009307305823243572,0.044747166205828304,0.048085162002410975,0.03320454175363796,0.010248936893309966,0.008890298954765301
3/13/2013,-805.7180000000001,26626.7604,6.3553,160.3926,71.988,2.0507,0.42350358901346596,0.3458306143837375,0.9847206073455987,1.4530114645567578,-0.0024941802460924922,0.05771378195709653,0.0369026013309135,0.03320454175363796,0.00956793784579359,0.008847540424173662
3/14/2013,-805.7180000000001,26626.7604,6.3553,160.3926,71.65899999999999,2.0507,0.4175585052719033,0.33037922098474803,0.9802202311743381,1.4463709026320037,-0.004570206145468769,0.06552964967584596,0.024959235632348253,0.03320454175363796,0.009134041687775365,0.008832561346060263
3/15/2013,-805.7180000000001,26626.7604,6.3553,160.3926,70.811,2.0507,0.406598863771801,0.3489730245123357,0.968620477395527,1.4292548038107542,-0.011833824083506417,0.042718303637167,0.01732634149845569,0.03320454175363796,0.00954789459457055,0.008946867978881333
3/18/2013,-805.7180000000001,26626.7604,6.3553,160.3926,70.542,2.0507,0.39875475888324896,0.3582249365482235,0.9649408385199371,1.4238252866139192,-0.0037988448122467933,0.02984028730765864,0.013607299374955195,0.03320454175363796,0.009502804369614808,0.008961709168182671
3/19/2013,-805.7180000000001,26626.7604,6.3553,160.3926,70.443,2.0507,0.39047788239474146,0.35208543060737063,0.9635866219820804,1.4218270628128533,-0.0014034192396019662,0.028394989634733747,0.008143229241205585,0.03320454175363796,0.009518386922784108,0.008951067537905831
3/20/2013,-805.7180000000001,26626.7604,6.3553,160.3926,70.90100000000001,2.0507,0.396761293118733,0.3337207698823901,0.969851583339033,1.4310713709026324,0.006501710602899058,0.04726665780416828,0.0029564872970069267,0.03320454175363796,0.009091961941083753,0.00886646620406769
3/21/2013,-805.7180000000001,26626.7604,6.3553,160.3926,70.881,2.0507,0.41952215969399,0.35243225922736476,0.969578004240476,1.4306676893266592,-0.0002820834684984508,0.04960684722571851,0.004948108659899031,0.03320454175363796,0.009046615501139653,0.00886151352242415
3/22/2013,-805.7180000000001,26626.7604,6.3553,160.3926,71.689,2.0507,0.44697642499596313,0.3634547069271761,0.9806305998221735,1.4414485060521978,0.01139938770615534,0.06125742031946224,0.016403901775080776,0.03320454175363796,0.009243110272694583,0.008974748244631832
3/25/2013,-805.7180000000001,26626.7604,6.3553,160.3926,71.609,2.0507,0.4230157783871866,0.3869480545288344,0.979536283427946,1.4398399485261593,-0.001115931314427554,0.026005100724990626,0.020027634146688733,0.01139938770615534,0.006118351833876856,0.008954213996773987
3/26/2013,-805.7180000000001,26626.7604,6.3553,160.3926,71.609,2.0507,0.4230157783871866,0.38953141767020383,0.979536283427946,1.4398399485261593,0.0,0.024097591670957152,0.017418979014818925,0.01139938770615534,0.006122390614361314,0.00894983336516891
3/27/2013,-805.7180000000001,26626.7604,6.3553,160.3926,72.078,2.0507,0.4202281728438848,0.38328308801797006,0.9859517132891047,1.4492701170225601,0.006549456073957405,0.02670826033075513,0.028745147293902873,0.01139938770615534,0.006206599177118271,0.008961952246971949
3/28/2013,-805.7180000000001,26626.7604,6.3553,160.3926,71.809,2.0507,0.43695595621635674,0.411001941048166,0.9822720744135147,1.4438613423412556,-0.0037320680374040016,0.01839403222146574,0.014093855474431871,0.01139938770615534,0.006255280863973796,0.00888155196662157
3/29/2013,-805.7180000000001,26626.7604,6.3553,160.3926,71.809,2.0507,0.39681767783851085,0.3793499192748353,0.9822720744135147,1.4438613423412556,0.0,0.012663761616674263,0.014093855474431871,0.01139938770615534,0.0061606164629233635,0.00888155196662157
4/1/2013,-805.7180000000001,26626.7604,6.3553,160.3926,71.888,2.0507,0.38787960692704226,0.3788443346139738,0.9833527118528145,1.4454497928982188,0.0011001406508934775,0.006552786334360183,-0.006756289981623809,0.01139938770615534,0.005977028187441907,0.008430705545729117
4/2/2013,-805.7180000000001,26626.7604,6.3553,160.3926,72.367,2.0507,0.39202108219362564,0.38875103391232435,0.9899049312632515,1.4550810310853743,0.0066631426663699145,0.0023546684765294312,0.01567719298245618,0.01139938770615534,0.005667695227510476,0.008234549483167467
4/3/2013,-805.7180000000001,26626.7604,6.3553,160.3926,71.878,2.0507,0.37943078665054597,0.39743220680522784,0.9832159223035359,1.4452487232074638,-0.006757223596390638,-0.012881784223247705,0.019951186286752298,0.01139938770615534,0.005510521098666609,0.008159603351134715
4/4/2013,-805.7180000000001,26626.7604,6.3553,160.3926,72.277,2.0507,0.37812225908553554,0.387636807382832,0.9886738253197456,1.453271403868581,0.005551072650880728,-0.006856656040453046,0.03868649852698147,0.01139938770615534,0.005671910624571416,0.008014621345771923
4/5/2013,-805.7180000000001,26626.7604,6.3553,160.3926,72.726,2.0507,0.401622757145335,0.40545801453157826,0.9948156760823472,1.4622994329834722,0.006212211353542552,-0.0027288309907438357,0.047683531174369076,0.01139938770615534,0.005829177488608658,0.008035271792774136
4/8/2013,-805.7180000000001,26626.7604,6.3553,160.3926,73.50399999999999,2.0507,0.4215208478378587,0.4138044403187129,1.0,1.4779426549241967,0.01069768720952613,0.005457903016209409,0.05647143370463503,0.01139938770615534,0.006271301721792129,0.008130161150623025
4/9/2013,-805.7180000000001,26626.7604,6.3553,160.3926,73.663,2.0507,0.42132479209678353,0.4055608080730122,1.0,1.4811396630071985,0.0021631475838050918,0.011215440792905484,0.04615624955619002,0.01139938770615534,0.006220890651904996,0.008006155098196195
4/10/2013,-805.7180000000001,26626.7604,6.3553,160.3926,74.79,2.0507,0.45367256895177777,0.4027094792901711,1.0,1.5038002171552662,0.01529940404273522,0.03633189225141331,0.05931843290558336,0.01529940404273522,0.00657857087854719,0.008210516260018376
4/11/2013,-805.7180000000001,26626.7604,6.3553,160.3926,74.90899999999999,2.0507,0.4579692092099885,0.401117187956169,1.0,1.5061929464752484,0.0015911218077280243,0.04057620714563526,0.0652133725808055,0.01529940404273522,0.0065076990346855665,0.008186827575829402
4/12/2013,-805.7180000000001,26626.7604,6.3553,160.3926,75.268,2.0507,0.43816875573219183,0.3692104860898804,1.0,1.5134113483733465,0.004792481544273919,0.05036352726105586,0.07704195524011226,0.01529940404273522,0.0063601608694546586,0.008146535631571455
4/15/2013,-805.7180000000001,26626.7604,6.3553,160.3926,74.202,2.0507,0.39495798319327724,0.3312089936645799,0.9858372748046978,1.491977319338883,-0.01416272519530215,0.04788803999378621,0.05143683047100822,0.01529940404273522,0.006634450953545204,0.008296293449974948
4/16/2013,-805.7180000000001,26626.7604,6.3553,160.3926,75.488,2.0507,0.41196715485475943,0.3194545760619494,1.0,1.5178348815699523,0.01733106924341654,0.07011425817243633,0.05903479236812559,0.01733106924341654,0.0072452422865528325,0.00847588660945598
4/17/2013,-805.7180000000001,26626.7604,6.3553,160.3926,74.76,2.0507,0.3952446717181144,0.3146765704900898,0.9903560830860535,1.503197008083002,-0.009643916913946504,0.061283590988458814,0.051609908427227014,0.01733106924341654,0.007718006535774394,0.008569026440226031
4/18/2013,-805.7180000000001,26626.7604,6.3553,160.3926,75.587,2.0507,0.39536643898837,0.3088609931696513,1.0,1.519825471508425,0.011062065275548427,0.06609215666915835,0.06324288587866245,0.01733106924341654,0.007887748065424775,0.008664444753318585
4/19/2013,-805.7180000000001,26626.7604,6.3553,160.3926,75.847,2.0507,0.3950156336214823,0.3036784991723378,1.0,1.5250532834680501,0.0034397449296834637,0.07006108830293023,0.06243171312508755,0.01733106924341654,0.007850108144134284,0.008660424517518472
4/22/2013,-805.7180000000001,26626.7604,6.3553,160.3926,76.325,2.0507,0.4097449252876746,0.32411665835503567,1.0,1.5346644146861304,0.006302160929239298,0.0646682196710795,0.07302020216220773,0.01733106924341654,0.007662382999178654,0.008665228034905808
4/23/2013,-805.7180000000001,26626.7604,6.3553,160.3926,76.72399999999999,2.0507,0.4297640788640005,0.3344452312623458,1.0,1.5426870953472474,0.005227644939403753,0.07142956890893593,0.07098089029718446,0.01733106924341654,0.0076162336214633895,0.008647239218590435
4/24/2013,-805.7180000000001,26626.7604,6.3553,160.3926,76.186,2.0507,0.40538646006271906,0.32095554325770137,0.9929878525624318,1.5318695459846385,-0.0070121474375681725,0.06391654680277647,0.07091550582645723,0.01733106924341654,0.007916777847412144,0.008648155935332334
4/25/2013,-805.7180000000001,26626.7604,6.3553,160.3926,77.861,2.0507,0.4568980034803436,0.34868925771382586,1.0,1.5655487191860702,0.021985666657916125,0.08023252587474672,0.09339980339839915,0.021985666657916125,0.008917668955911291,0.009038591419315341
4/26/2013,-805.7180000000001,26626.7604,6.3553,160.3926,77.921,2.0507,0.46815766665410585,0.3529977013226815,1.0,1.566755137330599,0.0007706040251216351,0.08511467921848248,0.10009741497366975,0.021985666657916125,0.008782654997294522,0.008997371653637454
4/29/2013,-805.7180000000001,26626.7604,6.3553,160.3926,77.641,2.0507,0.46841547830691854,0.35811551991527035,0.9964066169582012,1.5611251859894641,-0.003593383041798792,0.08121544653177182,0.11099822563104578,0.021985666657916125,0.008897388992226253,0.00881833104875779
4/30/2013,-805.7180000000001,26626.7604,6.3553,160.3926,78.758,2.0507,0.4889779559118237,0.35909554958974566,1.0,1.5835846704467769,0.014386728661403003,0.09556532383707972,0.13394284068821527,0.021985666657916125,0.009166899393858308,0.00890243125133014
5/1/2013,-805.7180000000001,26626.7604,6.3553,160.3926,78.499,2.0507,0.5166544302330074,0.3981799914988988,0.9967114451865208,1.5783769654562272,-0.0032885548134792275,0.08473475479154846,0.11896854019072589,0.021985666657916125,0.00930007627311607,0.008867312607756054
5/2/2013,-805.7180000000001,26626.7604,6.3553,160.3926,78.688,2.0507,0.5139003790137946,0.38288088962425704,0.9991112014017625,1.5821771826114934,0.0024076739831082605,0.09474387156014363,0.133408233226745,0.021985666657916125,0.008983546610822351,0.008729105675468977
5/3/2013,-805.7180000000001,26626.7604,6.3553,160.3926,79.027,2.0507,0.531887260603241,0.4010428781887261,1.0,1.5889934451280816,0.004308153721024777,0.09339070520359183,0.1263343927711187,0.021985666657916125,0.00897938722949911,0.008664945933886843
5/6/2013,-805.7180000000001,26626.7604,6.3553,160.3926,78.40899999999999,2.0507,0.5618700450181267,0.44866738376957094,0.9921798878864184,1.5765673382394338,-0.007820112113581579,0.07814261749580598,0.12438517243851721,0.021985666657916125,0.009344573375481231,0.00869330920595685
5/7/2013,-805.7180000000001,26626.7604,6.3553,160.3926,79.077,2.0507,0.5899987935818556,0.47794265492419674,1.0,1.573295929330309,0.008519430167455377,0.07581900304745326,0.14526337132677747,0.021985666657916125,0.009274029395088892,0.008600069145311131
5/8/2013,-805.7180000000001,26626.7604,6.3553,160.3926,79.775,2.0507,0.5871831602403408,0.4655803589192631,1.0,1.5765498705559178,0.008826839662607444,0.0829724556425886,0.15138700458967191,0.021985666657916125,0.009338807708825688,0.008639325421157694
5/9/2013,-805.7180000000001,26626.7604,6.3553,160.3926,79.436,2.0507,0.5698503982134739,0.4780340309480049,0.995750548417424,1.5548248189469565,-0.004249451582575947,0.06212060435887157,0.1499630846736253,0.021985666657916125,0.009111414145501229,0.008652895299499178
5/10/2013,-805.7180000000001,26626.7604,6.3553,160.3926,79.705,2.0507,0.557681408665403,0.46395278391213424,0.9991225321215919,1.5600900371892736,0.0033863739362505196,0.06402434954411351,0.17109903026741113,0.021985666657916125,0.00910680849342513,0.008376098586056792
5/13/2013,-805.7180000000001,26626.7604,6.3553,160.3926,79.755,2.0507,0.528869378522409,0.4428554997507954,0.9997492948918832,1.5610687022900762,0.0006273132174894336,0.05961364723388418,0.18591268661155058,0.021985666657916125,0.009111148015459578,0.008174729025439169
5/14/2013,-805.7180000000001,26626.7604,6.3553,160.3926,80.613,2.0507,0.5467697680219508,0.42375808277529403,1.0,1.5778625954198473,0.010757946210268932,0.08639928842888334,0.18705639817405384,0.021985666657916125,0.008385270919209965,0.008189166315117822
5/15/2013,-805.7180000000001,26626.7604,6.3553,160.3926,80.57300000000001,2.0507,0.5460022641364624,0.44843333269374686,0.9995038021162841,1.5770796633392055,-0.0004961978837159098,0.06736169987282747,0.17628251919764093,0.021985666657916125,0.007852275473564208,0.00816396599303598
5/16/2013,-805.7180000000001,26626.7604,6.3553,160.3926,79.815,2.0507,0.5276767599433447,0.4309229414692035,0.9901008522198652,1.562243100411039,-0.009407617936529777,0.06761637239165319,0.1652165026716108,0.021985666657916125,0.007833188765173714,0.0082974774971483
5/17/2013,-805.7180000000001,26626.7604,6.3553,160.3926,80.543,2.0507,0.5555448259878715,0.45982849859013486,0.999131653703497,1.576492464278724,0.009121092526467534,0.0655668302750474,0.18968700610035305,0.021985666657916125,0.007746124867433625,0.008139195036167937
5/20/2013,-805.7180000000001,26626.7604,6.3553,160.3926,80.393,2.0507,0.55207830569338,0.46431260497712223,0.9972709116395618,1.5735564689763162,-0.0018623592366810993,0.05993645101322409,0.19046067731856464,0.021985666657916125,0.00781909648970886,0.008132784476314974
5/21/2013,-805.7180000000001,26626.7604,6.3553,160.3926,80.453,2.0507,0.5719924187655094,0.49133433634889334,0.9980152084651359,1.5747308670972793,0.0007463336360131745,0.05408450704225354,0.19099643232520624,0.021985666657916125,0.007788772997681552,0.008130743495555074
5/22/2013,-805.7180000000001,26626.7604,6.3553,160.3926,78.289,2.0507,0.5323742415345467,0.5017420238794281,0.9711709029560989,1.5279181873182537,-0.026897691820068848,0.020397789479172257,0.12171533369630638,0.021985666657916125,0.010058616651153799,0.008032405357297875
5/23/2013,-805.7180000000001,26626.7604,6.3553,160.3926,78.369,2.0507,0.5294794980386035,0.4868752317570604,0.9721632987235309,1.5054459534740767,0.0010218549221474582,0.0286535583965557,0.12077398318174026,0.021985666657916125,0.009889595563270603,0.008033093614474265
5/24/2013,-805.7180000000001,26626.7604,6.3553,160.3926,77.90100000000001,2.0507,0.4896167966957321,0.4888519198409056,0.9663577834840535,1.4964558080565538,-0.005971749033418683,0.0005137360167479788,0.1096534336139483,0.014386728661403003,0.008800674629733005,0.008088011017101028
5/27/2013,-805.7180000000001,26626.7604,6.3553,160.3926,77.90100000000001,2.0507,0.4896167966957321,0.489999235123145,0.9663577834840535,1.4964558080565538,0.0,-0.00025667021727127093,0.10479067392784214,0.014386728661403003,0.008799176897913352,0.008083177043712093
5/28/2013,-805.7180000000001,26626.7604,6.3553,160.3926,77.163,2.0507,0.469911420135251,0.4790170492427852,0.9572029325294927,1.482279040282767,-0.00947356259868315,-0.0061565410028208145,0.08816685704615645,0.014386728661403003,0.009011083302265788,0.008185273405699958
5/29/2013,-805.7180000000001,26626.7604,6.3553,160.3926,75.169,2.0507,0.44397487369614086,0.5129185316095819,0.9324674680262488,1.4240598654920906,-0.025841400671306247,-0.045569973843926914,0.05249229907588915,0.010757946210268932,0.009967959455330529,0.008838767069700451
5/30/2013,-805.7180000000001,26626.7604,6.3553,160.3926,75.518,2.0507,0.430671592308421,0.48714596949891065,0.9367967945616712,1.4255672594102768,0.004642871396453474,-0.037975006051032434,0.04599914123855564,0.010757946210268932,0.010073193679657375,0.008759206483126473
5/31/2013,-805.7180000000001,26626.7604,6.3553,160.3926,75.04899999999999,2.0507,0.4167138596292521,0.48540793596858856,0.9309788743751007,1.405069926796847,-0.006210439895124487,-0.046245933306222176,0.030666337068775862,0.010757946210268932,0.010069048965012203,0.008744301782968906
6/3/2013,-805.7180000000001,26626.7604,6.3553,160.3926,75.039,2.0507,0.40488270645722935,0.4795461778967667,0.9308548249041718,1.4009745715245885,-0.00013324627909749864,-0.05046376554848342,0.03109541607123223,0.010757946210268932,0.009971610700091393,0.008743640282867818
6/4/2013,-805.7180000000001,26626.7604,6.3553,160.3926,75.238,2.0507,0.40468989208767425,0.46389231171352807,0.933323409375659,1.3974108950428112,0.002651954317088423,-0.04044178601946191,0.0317175179979432,0.010757946210268932,0.009949612709111901,0.008745670857009285
6/5/2013,-805.7180000000001,26626.7604,6.3553,160.3926,74.63,2.0507,0.36862953657686726,0.45018247171229997,0.9257812015431753,1.386118385616909,-0.008081022887370781,-0.05623632661835931,0.02086040626496133,0.010757946210268932,0.009736204398953776,0.008808792425711122
6/6/2013,-805.7180000000001,26626.7604,6.3553,160.3926,75.906,2.0507,0.38041027133192706,0.4507710773259621,0.9416099140337167,1.4098177968462697,0.017097681897360495,-0.04849890316515193,0.04200642451198422,0.017097681897360495,0.010372579739478104,0.009041824691082728
6/7/2013,-805.7180000000001,26626.7604,6.3553,160.3926,75.956,2.0507,0.39269146849043834,0.456499019050588,0.9422301613883617,1.4107464571608996,0.0006587094564329821,-0.043808852409486954,0.05248863762332334,0.017097681897360495,0.0103820554083914,0.0089507522601961
6/10/2013,-805.7180000000001,26626.7604,6.3553,160.3926,74.74,2.0507,0.3881614383090952,0.48037740755186564,0.9271457457233945,1.369140302991445,-0.016009268523882403,-0.06229220249670664,0.03822859365449793,0.017097681897360495,0.010728471526804366,0.009190977676932438
6/11/2013,-805.7180000000001,26626.7604,6.3553,160.3926,74.251,2.0507,0.36018245434061824,0.4610086281118906,0.9210797265949662,1.338410512464625,-0.0065426812951564495,-0.06901134725095592,0.03617131134958651,0.017097681897360495,0.010721256981079036,0.009212338144782329
6/12/2013,-805.7180000000001,26626.7604,6.3553,160.3926,73.763,2.0507,0.3296140743010618,0.45308866737566933,0.9150261124136306,1.3175493435741719,-0.006572302056537915,-0.08497388758636937,0.04168843823699708,0.017097681897360495,0.010237564100865742,0.009121141554717424
6/13/2013,-805.7180000000001,26626.7604,6.3553,160.3926,75.408,2.0507,0.3233652732441825,0.4140079323295076,0.9354322503814522,1.346932213985889,0.02230115369494179,-0.06410335968624736,0.06898018201922262,0.02230115369494179,0.011744375682263376,0.009498902191919173
6/14/2013,-805.7180000000001,26626.7604,6.3553,160.3926,76.016,2.0507,0.3270718039140377,0.3933939700773379,0.9429744582139358,1.3577922657854784,0.008062805007426288,-0.04759756937918924,0.07911360958505465,0.02230115369494179,0.011891872011257892,0.009533409389404458
6/17/2013,-805.7180000000001,26626.7604,6.3553,160.3926,75.388,2.0507,0.3292895808721106,0.4201858480418952,0.9351841514395942,1.3465749754398502,-0.008261418648705554,-0.06400307910060465,0.06328542615759991,0.02230115369494179,0.011663428557489725,0.00958364983426949
6/18/2013,-805.7180000000001,26626.7604,6.3553,160.3926,75.64699999999999,2.0507,0.3298700842079354,0.41330450222386306,0.9383970327366553,1.3512012146110564,0.00343556003607981,-0.05903499060863515,0.06723945768259454,0.02230115369494179,0.011748066819274943,0.009586949536838951
6/19/2013,-805.7180000000001,26626.7604,6.3553,160.3926,73.643,2.0507,0.27808052759458524,0.396268656716418,0.9135375187624825,1.315405912297937,-0.02649146694515303,-0.08464569375908915,0.027256622354894233,0.02230115369494179,0.012791067810725209,0.01010366317280003
6/20/2013,-805.7180000000001,26626.7604,6.3553,160.3926,71.709,2.0507,0.23595718643892516,0.34936831038108207,0.8895463510848126,1.2808609448959543,-0.02626183072389765,-0.08404756734662588,0.0013964725104387288,0.02230115369494179,0.01273509355384178,0.010649561336991556
6/21/2013,-805.7180000000001,26626.7604,6.3553,160.3926,71.539,2.0507,0.2330271118082008,0.3507471690308348,0.8874375100790195,1.2778244172546218,-0.002370692660614404,-0.08715180747489437,-0.0009775307573069991,0.02230115369494179,0.012688381851187426,0.01065402951063655
6/24/2013,-805.7180000000001,26626.7604,6.3553,160.3926,71.29,2.0507,0.23467267059231034,0.3491686872185662,0.8843486782528873,1.273376797356435,-0.0034806189630830486,-0.0848641224117791,-0.010932600793584712,0.02230115369494179,0.01268318029678541,0.010630110402463788
6/25/2013,-805.7180000000001,26626.7604,6.3553,160.3926,71.3,2.0507,0.23377747015054506,0.34800138432254735,0.8844727277238162,1.2735554166294543,0.00014027212792799837,-0.08473575435488645,-0.007088247991198893,0.02230115369494179,0.012685504777727822,0.010620070471755874
6/26/2013,-805.7180000000001,26626.7604,6.3553,160.3926,71.609,2.0507,0.229170242713447,0.3245047890418482,0.8883058563755225,1.2790747521657586,0.004333800841514801,-0.07197750217072951,-0.002785166204793299,0.02230115369494179,0.012752365275911389,0.01063447301313719
6/27/2013,-805.7180000000001,26626.7604,6.3553,160.3926,74.221,2.0507,0.2905531115786546,0.3070369146771921,0.9207075781821791,1.3257301062784674,0.036475861972657286,-0.012611581902113866,0.032453260627642866,0.036475861972657286,0.014427557713121587,0.011584401567216008
6/28/2013,-805.7180000000001,26626.7604,6.3553,160.3926,73.902,2.0507,0.3056198434711941,0.33416956698408207,0.9167504000595438,1.3200321514691435,-0.004297974966653628,-0.021398871792155494,0.021211325604211906,0.036475861972657286,0.01439993050270096,0.011573767896841884
7/1/2013,-805.7180000000001,26626.7604,6.3553,160.3926,73.942,2.0507,0.3035629286180208,0.3230788216420146,0.9172465979432597,1.3207466285612217,0.00054125734080257,-0.014750363096110553,0.02871532318651049,0.036475861972657286,0.014351458060937369,0.011537450682703404
7/2/2013,-805.7180000000001,26626.7604,6.3553,160.3926,73.942,2.0507,0.3031034665068817,0.32243624764288104,0.9172465979432597,1.3207466285612217,0.0,-0.014619064752995237,0.02303637395021929,0.036475861972657286,0.014351708691005124,0.011519552467119672
7/3/2013,-805.7180000000001,26626.7604,6.3553,160.3926,73.763,2.0507,0.2967494682066698,0.32267988678515547,0.9150261124136306,1.3175493435741719,-0.002420816315490404,-0.019604455195512793,0.01425899953249199,0.036475861972657286,0.014336861068467798,0.011500954848252901
7/4/2013,-805.7180000000001,26626.7604,6.3553,160.3926,73.763,2.0507,0.2888644266219358,0.3040135590851112,0.9150261124136306,1.3175493435741719,0.0,-0.01161731207289285,0.003523617762298814,0.036475861972657286,0.014241057711120714,0.011423522592844104
7/5/2013,-805.7180000000001,26626.7604,6.3553,160.3926,73.543,2.0507,0.3027066284054276,0.34456371559145516,0.9122970240531925,1.3136197195677415,-0.0029825251142171494,-0.031130608911021485,-0.0016290403594747538,0.036475861972657286,0.013665725316159175,0.011427073903384998
7/8/2013,-805.7180000000001,26626.7604,6.3553,160.3926,74.062,2.0507,0.31469450065679694,0.3483154045514256,0.9187351915944079,1.3228900598374564,0.007057095848687078,-0.024935488967296915,-0.009733921647279153,0.036475861972657286,0.013785108220092806,0.011295961240287273
7/9/2013,-805.7180000000001,26626.7604,6.3553,160.3926,74.152,2.0507,0.3211937639198219,0.3316703786191535,0.9198516368327689,1.3244976332946325,0.001215198077286539,-0.007867273213807757,-0.010105594788343053,0.036475861972657286,0.013360258640958448,0.01129515680508978
7/10/2013,-805.7180000000001,26626.7604,6.3553,160.3926,75.697,2.0507,0.34848133962768335,0.32272200944152507,0.9390172800913005,1.3520943109761543,0.020835580968820766,0.019474485192118696,0.005699633310304542,0.036475861972657286,0.014038352914593521,0.011584348384669298
7/11/2013,-805.7180000000001,26626.7604,6.3553,160.3926,77.76100000000001,2.0507,0.38896132892739144,0.31754934357417186,0.9646210908910475,1.3842634623943038,0.02726660237525924,0.0542006154847281,0.04796366674752717,0.036475861972657286,0.015031200855011376,0.011929172008404295
7/12/2013,-805.7180000000001,26626.7604,6.3553,160.3926,78.688,2.0507,0.4007654650645307,0.34237650200267034,0.9761204768461663,1.3632709632709634,0.011921142989416156,0.04349671122427323,0.04239084357778733,0.036475861972657286,0.01451352763994654,0.01182739269771848
7/15/2013,-805.7180000000001,26626.7604,6.3553,160.3926,78.619,2.0507,0.3620755370755371,0.3169785169785171,0.9752645354967561,1.3504010718150434,-0.0008768808458723409,0.034242790991370065,0.05161851257356864,0.036475861972657286,0.014461806372775948,0.011754743309194526
7/16/2013,-805.7180000000001,26626.7604,6.3553,160.3926,78.429,2.0507,0.33707826857834533,0.2852344988662907,0.972907595549105,1.3471375324206876,-0.002416718604917323,0.040337984825171036,0.03759905803908081,0.036475861972657286,0.014315942495468584,0.011688669706784026
7/17/2013,-805.7180000000001,26626.7604,6.3553,160.3926,78.18,2.0507,0.3198055236680397,0.27704436491322815,0.9698187637229728,1.3428605781617688,-0.0031748460390925715,0.03348447393816034,0.030759291732039618,0.036475861972657286,0.014355006298582534,0.01169294247711795
7/18/2013,-805.7180000000001,26626.7604,6.3553,160.3926,78.469,2.0507,0.3325351945251074,0.25058162242939863,0.9734037934328209,1.347824593345815,0.0036965975952927277,0.06553236560161846,0.028090402882410714,0.036475861972657286,0.012824063949881859,0.011676859132643177
7/19/2013,-805.7180000000001,26626.7604,6.3553,160.3926,79.187,2.0507,0.36015733695185426,0.23171129699926163,0.9823105454455237,1.3585472138347514,0.009150110234614983,0.10428258656514511,0.032102080183515014,0.036475861972657286,0.01096258532655058,0.011712838692583135
7/22/2013,-805.7180000000001,26626.7604,6.3553,160.3926,78.569,2.0507,0.3479446884435904,0.22733667307164418,0.9746442881421111,1.331316931001762,-0.00780431131372572,0.09826807755210454,0.031278712624366545,0.036475861972657286,0.011201590065822052,0.011721530567120842
7/23/2013,-805.7180000000001,26626.7604,6.3553,160.3926,78.459,2.0507,0.3294530296868645,0.20797749762776196,0.9732797439618921,1.3265309572921247,-0.0014000432740648439,0.10056108851171275,0.00768035345037954,0.036475861972657286,0.011136184240343558,0.01139778067729446
7/24/2013,-805.7180000000001,26626.7604,6.3553,160.3926,77.891,2.0507,0.30200254078630673,0.19182936614067936,0.9662337340131245,1.3169276028810064,-0.0072394499037713445,0.09244039270687243,-0.0003850053259070174,0.036475861972657286,0.011398345256709592,0.011435759456663011
7/25/2013,-805.7180000000001,26626.7604,6.3553,160.3926,76.624,2.0507,0.2793268106989013,0.19559555214211777,0.9505166660464193,1.295506035911135,-0.01626632088431279,0.07003309639849742,-0.013098749372110197,0.036475861972657286,0.012248235418131973,0.011611141903212304
7/26/2013,-805.7180000000001,26626.7604,6.3553,160.3926,76.285,2.0507,0.2740922604135352,0.23961986839028637,0.9463113889819259,1.2897744564298514,-0.004424201294633501,0.02780884116355198,-0.031399984763452626,0.02726660237525924,0.009694517526520329,0.01147251473646479
7/29/2013,-805.7180000000001,26626.7604,6.3553,160.3926,75.96600000000001,2.0507,0.2637199940112789,0.22938465889241932,0.9423542108592908,1.2843810232306496,-0.0041816870944483275,0.02792887878541861,-0.03226792697996139,0.02726660237525924,0.00969116188003808,0.011476640579794384
7/30/2013,-805.7180000000001,26626.7604,6.3553,160.3926,75.33800000000001,2.0507,0.25077615260737485,0.22759948865239954,0.9345639040849492,1.2737632299732866,-0.00826685622515333,0.01887966243812733,-0.04257320048800317,0.02726660237525924,0.009916224338671278,0.011512425510526593
7/31/2013,-805.7180000000001,26626.7604,6.3553,160.3926,73.872,2.0507,0.22664098434153068,0.22780333095329008,0.9163782516467567,1.248977107496703,-0.019458971568133032,-0.0009466879446051735,-0.06523087046199405,0.02726660237525924,0.010871376496921603,0.011735412773424827
8/1/2013,-805.7180000000001,26626.7604,6.3553,160.3926,74.092,2.0507,0.22583633896959077,0.2203931041328877,0.9191073400071949,1.252696716599601,0.002978124323153475,0.004460230738988269,-0.05505745513907834,0.02726660237525924,0.010874832851750832,0.011713067254016257
8/2/2013,-805.7180000000001,26626.7604,6.3553,160.3926,73.165,2.0507,0.19433561867450222,0.20409729023832845,0.9076079540520761,1.2370236364251177,-0.012511472223721731,-0.008107045537735669,-0.07476257318815827,0.02726660237525924,0.01122726215257689,0.011741934857047024
8/5/2013,-805.7180000000001,26626.7604,6.3553,160.3926,75.149,2.0507,0.24517828738070002,0.21856773594909873,0.9322193690843908,1.2705677476076151,0.02711679081528051,0.02183756441809548,-0.0579880915073645,0.02726660237525924,0.012696544860200555,0.012209750853602992
8/6/2013,-805.7180000000001,26626.7604,6.3553,160.3926,74.381,2.0507,0.23286149970165093,0.22757409003513884,0.9226923697170432,1.2575829303756805,-0.01021969686888713,0.004307202073938088,-0.06363613474998753,0.02726660237525924,0.01285042781129823,0.012259435314845094
8/7/2013,-805.7180000000001,26626.7604,6.3553,160.3926,73.36399999999999,2.0507,0.21499784704050873,0.2280480938027889,0.9100765385235631,1.2403881919318296,-0.013672846560277674,-0.010626820584744956,-0.0795558622420175,0.02726660237525924,0.013202282951927305,0.012349742304852881
8/8/2013,-805.7180000000001,26626.7604,6.3553,160.3926,73.055,2.0507,0.22647527910685827,0.27083018551162596,0.906243409871857,1.2351638318736686,-0.004211875034076384,-0.034902307885385064,-0.08400727227133087,0.02726660237525924,0.012284951211560764,0.012352988859781033
8/9/2013,-805.7180000000001,26626.7604,6.3553,160.3926,73.22399999999999,2.0507,0.23158691447313084,0.307896728618283,0.9083398459305569,1.2380211679572581,0.0023133255766201177,-0.05834544308843792,-0.09166015406944306,0.02711679081528051,0.010415949616404624,0.012265356972848055
8/12/2013,-805.7180000000001,26626.7604,6.3553,160.3926,73.234,2.0507,0.238190241098299,0.33040273222195915,0.9084638954014861,1.2357040411710114,0.00013656724571187162,-0.06931171207808062,-0.09108510295011996,0.02711679081528051,0.009886783863019985,0.012266410467150508
8/13/2013,-805.7180000000001,26626.7604,6.3553,160.3926,73.045,2.0507,0.227543903873624,0.32121670447861517,0.9061193604009279,1.232514975111786,-0.0025807684955074794,-0.0708988921253132,-0.084821148906847,0.02711679081528051,0.009872296165582791,0.01222498137764677
8/14/2013,-805.7180000000001,26626.7604,6.3553,160.3926,72.586,2.0507,0.2155608400040192,0.31341059048129427,0.9004254896852865,1.2247701003965241,-0.0062837976589773525,-0.0745005036402352,-0.09879194964180638,0.02711679081528051,0.009888122870176142,0.012166439427636892
8/15/2013,-805.7180000000001,26626.7604,6.3553,160.3926,72.048,2.0507,0.20534011443102362,0.30792652323752834,0.893751628149306,1.2156922298152366,-0.007411897611109497,-0.07843438219493482,-0.10380256987548664,0.02711679081528051,0.009921465763671217,0.012188607961855691
8/16/2013,-805.7180000000001,26626.7604,6.3553,160.3926,71.42,2.0507,0.1928382937502089,0.310568861275345,0.8859613213749644,1.2050957563486038,-0.00871641128136802,-0.08983165326434639,-0.112276732999391,0.02711679081528051,0.009819537964131724,0.012216684375512116
8/19/2013,-805.7180000000001,26626.7604,6.3553,160.3926,71.509,2.0507,0.19352738925793656,0.3216777380912643,0.8870653616662325,1.2065974858685564,0.001246149537944552,-0.09696035965499383,-0.08660220465199453,0.02711679081528051,0.009416333811124535,0.01179188845076076
8/20/2013,-805.7180000000001,26626.7604,6.3553,160.3926,72.786,2.0507,0.22115965371451574,0.31818334339977183,0.9029064791038667,1.2281447734750697,0.01785789201359278,-0.07360409321742678,-0.0712399035332848,0.02711679081528051,0.010598319105397701,0.012035204711573972
8/21/2013,-805.7180000000001,26626.7604,6.3553,160.3926,72.128,2.0507,0.21012012616602904,0.31633782967586077,0.894744023916738,1.2170420990466548,-0.009040200038468948,-0.08069182630418437,-0.07410687924416903,0.02711679081528051,0.010650719733568506,0.012061412861299543
8/22/2013,-805.7180000000001,26626.7604,6.3553,160.3926,72.217,2.0507,0.20776332073452197,0.3026557848613576,0.8958480642080061,1.2185438285666075,0.0012339174800355401,-0.07284538650164984,-0.07296440353782374,0.02711679081528051,0.010680120513430482,0.012064312112661117
8/23/2013,-805.7180000000001,26626.7604,6.3553,160.3926,73.25399999999999,2.0507,0.22043216766905993,0.27657731203038827,0.908711994343344,1.2360415084788658,0.014359499840757683,-0.04398099812069334,-0.050658994595855655,0.02711679081528051,0.010943352257330907,0.01217166968628065
8/26/2013,-805.7180000000001,26626.7604,6.3553,160.3926,73.314,2.0507,0.2117615946580278,0.26086740934183994,0.9094562911689181,1.2370539104024296,0.0008190679007289425,-0.03894605754735536,-0.024677726190317828,0.02711679081528051,0.010947073857666047,0.011741154445168078
8/27/2013,-805.7180000000001,26626.7604,6.3553,160.3926,74.082,2.0507,0.23750501135908064,0.2689763463851398,0.9189832905362658,1.2500126550240445,0.010475488992552684,-0.02480056867546021,-0.01901533409253431,0.02711679081528051,0.011252830650132049,0.01180381971625953
8/28/2013,-805.7180000000001,26626.7604,6.3553,160.3926,74.391,2.0507,0.24704127133134435,0.26291614979716393,0.9228164191879722,1.2552265249303975,0.0041710536972545675,-0.012570017786508791,-0.008767605164625603,0.02711679081528051,0.011185820399914559,0.011791534043168019
8/29/2013,-805.7180000000001,26626.7604,6.3553,160.3926,74.889,2.0507,0.25098556728584787,0.23399706000267284,0.9289940828402367,1.2636294608959757,0.006694358188490401,0.013767056530214372,-0.001998960540518957,0.02711679081528051,0.01040297635541777,0.011822294822586158
8/30/2013,-805.7180000000001,26626.7604,6.3553,160.3926,74.78,2.0507,0.2617902640681684,0.2501813886779718,0.9276419436071105,1.2596647856481091,-0.0014554874547663132,0.009285752847810969,-0.006087349477657544,0.02711679081528051,0.01039947370396976,0.011818964960417247
9/2/2013,-805.7180000000001,26626.7604,6.3553,160.3926,74.78,2.0507,0.2481223086423876,0.22116700604199369,0.9276419436071105,1.2596647856481091,0.0,0.022073395749333535,0.002009915583545574,0.02711679081528051,0.009966677999512773,0.011773927601418828
9/3/2013,-805.7180000000001,26626.7604,6.3553,160.3926,74.98899999999999,2.0507,0.2631853785900782,0.26588056935905,0.9302345775495267,1.2551720674879485,0.0027948649371487555,-0.0021291035143515824,-0.012080731430980651,0.01785789201359278,0.008012179572044083,0.011577132846146459
9/4/2013,-805.7180000000001,26626.7604,6.3553,160.3926,75.388,2.0507,0.2618505623995715,0.24499531333690405,0.9351841514395942,1.2513985027306078,0.005320780381122825,0.013538403624581585,-0.007478013586813437,0.01785789201359278,0.007741043432775101,0.011597120554408723
9/5/2013,-805.7180000000001,26626.7604,6.3553,160.3926,75.109,2.0507,0.24676725926663656,0.21780123831814469,0.9317231712006747,1.2361383124043381,-0.003700854247360441,0.023785507878523626,0.0049371153331549955,0.01785789201359278,0.007096288524431324,0.011426401766386974
9/6/2013,-805.7180000000001,26626.7604,6.3553,160.3926,75.597,2.0507,0.2425338176558569,0.20075278184119272,0.9377767853820103,1.2441697799575384,0.006497224034403226,0.03479570186845504,0.01812770198381153,0.01785789201359278,0.007076930895111137,0.011421461640329011
9/9/2013,-805.7180000000001,26626.7604,6.3553,160.3926,76.794,2.0507,0.2638699165583185,0.20511512318757075,0.9526255070522124,1.2589180327868852,0.015833961665145502,0.04875450671910864,0.04109106191450995,0.01785789201359278,0.007725265859385995,0.011550585273163043
9/10/2013,-805.7180000000001,26626.7604,6.3553,160.3926,78.03,2.0507,0.2725256445799835,0.19431171415058945,0.9679580216590377,1.2791803278688525,0.016095007422454843,0.06548870743097468,0.034770846594525784,0.01785789201359278,0.00826789895375695,0.01138875877217403
9/11/2013,-805.7180000000001,26626.7604,6.3553,160.3926,78.339,2.0507,0.27673201975260353,0.190452908293812,0.9717911503107439,1.2842459016393442,0.003960015378700499,0.07247587103840103,0.03055935592506831,0.01785789201359278,0.00816746236596105,0.011357119041354027
9/12/2013,-805.7180000000001,26626.7604,6.3553,160.3926,77.013,2.0507,0.26250819672131165,0.18993442622950818,0.9553421904655577,1.2557354595705132,-0.016926435108949534,0.0609897225360263,0.021555154666525134,0.01785789201359278,0.009076026285461876,0.011516787466105962
9/13/2013,-805.7180000000001,26626.7604,6.3553,160.3926,76.275,2.0507,0.24370200068483117,0.17477865283960292,0.9461873395109971,1.231274617421063,-0.009582797709477564,0.05866922051965351,0.008301717186405488,0.01785789201359278,0.009210271170907704,0.011578136362171126
9/16/2013,-805.7180000000001,26626.7604,6.3553,160.3926,77.043,2.0507,0.2436721120940144,0.15290243429973538,0.9557143388783448,1.2373006568487324,0.01006882989183877,0.07873144777373287,0.04616867862525975,0.01785789201359278,0.008948546797166501,0.011126304052586564
9/17/2013,-805.7180000000001,26626.7604,6.3553,160.3926,77.053,2.0507,0.22862154189587813,0.1402216375667702,0.9558383883492737,1.2374612555607305,0.00012979764547060846,0.07752870268078138,0.07452342104896159,0.01785789201359278,0.008966859732236064,0.010575015384681362
9/18/2013,-805.7180000000001,26626.7604,6.3553,160.3926,77.173,2.0507,0.22525998253552437,0.1556084782090974,0.9573269820004218,1.2393884401047104,0.00155736960274111,0.0602725798917374,0.07875424593578328,0.016095007422454843,0.008355635519887196,0.010565221365738885
9/19/2013,-805.7180000000001,26626.7604,6.3553,160.3926,77.203,2.0507,0.23987023624070547,0.15836638990155305,0.9576991304132089,1.2157378391572051,0.00038873699350805424,0.07036102484472062,0.0829429092439331,0.016095007422454843,0.007928648322416056,0.010548460658225572
9/20/2013,-805.7180000000001,26626.7604,6.3553,160.3926,76.993,2.0507,0.21243090877596327,0.13722186353400634,0.9550940915236996,1.2075060380791065,-0.0027201015504579873,0.06613401276707687,0.07984572230014031,0.016095007422454843,0.008025848027552848,0.01055976984475238
9/23/2013,-805.7180000000001,26626.7604,6.3553,160.3926,76.993,2.0507,0.2075060380791065,0.1488660957937329,0.9550940915236996,1.2001839410141695,0.0,0.05104158134709369,0.07518607996201587,0.016095007422454843,0.007618603780639093,0.010553633415919092
9/24/2013,-805.7180000000001,26626.7604,6.3553,160.3926,77.193,2.0507,0.20161579053875256,0.14123379150386817,0.9575750809422797,1.2033015853221303,0.002597638746379527,0.052909403388166076,0.04004257555139379,0.016095007422454843,0.007610019760683368,0.009542136914531487
9/25/2013,-805.7180000000001,26626.7604,6.3553,160.3926,77.76100000000001,2.0507,0.20876404843699015,0.15157544574155524,0.9646210908910475,1.2121556951567396,0.007358180145868198,0.04966118625307114,0.052217801953939214,0.016095007422454843,0.00747559205838137,0.00955728774559704
9/26/2013,-805.7180000000001,26626.7604,6.3553,160.3926,79.456,2.0507,0.22298326894365017,0.14502301097446502,0.985647476213514,1.238577730666708,0.02179755918776749,0.06808619322229825,0.07457196180790371,0.02179755918776749,0.00859719597441114,0.009914630164512625
9/27/2013,-805.7180000000001,26626.7604,6.3553,160.3926,79.596,2.0507,0.2208349949384949,0.14863952881990228,0.9873841688065201,1.2407600816822808,0.0017619814740232886,0.06285302247326063,0.07646533769711406,0.02179755918776749,0.008563596281892774,0.009913703106402076
9/30/2013,-805.7180000000001,26626.7604,6.3553,160.3926,80.22399999999999,2.0507,0.25054948480927774,0.16568720674658222,0.9951744755808615,1.2408971384377414,0.007889843710739086,0.07280021396095204,0.0875913398316226,0.02179755918776749,0.008566484593800813,0.009937734131544047
10/1/2013,-805.7180000000001,26626.7604,6.3553,160.3926,79.187,2.0507,0.21771824878131296,0.14994848452229004,0.9823105454455237,1.2248569218870842,-0.012926306342241678,0.05893286975127032,0.07353280099779003,0.02179755918776749,0.009258461206462757,0.010098864023998778
10/2/2013,-805.7180000000001,26626.7604,6.3553,160.3926,78.51899999999999,2.0507,0.18903325458840614,0.13557756375310426,0.974024040787466,1.2145243619489556,-0.008435728086681027,0.04707357079038266,0.06766109622941663,0.02179755918776749,0.009575935588334226,0.010158285032780268
10/3/2013,-805.7180000000001,26626.7604,6.3553,160.3926,77.41199999999999,2.0507,0.17016098556420522,0.13956617035749375,0.9602917643556249,1.1974013921113686,-0.014098498452603803,0.02684777418156714,0.04523237287677895,0.02179755918776749,0.01018167317138595,0.010306449562420052
10/4/2013,-805.7180000000001,26626.7604,6.3553,160.3926,77.282,2.0507,0.16189072977117602,0.12922091589740514,0.9586791212335479,1.1953905645784995,-0.001679326202655873,0.028931286530242684,0.0422105944546336,0.02179755918776749,0.010141388867558816,0.010310813511197734
10/7/2013,-805.7180000000001,26626.7604,6.3553,160.3926,77.821,2.0507,0.17017021532539411,0.13672861782749912,0.9653653877166214,1.2037277648878575,0.006974457182785221,0.029419156844848304,0.028059236165237644,0.02179755918776749,0.010153890411709256,0.010018139244482843
10/8/2013,-805.7180000000001,26626.7604,6.3553,160.3926,76.884,2.0507,0.16657057020605093,0.16520498892361823,0.9537419522905735,1.1892343387470996,-0.01204045180606772,0.001171966559887494,-0.011278147143169548,0.02179755918776749,0.009997617820466024,0.00953592504394465
10/9/2013,-805.7180000000001,26626.7604,6.3553,160.3926,76.874,2.0507,0.17352344024302724,0.19117040926923834,0.9536179028196444,1.1890796597061097,-0.00013006607356547129,-0.014814814814814836,-0.02305307035380244,0.02179755918776749,0.00930277342261471,0.009410216437159
10/10/2013,-805.7180000000001,26626.7604,6.3553,160.3926,78.21,2.0507,0.20361963095769386,0.20560488773295993,0.9701909121357597,1.2097447795823664,0.01737908785805331,-0.0016466893884272693,-0.005202304786374845,0.02179755918776749,0.010066207772977545,0.009670486910373073
10/11/2013,-805.7180000000001,26626.7604,6.3553,160.3926,79.127,2.0507,0.21067046115242194,0.1783255301569815,0.9815662486199496,1.2239288476411445,0.011724843370412907,0.02744991105397787,0.008899769218018827,0.02179755918776749,0.009592143463199521,0.009777884967429679
10/14/2013,-805.7180000000001,26626.7604,6.3553,160.3926,79.675,2.0507,0.21479866436946327,0.16295912299693538,0.9883641596268592,1.2324052590873935,0.006925575340907653,0.044575549000327674,0.01912253773343564,0.02179755918776749,0.009325487842590076,0.009804633125903673
10/15/2013,-805.7180000000001,26626.7604,6.3553,160.3926,79.705,2.0507,0.2099247070253203,0.1695154532758516,0.9887363080396462,1.2328692962103633,0.0003765296517099781,0.03455213322430328,0.015751443245103136,0.02179755918776749,0.009150628545908288,0.009795261855094644
10/16/2013,-805.7180000000001,26626.7604,6.3553,160.3926,81.271,2.0507,0.23369664217620967,0.16966725362802837,1.0,1.257092034029389,0.019647449971770925,0.05474154153634525,0.026317451096770972,0.02179755918776749,0.009944346712433985,0.010034677431749578
10/17/2013,-805.7180000000001,26626.7604,6.3553,160.3926,83.95299999999999,2.0507,0.2744094966300319,0.17148885785415025,1.0,1.2985769528228923,0.03300070135718758,0.0878545605328287,0.0685257544324096,0.03300070135718758,0.01194694179989114,0.01078162603100439
10/18/2013,-805.7180000000001,26626.7604,6.3553,160.3926,84.441,2.0507,0.27105096787789384,0.16210073155312044,1.0,1.3061252900232019,0.005812776196205238,0.09375283343911511,0.07624364317669108,0.03300070135718758,0.01192163282603511,0.01079283764159708
10/21/2013,-805.7180000000001,26626.7604,6.3553,160.3926,85.807,2.0507,0.2918071781283875,0.15911417559918117,1.0,1.3272544470224283,0.01617697563979581,0.1144779395529465,0.1016291997791785,0.03300070135718758,0.012074008784976931,0.010899355198051602
10/22/2013,-805.7180000000001,26626.7604,6.3553,160.3926,86.495,2.0507,0.3025570748750077,0.15946328534425636,1.0,1.3378963650425366,0.008017993869964046,0.12341381684049213,0.12882386719565675,0.03300070135718758,0.0120265875341248,0.010684765769996522
10/23/2013,-805.7180000000001,26626.7604,6.3553,160.3926,85.249,2.0507,0.29251319061192294,0.1703711565285948,0.9855945430371696,1.3186233565351893,-0.014405456962830354,0.10436179446322846,0.11750671822769876,0.03300070135718758,0.012788810722680373,0.010853937154792062
10/24/2013,-805.7180000000001,26626.7604,6.3553,160.3926,87.213,2.0507,0.31731742315535083,0.17454875009440385,1.0,1.3490023201856147,0.023038393412239344,0.1215519347745011,0.1480530763762733,0.03300070135718758,0.013388372287290447,0.011148834123480068
10/25/2013,-805.7180000000001,26626.7604,6.3553,160.3926,87.03399999999999,2.0507,0.30323585343575443,0.18976386206070406,0.9979475536903901,1.3462335653518946,-0.002052446309609879,0.09537354007249288,0.15524702009610003,0.03300070135718758,0.012946590767899653,0.01108152869174767
10/28/2013,-805.7180000000001,26626.7604,6.3553,160.3926,87.094,2.0507,0.29446211468148986,0.18302071876579196,0.998635524520427,1.3471616395978343,0.0006893857572902728,0.09420071360369864,0.178985271821529,0.03300070135718758,0.012959737684552497,0.010726934103589617
10/29/2013,-805.7180000000001,26626.7604,6.3553,160.3926,88.36,2.0507,0.31815672877537926,0.19678367371294714,1.0,1.3667440061871614,0.014536018554665242,0.10141603510171526,0.19257139772175136,0.03300070135718758,0.013129885726207312,0.01083056672614119
10/30/2013,-805.7180000000001,26626.7604,6.3553,160.3926,88.669,2.0507,0.3257329964265958,0.18396303993540974,1.0,1.371523588553751,0.0034970574920778486,0.11974187682321591,0.21190459919360327,0.03300070135718758,0.012502114140781386,0.01065048375333619
10/31/2013,-805.7180000000001,26626.7604,6.3553,160.3926,87.213,2.0507,0.31060651598942046,0.17995611925943722,0.9835793794900134,1.3490023201856147,-0.016420620509986605,0.11072479272532765,0.16053440498210203,0.03300070135718758,0.013055489035962802,0.010478808912521686
11/1/2013,-805.7180000000001,26626.7604,6.3553,160.3926,87.23299999999999,2.0507,0.32540719581864574,0.17618816093351142,0.9838049374640516,1.3493116782675945,0.0002293236100121554,0.12686663566372136,0.1727860609564269,0.03300070135718758,0.012358111410268944,0.010357517401067448
11/4/2013,-805.7180000000001,26626.7604,6.3553,160.3926,87.47200000000001,2.0507,0.3530085073472544,0.19539056457849946,0.9865003552538092,1.3306559571619814,0.002739788841379154,0.13185476566341459,0.19230140123221218,0.03300070135718758,0.012262063821416957,0.01014623478086103
11/5/2013,-805.7180000000001,26626.7604,6.3553,160.3926,90.693,2.0507,0.3796549835706462,0.18384142631130573,1.0,1.3574154730366843,0.03682321199926819,0.1654052248107838,0.24143453562384498,0.03682321199926819,0.013990465515397914,0.01096957356051325
11/6/2013,-805.7180000000001,26626.7604,6.3553,160.3926,91.55,2.0507,0.3702423181117447,0.15073413856584783,1.0,1.368808217334749,0.009449461369675616,0.19075490349097346,0.25027313449142374,0.03682321199926819,0.013263861589783047,0.01099396558670636
11/7/2013,-805.7180000000001,26626.7604,6.3553,160.3926,91.191,2.0507,0.36344063513897407,0.14938026105288338,0.9960786455488805,1.3599838933381059,-0.003921354451119519,0.18623982100580183,0.24520031679274656,0.03682321199926819,0.013411201705105617,0.011026487597754224
11/8/2013,-805.7180000000001,26626.7604,6.3553,160.3926,91.331,2.0507,0.36207179395403655,0.16639076551384724,0.9976078645548881,1.3620717939540365,0.0015352392231688938,0.1677662702979159,0.2503388322267095,0.03682321199926819,0.013317324944882499,0.011001764345235168
11/11/2013,-805.7180000000001,26626.7604,6.3553,160.3926,91.012,2.0507,0.3573143632648801,0.18006651454819322,0.9941234298197706,1.35731436326488,-0.003492789961787368,0.1502015746837364,0.2538506047998237,0.03682321199926819,0.013488648638341965,0.010966838710662502
11/12/2013,-805.7180000000001,26626.7604,6.3553,160.3926,90.484,2.0507,0.3394916433509496,0.17947920830187547,0.9883560895685417,1.3494399952276557,-0.005801432778095306,0.13566363351113897,0.25588496557850315,0.03682321199926819,0.013764477180336614,0.010942474051616084
11/13/2013,-805.7180000000001,26626.7604,6.3553,160.3926,89.885,2.0507,0.3405067633066381,0.18868656137682138,0.9818132168214092,1.3367389429225782,-0.0066199549091551235,0.12772097108086067,0.2585410249229907,0.03682321199926819,0.013994359221874654,0.010907293827817091
11/14/2013,-805.7180000000001,26626.7604,6.3553,160.3926,89.10799999999999,2.0507,0.32518366497129736,0.20863448439963106,0.9733260513380666,1.3249866174983642,-0.008644378928631236,0.09643046105006703,0.246108881399544,0.03682321199926819,0.01395966671422957,0.011014055690649551
11/15/2013,-805.7180000000001,26626.7604,6.3553,160.3926,89.736,2.0507,0.32743598467478296,0.24188991287111117,0.980185690879301,1.3343246297507882,0.007047627597971173,0.0688837802103559,0.23287445387849326,0.03682321199926819,0.012366892290513526,0.010870955648577034
11/18/2013,-805.7180000000001,26626.7604,6.3553,160.3926,89.63600000000001,2.0507,0.32050677666470273,0.24397466116676503,0.9790933915892956,1.3328376851246062,-0.0011143799589907744,0.06152224630215186,0.24273513753327425,0.03682321199926819,0.012387464329189184,0.010770223428543479
11/19/2013,-805.7180000000001,26626.7604,6.3553,160.3926,88.33,2.0507,0.287271561397884,0.2505027835261886,0.9648279628618242,1.3134181883066676,-0.014570038823687015,0.029403195543487026,0.22311921015827307,0.03682321199926819,0.012558035942853023,0.011005618241800219
11/20/2013,-805.7180000000001,26626.7604,6.3553,160.3926,86.27600000000001,2.0507,0.26469165481757306,0.2679019041615973,0.9423921354451121,1.2828763456848868,-0.023253707687082348,-0.002531938262327227,0.17776503672154442,0.03682321199926819,0.013555408361387649,0.011406757544472197
11/21/2013,-805.7180000000001,26626.7604,6.3553,160.3926,85.229,2.0507,0.24751533248437463,0.2478080768161126,0.9309557618787548,1.26730803544876,-0.012135472205480169,-0.00023460685755838373,0.16252011894044793,0.03682321199926819,0.013443665350774613,0.01155633872096807
11/22/2013,-805.7180000000001,26626.7604,6.3553,160.3926,84.501,2.0507,0.24833434282253175,0.2883987531577312,0.923003823047515,1.2564830785701542,-0.008541693555010554,-0.031096281517663527,0.14064145136470407,0.03682321199926819,0.012478048399494939,0.011591868695964187
11/25/2013,-805.7180000000001,26626.7604,6.3553,160.3926,84.681,2.0507,0.2431333401840896,0.27767583199988244,0.9249699617695248,1.2591595788972818,0.0021301523058898653,-0.027035411448399382,0.13832318425615986,0.03682321199926819,0.012500968973005072,0.011588999803760207
11/26/2013,-805.7180000000001,26626.7604,6.3553,160.3926,85.46799999999999,2.0507,0.24087866777008293,0.2644859677395939,0.9335663571818678,1.2708618331053352,0.00929370224725723,-0.018669483546512988,0.14126240168783122,0.03682321199926819,0.012706357353008426,0.01161014064120629
11/27/2013,-805.7180000000001,26626.7604,6.3553,160.3926,85.339,2.0507,0.24295784904890905,0.2869585481662733,0.9321572910977608,1.2689436745375602,-0.0015093368278185082,-0.03418967858759625,0.14120085584380848,0.03682321199926819,0.012209456938335923,0.011610413502700673
11/28/2013,-805.7180000000001,26626.7604,6.3553,160.3926,85.339,2.0507,0.24875985893852715,0.2974875254247209,0.9321572910977608,1.2689436745375602,0.0,-0.03755540267737312,0.14120085584380848,0.03682321199926819,0.012160429963960953,0.011610413502700673
11/29/2013,-805.7180000000001,26626.7604,6.3553,160.3926,84.92,2.0507,0.23113501601983266,0.2643779810661524,0.927580557072638,1.2627133765538572,-0.004909830206587862,-0.02629195188790656,0.13243275680433153,0.03682321199926819,0.011717504716497731,0.011644197351617515
12/2/2013,-805.7180000000001,26626.7604,6.3553,160.3926,85.678,2.0507,0.2442888885661587,0.2668719229707943,0.9358601856908793,1.2739844168203176,0.008926048045218904,-0.017825822796418755,0.1364938717037194,0.03682321199926819,0.011922552575275974,0.011669401209277253
12/3/2013,-805.7180000000001,26626.7604,6.3553,160.3926,85.169,2.0507,0.22675942730389176,0.25993143778987715,0.9303003823047515,1.2664158686730507,-0.00594084829244379,-0.02632842509603084,0.13393867579118357,0.03682321199926819,0.011944551087543533,0.01169075261598774
12/4/2013,-805.7180000000001,26626.7604,6.3553,160.3926,85.698,2.0507,0.22576308035586568,0.2972079983980318,0.9360786455488803,1.274281805745554,0.006211180124223503,-0.05507591545102719,0.13361641334973617,0.009449461369675616,0.008419733348432903,0.011689058537577552
12/5/2013,-805.7180000000001,26626.7604,6.3553,160.3926,86.037,2.0507,0.23607499461245607,0.31527907477911055,0.939781540141999,1.2793225480283117,0.003955751592802814,-0.060218459858001006,0.12036096570044541,0.00929370224725723,0.0081041013649241,0.011558360995468387
12/6/2013,-805.7180000000001,26626.7604,6.3553,160.3926,86.854,2.0507,0.2479919534449313,0.3103096486816581,0.9487056253413435,1.2914708856242194,0.009495914548391937,-0.047559517934884,0.11308471100858641,0.009495914548391937,0.008538601344823399,0.011456832775825798
12/9/2013,-805.7180000000001,26626.7604,6.3553,160.3926,87.064,2.0507,0.24601425422904089,0.30708131780061265,0.950999453850355,1.2945934693392018,0.002417850645911379,-0.04672017168321829,0.11137492181416664,0.009495914548391937,0.008560478402992462,0.011453716940534759
12/10/2013,-805.7180000000001,26626.7604,6.3553,160.3926,86.645,2.0507,0.22566909975669103,0.2874441238046739,0.9464227198252321,1.2883631713554988,-0.00481255168611594,-0.0479826836021624,0.12506979341150193,0.009495914548391937,0.00857496193091237,0.011234855101628137
12/11/2013,-805.7180000000001,26626.7604,6.3553,160.3926,86.505,2.0507,0.2264645834514829,0.2828786933590426,0.9448935008192244,1.2862814488788439,-0.0016157885625252,-0.043974625348127794,0.1341199606686332,0.009495914548391937,0.008538159476835996,0.011147630101477601
12/12/2013,-805.7180000000001,26626.7604,6.3553,160.3926,86.226,2.0507,0.22250893211591904,0.27438609425509,0.9418459858001093,1.2821328733717956,-0.003225247095543615,-0.040707570784891844,0.119193177835754,0.009495914548391937,0.008480329557142102,0.011119380449147447
12/13/2013,-805.7180000000001,26626.7604,6.3553,160.3926,87.28299999999999,2.0507,0.24329444610629158,0.2692904861615599,0.9533915892954669,1.2978498780705405,0.012258483520051877,-0.020480764914485805,0.13276575863366769,0.012258483520051877,0.008872066938952811,0.011193873713057741
12/16/2013,-805.7180000000001,26626.7604,6.3553,160.3926,85.189,2.0507,0.21036329795547215,0.2749669664549679,0.9305188421627525,1.2667132575982871,-0.02399092606807729,-0.050670856735312575,0.10387052466536217,0.012258483520051877,0.009988715552933947,0.011664594015714343
12/17/2013,-805.7180000000001,26626.7604,6.3553,160.3926,84.74,2.0507,0.20946563142269925,0.27934459922356725,0.9256144183506281,1.2600368762267293,-0.005270633532498348,-0.05462091124101942,0.09762573993238588,0.012258483520051877,0.01000260918317768,0.011696107236092244
12/18/2013,-805.7180000000001,26626.7604,6.3553,160.3926,85.618,2.0507,0.20910592986965293,0.2474050641849428,0.935204806116876,1.2730922500446082,0.010361104555109746,-0.030703045397939555,0.11202317093761782,0.012258483520051877,0.009993273575509717,0.011735187977556922
12/19/2013,-805.7180000000001,26626.7604,6.3553,160.3926,86.954,2.0507,0.22797305503382215,0.2183982714549999,0.9497979246313489,1.2929578302504015,0.015604195379476327,0.00785850062589799,0.1293753977634331,0.015604195379476327,0.00932674626709013,0.011861557593348037
12/20/2013,-805.7180000000001,26626.7604,6.3553,160.3926,86.804,2.0507,0.19933127927380245,0.17757022258452282,0.9481594756963408,1.2907274133111284,-0.0017250500264506252,0.018479625479590256,0.12450610806679374,0.015604195379476327,0.008892922496278101,0.01187055520176663
12/23/2013,-805.7180000000001,26626.7604,6.3553,160.3926,87.31299999999999,2.0507,0.22544561403508756,0.18597894736842102,0.9537192790824685,1.298295961458395,0.005863785079028405,0.03327771268979052,0.12283792646699476,0.015604195379476327,0.008680442635243497,0.011861029321641809
12/24/2013,-805.7180000000001,26626.7604,6.3553,160.3926,87.881,2.0507,0.2470342831195369,0.2016261777727324,0.9599235390496996,1.3067418069351098,0.0065053313939507085,0.037788878260766934,0.10603352799033416,0.015604195379476327,0.008746157885159304,0.011601089406458091
12/25/2013,-805.7180000000001,26626.7604,6.3553,160.3926,87.881,2.0507,0.2629302292160669,0.2282532154918444,0.9599235390496996,1.3067418069351098,0.0,0.028232788880048876,0.1040881451329212,0.015604195379476327,0.008581839608603523,0.011602980159183223
12/26/2013,-805.7180000000001,26626.7604,6.3553,160.3926,88.001,2.0507,0.26773366370865515,0.22938515615996313,0.9612342981977062,1.3085261404865285,0.0013654828688796083,0.03119324107383492,0.09694106501794986,0.015604195379476327,0.008556640723503997,0.011575371551701633
12/27/2013,-805.7180000000001,26626.7604,6.3553,160.3926,87.84100000000001,2.0507,0.2625368307581748,0.22657563780093426,0.9594866193336975,1.306147029084637,-0.0018181611572595235,0.029318365577285954,0.10928561506307877,0.015604195379476327,0.00858172572883209,0.011435287889635016
12/30/2013,-805.7180000000001,26626.7604,6.3553,160.3926,89.07799999999999,2.0507,0.26507889168193355,0.20602729609589154,0.9729983615510649,1.3245405341105096,0.014082262269327295,0.04896373056994796,0.134477005565532,0.015604195379476327,0.008877800313950485,0.011464878921642847
12/31/2013,-805.7180000000001,26626.7604,6.3553,160.3926,89.57600000000001,2.0507,0.2687459278773974,0.2135350273363359,0.9784380120152923,1.3319455183488969,0.005590605985765551,0.0454959266089312,0.15713326099312797,0.015604195379476327,0.008782969821104405,0.011283981375197837
1/1/2014,-805.7180000000001,26626.7604,6.3553,160.3926,89.57600000000001,2.0507,0.2737795600301465,0.21111158511440054,0.9784380120152923,1.3319455183488969,0.0,0.051744179220138964,0.15907973396133657,0.015604195379476327,0.008602903933440853,0.01127621439796169
1/2/2014,-805.7180000000001,26626.7604,6.3553,160.3926,88.16,2.0507,0.2615190887756853,0.22628927937725374,0.9629710540688149,1.3108903824421578,-0.015807805662231056,0.028728791803776188,0.13285616992842542,0.015604195379476327,0.009423112055668231,0.011490685940854421
1/3/2014,-805.7180000000001,26626.7604,6.3553,160.3926,87.552,2.0507,0.24060533922802252,0.2191379017173951,0.9563298743855817,1.3018497591149707,-0.006896551724137834,0.017608703232330214,0.1387544872795381,0.015604195379476327,0.00957189260665935,0.011406943250700638
1/6/2014,-805.7180000000001,26626.7604,6.3553,160.3926,87.56200000000001,2.0507,0.22842312008978682,0.2184904601571267,0.9564391043145823,1.301998453577589,0.00011421783625742421,0.008151610749073335,0.13903270286442782,0.015604195379476327,0.009366153045099702,0.011406204686401408
1/7/2014,-805.7180000000001,26626.7604,6.3553,160.3926,88.3,2.0507,0.24207002292835922,0.22468385590299733,0.9645002730748224,1.3129721049188128,0.008428313652040664,0.014196453183864755,0.12901163534074933,0.015604195379476327,0.009520542226098425,0.011268135676820145
1/8/2014,-805.7180000000001,26626.7604,6.3553,160.3926,88.779,2.0507,0.2488078659745958,0.21879000154731232,0.9697323866739487,1.3200945696782251,0.0054246885617212914,0.024629234231634767,0.12198111896065811,0.015604195379476327,0.009485397015525015,0.011208144932807525
1/9/2014,-805.7180000000001,26626.7604,6.3553,160.3926,87.58200000000001,2.0507,0.22681047765793538,0.21172433113881484,0.9566575641725834,1.3022958425028255,-0.013482918257695986,0.012450147390324462,0.09924066520238473,0.015604195379476327,0.010001157481563973,0.011354236201941394
1/10/2014,-805.7180000000001,26626.7604,6.3553,160.3926,88.061,2.0507,0.2380115561428915,0.21221408387341656,0.9618896777717095,1.3094183072622378,0.005469160329748091,0.02128128406745078,0.104836584906844,0.015604195379476327,0.010013223076746377,0.011363754450054712
1/13/2014,-805.7180000000001,26626.7604,6.3553,160.3926,88.85799999999999,2.0507,0.24035790561007264,0.21837267410209504,0.9705953031130529,1.321269255932909,0.009050544508919733,0.01804475098243641,0.09335433303392349,0.015604195379476327,0.009856949610390449,0.01116978810745265
1/14/2014,-805.7180000000001,26626.7604,6.3553,160.3926,90.304,2.0507,0.26936646940582776,0.19746700215065838,0.986389950846532,1.3427704752275027,0.016273154921335298,0.06004296329338299,0.07564947053708648,0.016273154921335298,0.008610717308474996,0.010592281875343263
1/15/2014,-805.7180000000001,26626.7604,6.3553,160.3926,90.404,2.0507,0.2695407948321866,0.1900014042971494,0.9874822501365375,1.3442574198536847,0.0011073706591069321,0.06683974510266699,0.07061735412891834,0.016273154921335298,0.008421639765983887,0.010575903282972171
1/16/2014,-805.7180000000001,26626.7604,6.3553,160.3926,90.454,2.0507,0.2770397142494103,0.2087645240078495,0.9880283997815401,1.3450008921667758,0.0005530728728817547,0.05648344974187669,0.0541564208048293,0.016273154921335298,0.008270566552306301,0.010399285008481333
1/17/2014,-805.7180000000001,26626.7604,6.3553,160.3926,89.74600000000001,2.0507,0.28421384007784334,0.24426191975273293,0.9802949208083016,1.3344733242134066,-0.007827182877484518,0.032108931159003706,0.03758598762934273,0.016273154921335298,0.008012417594775197,0.010415723293615701
1/20/2014,-805.7180000000001,26626.7604,6.3553,160.3926,89.74600000000001,2.0507,0.29214599380894124,0.24978763227989353,0.9802949208083016,1.3344733242134066,0.0,0.03389244735265673,0.052751351922016854,0.016273154921335298,0.00798610513797742,0.010236705636900802
1/21/2014,-805.7180000000001,26626.7604,6.3553,160.3926,90.384,2.0507,0.28838396077145667,0.24460821347625883,0.9872637902785364,1.3439600309284483,0.007108951931005247,0.03517231111060215,0.036359258367445246,0.016273154921335298,0.00802373191587691,0.009870431176037062
1/22/2014,-805.7180000000001,26626.7604,6.3553,160.3926,91.20100000000001,2.0507,0.31364330366145254,0.26582260248321954,0.996187875477881,1.3561083685243565,0.009039210479730997,0.03777835937233309,0.047877840843808306,0.016273154921335298,0.008118446328706877,0.00992087851703
1/23/2014,-805.7180000000001,26626.7604,6.3553,160.3926,92.508,2.0507,0.31847269928594835,0.25252626027963454,1.0,1.3755427347885565,0.01433098321290327,0.05265074361921229,0.06216272073851248,0.016273154921335298,0.008550508791902518,0.010066429507989874
1/24/2014,-805.7180000000001,26626.7604,6.3553,160.3926,89.686,2.0507,0.286097368609737,0.2619344661934466,0.9694945302027934,1.3335811574376972,-0.030505469797206586,0.019147509687389874,0.01500679040289743,0.016273154921335298,0.01118197381783466,0.010671402663872202
1/27/2014,-805.7180000000001,26626.7604,6.3553,160.3926,89.337,2.0507,0.2938578070010285,0.2721914058539836,0.9657218835127773,1.3283917206923215,-0.0038913542804897006,0.017030771507610343,0.007533636332878624,0.016273154921335298,0.011216858416755989,0.010676214969389647
1/28/2014,-805.7180000000001,26626.7604,6.3553,160.3926,89.666,2.0507,0.29414311693560014,0.2856565539935916,0.9692783326847408,1.3332837685124606,0.0036826846659279155,0.0066009564651206,0.028126540768004915,0.016273154921335298,0.01082692895614601,0.010470635858095817
1/29/2014,-805.7180000000001,26626.7604,6.3553,160.3926,90.304,2.0507,0.3072947580236549,0.29675579425858123,0.9761750335106154,1.3427704752275027,0.007115294537505923,0.008127176922389845,0.03520456707897246,0.016273154921335298,0.01086872254157965,0.010503713154200399
1/30/2014,-805.7180000000001,26626.7604,6.3553,160.3926,92.01899999999999,2.0507,0.3520276226858652,0.31613282397884235,0.9947139706836166,1.3682715755665258,0.018991406803685162,0.027272930249173655,0.05198234863727791,0.018991406803685162,0.011595871886887528,0.01075361123158178
1/31/2014,-805.7180000000001,26626.7604,6.3553,160.3926,92.478,2.0507,0.3750966514007019,0.31089038244215783,0.9996757037229212,1.3694155276835822,0.004988100283637165,0.048979128856624365,0.019681783599616143,0.018991406803685162,0.010926297704999791,0.009736358486462692
2/3/2014,-805.7180000000001,26626.7604,6.3553,160.3926,91.72,2.0507,0.35061110293034914,0.2892357532027685,0.9914818177887318,1.3581910529978822,-0.008196544042907483,0.04760599415204658,0.0018569087930093708,0.018991406803685162,0.010984752652960564,0.00972435975456164
2/4/2014,-805.7180000000001,26626.7604,6.3553,160.3926,91.351,2.0507,0.3336301789833278,0.2783146953195714,0.9874929735806633,1.3527268957960046,-0.004023113824683788,0.04327219570133156,0.0017545591121930215,0.018991406803685162,0.011062272455709767,0.009725042889777933
2/5/2014,-805.7180000000001,26626.7604,6.3553,160.3926,91.45100000000001,2.0507,0.33509007562264603,0.2890887325177376,0.9885739611709259,1.3542076972057278,0.001094678766516033,0.03568516421291057,0.0013139021799828399,0.018991406803685162,0.010967122841214197,0.009724133984619328
2/6/2014,-805.7180000000001,26626.7604,6.3553,160.3926,91.73,2.0507,0.35492828761761275,0.311339566623831,0.9915899165477581,1.3583391331388548,0.0030508140971667874,0.03323984275560665,0.007889069573243201,0.018991406803685162,0.010939321231813362,0.009720437507243725
2/7/2014,-805.7180000000001,26626.7604,6.3553,160.3926,92.637,2.0507,0.3717700019250416,0.29691549066354717,1.0,1.371363858418084,0.009887713943093734,0.057717339179283345,0.023794261968967056,0.018991406803685162,0.010506726288796057,0.009765815340003524
2/10/2014,-805.7180000000001,26626.7604,6.3553,160.3926,92.896,2.0507,0.3751979985492442,0.3036224482243046,1.0,1.3310026649855289,0.0027958591059726867,0.054905122585480415,0.0334983590142961,0.018991406803685162,0.010488038905703202,0.0097283079587455
2/11/2014,-805.7180000000001,26626.7604,6.3553,160.3926,94.45200000000001,2.0507,0.3532968450010032,0.2731466888271197,1.0,1.3507808477775873,0.016749913882190937,0.06295437664588466,0.05997216860439036,0.018991406803685162,0.010852989622987171,0.009865490476750564
2/12/2014,-805.7180000000001,26626.7604,6.3553,160.3926,93.89399999999999,2.0507,0.3428007551055432,0.2914592986671245,0.994092237326896,1.3374642109311565,-0.005907762673104,0.03975460666194186,0.046335918694837996,0.018991406803685162,0.010568978811075089,0.009871848541291244
2/13/2014,-805.7180000000001,26626.7604,6.3553,160.3926,94.861,2.0507,0.35123855105907165,0.28775123570217787,1.0,1.3466348679073863,0.01029884763669675,0.04930091588867769,0.058291311526618594,0.018991406803685162,0.010723202620347429,0.009941238943261736
2/14/2014,-805.7180000000001,26626.7604,6.3553,160.3926,96.07700000000001,2.0507,0.3625624007261177,0.2828171091445426,1.0,1.3638970515168294,0.012818755863843068,0.06216419395493866,0.08770519642250663,0.018991406803685162,0.010952076243844056,0.009850100953868755
2/17/2014,-805.7180000000001,26626.7604,6.3553,160.3926,96.07700000000001,2.0507,0.354895573324308,0.26561464370831045,1.0,1.3638970515168294,0.0,0.07054353397365909,0.11360053780889245,0.018991406803685162,0.01069779536320084,0.009334178243145473
2/18/2014,-805.7180000000001,26626.7604,6.3553,160.3926,96.316,2.0507,0.34858583029963586,0.2565947913749651,1.0,1.367289865565067,0.0024875880803938433,0.07320660530831447,0.1300848302807731,0.018991406803685162,0.010673100064629163,0.009163514632166673
2/19/2014,-805.7180000000001,26626.7604,6.3553,160.3926,97.40299999999999,2.0507,0.3491280801141321,0.25190797401554077,1.0,1.3827207813409423,0.011285767681382008,0.077657550008851,0.15268458361439485,0.018991406803685162,0.010783538548406087,0.009136608527620436
2/20/2014,-805.7180000000001,26626.7604,6.3553,160.3926,98.919,2.0507,0.3584789057350033,0.2524857174247419,1.0,1.4042417273540309,0.015564202334630517,0.08462626506288307,0.1681368902114997,0.018991406803685162,0.01103838121539566,0.009288110883421649
2/21/2014,-805.7180000000001,26626.7604,6.3553,160.3926,96.95,2.0507,0.33216994613608875,0.27113334066175643,0.9800948250588867,1.3762900501114377,-0.019905174941113324,0.04801746875945878,0.13434267796134236,0.018991406803685162,0.01191915571319539,0.00966512794400304
2/24/2014,-805.7180000000001,26626.7604,6.3553,160.3926,95.618,2.0507,0.3111827219746315,0.22983887555707927,0.9666292623257412,1.3573811450392517,-0.013739040742650976,0.06614187275605987,0.12044903268142337,0.018991406803685162,0.010022125092324712,0.009858627885127645
2/25/2014,-805.7180000000001,26626.7604,6.3553,160.3926,95.06,2.0507,0.30032145544080424,0.22203679638875595,0.9609882833429372,1.349459846968471,-0.00583572130770349,0.06406080347448428,0.11391040438720879,0.018991406803685162,0.010098655573015263,0.009903650270392179
2/26/2014,-805.7180000000001,26626.7604,6.3553,160.3926,92.51799999999999,2.0507,0.2700491447711608,0.23089805891881499,0.9352904901990516,1.3133739335349146,-0.026741005680622876,0.03180692793254947,0.08947244465379156,0.018991406803685162,0.012000487250156325,0.010504573237807353
2/27/2014,-805.7180000000001,26626.7604,6.3553,160.3926,94.611,2.0507,0.3109827070169604,0.2513025163507372,0.9564492160252328,1.3430858992376817,0.02262262478652821,0.04769445428773911,0.1042624711127711,0.02262262478652821,0.012809225301813228,0.010800093848863468
2/28/2014,-805.7180000000001,26626.7604,6.3553,160.3926,94.891,2.0507,0.3181502472634328,0.27825470911818617,0.9592798147979661,1.3470607441477507,0.0029594867404425518,0.031210945565589787,0.11414951449471067,0.02262262478652821,0.012229266727795968,0.010757549794894994
3/3/2014,-805.7180000000001,26626.7604,6.3553,160.3926,94.90100000000001,2.0507,0.324341673760449,0.2905287542388255,0.959380907611278,1.347202702894539,0.00010538407225135771,0.02620082614243402,0.10738873719340036,0.02262262478652821,0.012206747464231572,0.010744429373229503
3/4/2014,-805.7180000000001,26626.7604,6.3553,160.3926,95.529,2.0507,0.34907005973648153,0.29527898207905534,0.9657295362872653,1.3561177121928367,0.006617422366465897,0.04152856519843007,0.1103246277764216,0.02262262478652821,0.012057426663493019,0.010758755855542536
3/5/2014,-805.7180000000001,26626.7604,6.3553,160.3926,94.96,2.0507,0.3461483938646479,0.2949873834027954,0.9599773552098181,1.3480402595005891,-0.005956306461912142,0.03950695668356108,0.09332903493218492,0.02262262478652821,0.012113034667724995,0.010754754309906581
3/6/2014,-805.7180000000001,26626.7604,6.3553,160.3926,95.25,2.0507,0.35215706315744644,0.2982269352526157,0.9629090467958633,1.343801582934778,0.003053917438921694,0.041541371882209965,0.09402278783423701,0.02262262478652821,0.012113930629538512,0.01075595272093362
3/7/2014,-805.7180000000001,26626.7604,6.3553,160.3926,94.801,2.0507,0.3370897448555026,0.2937758282675842,0.9583699794781589,1.3374670221921248,-0.004713910761154794,0.033478687452305644,0.09413122511397076,0.02262262478652821,0.012198781538166475,0.01075502841462417
3/10/2014,-805.7180000000001,26626.7604,6.3553,160.3926,94.28200000000001,2.0507,0.3301448907323543,0.30693697888009486,0.9531232624672713,1.322513676532473,-0.005474625795086507,0.017757483510908223,0.08990231778509927,0.02262262478652821,0.01213996065762927,0.010783928640574973
3/11/2014,-805.7180000000001,26626.7604,6.3553,160.3926,94.711,2.0507,0.3211371340094018,0.2958194423133258,0.9574601441583518,1.3285313508205918,0.004550179249485531,0.019537977953840935,0.09840419363069142,0.02262262478652821,0.012159615031686317,0.010774340457996537
3/12/2014,-805.7180000000001,26626.7604,6.3553,160.3926,94.921,2.0507,0.32554567163345416,0.318996215559497,0.9595830932379018,1.3314770655070838,0.0022172714890562606,0.004965485114132084,0.08750844952625392,0.02262262478652821,0.011619528785454133,0.010687267411240105
3/13/2014,-805.7180000000001,26626.7604,6.3553,160.3926,94.59100000000001,2.0507,0.3209373123490067,0.3112038989512491,0.956247030398609,1.3268480852854538,-0.0034765752573192588,0.007423264532345097,0.1103663618542301,0.02262262478652821,0.011566572304642366,0.010203062078942652
3/14/2014,-805.7180000000001,26626.7604,6.3553,160.3926,94.681,2.0507,0.31359083215405525,0.3160881267515747,0.9571568657184161,1.3281105344368072,0.0009514647270880694,-0.0018975132035294884,0.11731177720084962,0.02262262478652821,0.011344976960135545,0.010164397647812677
3/17/2014,-805.7180000000001,26626.7604,6.3553,160.3926,94.23299999999999,2.0507,0.31227283488142143,0.3379520672896157,0.9526279076820429,1.3218263431056247,-0.004731677950169599,-0.019192938996846487,0.10062136466630833,0.02262262478652821,0.01099216552684901,0.010137509862655499
3/18/2014,-805.7180000000001,26626.7604,6.3553,160.3926,94.44200000000001,2.0507,0.3151833335654306,0.3379520672896157,0.9547407474802617,1.3247580305793238,0.0022179066781278234,-0.017017600466292748,0.08611449732042242,0.02262262478652821,0.01101152709714328,0.009977718048565839
3/19/2014,-805.7180000000001,26626.7604,6.3553,160.3926,93.465,2.0507,0.30014745159136424,0.3398063654573782,0.9448639796196889,1.3110534436807406,-0.010344973634611732,-0.029600481747580898,0.07673609511082446,0.02262262478652821,0.011177167035443183,0.01007930816815539
3/20/2014,-805.7180000000001,26626.7604,6.3553,160.3926,93.235,2.0507,0.28836348059198236,0.34595879337266977,0.9425388449135151,1.3078271847383924,-0.0024608142085272844,-0.04279128979600211,0.06782495161087132,0.02262262478652821,0.010794905619207285,0.010072070435454682
3/21/2014,-805.7180000000001,26626.7604,6.3553,160.3926,91.62,2.0507,0.2746598402849274,0.3762069061465261,0.926212355563643,1.2851732360779913,-0.017321821204483223,-0.07378764443635699,0.042546170389504034,0.02262262478652821,0.0104969725655379,0.010310076474172205
3/24/2014,-805.7180000000001,26626.7604,6.3553,160.3926,91.12200000000001,2.0507,0.26073301326839804,0.3413672399241805,0.9211779334607104,1.278187684107168,-0.005435494433529642,-0.060113460546673436,0.036879416483654115,0.02262262478652821,0.009825989859093208,0.010338851186385653
3/25/2014,-805.7180000000001,26626.7604,6.3553,160.3926,90.274,2.0507,0.24128922256139496,0.3147705084838983,0.9126052628918611,1.266292607658858,-0.009306204868198775,-0.05588905854546211,0.02582925194031871,0.02262262478652821,0.009627138214534368,0.010413721456995768
3/26/2014,-805.7180000000001,26626.7604,6.3553,160.3926,90.105,2.0507,0.22585165433173726,0.2932629516760994,0.91089679434689,1.2639220086968719,-0.0018720783392781604,-0.052124973700820476,0.025773841372479733,0.02262262478652821,0.009601214001955611,0.010413913783002368
3/27/2014,-805.7180000000001,26626.7604,6.3553,160.3926,92.986,2.0507,0.26231622388444675,0.2559629664824945,0.9400216338620488,1.3043344087529807,0.03197380833472052,0.005058475107546867,0.043871663036889164,0.03197380833472052,0.010678348977230682,0.011017900301505741
3/28/2014,-805.7180000000001,26626.7604,6.3553,160.3926,91.979,2.0507,0.22983019120203219,0.26502206177296417,0.9298415875615402,1.2902090054706128,-0.010829587249693517,-0.027819175360158988,0.0268263820666248,0.03197380833472052,0.00962399204883911,0.011095286568777172
3/31/2014,-805.7180000000001,26626.7604,6.3553,160.3926,90.693,2.0507,0.21070899357887574,0.2667503237261213,0.9168410517696297,1.2721700098190487,-0.013981452288022278,-0.04424023353110418,0.012469857997677858,0.03197380833472052,0.009953569095464002,0.011243894013406867
4/1/2014,-805.7180000000001,26626.7604,6.3553,160.3926,90.87200000000001,2.0507,0.20731253653611104,0.26084126056225765,0.918650613127913,1.2746808809089634,0.001973691464611571,-0.0424547686536495,0.030762250453720608,0.03197380833472052,0.009982626924797736,0.011055679769457535
4/2/2014,-805.7180000000001,26626.7604,6.3553,160.3926,89.71600000000001,2.0507,0.20907792242796708,0.2874181288914046,0.906964283909057,1.2584654229204657,-0.01272119024562024,-0.06085063174533378,0.024716739766081908,0.03197380833472052,0.0100381465691228,0.011142893023459563
4/3/2014,-805.7180000000001,26626.7604,6.3553,160.3926,89.885,2.0507,0.19071905468418837,0.25794828317083507,0.9086727524540281,1.260836021882452,0.0018837219670961858,-0.053443555181128755,0.026529773189282846,0.03197380833472052,0.010066013341561661,0.011144266202774604
4/4/2014,-805.7180000000001,26626.7604,6.3553,160.3926,87.881,2.0507,0.17550829320492234,0.2740770465489566,0.8884137526663229,1.2327254874456444,-0.022295154920175864,-0.0773648293963255,-0.004745186862967099,0.03197380833472052,0.010848134418577505,0.011458498241636418
4/7/2014,-805.7180000000001,26626.7604,6.3553,160.3926,87.12299999999999,2.0507,0.15261883657242636,0.25419715030362355,0.8807509174172807,1.2220928601486882,-0.008625300121755664,-0.08099070684908394,-0.018653059845233688,0.03197380833472052,0.010898588455055378,0.011487690813328044
4/8/2014,-805.7180000000001,26626.7604,6.3553,160.3926,87.602,2.0507,0.1549830579983389,0.24305509776260137,0.8855932631749209,1.2288118950764482,0.005497974128531036,-0.07085127595935603,0.00022835742504168088,0.03197380833472052,0.011083675294812703,0.011383032945306116
4/9/2014,-805.7180000000001,26626.7604,6.3553,160.3926,89.965,2.0507,0.17870946609891902,0.24089092695709136,0.9094814949605233,1.2619581989058772,0.026974269993835787,-0.050110335652669646,0.021621376091572886,0.03197380833472052,0.012833502660533572,0.011860078665817982
4/10/2014,-805.7180000000001,26626.7604,6.3553,160.3926,88.818,2.0507,0.1576299463010271,0.23717480840415028,0.8978861492736482,1.245868985832515,-0.01274940254543444,-0.0642955721073315,-0.0004501564293590832,0.03197380833472052,0.012980909797514463,0.011921738108408894
4/11/2014,-805.7180000000001,26626.7604,6.3553,160.3926,87.961,2.0507,0.15455595516236564,0.2415798178142965,0.8892224951728182,1.23384766446907,-0.009648945033664313,-0.07009123489549751,-0.02594569454287743,0.03197380833472052,0.013059978187794431,0.011799945981556183
4/14/2014,-805.7180000000001,26626.7604,6.3553,160.3926,87.75200000000001,2.0507,0.1270340735413109,0.21602599504244724,0.8871096553745995,1.230915976995371,-0.0023760530234989696,-0.0731825815105458,-0.029334985177646877,0.03197380833472052,0.013025015299139278,0.011801174376545874
4/15/2014,-805.7180000000001,26626.7604,6.3553,160.3926,87.742,2.0507,0.1260379101910909,0.20934022920650386,0.8870085625612876,1.2307757048674428,-0.000113957516637897,-0.06888245094605905,-0.029982090344263246,0.03197380833472052,0.01304272180467035,0.011800601084259068
4/16/2014,-805.7180000000001,26626.7604,6.3553,160.3926,89.63600000000001,2.0507,0.1544931157506988,0.2163934003941217,0.9061555414025618,1.2573432458970404,0.021586013539695914,-0.05088837593443596,-0.0012256813674147438,0.03197380833472052,0.014095631826036842,0.012081114386787906
4/17/2014,-805.7180000000001,26626.7604,6.3553,160.3926,90.902,2.0507,0.15419385967139854,0.18673658548972805,0.9189538915678485,1.2751016972927478,0.01412378954884197,-0.027422029636762435,0.012880796915739845,0.03197380833472052,0.014412939936706332,0.012210481825143817
4/18/2014,-805.7180000000001,26626.7604,6.3553,160.3926,90.902,2.0507,0.15800201276449388,0.1877221365877273,0.9189538915678485,1.2751016972927478,0.0,-0.02502279187000589,0.005731102850061953,0.03197380833472052,0.014412393256975329,0.012179130402381957
4/21/2014,-805.7180000000001,26626.7604,6.3553,160.3926,91.65,2.0507,0.16472651484343226,0.16434526230174873,0.9265156340035787,1.2855940524617757,0.008228641834063133,0.0003274394237067213,0.004923191631670765,0.03197380833472052,0.014049071589960788,0.0121700276783764
4/22/2014,-805.7180000000001,26626.7604,6.3553,160.3926,91.949,2.0507,0.16351373581181106,0.1530489579510801,0.9295383091216045,1.2897881890868284,0.003262411347517702,0.009075744606132252,-0.006042720629567122,0.03197380833472052,0.014005587932483056,0.012041228312327915
4/23/2014,-805.7180000000001,26626.7604,6.3553,160.3926,90.743,2.0507,0.15730337078651702,0.15132191457613287,0.9173465158361892,1.2728713704586896,-0.013115966459667838,0.005195294326162614,0.011785562964119034,0.03197380833472052,0.014163063885165639,0.011519243581464602
4/24/2014,-805.7180000000001,26626.7604,6.3553,160.3926,90.374,2.0507,0.1428607559720272,0.13945900830835778,0.91361619102498,1.2676953289381399,-0.0040664293664525175,0.0029854059153209267,0.011607732518441383,0.03197380833472052,0.014188285609729755,0.011520280125585262
4/25/2014,-805.7180000000001,26626.7604,6.3553,160.3926,89.666,2.0507,0.12398621121905351,0.1656032591664054,0.9064588198424974,1.2577640622808246,-0.007834111580764413,-0.035704299571978626,0.0,0.026974269993835787,0.012265033699772691,0.01155622362729548
4/28/2014,-805.7180000000001,26626.7604,6.3553,160.3926,88.85799999999999,2.0507,0.11861120902361622,0.15790069993453848,0.8982905205268956,1.2464300743442276,-0.009011219414270855,-0.0339316583133108,-0.016012579730687593,0.026974269993835787,0.012203313014468463,0.01157613726243385
4/29/2014,-805.7180000000001,26626.7604,6.3553,160.3926,89.427,2.0507,0.12197478200865697,0.13785835267549085,0.9040427016043431,1.2544115584233413,0.0064034752076347345,-0.013959180973173169,-0.028168095719362185,0.026974269993835787,0.01197546728076675,0.011346061084312705
4/30/2014,-805.7180000000001,26626.7604,6.3553,160.3926,89.49600000000001,2.0507,0.12213654316343825,0.13938937997617717,0.9047402420161952,1.2553794361060457,0.0007715790533060485,-0.015142178008627605,-0.0322455070395119,0.026974269993835787,0.011965412951677428,0.011326242221371546
5/1/2014,-805.7180000000001,26626.7604,6.3553,160.3926,90.294,2.0507,0.12009229280637124,0.11292223338667462,0.9128074485184848,1.2665731519147143,0.008916599624564148,0.006442552053145256,-0.015547317924116899,0.026974269993835787,0.011805286475532247,0.011342835435167313
5/2/2014,-805.7180000000001,26626.7604,6.3553,160.3926,94.611,2.0507,0.17422709840765505,0.11557221401710249,0.9564492160252328,1.32712862954131,0.047810485746561326,0.05257829448740048,0.03568652778842063,0.047810485746561326,0.01570824523143784,0.012840937787647338
5/5/2014,-805.7180000000001,26626.7604,6.3553,160.3926,96.23700000000001,2.0507,0.20575079872204483,0.10105869823967928,0.972886907469748,1.3499368775424323,0.01718616228556935,0.09508312376964323,0.052334036806595874,0.047810485746561326,0.014928124463332124,0.01300912135134856
5/6/2014,-805.7180000000001,26626.7604,6.3553,160.3926,96.24700000000001,2.0507,0.19497659635225917,0.08169549184907421,0.9729880002830601,1.3500771496703605,0.00010391013851229758,0.10472550302446004,0.04924234165485686,0.047810485746561326,0.014665377068910027,0.013006533879736638
5/7/2014,-805.7180000000001,26626.7604,6.3553,160.3926,96.07700000000001,2.0507,0.19509161245382067,0.08967198636697238,0.9712694224567577,1.3476925234955814,-0.0017662888193917814,0.09674436656697338,0.03713419044226396,0.047810485746561326,0.014734953195808096,0.012958648590152767
5/8/2014,-805.7180000000001,26626.7604,6.3553,160.3926,96.516,2.0507,0.19965694256273858,0.11823051968229903,0.9757073969611502,1.3538504699116285,0.0045692517459954285,0.07281720669149117,0.03896830864622802,0.047810485746561326,0.013809017953923293,0.012965285467441141
5/9/2014,-805.7180000000001,26626.7604,6.3553,160.3926,96.935,2.0507,0.23816883597951177,0.13448888094112843,0.9799431858389188,1.3597278720718193,0.004341249119316881,0.09138913283343464,0.026288485156481523,0.047810485746561326,0.013301355094369343,0.012810691926028931
5/12/2014,-805.7180000000001,26626.7604,6.3553,160.3926,97.822,2.0507,0.24822314945960788,0.12239533489007126,0.9889101183796845,1.3721700098190488,0.009150461649559016,0.11210650174509151,0.041834409014420704,0.047810485746561326,0.012946639454661792,0.012829821847637365
5/13/2014,-805.7180000000001,26626.7604,6.3553,160.3926,98.869,2.0507,0.26916214169266106,0.12645537284502129,0.9994945359334405,1.3868565016131293,0.010703113818977261,0.12668657124623928,0.04225129399858729,0.047810485746561326,0.012880866062234982,0.012834784556089248
5/14/2014,-805.7180000000001,26626.7604,6.3553,160.3926,100.544,2.0507,0.2906637912221921,0.12632700478812842,1.0,1.4103520830410996,0.016941609604628427,0.145905039775706,0.046493957971210476,0.047810485746561326,0.013027926727490341,0.012907681967775413
5/15/2014,-805.7180000000001,26626.7604,6.3553,160.3926,99.32799999999999,2.0507,0.2872490701502015,0.16164482977592898,0.9879057924888606,1.3932949922850326,-0.012094207511139432,0.10812619929492584,0.033837442884352864,0.047810485746561326,0.013161432640397855,0.013009352460232002
5/16/2014,-805.7180000000001,26626.7604,6.3553,160.3926,99.896,2.0507,0.32895209461347097,0.20930170682063087,0.9935550604710376,1.4012624491513535,0.00571842783505172,0.0989417174539613,0.03716931766269371,0.047810485746561326,0.012996295467093308,0.013023230093901599
5/19/2014,-805.7180000000001,26626.7604,6.3553,160.3926,99.806,2.0507,0.32161868693556506,0.20371302206096553,0.9926599299809039,1.4,-0.0009009369744534812,0.09795164022793768,0.024670698027781546,0.047810485746561326,0.013013652245633993,0.012953208182143926
5/20/2014,-805.7180000000001,26626.7604,6.3553,160.3926,99.926,2.0507,0.3314767685112394,0.22120214793001924,0.9938534373010821,1.4016832655351381,0.001202332525098715,0.0903000545553736,0.010180046300508616,0.047810485746561326,0.01300436726612689,0.01280883039227665
5/21/2014,-805.7180000000001,26626.7604,6.3553,160.3926,100.544,2.0507,0.3398899239062354,0.22534948493450058,1.0,1.4103520830410996,0.006184576586674151,0.09347573111181195,0.03707065497679207,0.047810485746561326,0.013009417034616421,0.012566444103026845
5/22/2014,-805.7180000000001,26626.7604,6.3553,160.3926,101.19200000000001,2.0507,0.34495866450463875,0.2060793747840186,1.0,1.4194417169308458,0.006444939528962523,0.11514937791344804,0.058294463385555106,0.047810485746561326,0.012381963110058429,0.012450308940015016
5/23/2014,-805.7180000000001,26626.7604,6.3553,160.3926,100.305,2.0507,0.34403055071687016,0.2109607396489348,0.9912344849395209,1.4069995791836163,-0.008765515060479068,0.10988779958837736,0.05517567851883021,0.047810485746561326,0.012599766794667828,0.012481592530143625
5/26/2014,-805.7180000000001,26626.7604,6.3553,160.3926,100.305,2.0507,0.3214370405501541,0.18127684241034947,0.9912344849395209,1.4069995791836163,0.0,0.11865143978765658,0.08416740526167898,0.047810485746561326,0.012311869832773627,0.011969639881780415
5/27/2014,-805.7180000000001,26626.7604,6.3553,160.3926,100.095,2.0507,0.3178024119226921,0.16986149876244117,0.9891592220728911,1.4040538644971243,-0.0020936144758487707,0.12646019491773397,0.05796366173066558,0.047810485746561326,0.01199478857577758,0.01166237517300319
5/28/2014,-805.7180000000001,26626.7604,6.3553,160.3926,100.155,2.0507,0.3400454910355901,0.1965078940326468,0.9897521543204996,1.4048954972646934,0.0005994305409859901,0.11996376933140995,0.05547417563309476,0.047810485746561326,0.01204582740371448,0.011659642241376233
5/29/2014,-805.7180000000001,26626.7604,6.3553,160.3926,100.414,2.0507,0.35235889078934957,0.2053171001063958,0.992311645189343,1.4085285453780332,0.002585991712845015,0.12199427907392502,0.058092117048292424,0.047810485746561326,0.012016859403158928,0.011661023268068296
5/30/2014,-805.7180000000001,26626.7604,6.3553,160.3926,101.20200000000001,2.0507,0.37198866640456596,0.22410964846874437,1.0,1.419581989058774,0.007847511303204824,0.12080536912751705,0.0593851081870429,0.047810485746561326,0.012004202719818082,0.011671668893882435
6/2/2014,-805.7180000000001,26626.7604,6.3553,160.3926,100.105,2.0507,0.327511669849353,0.25465467854869517,0.9891602932748363,1.4041941366250525,-0.010839706725163656,0.058069357685681444,0.05418070766638605,0.01718616228556935,0.007734747180451117,0.01173454041414636
6/3/2014,-805.7180000000001,26626.7604,6.3553,160.3926,99.48700000000001,2.0507,0.308763944432751,0.26600978741317616,0.983053694591016,1.395525319119091,-0.006173517806303375,0.033770795016469846,0.044482939632546126,0.016941609604628427,0.007212363289932151,0.011764832423837489
6/4/2014,-805.7180000000001,26626.7604,6.3553,160.3926,100.215,2.0507,0.32932296917281256,0.27668859765479925,0.9902472283156458,1.4057371300322625,0.007317538974941362,0.04122725903145019,0.057109102224660147,0.016941609604628427,0.007308311973330796,0.011772217844134425
6/5/2014,-805.7180000000001,26626.7604,6.3553,160.3926,99.786,2.0507,0.31910055917617375,0.27007019445582814,0.9860081816564888,1.3997194557441435,-0.004280796287980837,0.0386044526785807,0.058378057317409304,0.016941609604628427,0.0073923772838156805,0.011762667295518848
6/6/2014,-805.7180000000001,26626.7604,6.3553,160.3926,100.135,2.0507,0.35973548062952365,0.3105929959398721,0.989456730104148,1.404614953008837,0.0034974846170805485,0.037496373658253646,0.05726895503162255,0.016941609604628427,0.007376211819142604,0.01175824395375535
6/9/2014,-805.7180000000001,26626.7604,6.3553,160.3926,99.956,2.0507,0.39391150343750425,0.3517829003332915,0.9876879903559217,1.4021040819189226,-0.0017875867578769356,0.031165213803063807,0.05304411036546175,0.016941609604628427,0.007391051067031756,0.011762116408008377
6/10/2014,-805.7180000000001,26626.7604,6.3553,160.3926,99.956,2.0507,0.39722389186317963,0.3673940088622989,0.9876879903559217,1.4021040819189226,0.0,0.021815133610026294,0.05671786956475766,0.016941609604628427,0.007183573853866464,0.011749457301161611
6/11/2014,-805.7180000000001,26626.7604,6.3553,160.3926,99.916,2.0507,0.4015429934072099,0.38685650161312934,0.9872927412501727,1.4013464235624125,-0.00040017607747411255,0.010589770302116941,0.05529092426146742,0.016941609604628427,0.006838072842753545,0.011750676081572662
6/12/2014,-805.7180000000001,26626.7604,6.3553,160.3926,99.54700000000001,2.0507,0.39617110799439015,0.4101542776998597,0.9836465682496394,1.3938252590310838,-0.0036931022058527274,-0.009916056651813943,0.05639213439028823,0.007847511303204824,0.00575827513590713,0.011743342960919119
6/13/2014,-805.7180000000001,26626.7604,6.3553,160.3926,97.87200000000001,2.0507,0.36675557541649817,0.38708821516848446,0.9670955119464042,1.3703724446933634,-0.01682622278923518,-0.014658505154638957,0.03631858706931235,0.007847511303204824,0.0063031735387061244,0.011953108937901337
6/16/2014,-805.7180000000001,26626.7604,6.3553,160.3926,97.48299999999999,2.0507,0.31341534067177723,0.34592635507470937,0.963251714392996,1.3649257910949313,-0.003974579042014259,-0.024155121326179363,0.04298935430374984,0.007847511303204824,0.0061642668677559615,0.01188547079722231
6/17/2014,-805.7180000000001,26626.7604,6.3553,160.3926,97.353,2.0507,0.31732564747909375,0.3505182539038185,0.961967154799312,1.3631055726687202,-0.0013335658525075456,-0.0245776807005591,0.04416796267496115,0.007847511303204824,0.0061641315154855065,0.011881426659610369
6/18/2014,-805.7180000000001,26626.7604,6.3553,160.3926,97.45299999999999,2.0507,0.31796543236590846,0.35141056503746193,0.9629552775636843,1.3645057406888825,0.0010271897116678197,-0.024748313752176787,0.06366513861602252,0.007847511303204824,0.006160884373454537,0.011653873940481781
6/19/2014,-805.7180000000001,26626.7604,6.3553,160.3926,98.241,2.0507,0.32862243379946454,0.3597684671769765,0.9707416849469377,1.3755390646877625,0.008085949124193359,-0.022905394653087163,0.0781260288404555,0.008085949124193359,0.006287119931229652,0.01165708552809183
6/20/2014,-805.7180000000001,26626.7604,6.3553,160.3926,98.4,2.0507,0.3340021419953092,0.3718530970811924,0.9723128001422896,1.3777653318398209,0.0016184688673772651,-0.02759111392204916,0.09001484369807478,0.008085949124193359,0.006083039662076877,0.011578347135460758
6/23/2014,-805.7180000000001,26626.7604,6.3553,160.3926,97.94200000000001,2.0507,0.3277930669848026,0.35982809809796246,0.9677871978814647,1.371352562307477,-0.004654471544715433,-0.02355814764966846,0.08697630542145274,0.008085949124193359,0.005894464695865411,0.011596455067985643
6/24/2014,-805.7180000000001,26626.7604,6.3553,160.3926,98.36,2.0507,0.3374488394544688,0.36389595202806513,0.9719175510365407,1.3772052646317559,0.004267831982193382,-0.019390857883455515,0.057793646355365214,0.008085949124193359,0.0060074291493515805,0.010923751711803459
6/25/2014,-805.7180000000001,26626.7604,6.3553,160.3926,99.916,2.0507,0.3490859010018632,0.3515027949555778,0.9872927412501727,1.398991879025483,0.01581943879625869,-0.0017883011139417926,0.0862914360886724,0.01581943879625869,0.007018361282460546,0.010976079045103474
6/26/2014,-805.7180000000001,26626.7604,6.3553,160.3926,99.507,2.0507,0.3419327867083828,0.3506715934836553,0.9832513191438904,1.3932651918230188,-0.004093438488330103,-0.006469971544106556,0.09718500876583658,0.01581943879625869,0.007070772505983358,0.010822594982236028
6/27/2014,-805.7180000000001,26626.7604,6.3553,160.3926,101.34200000000001,2.0507,0.33878489239996323,0.32652548978162943,1.0,1.4189582749929992,0.018440913704563577,0.009241739199713273,0.11521700853948413,0.018440913704563577,0.008155888993102526,0.011030338095164193
6/30/2014,-805.7180000000001,26626.7604,6.3553,160.3926,102.0,2.0507,0.3117115263435397,0.30144931263744046,1.0,1.428171380565668,0.006492865741745568,0.007885219659690357,0.1369209505550848,0.018440913704563577,0.00809978313310588,0.010887292894876924
7/1/2014,-805.7180000000001,26626.7604,6.3553,160.3926,101.641,2.0507,0.29169631964213094,0.27217618950793,0.9964803921568628,1.4231447773732848,-0.003519607843137207,0.015343888916637516,0.1307893419369195,0.018440913704563577,0.007741231797381103,0.010910256409030655
7/2/2014,-805.7180000000001,26626.7604,6.3553,160.3926,101.31200000000001,2.0507,0.28864523842837,0.26543202024955814,0.9932549019607845,1.4185382245869507,-0.003236882754006687,0.018344105259983756,0.15283167009933907,0.018440913704563577,0.007635641180890898,0.010481225800612023
7/3/2014,-805.7180000000001,26626.7604,6.3553,160.3926,101.431,2.0507,0.2932843718522484,0.2777799028420609,0.9944215686274509,1.4202044245309435,0.0011745893872392443,0.012133912089008492,0.16422758628605538,0.018440913704563577,0.007493584956810022,0.010388575079423213
7/4/2014,-805.7180000000001,26626.7604,6.3553,160.3926,101.431,2.0507,0.2974034279866973,0.2763622409823483,0.9944215686274509,1.4202044245309435,0.0,0.01648527849598147,0.15786169265541883,0.018440913704563577,0.007411921479618457,0.010385812161143615
7/7/2014,-805.7180000000001,26626.7604,6.3553,160.3926,101.072,2.0507,0.2880500579846821,0.27610903668964837,0.9909019607843138,1.4151778213385606,-0.0035393518746733577,0.009357367553802343,0.1234591229922748,0.018440913704563577,0.007443109668183778,0.009921565143010404
7/8/2014,-805.7180000000001,26626.7604,6.3553,160.3926,100.335,2.0507,0.2670640382891132,0.2622778991501131,0.9836764705882353,1.4048585830299636,-0.0072918315656166355,0.0037916683340668556,0.12966966155509008,0.018440913704563577,0.007621362576265051,0.009814869279468258
7/9/2014,-805.7180000000001,26626.7604,6.3553,160.3926,103.13600000000001,2.0507,0.31268057376318903,0.27220659547658754,1.0,1.4440772892747131,0.027916479792694737,0.03181399815919006,0.17251963938563697,0.027916479792694737,0.009727074541608021,0.010229094644664339
7/10/2014,-805.7180000000001,26626.7604,6.3553,160.3926,103.834,2.0507,0.3234173262468296,0.2734804165232796,1.0,1.4538504620554467,0.006767762953769685,0.03921293886864974,0.18326647825690578,0.027916479792694737,0.009781305612386645,0.010222503679253368
7/11/2014,-805.7180000000001,26626.7604,6.3553,160.3926,103.336,2.0507,0.32667445532860007,0.2780295541205018,0.9952038831211356,1.4468776253150377,-0.004796116878864387,0.038062422775171356,0.17772560461352604,0.027916479792694737,0.009815621750510116,0.010260429403430039
7/14/2014,-805.7180000000001,26626.7604,6.3553,160.3926,103.745,2.0507,0.35394915431196505,0.2773021507621636,0.9991428626461467,1.452604312517502,0.003957962375164659,0.06000694785025318,0.15740327546967725,0.027916479792694737,0.00884024607289564,0.009972043103011393
7/15/2014,-805.7180000000001,26626.7604,6.3553,160.3926,103.465,2.0507,0.3562954709313759,0.27787900635773743,0.9964462507463836,1.4486838420610473,-0.0026989252494096228,0.061364545613081356,0.1382037798948319,0.027916479792694737,0.008795523679646073,0.009877047010225341
7/16/2014,-805.7180000000001,26626.7604,6.3553,160.3926,104.12299999999999,2.0507,0.3706526604007052,0.2815338440881445,1.0,1.4578969476337158,0.006359638525105016,0.06954074347991335,0.1454423445028712,0.027916479792694737,0.008771587346823847,0.009887686956893727
7/17/2014,-805.7180000000001,26626.7604,6.3553,160.3926,102.867,2.0507,0.365406567734742,0.2935437627757569,0.9879373433343259,1.440310837300476,-0.012062656665674076,0.05555498548018045,0.12238952536824876,0.027916479792694737,0.009380840332060988,0.010017942461444506
7/18/2014,-805.7180000000001,26626.7604,6.3553,160.3926,103.685,2.0507,0.4035764565735327,0.3298814165042234,0.9957934366086264,1.4517642117054046,0.007952015709605575,0.05541474537107738,0.1276359721149769,0.027916479792694737,0.009376982721096057,0.010045740984923097
7/21/2014,-805.7180000000001,26626.7604,6.3553,160.3926,104.23299999999999,2.0507,0.406805053177131,0.32807860497759544,1.0,1.4594371324558946,0.005285238944880977,0.05927845528455267,0.14866160475188162,0.027916479792694737,0.009391663941144173,0.009866312869531147
7/22/2014,-805.7180000000001,26626.7604,6.3553,160.3926,104.03399999999999,2.0507,0.42190938290166047,0.3386455272329665,0.9980908157685187,1.4566507980957712,-0.0019091842314813423,0.0622000775969449,0.1511496669396064,0.027916479792694737,0.009301567110074951,0.009847764799323458
7/23/2014,-805.7180000000001,26626.7604,6.3553,160.3926,104.18299999999999,2.0507,0.3863524464730068,0.3088663854475775,0.999520305469477,1.4587370484458133,0.001432224080589073,0.05920089467263101,0.1619008319764459,0.027916479792694737,0.009301580429045298,0.00976304234322769
7/24/2014,-805.7180000000001,26626.7604,6.3553,160.3926,103.176,2.0507,0.3871284333364704,0.3433000362995926,0.9898592576247447,1.444637356482778,-0.009665684420682719,0.03262740702189837,0.16113349388912668,0.027916479792694737,0.009177419445429921,0.00977575365624339
7/25/2014,-805.7180000000001,26626.7604,6.3553,160.3926,102.917,2.0507,0.40282699961834156,0.3563464369445508,0.9873744399566358,1.4410109213105573,-0.0025102737070636927,0.034268945903303205,0.15084929607389252,0.027916479792694737,0.009134976464348552,0.009781682207001506
7/28/2014,-805.7180000000001,26626.7604,6.3553,160.3926,106.35700000000001,2.0507,0.4558483334474026,0.38720142358497034,1.0,1.4891767012041446,0.03342499295548862,0.0494858992323024,0.18839948154107455,0.03342499295548862,0.010922736886625664,0.010536504015902117
7/29/2014,-805.7180000000001,26626.7604,6.3553,160.3926,106.167,2.0507,0.44989347754834497,0.39298590626024277,0.9982135637522682,1.4865163819658358,-0.0017864362477317819,0.04085294117647065,0.17579241145591085,0.03342499295548862,0.01091547239598997,0.010522525401780043
7/30/2014,-805.7180000000001,26626.7604,6.3553,160.3926,108.64,2.0507,0.48346396482508136,0.38789360133271455,1.0,1.5211425371044525,0.02329349044430007,0.06886000728052655,0.1482808552916679,0.03342499295548862,0.011776177644811432,0.009194055023438676
7/31/2014,-805.7180000000001,26626.7604,6.3553,160.3926,106.616,2.0507,0.45959340132794857,0.3869806283797661,0.9813696612665684,1.4928031363763652,-0.018630338733431562,0.05235312697409977,0.10784833276182737,0.03342499295548862,0.01264651103240531,0.0093606962710513
8/1/2014,-805.7180000000001,26626.7604,6.3553,160.3926,105.85799999999999,2.0507,0.45838040393464285,0.3973906813986168,0.9743924889543445,1.482189862783534,-0.00710962707285967,0.04364543384172492,0.0998576579010253,0.03342499295548862,0.012818233099256011,0.009424063476404494
8/4/2014,-805.7180000000001,26626.7604,6.3553,160.3926,104.64200000000001,2.0507,0.4523928492116367,0.40782533866311343,0.9631995581737851,1.4651638196583592,-0.011487086474333386,0.031656988494641825,0.08914724647938632,0.03342499295548862,0.013153657312988894,0.009557952294705302
8/5/2014,-805.7180000000001,26626.7604,6.3553,160.3926,104.45200000000001,2.0507,0.4625035004200506,0.4151778213385606,0.9614506627393227,1.4606832706372626,-0.001815714531450019,0.03344150704448334,0.08222470885656263,0.03342499295548862,0.013125549973944186,0.009557667810671881
8/6/2014,-805.7180000000001,26626.7604,6.3553,160.3926,106.37700000000001,2.0507,0.4876029590680895,0.4031100980296185,0.9791697349042711,1.4748364019520852,0.01842951786466518,0.06021826879952186,0.09740547789756038,0.03342499295548862,0.013445727744860535,0.009791922510210443
8/7/2014,-805.7180000000001,26626.7604,6.3553,160.3926,106.766,2.0507,0.46684802022366934,0.41697579204792135,0.9827503681885126,1.4802295918367347,0.0036568055124697185,0.035196245733788434,0.09143137535523715,0.03342499295548862,0.012167986749977213,0.009747264001346694
8/8/2014,-805.7180000000001,26626.7604,6.3553,160.3926,110.166,2.0507,0.5273680124223603,0.439579636202307,1.0,1.525485688965202,0.03184534402337813,0.06098195196178513,0.11426230668864856,0.03342499295548862,0.01380830354239771,0.010412706636122404
8/11/2014,-805.7180000000001,26626.7604,6.3553,160.3926,109.169,2.0507,0.5116800753285238,0.43090961961864926,0.9909500208775848,1.490280394244683,-0.00904997912241523,0.05644693040179605,0.0857833386378104,0.03342499295548862,0.013957439722546983,0.010316426071277264
8/12/2014,-805.7180000000001,26626.7604,6.3553,160.3926,109.318,2.0507,0.4923144128648267,0.41623665601878423,0.9923025252800319,1.4910931063644053,0.0013648563236816624,0.05371825148199916,0.10057586984536093,0.03342499295548862,0.013957318153233846,0.010171678138046243
8/13/2014,-805.7180000000001,26626.7604,6.3553,160.3926,108.62,2.0507,0.48157241454565325,0.41125842267506907,0.9859666321732659,1.4662131151966742,-0.006385041804643277,0.04982361184941775,0.08733082405701942,0.03342499295548862,0.01404998402901525,0.010206357421731755
8/14/2014,-805.7180000000001,26626.7604,6.3553,160.3926,108.8,2.0507,0.4686428552144921,0.4055101104181853,0.9876005301091081,1.462542511862994,0.001657153378751497,0.04491802963802427,0.09011482275614702,0.03342499295548862,0.0140213498612637,0.010202221674523424
8/15/2014,-805.7180000000001,26626.7604,6.3553,160.3926,108.251,2.0507,0.4551625868720679,0.3827882405129652,0.9826171414047892,1.4475929392885798,-0.005045955882352904,0.052339428582538705,0.08331165062145995,0.03342499295548862,0.013745693408415464,0.010234703421958709
8/18/2014,-805.7180000000001,26626.7604,6.3553,160.3926,108.969,2.0507,0.45507350879301356,0.3845157499766323,0.9891345787266489,1.4571944370152445,0.0066327331849127535,0.050962048512321,0.08379415977084648,0.03342499295548862,0.013722627209309423,0.010238292708364965
8/19/2014,-805.7180000000001,26626.7604,6.3553,160.3926,107.70299999999999,2.0507,0.44026477667825614,0.3938619951858784,0.9776428299112248,1.4402647766782561,-0.011617983096109952,0.03329080041829369,0.06434303106964956,0.03342499295548862,0.014040581989251904,0.010345080865234684
8/20/2014,-805.7180000000001,26626.7604,6.3553,160.3926,108.939,2.0507,0.456793260230008,0.3912008558438085,0.9888622624040084,1.4527330675165693,0.01147600345394273,0.04714804775361903,0.08607746373560632,0.03342499295548862,0.014173947448588834,0.010349880251347586
8/21/2014,-805.7180000000001,26626.7604,6.3553,160.3926,109.01899999999999,2.0507,0.45379989065062887,0.38931043219672223,0.9895884392643828,1.4514771864889693,0.0007343559239574304,0.046418321607172075,0.08687503115497708,0.03342499295548862,0.014176879145039876,0.010348733005109382
8/22/2014,-805.7180000000001,26626.7604,6.3553,160.3926,108.271,2.0507,0.4361834774765214,0.3685997771528624,0.9827986856198827,1.4415183266985316,-0.006861189333969175,0.04938163914088545,0.08168240171836749,0.03342499295548862,0.014071763768687642,0.010391851578421667
8/25/2014,-805.7180000000001,26626.7604,6.3553,160.3926,109.71700000000001,2.0507,0.46077034709555464,0.37023525809157376,0.9959243323711492,1.4513406616664686,0.013355376786027717,0.06607266049340743,0.0954720183715243,0.03342499295548862,0.014220569927732407,0.01050167470167451
8/26/2014,-805.7180000000001,26626.7604,6.3553,160.3926,109.787,2.0507,0.45226662433694487,0.4068944534836041,0.9965597371239766,1.4393575876761717,0.0006380050493541845,0.03224987541957747,0.09334355767124114,0.03184534402337813,0.012415358782461328,0.010501300043092139
8/27/2014,-805.7180000000001,26626.7604,6.3553,160.3926,110.295,2.0507,0.43624501914212055,0.382490819595281,1.0,1.4460176991150442,0.004627141647007393,0.03888213851761857,0.08985000296436807,0.03184534402337813,0.012407147702191392,0.010477573202992658
8/28/2014,-805.7180000000001,26626.7604,6.3553,160.3926,110.345,2.0507,0.4141355888760734,0.39228501858259635,1.0,1.4466732218944607,0.0004533297066957598,0.015694035346097257,0.10229259277758351,0.03184534402337813,0.011397144813833839,0.010360390440297684
8/29/2014,-805.7180000000001,26626.7604,6.3553,160.3926,109.96600000000001,2.0507,0.4037197309130831,0.36095686695005047,0.9965653178666909,1.441704359226483,-0.003434682133309108,0.031421175058152784,0.1053303446681475,0.03184534402337813,0.010552722548948543,0.01033295789811744
9/1/2014,-805.7180000000001,26626.7604,6.3553,160.3926,109.96600000000001,2.0507,0.4278887979951438,0.3745471543765335,0.9965653178666909,1.441704359226483,0.0,0.03880670331954139,0.0973008032729632,0.03184534402337813,0.010374331153702204,0.01030924199734783
9/2/2014,-805.7180000000001,26626.7604,6.3553,160.3926,110.146,2.0507,0.44406424123238275,0.3719042936742052,0.9981965653178667,1.4328121341415825,0.0016368695778694597,0.05259838305842779,0.10382217946405303,0.03184534402337813,0.009914880131869759,0.010282397726638614
9/3/2014,-805.7180000000001,26626.7604,6.3553,160.3926,110.67399999999999,2.0507,0.4365224614825485,0.35576236647067216,1.0,1.439680516169316,0.004793637535634554,0.059568031248803166,0.10524791531432554,0.03184534402337813,0.00987618344290567,0.010287508963664704
9/4/2014,-805.7180000000001,26626.7604,6.3553,160.3926,111.18299999999999,2.0507,0.4429418711795776,0.38056921858980197,1.0,1.4463017405104457,0.00459909283119786,0.04517893905637482,0.11231942054503974,0.03184534402337813,0.009221622162979441,0.010284642658965273
9/5/2014,-805.7180000000001,26626.7604,6.3553,160.3926,112.62799999999999,2.0507,0.45942233682764666,0.3834631282961658,1.0,1.4650987329916485,0.012996591205489905,0.05490511960736555,0.12677578134379108,0.03184534402337813,0.009518551450768867,0.010379037004159722
9/8/2014,-805.7180000000001,26626.7604,6.3553,160.3926,113.227,2.0507,0.4666139916842609,0.4269652733702056,1.0,1.472890704269324,0.0053183932947402646,0.02778534212007333,0.13322190640137732,0.013355376786027717,0.0068197569828858376,0.010383166476762505
9/9/2014,-805.7180000000001,26626.7604,6.3553,160.3926,112.369,2.0507,0.4594703414596133,0.41790812151754064,0.992422302101089,1.4617295834742567,-0.007577697898911051,0.02931235057571291,0.12880347976332773,0.013355376786027717,0.006714489524703449,0.010429192129263598
9/10/2014,-805.7180000000001,26626.7604,6.3553,160.3926,112.499,2.0507,0.46115880664476006,0.4198433623835933,0.9935704381463785,1.4634206623826,0.001156902704482432,0.029098593095373104,0.14945030243583424,0.013355376786027717,0.006714694411848512,0.010148541178878836
9/11/2014,-805.7180000000001,26626.7604,6.3553,160.3926,113.316,2.0507,0.4679569391006957,0.4071224074721802,1.0,1.4740484429065746,0.007262286775882476,0.0432332903700976,0.16241806263656233,0.013355376786027717,0.006583896695481904,0.010135874430819475
9/12/2014,-805.7180000000001,26626.7604,6.3553,160.3926,111.90100000000001,2.0507,0.4390375638173376,0.399158961433109,0.9875127960746939,1.45564169940422,-0.012487203925306112,0.028501838235294175,0.14943555925343865,0.013355376786027717,0.007308443070326214,0.01029898019647736
9/15/2014,-805.7180000000001,26626.7604,6.3553,160.3926,111.023,2.0507,0.39728906564639543,0.362401832460733,0.9797645522256344,1.4442204126232536,-0.007846221213394067,0.025607153744538147,0.13924661118693127,0.013355376786027717,0.007455324408826836,0.010376562701935392
9/16/2014,-805.7180000000001,26626.7604,6.3553,160.3926,112.82799999999999,2.0507,0.4175084175084174,0.3690260817126487,0.9956934589996116,1.4677003928506387,0.01625789250875931,0.0354137415228184,0.14848179477000434,0.01625789250875931,0.008074187471595108,0.010502604692431456
9/17/2014,-805.7180000000001,26626.7604,6.3553,160.3926,112.90799999999999,2.0507,0.4074092540885521,0.34252842042281606,0.9963994493275441,1.4687410567942347,0.0007090438543624344,0.04832734464221056,0.1474390243902437,0.01625789250875931,0.007484933628771866,0.010504116729478954
9/18/2014,-805.7180000000001,26626.7604,6.3553,160.3926,112.51899999999999,2.0507,0.42092767752282567,0.3757182365792364,0.9929665713579723,1.463680828368499,-0.003445282885180867,0.03286242759709568,0.1488329827857302,0.01625789250875931,0.007273212705724183,0.01049241532840246
9/19/2014,-805.7180000000001,26626.7604,6.3553,160.3926,111.801,2.0507,0.4238719290872275,0.38844101427679933,0.9866303081647781,1.454340869474725,-0.006381144517814685,0.02551848760307851,0.1366510776738512,0.01625789250875931,0.007476788754401878,0.010545166529448749
9/22/2014,-805.7180000000001,26626.7604,6.3553,160.3926,109.338,2.0507,0.4124166795845605,0.3986332868289155,0.964894630943556,1.4223014283112625,-0.02203021439879793,0.009854901127725801,0.09429921133752339,0.01625789250875931,0.00889543559670437,0.010824804970481114
9/23/2014,-805.7180000000001,26626.7604,6.3553,160.3926,109.368,2.0507,0.41518076654330893,0.41969669522010333,0.9651593773165307,1.422691677290111,0.0002743785326235759,-0.0031809108889234716,0.09909855588049066,0.01625789250875931,0.008394476411667299,0.010802440771566835
9/24/2014,-805.7180000000001,26626.7604,6.3553,160.3926,110.395,2.0507,0.4185759627863943,0.41076316161447446,0.9742225281513642,1.4360512006660249,0.009390315265891402,0.0055379963019299705,0.08933117562313742,0.01625789250875931,0.008647352705592314,0.01063315002686992
9/25/2014,-805.7180000000001,26626.7604,6.3553,160.3926,108.959,2.0507,0.4171869309609282,0.43456375838926187,0.9615500017649758,1.4173712828784766,-0.013007835499796117,-0.012112969762908543,0.06822549019607838,0.01625789250875931,0.009052775035544908,0.010765933868699045
9/26/2014,-805.7180000000001,26626.7604,6.3553,160.3926,111.28200000000001,2.0507,0.44758956214064605,0.4354007857012774,0.9820501959123161,1.4228615266589952,0.021319946034747073,0.008491549231954387,0.09485345480662333,0.021319946034747073,0.010235316305282651,0.011045073008955018
9/29/2014,-805.7180000000001,26626.7604,6.3553,160.3926,110.415,2.0507,0.41177598772535506,0.40603503388313533,0.9743990257333475,1.3954149658144503,-0.007791017415215484,0.0040830802247966425,0.08985115287428935,0.021319946034747073,0.010361411002257704,0.011091374576679962
9/30/2014,-805.7180000000001,26626.7604,6.3553,160.3926,110.574,2.0507,0.39742439369620985,0.3897405436829402,0.9758021815101132,1.387812990272984,0.0014400217361769663,0.00552898168524818,0.09014009523715627,0.021319946034747073,0.010364471895351716,0.01109132765630958
10/1/2014,-805.7180000000001,26626.7604,6.3553,160.3926,109.12899999999999,2.0507,0.36967681204894887,0.38244116724192034,0.9630502312118323,1.3691612822282164,-0.013068171541230411,-0.009233199571477946,0.07589395746862393,0.021319946034747073,0.01075981802606096,0.011239729890983333
10/2/2014,-805.7180000000001,26626.7604,6.3553,160.3926,109.059,2.0507,0.3682830437237312,0.3885452606486417,0.9624324896748914,1.3419177812503844,-0.0006414426962585429,-0.014592406527278223,0.07902287478233339,0.021319946034747073,0.010694153283275457,0.011225844652051281
10/3/2014,-805.7180000000001,26626.7604,6.3553,160.3926,111.14299999999999,2.0507,0.3675603843929567,0.3680525648755397,0.9808235377175332,1.3238716901123249,0.019108922693221064,-0.00035976723060182625,0.10771914087805845,0.021319946034747073,0.011489122150894255,0.011392624666358373
10/6/2014,-805.7180000000001,26626.7604,6.3553,160.3926,111.601,2.0507,0.32932712350958293,0.34156015866020284,0.9848653323449469,1.3216446986653403,0.004120817325427684,-0.009118514046240644,0.08207609370152014,0.021319946034747073,0.011147033484289243,0.01089252749937796
10/7/2014,-805.7180000000001,26626.7604,6.3553,160.3926,110.156,2.0507,0.3045321585485725,0.34090074726732267,0.972113382046666,1.3036058744866925,-0.012947912653112348,-0.027122506116032397,0.06088564439393651,0.021319946034747073,0.011390409201727623,0.011015743558837832
10/8/2014,-805.7180000000001,26626.7604,6.3553,160.3926,110.95299999999999,2.0507,0.2930530143228407,0.3095551644970689,0.9791468106886935,1.3130377155299935,0.007235193725262157,-0.012601340227286983,0.07371100100642547,0.021319946034747073,0.0114373180482455,0.011017964905464505
10/9/2014,-805.7180000000001,26626.7604,6.3553,160.3926,109.56700000000001,2.0507,0.26674374241285626,0.30064165558702793,0.9669155282572629,1.2966355427746417,-0.012491775796958926,-0.026062453888478943,0.05611836715022411,0.021319946034747073,0.011720280771194613,0.011145462440930056
10/10/2014,-805.7180000000001,26626.7604,6.3553,160.3926,107.50299999999999,2.0507,0.2610470504052833,0.32923553355464596,0.948700977796604,1.272209796333771,-0.01883778875026254,-0.051299022203395994,0.0390276905233653,0.021319946034747073,0.012154816069360563,0.011412439385090102
10/13/2014,-805.7180000000001,26626.7604,6.3553,160.3926,105.958,2.0507,0.21493355348399912,0.2830770641991449,0.9350665395884076,1.2539259890415497,-0.01437169195278265,-0.05310944495580927,0.017623387724134076,0.021319946034747073,0.01223940881098684,0.011543913467707728
10/14/2014,-805.7180000000001,26626.7604,6.3553,160.3926,106.07799999999999,2.0507,0.21881103936392665,0.2756279155272652,0.9361255250803063,1.2553460905788094,0.0011325242077049325,-0.04454032047413603,0.031215064111911328,0.021319946034747073,0.012200958400182428,0.011434392768841143
10/15/2014,-805.7180000000001,26626.7604,6.3553,160.3926,106.536,2.0507,0.2232300732541852,0.2954738558339265,0.94016731970772,1.2607661447793517,0.00431757763155427,-0.05576629914560205,0.027496744948642515,0.021319946034747073,0.011564464400240202,0.011405587712066532
10/16/2014,-805.7180000000001,26626.7604,6.3553,160.3926,106.287,2.0507,0.20288592123132654,0.2778180172023539,0.9379699248120301,1.2578194340895374,-0.0023372381166929523,-0.058640663194813314,0.01970585131388347,0.021319946034747073,0.011539102955894966,0.01139436996229494
10/17/2014,-805.7180000000001,26626.7604,6.3553,160.3926,107.98200000000001,2.0507,0.21781005763006256,0.2689778840406456,0.9529280948851002,1.2778783683033337,0.015947387733213025,-0.04032207893777917,0.03794913201453398,0.021319946034747073,0.012240402250398475,0.011557600102157013
10/20/2014,-805.7180000000001,26626.7604,6.3553,160.3926,108.67,2.0507,0.24602983500166276,0.28193044614908347,0.9589996117053197,1.2860202837836239,0.0063714322757495445,-0.02800511623330737,0.04306844686753131,0.021319946034747073,0.01232233658256602,0.011579676475655833
10/21/2014,-805.7180000000001,26626.7604,6.3553,160.3926,110.485,2.0507,0.2665505026767394,0.25340180894844844,0.9750167672702884,1.30749931953468,0.016701941658231245,0.010490405897309207,0.07084011785686584,0.021319946034747073,0.011954270643641372,0.011673817230523964
10/22/2014,-805.7180000000001,26626.7604,6.3553,160.3926,109.65700000000001,2.0507,0.2536240168282422,0.25032010243277836,0.967709767376187,1.2977006189275868,-0.007494229985970824,0.0026424548313950247,0.06548966643023024,0.021319946034747073,0.012083221883129366,0.01171585931223167
10/23/2014,-805.7180000000001,26626.7604,6.3553,160.3926,110.275,2.0507,0.2159152305029055,0.21723837561884607,0.9731635426594656,1.3050141418444752,0.005635755127351594,-0.00108700575207199,0.03683819588743553,0.021319946034747073,0.011967586325396344,0.010978132452352678
10/24/2014,-805.7180000000001,26626.7604,6.3553,160.3926,111.242,2.0507,0.21509557618787567,0.19015838339705082,0.9816972007483498,1.3164577933988946,0.008768986624348107,0.020952835470222864,0.047802047717275586,0.021319946034747073,0.011723611317790988,0.011021067774789768
10/27/2014,-805.7180000000001,26626.7604,6.3553,160.3926,111.98,2.0507,0.22797205864613823,0.2203177945191961,0.9882099615235271,1.325191417853043,0.0066341849301523315,0.0062723531208999095,0.0307437407952873,0.019108922693221064,0.010860479776722954,0.010666856989887126
10/28/2014,-805.7180000000001,26626.7604,6.3553,160.3926,112.728,2.0507,0.2342797078757486,0.20895424335658208,0.994810971089696,1.3340433841019632,0.0066797642436149385,0.020948240728161815,0.05732723043445631,0.019108922693221064,0.01077660319632398,0.010406784579649752
10/29/2014,-805.7180000000001,26626.7604,6.3553,160.3926,112.13,2.0507,0.23203533599964832,0.21493868940359517,0.9895336933884005,1.326966544774618,-0.005304804485132375,0.01407202416481268,0.05924918286761516,0.019108922693221064,0.010864333883803121,0.010386737487111768
10/30/2014,-805.7180000000001,26626.7604,6.3553,160.3926,114.064,2.0507,0.2605985588612352,0.2060585296848061,1.0,1.3498538478834567,0.01724783733166868,0.04522171008622822,0.09004032797538253,0.019108922693221064,0.010954113648180407,0.010461667755931797
10/31/2014,-805.7180000000001,26626.7604,6.3553,160.3926,112.0,2.0507,0.2460366023251932,0.21331701618735033,0.9819048954972648,1.3254281014425864,-0.018095104502735215,0.02696705453011683,0.07226285758051532,0.019108922693221064,0.011806690858672914,0.010740296953553089
11/3/2014,-805.7180000000001,26626.7604,6.3553,160.3926,112.0,2.0507,0.25690173721775844,0.24728419446065453,0.9819048954972648,1.3254281014425864,0.0,0.007710787004129971,0.052859170685392476,0.01724783733166868,0.011082456131202482,0.010511006826565522
11/4/2014,-805.7180000000001,26626.7604,6.3553,160.3926,110.365,2.0507,0.22988544174021563,0.24365917803334214,0.9675708374246037,1.30607921799742,-0.014598214285714284,-0.011075169577333566,0.03370923327651121,0.01724783733166868,0.011514658298207267,0.01068321539977234
11/5/2014,-805.7180000000001,26626.7604,6.3553,160.3926,110.086,2.0507,0.22814494176446942,0.22892587799544817,0.9651248421938561,1.3027774819232907,-0.0025279753545054406,-0.00063546243509216,-0.0007261768603743501,0.01724783733166868,0.011169266967977683,0.00991063059119449
11/6/2014,-805.7180000000001,26626.7604,6.3553,160.3926,111.322,2.0507,0.2602966149666026,0.25611909883391815,0.9759608640763081,1.3174045277570678,0.01122758570572091,0.0033257325173723373,0.01972171587172178,0.01724783733166868,0.01133086220433717,0.009939992777121563
11/7/2014,-805.7180000000001,26626.7604,6.3553,160.3926,114.28299999999999,2.0507,0.3246209838193701,0.26995920070471513,1.0,1.3524455331889562,0.02659851601660046,0.04304215685379709,0.04541795495709744,0.02659851601660046,0.012307097233171459,0.010475181338602037
11/10/2014,-805.7180000000001,26626.7604,6.3553,160.3926,112.947,2.0507,0.3252179422497037,0.26134297011580543,0.9883097223559061,1.3366350694074627,-0.011690277644093916,0.05064044724333283,0.03983612594365682,0.02659851601660046,0.011787526460226582,0.010554564004010798
11/11/2014,-805.7180000000001,26626.7604,6.3553,160.3926,112.09,2.0507,0.3264931775955313,0.2539259890415497,0.9808107942563637,1.323673551327925,-0.00758762959618231,0.05787198701372254,0.030238970588235325,0.02659851601660046,0.01139056683932764,0.01060483509205016
11/12/2014,-805.7180000000001,26626.7604,6.3553,160.3926,112.868,2.0507,0.3328609723550737,0.25267769629550885,0.9876184559383286,1.331932971442058,0.006940851101793211,0.06400950244159964,0.042650876204376686,0.02659851601660046,0.011419956725383928,0.010610741337450533
11/13/2014,-805.7180000000001,26626.7604,6.3553,160.3926,112.19,2.0507,0.31265502878270235,0.24650161463939746,0.9816858150381073,1.3239320273778616,-0.006007017046461338,0.05307126229631298,0.029558865365379106,0.02659851601660046,0.01158242542562503,0.010616606449871314
11/14/2014,-805.7180000000001,26626.7604,6.3553,160.3926,112.708,2.0507,0.32070917165656976,0.2454680743856854,0.9862184226875389,1.3300448430493275,0.0046171673054640205,0.060411903619445484,0.04647038615451771,0.02659851601660046,0.011535655346816031,0.010513819967655491
11/17/2014,-805.7180000000001,26626.7604,6.3553,160.3926,112.96700000000001,2.0507,0.32374412636660854,0.2653300366772522,0.9884847265122549,1.3331012508850604,0.002297973524505892,0.04616510159100584,0.036974820771257466,0.02659851601660046,0.01113911869754086,0.010426383398502017
11/18/2014,-805.7180000000001,26626.7604,6.3553,160.3926,114.553,2.0507,0.3489519547809703,0.2796749882242111,1.0,1.3518173235780033,0.01403949826055384,0.05413637618477951,0.05076179381575696,0.02659851601660046,0.01140485407564253,0.010562397872268838
11/19/2014,-805.7180000000001,26626.7604,6.3553,160.3926,113.875,2.0507,0.3291043208291511,0.28953757090501653,0.9940813422607876,1.343816379513807,-0.005918657739212407,0.030682898130967917,0.05175901210850542,0.02659851601660046,0.011067159843398844,0.010551974579513913
11/20/2014,-805.7180000000001,26626.7604,6.3553,160.3926,115.79899999999999,2.0507,0.3596378964177107,0.28752245535347387,1.0,1.3665211234363936,0.016895718990120656,0.05601101616859827,0.055433524431035996,0.02659851601660046,0.011352375394171634,0.01062876283248648
11/21/2014,-805.7180000000001,26626.7604,6.3553,160.3926,117.025,2.0507,0.3655511213797289,0.28678615603631363,1.0,1.380988907245693,0.010587310771250191,0.06121060983903881,0.06592765992330607,0.02659851601660046,0.011468109946275227,0.010698309591051497
11/24/2014,-805.7180000000001,26626.7604,6.3553,160.3926,117.235,2.0507,0.36261143461533973,0.29295535641642556,1.0,1.3834670757611518,0.0017944883571885395,0.053873536973445324,0.0629221632893604,0.02659851601660046,0.011390235018228256,0.010689067858784722
11/25/2014,-805.7180000000001,26626.7604,6.3553,160.3926,119.60799999999999,2.0507,0.37711561931517257,0.28929007299606235,1.0,1.411470379985839,0.020241395487695657,0.0681193070191104,0.08394580633467763,0.02659851601660046,0.01200390059025058,0.010959310079842672
11/26/2014,-805.7180000000001,26626.7604,6.3553,160.3926,120.066,2.0507,0.3790544886520262,0.29477166222548923,1.0,1.4168751475100307,0.003829175305999799,0.06509474132424953,0.09184657075823432,0.02659851601660046,0.011978809359705493,0.010946477124612084
11/27/2014,-805.7180000000001,26626.7604,6.3553,160.3926,120.066,2.0507,0.3857233539154019,0.2941312251139707,1.0,1.4168751475100307,0.0,0.07077499331133508,0.09184657075823432,0.02659851601660046,0.011848471302849875,0.010946477124612084
11/28/2014,-805.7180000000001,26626.7604,6.3553,160.3926,121.31299999999999,2.0507,0.40238136523900336,0.31858274088202987,1.0,1.4315907481708756,0.010385954391751051,0.06355204095946121,0.10138361810687613,0.02659851601660046,0.01153589867122301,0.011004172939530269
12/1/2014,-805.7180000000001,26626.7604,6.3553,160.3926,119.598,2.0507,0.38702943427736414,0.298912161065108,0.9858630155053457,1.4113523719612935,-0.014136984494654281,0.06783928571428577,0.08063321105227983,0.02659851601660046,0.01120146047976487,0.011172555293340712
12/2/2014,-805.7180000000001,26626.7604,6.3553,160.3926,115.79899999999999,2.0507,0.3267073771524811,0.2831822920843694,0.9545473279862835,1.3665211234363936,-0.0317647452298534,0.033919642857142884,0.041517138411447885,0.02659851601660046,0.013551866084193903,0.011913740205003628
12/3/2014,-805.7180000000001,26626.7604,6.3553,160.3926,115.99799999999999,2.0507,0.3616546737254809,0.2955311131718885,0.9561877127760422,1.3688694831248525,0.001718494978367735,0.05103973179903054,0.02992151152466538,0.02659851601660046,0.013029757607289309,0.011810517018935323
12/4/2014,-805.7180000000001,26626.7604,6.3553,160.3926,115.31,2.0507,0.36075053103611054,0.29910313901345287,0.9505164326988864,1.346796234436684,-0.005931136743736909,0.0474538088403611,0.01839667217183183,0.02659851601660046,0.013115702084594874,0.011822093039520592
12/5/2014,-805.7180000000001,26626.7604,6.3553,160.3926,114.37299999999999,2.0507,0.3358522740545211,0.30021724403746886,0.9427926108496204,1.3176005714022394,-0.008125921429190996,0.027406981549019882,0.017834100152177124,0.02659851601660046,0.013136391407670412,0.011828228870682219
12/8/2014,-805.7180000000001,26626.7604,6.3553,160.3926,112.76799999999999,2.0507,0.29686960921866734,0.31429261448582,0.9295623717161392,1.2991106400626697,-0.014033032271602575,-0.013256564843415086,0.0023911323656209404,0.020241395487695657,0.012193257256668406,0.011965526632289007
12/9/2014,-805.7180000000001,26626.7604,6.3553,160.3926,112.77799999999999,2.0507,0.2992258421270908,0.3011727570158058,0.9296448031126096,1.2944687395980397,8.867763904651937e-05,-0.001496277014883196,-0.004747784955346224,0.020241395487695657,0.011923798308557979,0.011930431997464639
12/10/2014,-805.7180000000001,26626.7604,6.3553,160.3926,110.375,2.0507,0.264130198252265,0.2837721759646332,0.9098365385407995,1.2668870447528209,-0.021307347177640934,-0.015300205192256278,-0.013637054181821484,0.020241395487695657,0.012710069788089006,0.012129359549357356
12/11/2014,-805.7180000000001,26626.7604,6.3553,160.3926,109.64200000000001,2.0507,0.24761893924739153,0.28432767037243534,0.9037943171795275,1.258473652192877,-0.0066409966024914,-0.02858206046000622,-0.01243886401916705,0.020241395487695657,0.012649556705245486,0.01211796302660271
12/12/2014,-805.7180000000001,26626.7604,6.3553,160.3926,109.79700000000001,2.0507,0.24938268795302743,0.2766126921632661,0.905072003824817,1.260252746117558,0.0014136918334215487,-0.021329886799179798,-0.026863899032154914,0.020241395487695657,0.012615191311005605,0.011937216805779442
12/15/2014,-805.7180000000001,26626.7604,6.3553,160.3926,109.866,2.0507,0.248463085646754,0.28075817320257723,0.9056407804604618,1.2610447298646743,0.0006284324708323297,-0.025215601377009622,-0.026942289297480992,0.020241395487695657,0.012557073284970254,0.011937104474208125
12/16/2014,-805.7180000000001,26626.7604,6.3553,160.3926,108.859,2.0507,0.23927323231748265,0.28603954873009196,0.8973399388359039,1.2494863583669067,-0.009165710956984041,-0.03636460205192682,-0.03252783974262119,0.020241395487695657,0.012648988950457879,0.011982596177010531
12/17/2014,-805.7180000000001,26626.7604,6.3553,160.3926,111.193,2.0507,0.2482655650104404,0.28598531623970014,0.916579426772069,1.2762760694650093,0.021440579097731893,-0.0293314011854775,-0.005438234005062603,0.021440579097731893,0.013200140868045928,0.012269867901561862
12/18/2014,-805.7180000000001,26626.7604,6.3553,160.3926,113.306,2.0507,0.2649147092971331,0.2712668571938912,0.9339971808462408,1.3005291369672762,0.019002994792837624,-0.004996706915477489,0.036291133915015816,0.021440579097731893,0.01387054652981359,0.012170930236071735
12/19/2014,-805.7180000000001,26626.7604,6.3553,160.3926,112.818,2.0507,0.2594668214700364,0.29274582477449296,0.9299745286984907,1.2949278606108605,-0.00430692108096653,-0.025742882062884775,0.031544876014922174,0.021440579097731893,0.013329105167985595,0.012186819159618913
12/22/2014,-805.7180000000001,26626.7604,6.3553,160.3926,113.177,2.0507,0.28376814882032675,0.32741606170598914,0.9329338158317741,1.2990484717009287,0.0031821163289547094,-0.03288186284981842,0.025200416685538407,0.021440579097731893,0.013098854083040994,0.012139323478841557
12/23/2014,-805.7180000000001,26626.7604,6.3553,160.3926,113.266,2.0507,0.2936997441520468,0.3390328033625729,0.9336674552603597,1.3000700159544554,0.0007863788578952313,-0.0338550774086237,0.03952863003515095,0.021440579097731893,0.013087985161422974,0.012016124680959528
12/24/2014,-805.7180000000001,26626.7604,6.3553,160.3926,112.93700000000001,2.0507,0.2897946597839245,0.36598067654918776,0.9309554623164873,1.2962937456240031,-0.0029046668903288664,-0.0557738612801818,0.014872126669182695,0.021440579097731893,0.012097616402168969,0.011729379222228565
12/25/2014,-805.7180000000001,26626.7604,6.3553,160.3926,112.93700000000001,2.0507,0.2790147225368065,0.35975084937712354,0.9309554623164873,1.2962937456240031,0.0,-0.05937567671114208,0.02284109948829416,0.021440579097731893,0.012023563071773017,0.011683657217954415
12/26/2014,-805.7180000000001,26626.7604,6.3553,160.3926,112.329,2.0507,0.26526543439326855,0.35241442232960507,0.9259436334110936,1.2893151062291244,-0.005383532411875835,-0.06443955824296643,0.015871723913397418,0.021440579097731893,0.012017341149512124,0.011705710172715333
12/29/2014,-805.7180000000001,26626.7604,6.3553,160.3926,112.06,2.0507,0.27948665250850624,0.3851362152040372,0.9237262288460429,1.2862275174179036,-0.0023947511328329396,-0.07627377115395706,0.02685812203905491,0.021440579097731893,0.01161730210065459,0.01158547446301147
12/30/2014,-805.7180000000001,26626.7604,6.3553,160.3926,111.93,2.0507,0.27105074891268544,0.3581267530461838,0.9226546206919293,1.2847353741262355,-0.001160092807424573,-0.06411478452816932,0.026325200121035452,0.021440579097731893,0.011377393574534952,0.011586473384168072
12/31/2014,-805.7180000000001,26626.7604,6.3553,160.3926,110.435,2.0507,0.24282563190708784,0.3031916090841569,0.9103311269196213,1.2675757262720524,-0.013356562137049943,-0.046321643537508894,-0.006370171760704535,0.021440579097731893,0.009632937583650856,0.011465845901098148
1/1/2015,-805.7180000000001,26626.7604,6.3553,160.3926,110.435,2.0507,0.22292478738483346,0.28452781715095665,0.9103311269196213,1.2675757262720524,0.0,-0.047957723409024156,-0.01044793505434538,0.021440579097731893,0.009605138453580363,0.011453493201968626
1/2/2015,-805.7180000000001,26626.7604,6.3553,160.3926,110.64399999999999,2.0507,0.2238838989425247,0.2754966594398478,0.9120539431058502,1.2699746335640416,0.0018925159596141494,-0.040464833925938914,0.0044300809760702275,0.021440579097731893,0.00960872646905283,0.011337052826254532
1/5/2015,-805.7180000000001,26626.7604,6.3553,160.3926,108.899,2.0507,0.20391580250735197,0.2644327503482433,0.8976696644217851,1.2499454793797276,-0.015771302555945055,-0.04786094620233783,-0.01851234306418026,0.021440579097731893,0.009992738874905104,0.011474310944117825
1/6/2015,-805.7180000000001,26626.7604,6.3553,160.3926,108.331,2.0507,0.20708443830365697,0.2565239676420117,0.8929875611022727,1.24342596099767,-0.005215842202407672,-0.03934626844494882,-0.011280768844633915,0.021440579097731893,0.009653942048078321,0.011385191795012213
1/7/2015,-805.7180000000001,26626.7604,6.3553,160.3926,109.81700000000001,2.0507,0.22364227932164105,0.2566353932208676,0.9052368666177575,1.2604823066239685,0.013717218524706754,-0.026255120679565036,0.02152498069821318,0.021440579097731893,0.010232608464554193,0.011259867630209941
1/8/2015,-805.7180000000001,26626.7604,6.3553,160.3926,110.913,2.0507,0.22713090812533188,0.22117852717295095,0.9142713476709009,1.2730622223752626,0.009980239853574435,0.004874292185730544,0.04676381207648306,0.021440579097731893,0.009405390481286038,0.011162138621832523
1/9/2015,-805.7180000000001,26626.7604,6.3553,160.3926,110.525,2.0507,0.21188364162673645,0.20220173024418586,0.9110730094878539,1.2686087485508994,-0.0034982373572077785,0.008053483154265573,0.0419219819378196,0.021440579097731893,0.009314431611166364,0.011175066485264595
1/12/2015,-805.7180000000001,26626.7604,6.3553,160.3926,110.176,2.0507,0.19098888744757225,0.18689194448047752,0.9081961537510408,1.2646029177140365,-0.003157656638769546,0.0034518247310946215,0.034166854396635804,0.021440579097731893,0.0093434971909848,0.011175867548700872
1/13/2015,-805.7180000000001,26626.7604,6.3553,160.3926,110.265,2.0507,0.22945610240171255,0.22500724750797207,0.9089297931796263,1.2656244619675632,0.0008077984316003928,0.003631696794276662,0.0374269666092748,0.021440579097731893,0.009343985123616208,0.011169581351237069
1/14/2015,-805.7180000000001,26626.7604,6.3553,160.3926,109.62700000000001,2.0507,0.2271175436829087,0.21852088160560568,0.903670670084822,1.2583014818130691,-0.0057860608533985,0.007054997749382341,0.015234020484895527,0.021440579097731893,0.009202387798610606,0.011024007116667333
1/15/2015,-805.7180000000001,26626.7604,6.3553,160.3926,108.072,2.0507,0.20527290165726142,0.24007985189480974,0.8908525879336923,1.2404531524396545,-0.014184461857024377,-0.028068313652837795,-0.005502898684089486,0.019002994792837624,0.008370961901714054,0.011144942958554815
1/16/2015,-805.7180000000001,26626.7604,6.3553,160.3926,109.193,2.0507,0.20917124379872432,0.2547173990077958,0.9000931474780115,1.2533200188239617,0.010372714486638568,-0.03629993115986796,-0.01169389509888219,0.013717218524706754,0.0074886027812171374,0.011019537151049008
1/19/2015,-805.7180000000001,26626.7604,6.3553,160.3926,109.193,2.0507,0.18663536878253417,0.22602940697029972,0.9000931474780115,1.2533200188239617,0.0,-0.03213139747203464,-0.004231376017946986,0.013717218524706754,0.007473531493941066,0.010979100147684932
1/20/2015,-805.7180000000001,26626.7604,6.3553,160.3926,109.986,2.0507,0.18932070330240713,0.22382620731417213,0.9066299572181054,1.2624220929031371,0.007262370298462439,-0.028194774556667856,-0.0026207209249603514,0.013717218524706754,0.0076529756333292885,0.01099448826356942
1/21/2015,-805.7180000000001,26626.7604,6.3553,160.3926,111.06299999999999,2.0507,0.21089184474487555,0.23491059747056275,0.9155078186179552,1.2747839261733411,0.009792155365228261,-0.019449790758038765,-0.0016091044749286798,0.013717218524706754,0.008021149351341532,0.011008370639803474
1/22/2015,-805.7180000000001,26626.7604,6.3553,160.3926,116.12799999999999,2.0507,0.2712285579796607,0.23629735854013645,0.9572593209301559,1.3329201244217945,0.0456047468553884,0.028254690668248372,0.03704232898731896,0.0456047468553884,0.012910850870024953,0.012393051111980448
1/23/2015,-805.7180000000001,26626.7604,6.3553,160.3926,118.03200000000001,2.0507,0.2906583853648401,0.23494548993450048,0.9729542588180988,1.3547742846320723,0.0163957012951228,0.045113647431753945,0.04705130934639157,0.0456047468553884,0.013311127316430846,0.012528970938484353
1/26/2015,-805.7180000000001,26626.7604,6.3553,160.3926,118.79,2.0507,0.2949961844543769,0.22456121225335202,0.9792025586705466,1.3634746278250292,0.006421987257692718,0.05751853929083328,0.05939534468920016,0.0456047468553884,0.013224445113368555,0.012523816319041032
1/27/2015,-805.7180000000001,26626.7604,6.3553,160.3926,119.63799999999999,2.0507,0.29147101050336244,0.20966784330235222,0.9861927410912269,1.3732079932968333,0.007138648034346273,0.06762448688202749,0.04886730256697991,0.0456047468553884,0.013202666082824291,0.012376081475418181
1/28/2015,-805.7180000000001,26626.7604,6.3553,160.3926,117.664,2.0507,0.26662073716844636,0.2048957974509129,0.9699207834279922,1.3505503713141194,-0.016499774319196137,0.05122844635039758,0.05057142857142849,0.0456047468553884,0.013863901199904228,0.012338303347272567
1/29/2015,-805.7180000000001,26626.7604,6.3553,160.3926,118.561,2.0507,0.25525134459831444,0.1692182272477023,0.977314879691377,1.3608461600266293,0.007623402230078957,0.0735817449178251,0.05858035714285714,0.0456047468553884,0.013414880466300188,0.012367103086695641
1/30/2015,-805.7180000000001,26626.7604,6.3553,160.3926,116.35700000000001,2.0507,0.23923786397426916,0.17616674121882125,0.9591469999093256,1.3355485922201948,-0.018589586794983126,0.053624303889165725,0.054292574638699076,0.0456047468553884,0.014243165559381158,0.01245807883489298
2/2/2015,-805.7180000000001,26626.7604,6.3553,160.3926,117.654,2.0507,0.24027788026691677,0.16638028272946714,0.9698383520315218,1.350435591060914,0.011146729461914529,0.06335635009580276,0.06874625292952774,0.0456047468553884,0.014363289746208607,0.012516107117131423
2/3/2015,-805.7180000000001,26626.7604,6.3553,160.3926,117.584,2.0507,0.22385170228046247,0.13345545760171507,0.9692613322562299,1.3496321292884774,-0.0005949648970710042,0.07975279846463246,0.05625123515567454,0.0456047468553884,0.013738387089561708,0.012450767201996678
2/4/2015,-805.7180000000001,26626.7604,6.3553,160.3926,118.381,2.0507,0.2321471319878845,0.12754353279140673,0.9758311145549118,1.358780115468935,0.006778133079330395,0.09277122891877676,0.03585835163585149,0.0456047468553884,0.013595611985529076,0.012035581853267157
2/5/2015,-805.7180000000001,26626.7604,6.3553,160.3926,119.179,2.0507,0.2373748909838449,0.1401740105486109,0.9824091399932408,1.367939579674713,0.006740946604607112,0.08525091743536972,0.05517632163758224,0.0456047468553884,0.01343885487459152,0.01195500568858713
2/6/2015,-805.7180000000001,26626.7604,6.3553,160.3926,117.53399999999999,2.0507,0.2066774124000288,0.13870209336468076,0.9688491752738784,1.349058228022451,-0.013802767266045235,0.05969543696410695,0.04856811490766333,0.0456047468553884,0.01390277222331031,0.012051620816230423
2/9/2015,-805.7180000000001,26626.7604,6.3553,160.3926,115.899,2.0507,0.1716555970036091,0.11732831912979313,0.9553716419509863,1.3302916566233947,-0.013910868344478966,0.04862248360099519,0.026854378566112613,0.0456047468553884,0.014320136024570334,0.012166709082457783
2/10/2015,-805.7180000000001,26626.7604,6.3553,160.3926,118.042,2.0507,0.21755544094894264,0.1364208354822074,0.9730366902145691,1.3548890648852774,0.01849023718927678,0.07139485913447574,0.052161511721187326,0.0456047468553884,0.014677792444168202,0.012345756659342464
2/11/2015,-805.7180000000001,26626.7604,6.3553,160.3926,119.01,2.0507,0.2446401305193584,0.15318245518626217,0.9810160493928929,1.3659997933955443,0.008200471018789957,0.07930893755951574,0.05591439826809097,0.0456047468553884,0.014701377826281666,0.012371469388579817
2/12/2015,-805.7180000000001,26626.7604,6.3553,160.3926,119.309,2.0507,0.25509152114454015,0.15324005891016212,0.9834807481473544,1.369431722966381,0.0025123939164775067,0.08831765897087385,0.056140288756893364,0.0456047468553884,0.014543116751833712,0.012371878774762333
2/13/2015,-805.7180000000001,26626.7604,6.3553,160.3926,121.30799999999999,2.0507,0.3111826887740765,0.16811863637346258,0.9999587843017649,1.3923762955821082,0.016754813132286772,0.1224739062846989,0.05896833779997035,0.0456047468553884,0.014156152082809407,0.012422866059012567
2/16/2015,-805.7180000000001,26626.7604,6.3553,160.3926,121.30799999999999,2.0507,0.2821764911056852,0.15412584160404164,0.9999587843017649,1.3923762955821082,0.0,0.1109503356442263,0.06527332601536773,0.0456047468553884,0.014162671280403017,0.012392153559561369
2/17/2015,-805.7180000000001,26626.7604,6.3553,160.3926,121.821,2.0507,0.2837993065728044,0.15072030013383775,1.0,1.3982645225715369,0.004228904936195432,0.1156484390025001,0.05200390331522731,0.0456047468553884,0.014116259148530737,0.012233136369683623
2/18/2015,-805.7180000000001,26626.7604,6.3553,160.3926,121.811,2.0507,0.283558655862425,0.1589551216530911,0.9999179123468039,1.3981497423183318,-8.208765319606126e-05,0.1075136835597259,0.040897244178594416,0.0456047468553884,0.014156620646904466,0.012170249951938456
2/19/2015,-805.7180000000001,26626.7604,6.3553,160.3926,120.665,2.0507,0.2631242868657686,0.16261030681782485,0.9905106672905329,1.3849959253010113,-0.009408017338335628,0.08645543520344323,0.02925747430374903,0.0456047468553884,0.014446590887583837,0.012235797089578898
2/20/2015,-805.7180000000001,26626.7604,6.3553,160.3926,120.89399999999999,2.0507,0.27310446503791064,0.22291491154170173,0.9923904745487231,1.3876243930994112,0.001897816268180419,0.04104092036373652,0.010751789177981363,0.01849023718927678,0.01086591115292065,0.011974669693588593
2/23/2015,-805.7180000000001,26626.7604,6.3553,160.3926,119.01,2.0507,0.24944881889763781,0.2391811023622048,0.9769251606865812,1.3659997933955443,-0.015583899945406654,0.008285888572590494,-0.008795162660536704,0.01849023718927678,0.010983894891340211,0.012129596818519248
2/24/2015,-805.7180000000001,26626.7604,6.3553,160.3926,117.464,2.0507,0.23905865971877938,0.25304585394668844,0.9642344095024667,1.3482547662500144,-0.012990504999579877,-0.01116255577068781,-0.0216714140556028,0.01849023718927678,0.011269382481169226,0.012238349639112663
2/25/2015,-805.7180000000001,26626.7604,6.3553,160.3926,119.398,2.0507,0.26639231242442873,0.2689378672493157,0.9801101616305892,1.3704532672199077,0.016464618947081622,-0.002006051588959945,-0.015785612424059958,0.01849023718927678,0.011757548322622977,0.01234722800449719
2/26/2015,-805.7180000000001,26626.7604,6.3553,160.3926,119.648,2.0507,0.26329571010759034,0.24234777375384065,0.9821623529604911,1.3733227735500386,0.0020938374177121855,0.016861571933641573,0.00041806719175907503,0.01849023718927678,0.011139080937525973,0.012219940694745962
2/27/2015,-805.7180000000001,26626.7604,6.3553,160.3926,124.344,2.0507,0.3099735569578912,0.24904920934250585,1.0,1.4272235804552185,0.03924846215565658,0.048776579144912624,0.07379165623191919,0.03924846215565658,0.013896329067064042,0.012506986601678084
3/2/2015,-805.7180000000001,26626.7604,6.3553,160.3926,124.95200000000001,2.0507,0.32097133976805403,0.23010645833113097,1.0,1.4342022198500972,0.0048896609406166025,0.07386749400551751,0.07719098605148389,0.03924846215565658,0.013044816049112323,0.012515456860842789
3/3/2015,-805.7180000000001,26626.7604,6.3553,160.3926,124.50299999999999,2.0507,0.3149734371204358,0.24263579810099167,0.9964066201421343,1.4290485864811817,-0.003593379857865675,0.05821306542913951,0.07972422166334225,0.03924846215565658,0.013008158410489398,0.012497252255724527
3/4/2015,-805.7180000000001,26626.7604,6.3553,160.3926,125.072,2.0507,0.3272632729510896,0.24780066431080416,1.0,1.43557958288856,0.004570170999895762,0.06368213362362218,0.09354480515506292,0.03924846215565658,0.01299001605443959,0.012445150494877185
3/5/2015,-805.7180000000001,26626.7604,6.3553,160.3926,124.22399999999999,2.0507,0.31534698545138795,0.2534783253213613,0.9932199053345272,1.4258462174167557,-0.006780094665472802,0.049357582720199966,0.101589103291714,0.03924846215565658,0.013130264600490514,0.012332214584352881
3/6/2015,-805.7180000000001,26626.7604,6.3553,160.3926,121.537,2.0507,0.30034772374685703,0.27511902851334713,0.971736279902776,1.3950047633805083,-0.021630280783101363,0.01978536487132798,0.07766585681604576,0.03924846215565658,0.014083885666032227,0.012674291129150838
3/9/2015,-805.7180000000001,26626.7604,6.3553,160.3926,121.986,2.0507,0.3083713197833433,0.26062101142274896,0.9753262121018293,1.4001583967494233,0.003694348223174826,0.03787840114349894,0.10519592298980762,0.03924846215565658,0.013674294843756186,0.012343168194984593
3/10/2015,-805.7180000000001,26626.7604,6.3553,160.3926,120.09100000000001,2.0507,0.31075092774503377,0.2649967256057628,0.9601749392350006,1.3784075387670307,-0.01553456954076693,0.03616942337725093,0.09530107075755634,0.03924846215565658,0.013772169452159146,0.012489662790530442
3/11/2015,-805.7180000000001,26626.7604,6.3553,160.3926,119.568,2.0507,0.31217488641601343,0.29542810737253333,0.9559933478316489,1.3724045315243967,-0.0043550307683341005,0.012927602039951802,0.08899150250006826,0.03924846215565658,0.013279954403866735,0.012511597181111576
3/12/2015,-805.7180000000001,26626.7604,6.3553,160.3926,120.595,2.0507,0.33587743979440376,0.31831978199703137,0.9642046181399514,1.3841924635285747,0.008589254650073652,0.013318208553902977,0.09765532557843182,0.03924846215565658,0.013291206953139468,0.012543526075659114
3/13/2015,-805.7180000000001,26626.7604,6.3553,160.3926,119.09899999999999,2.0507,0.32178014538593835,0.3241107596692747,0.9522435077395419,1.367021337649071,-0.012405157759442842,-0.0017601354466134644,0.09406663665842974,0.03924846215565658,0.01358564338609372,0.012594725323072204
3/16/2015,-805.7180000000001,26626.7604,6.3553,160.3926,118.52600000000001,2.0507,0.27466500333383514,0.304583485686017,0.9476621466035564,1.360444429140411,-0.004811123519088967,-0.02293335971246724,0.06594839603212455,0.03924846215565658,0.01306103285767385,0.012356550872023628
3/17/2015,-805.7180000000001,26626.7604,6.3553,160.3926,118.501,2.0507,0.2883484273584189,0.3188662629513257,0.9474622617372394,1.3601574785073978,-0.00021092418541079905,-0.023139446697662103,0.045849293064798013,0.03924846215565658,0.01306028736878429,0.01214252572780507
3/18/2015,-805.7180000000001,26626.7604,6.3553,160.3926,120.38600000000001,2.0507,0.32740123273019983,0.3432238430749892,0.9625335806575414,1.3817935562365853,0.01590703875916666,-0.011779578233637733,0.06708149408782305,0.03924846215565658,0.013535549199813736,0.012272215699108944
3/19/2015,-805.7180000000001,26626.7604,6.3553,160.3926,119.698,2.0507,0.3172154238929481,0.3404679109076503,0.9570327491364973,1.3738966748160648,-0.005714950243383865,-0.017346545057507212,0.05761771384645287,0.03924846215565658,0.013583048623170467,0.01229908527762978
3/20/2015,-805.7180000000001,26626.7604,6.3553,160.3926,122.2,2.0507,0.36207588390030754,0.3449663382228365,0.9770372265575029,1.4026146941680155,0.020902604888970666,0.012721170181908548,0.07887627355075666,0.03924846215565658,0.01421241897852294,0.012552922356848498
3/23/2015,-805.7180000000001,26626.7604,6.3553,160.3926,121.413,2.0507,0.35075930355454177,0.3449852589419813,0.9707448509658436,1.393581488240763,-0.006440261865793828,0.0042930170231774145,0.07505069197871372,0.03924846215565658,0.014293448883810343,0.012579819241546629
3/24/2015,-805.7180000000001,26626.7604,6.3553,160.3926,121.024,2.0507,0.3771349893606126,0.3542176352112516,0.9676346424459511,1.3891165363910793,-0.003203940269987493,0.016922947651457854,0.07160629377440508,0.03924846215565658,0.013854102471383844,0.012591328792903886
3/25/2015,-805.7180000000001,26626.7604,6.3553,160.3926,118.631,2.0507,0.3616496217990659,0.3482547662500144,0.9485016630420877,1.354204241912285,-0.019772937599153884,0.00993495879588635,0.05610305442049701,0.03924846215565658,0.014266781331819625,0.012840279453532596
3/26/2015,-805.7180000000001,26626.7604,6.3553,160.3926,118.88,2.0507,0.35704664277071285,0.3629597497774022,0.950492516310605,1.3548813567048847,0.0020989454695652388,-0.004338431129499609,0.060860253435659484,0.03924846215565658,0.013803272742294781,0.012833894513233234
3/27/2015,-805.7180000000001,26626.7604,6.3553,160.3926,120.38600000000001,2.0507,0.3381426110153949,0.3299394208858999,0.9625335806575414,1.3720453146725629,0.01266823687752372,0.006168093073014358,0.07554721701063172,0.03924846215565658,0.01407809987499273,0.012914033307276659
3/30/2015,-805.7180000000001,26626.7604,6.3553,160.3926,119.837,2.0507,0.349242270710892,0.399986489225157,0.9581441089932199,1.365788333979166,-0.004560330935490908,-0.0362462201634175,0.08513605288178572,0.020902604888970666,0.010924019865085732,0.012800749053478482
3/31/2015,-805.7180000000001,26626.7604,6.3553,160.3926,116.756,2.0507,0.3273609895294505,0.420538647809825,0.9335102980683126,1.3306740215632193,-0.025709922644925998,-0.06559318778410916,0.05723728890297464,0.020902604888970666,0.011989934963819856,0.013247410316499288
4/1/2015,-805.7180000000001,26626.7604,6.3553,160.3926,119.12899999999999,2.0507,0.35756449995441675,0.41880526939556906,0.9524833695791224,1.3577192222652776,0.02032443728801936,-0.043163618547344185,0.07668739380355016,0.020902604888970666,0.013036691560233233,0.013469789319089542
4/2/2015,-805.7180000000001,26626.7604,6.3553,160.3926,119.787,2.0507,0.365218481456999,0.4254518930500786,0.9577443392605859,1.3480722050912695,0.005523424187225734,-0.042255660739414114,0.09998255264052025,0.020902604888970666,0.013062411776689372,0.013301590280079875
4/3/2015,-805.7180000000001,26626.7604,6.3553,160.3926,119.787,2.0507,0.33637154714623585,0.3858717479584093,0.9577443392605859,1.3480722050912695,0.0,-0.03571773570324566,0.10574996999935382,0.020902604888970666,0.013021366995248194,0.013274686594918839
4/6/2015,-805.7180000000001,26626.7604,6.3553,160.3926,120.236,2.0507,0.3226991705353017,0.33701128688037674,0.9613342714596392,1.3531252110108265,0.0037483199345504925,-0.010704559105457645,0.0948760210167825,0.020902604888970666,0.012227752513237738,0.013188056105316873
4/7/2015,-805.7180000000001,26626.7604,6.3553,160.3926,119.259,2.0507,0.3119513322039118,0.3419506721524279,0.9535227708839709,1.342130140223728,-0.008125686150570521,-0.022355024347056274,0.07524816748262153,0.020902604888970666,0.01229970972044155,0.013198101388110105
4/8/2015,-805.7180000000001,26626.7604,6.3553,160.3926,117.70299999999999,2.0507,0.2842662302236769,0.31032187670485545,0.9410819368044006,1.3246190551216548,-0.013047233332494912,-0.019884920601877076,0.06494458267360304,0.020902604888970666,0.012164013015096746,0.013307740655429308
4/9/2015,-805.7180000000001,26626.7604,6.3553,160.3926,118.137,2.0507,0.2848100577494046,0.30037303287692096,0.9445519380836638,1.3295032523802022,0.00368724671418752,-0.01196808510638292,0.07225711588730754,0.020902604888970666,0.012175911679500452,0.013300476704178898
4/10/2015,-805.7180000000001,26626.7604,6.3553,160.3926,117.325,2.0507,0.29293719625756265,0.32897303373262954,0.9380596776256876,1.3203650768642106,-0.006873375826371042,-0.027115552054396863,0.06402756994513226,0.020902604888970666,0.012065650636291059,0.013339228067707602
4/13/2015,-805.7180000000001,26626.7604,6.3553,160.3926,118.361,2.0507,0.30967977515657164,0.3178458406178768,0.9463429064858642,1.332024128384614,0.00883017259748553,-0.006196525579559742,0.07967015425032153,0.020902604888970666,0.011972517423999416,0.013345120839046855
4/14/2015,-805.7180000000001,26626.7604,6.3553,160.3926,118.73,2.0507,0.3241362389311446,0.32186112907902675,0.949293207112703,1.3361768214454526,0.0031175809599446325,0.0017211413529520936,0.09861943889259006,0.020902604888970666,0.011945735587920754,0.013198451312278715
4/15/2015,-805.7180000000001,26626.7604,6.3553,160.3926,119.229,2.0507,0.3417925229017085,0.33359967588737116,0.9532829090443904,1.3332550571974906,0.0042028131053650775,0.006143408072505574,0.09191065361332695,0.020902604888970666,0.011977854536632221,0.013154968588897554
4/16/2015,-805.7180000000001,26626.7604,6.3553,160.3926,120.066,2.0507,0.3426146465832467,0.3461929842217675,0.9599750543686837,1.3415795119334941,0.0070201041692876665,-0.0026581163922715367,0.09957598014524738,0.020902604888970666,0.011550470916152382,0.013171940372589369
4/17/2015,-805.7180000000001,26626.7604,6.3553,160.3926,119.398,2.0507,0.33411549119513695,0.3374675963171536,0.9546341307406933,1.3223248499346578,-0.005563606682991051,-0.0025063075406439594,0.08557452766715756,0.020902604888970666,0.011546814787159198,0.013182011666591942
4/20/2015,-805.7180000000001,26626.7604,6.3553,160.3926,121.48200000000001,2.0507,0.34540501029968795,0.35335681219128623,0.9712965331968787,1.2840156007229604,0.01745422871404889,-0.005875613747954089,0.09381162043164704,0.02032443728801936,0.011254683966904738,0.013295646854821102
4/21/2015,-805.7180000000001,26626.7604,6.3553,160.3926,121.58200000000001,2.0507,0.28507256027311834,0.2832862986333513,0.9720960726621466,1.2654641589558375,0.0008231672181886474,0.0013919432021283207,0.046965417470377746,0.02032443728801936,0.011165222214105725,0.012037816503629707
4/22/2015,-805.7180000000001,26626.7604,6.3553,160.3926,122.34,2.0507,0.27123663455843383,0.2575620603302262,0.9781565818088781,1.2733536642484673,0.0062344754980177,0.010873876255949266,0.036498576657177706,0.02032443728801936,0.011214344714948544,0.011892682949773572
4/23/2015,-805.7180000000001,26626.7604,6.3553,160.3926,124.015,2.0507,0.2885076937462985,0.23256828784273775,0.9915488678521172,1.2907875974478802,0.013691351969919774,0.045384427341925715,0.04398518393804185,0.02032443728801936,0.010535387850797514,0.011984609841730366
4/24/2015,-805.7180000000001,26626.7604,6.3553,160.3926,120.824,2.0507,0.25757465366320753,0.23734088283356036,0.9660355635154151,1.2518546147788967,-0.025730758376002916,0.016352624495289403,0.009913238268777436,0.02032443728801936,0.012168374244336486,0.012410091730994355
4/27/2015,-805.7180000000001,26626.7604,6.3553,160.3926,118.93,2.0507,0.23223092544241375,0.24731650710762976,0.9508922860432392,1.2269046268117811,-0.015675693570813665,-0.01209442958483542,0.010759450639107992,0.02032443728801936,0.012361619972023171,0.012392593128911505
4/28/2015,-805.7180000000001,26626.7604,6.3553,160.3926,117.693,2.0507,0.21414349822045686,0.23626141228658382,0.9410019828578738,1.2089303873532402,-0.010401076263348297,-0.01789096856563499,-0.007321125833958941,0.02032443728801936,0.012522063694548231,0.012427524150704864
4/29/2015,-805.7180000000001,26626.7604,6.3553,160.3926,116.447,2.0507,0.19039684324589556,0.19355564188014962,0.9310397211206345,1.196131603545859,-0.010586865828893788,-0.002646544931309669,0.0007734816126230282,0.02032443728801936,0.011401653444934951,0.012274831951121237
4/30/2015,-805.7180000000001,26626.7604,6.3553,160.3926,115.48,2.0507,0.16801019530894412,0.2049176182625494,0.9233081744914929,1.1861986790340309,-0.008304207064157909,-0.03063066088022215,-0.018477909803321535,0.01745422871404889,0.010519339375935839,0.012236706872850635
5/1/2015,-805.7180000000001,26626.7604,6.3553,160.3926,115.84899999999999,2.0507,0.15222191279439845,0.19138884468491413,0.9262584751183317,1.189989009070085,0.003195358503636836,-0.032875019826859475,-0.014755408899170042,0.01745422871404889,0.010454491424958422,0.012244161569517898
5/4/2015,-805.7180000000001,26626.7604,6.3553,160.3926,115.988,2.0507,0.16772712628865993,0.2059741462628868,0.9273698349750543,1.1914168027693035,0.0011998377197905974,-0.031714626795896095,-0.02021439251231194,0.01745422871404889,0.010466590244836437,0.01221329275036525
5/5/2015,-805.7180000000001,26626.7604,6.3553,160.3926,113.905,2.0507,0.14023584527909017,0.20361175622647565,0.9107154279135218,1.1700204410752624,-0.01795875435389871,-0.05265477893476167,-0.0442527626511382,0.01745422871404889,0.010983435230132715,0.012380526191775416
5/6/2015,-805.7180000000001,26626.7604,6.3553,160.3926,114.204,2.0507,0.14425986413642455,0.19490812175620698,0.9131060509146731,1.173091738313149,0.002624994512971268,-0.04238673810781579,-0.02833222727040685,0.01745422871404889,0.0109593541858091,0.012271403030220422
5/7/2015,-805.7180000000001,26626.7604,6.3553,160.3926,113.551,2.0507,0.13635089966575276,0.17790164721894186,0.907885058206473,1.1663841894959581,-0.0057178382543517925,-0.03527522662973748,-0.020259018628288383,0.01745422871404889,0.01070376988058378,0.012168701698487614
5/8/2015,-805.7180000000001,26626.7604,6.3553,160.3926,115.61,2.0507,0.14984484404837684,0.17497811903246352,0.9243475757963413,1.187534025659199,0.018132821375417274,-0.021390419597585808,-0.0206028362786127,0.018132821375417274,0.011498830263574362,0.012159902878304657
5/11/2015,-805.7180000000001,26626.7604,6.3553,160.3926,114.822,2.0507,0.1346944422483991,0.15942959917780053,0.9180472048100294,1.1794397707312565,-0.006816019375486482,-0.021333901555508183,-0.03519032014116463,0.018132821375417274,0.01149736366630581,0.01213858799422686
5/12/2015,-805.7180000000001,26626.7604,6.3553,160.3926,115.101,2.0507,0.14751009421265127,0.1800109665520162,0.9202779199181271,1.1823056300268098,0.0024298479385482796,-0.027542856177288133,-0.0352697617111869,0.018132821375417274,0.011308047895262303,0.012138262461905858
5/13/2015,-805.7180000000001,26626.7604,6.3553,160.3926,115.20100000000001,2.0507,0.1485070534868651,0.1836897462738647,0.9210774593833952,1.1833328197384776,0.0008688021824312386,-0.029722900699065025,-0.05034292874336388,0.018132821375417274,0.011275040324632987,0.011937430889210971
5/14/2015,-805.7180000000001,26626.7604,6.3553,160.3926,115.969,2.0507,0.15858934012687942,0.19115839952045555,0.9272179224766534,1.1912216367240867,0.00666660879679859,-0.027342341208934084,-0.044011936558182474,0.018132821375417274,0.01134856284140104,0.011973676007970778
5/15/2015,-805.7180000000001,26626.7604,6.3553,160.3926,117.81299999999999,2.0507,0.17630672457690566,0.1988018571214618,0.9419614302161954,1.2101630150072415,0.015900801076149662,-0.018764679426315656,-0.032900731400990035,0.018132821375417274,0.011827796528434296,0.01213943910341073
5/18/2015,-805.7180000000001,26626.7604,6.3553,160.3926,117.993,2.0507,0.1750652299480151,0.18905730276654653,0.9434006012536779,1.212011956488244,0.001527844974663406,-0.011767366287542491,-0.03134363891602576,0.018132821375417274,0.011787201445119775,0.012141938578223856
5/19/2015,-805.7180000000001,26626.7604,6.3553,160.3926,116.07799999999999,2.0507,0.1469931424280151,0.20039129661469146,0.9280894204937955,1.1923412735098045,-0.016229776342664426,-0.04448395647091774,-0.03801433721460257,0.018132821375417274,0.01151085092448804,0.012253177739954076
5/20/2015,-805.7180000000001,26626.7604,6.3553,160.3926,114.363,2.0507,0.14243044802956883,0.2145447280355628,0.9143773186644493,1.174724969954701,-0.014774548148658528,-0.05937556546199274,-0.05402253213558983,0.018132821375417274,0.011812007903299313,0.012379045799652214
5/21/2015,-805.7180000000001,26626.7604,6.3553,160.3926,113.21700000000001,2.0507,0.13800798094223365,0.22970840411310012,0.905214596392478,1.1629533758589876,-0.010020723485742677,-0.0745708680725845,-0.048676581799848684,0.018132821375417274,0.011719591872601584,0.012291460723010504
5/22/2015,-805.7180000000001,26626.7604,6.3553,160.3926,113.06700000000001,2.0507,0.12824427480916034,0.2374893977947412,0.9040152871945759,1.1614125912914857,-0.00132488937173747,-0.08827964359150098,-0.03743274535176733,0.018132821375417274,0.01104962414557908,0.012191049516297153
5/25/2015,-805.7180000000001,26626.7604,6.3553,160.3926,113.06700000000001,2.0507,0.13309482292105113,0.21083117872246615,0.9040152871945759,1.1614125912914857,0.0,-0.06420082102893454,-0.05302433876614343,0.018132821375417274,0.009927916418993158,0.011995715536752412
5/26/2015,-805.7180000000001,26626.7604,6.3553,160.3926,112.598,2.0507,0.12446197633195188,0.1876966095770709,0.9002654471024689,1.1565950715437634,-0.004147983054295312,-0.05324140250567566,-0.058922840331639414,0.018132821375417274,0.009508081190151731,0.011997257736054517
5/27/2015,-805.7180000000001,26626.7604,6.3553,160.3926,112.40899999999999,2.0507,0.12458481731962046,0.17744807715394773,0.8987543175131124,1.154653682988711,-0.0016785378070659496,-0.04489646792927371,-0.09598372257607923,0.018132821375417274,0.009337353852885017,0.010840950943618657
5/28/2015,-805.7180000000001,26626.7604,6.3553,160.3926,112.21,2.0507,0.122593941334187,0.16498259234062984,0.8971632339772291,1.152609575462492,-0.0017703208817798632,-0.03638565184161047,-0.10197515846084915,0.018132821375417274,0.009134743146977674,0.010809643956559275
5/29/2015,-805.7180000000001,26626.7604,6.3553,160.3926,111.48200000000001,2.0507,0.1157572360783059,0.15577084751191017,0.8913425866700782,1.1451316343615505,-0.00648783530879582,-0.03462071354347063,-0.10458382528935029,0.018132821375417274,0.009077740021380488,0.01082418616100757
6/1/2015,-805.7180000000001,26626.7604,6.3553,160.3926,114.802,2.0507,0.153244196208826,0.16376184114036563,0.9178872969169759,1.179234332788923,0.029780592382626647,-0.009037626565615464,-0.0821127030830241,0.029780592382626647,0.01135379483484611,0.011504161167384662
6/2/2015,-805.7180000000001,26626.7604,6.3553,160.3926,114.662,2.0507,0.17155059669772754,0.18509890469184231,0.9167679416656006,1.177796267192588,-0.001219490949635027,-0.011432217125909472,-0.07697385368366805,0.029780592382626647,0.011349330130609373,0.011482702322119513
6/3/2015,-805.7180000000001,26626.7604,6.3553,160.3926,113.875,2.0507,0.1681523958023452,0.16846014176830848,0.9104755660739414,1.169712284161762,-0.006863651427674422,-0.00026337737588344456,-0.06304253025827533,0.029780592382626647,0.010737015634264366,0.011206449718545942
6/4/2015,-805.7180000000001,26626.7604,6.3553,160.3926,117.75299999999999,2.0507,0.209546701180241,0.17309173831314895,0.9414817065370346,1.2083055421587843,0.03405488474204166,0.031075969318062446,-0.03470070335940201,0.03405488474204166,0.013055340961640911,0.012032667213092466
6/5/2015,-805.7180000000001,26626.7604,6.3553,160.3926,116.60700000000001,2.0507,0.196546027315732,0.16518732106759182,0.9323189842650634,1.190571971166609,-0.009732236121372417,0.026913017058414423,-0.029011333072419987,0.03405488474204166,0.013195542807160848,0.01193748060337675
6/8/2015,-805.7180000000001,26626.7604,6.3553,160.3926,116.05799999999999,2.0507,0.18136012459156547,0.1767999104243645,0.9279295126007419,1.184966612893345,-0.004708122153901706,0.003875097309921305,-0.02935568044961867,0.03405488474204166,0.012673840039493473,0.011939451446063731
6/9/2015,-805.7180000000001,26626.7604,6.3553,160.3926,115.649,2.0507,0.17529471544715447,0.1668902439024389,0.9246593961877958,1.1807906720303853,-0.003524100018955978,0.00720245249168272,-0.041013309009494625,0.03405488474204166,0.012602101500764205,0.011889738654274491
6/10/2015,-805.7180000000001,26626.7604,6.3553,160.3926,116.54700000000001,2.0507,0.18995936370504984,0.17519552388148085,0.9318392605859026,1.184902399349329,0.0077648747503222815,0.012562879557953543,-0.021427551868613337,0.03405488474204166,0.012698127006921753,0.011838048418832845
6/11/2015,-805.7180000000001,26626.7604,6.3553,160.3926,116.26799999999999,2.0507,0.1820658804392028,0.17121797478649858,0.9296085454778047,1.1684404112273505,-0.002393884012458658,0.009262072377843822,-0.019050672426303317,0.03405488474204166,0.012715528559782726,0.011827021281867396
6/12/2015,-805.7180000000001,26626.7604,6.3553,160.3926,116.65700000000001,2.0507,0.1675507426238041,0.1606649585651947,0.9327187539976974,1.1723496839418333,0.003345718512402618,0.005932619924290172,-0.015561050117720465,0.03405488474204166,0.012655710717947266,0.011835631506097814
6/15/2015,-805.7180000000001,26626.7604,6.3553,160.3926,117.414,2.0507,0.1799571889414815,0.18396695709849542,0.9387712677497762,1.1702197637912992,0.006489109097610912,-0.0033867230271700244,-0.024687255993221857,0.03405488474204166,0.012237476542721015,0.011687715722454936
6/16/2015,-805.7180000000001,26626.7604,6.3553,160.3926,117.065,2.0507,0.15514791498095537,0.1643050265437822,0.9359808750159907,1.166741416255544,-0.0029723883012247043,-0.0078648733399439,-0.021997025848385032,0.03405488474204166,0.012247108040880516,0.011672431506550745
6/17/2015,-805.7180000000001,26626.7604,6.3553,160.3926,117.305,2.0507,0.15004901960784323,0.13801960784313705,0.937899769732634,1.1691334030996163,0.0020501430829027445,0.010570478471372935,-0.040057283142389544,0.03405488474204166,0.011695904419469456,0.011357876311081825
6/18/2015,-805.7180000000001,26626.7604,6.3553,160.3926,120.10600000000001,2.0507,0.18166881474995322,0.12516602552119704,0.9602948701547909,1.1970498828923108,0.0238779250671326,0.05021729055726065,-0.010764909853145821,0.03405488474204166,0.012192056636188098,0.011741619197392302
6/19/2015,-805.7180000000001,26626.7604,6.3553,160.3926,119.398,2.0507,0.1785178458622867,0.11750829121920403,0.9546341307406933,1.1899935217022974,-0.005894792932909398,0.054594274711394775,-0.013435351665785356,0.03405488474204166,0.012013735245487928,0.011757959820806166
6/22/2015,-805.7180000000001,26626.7604,6.3553,160.3926,119.354,2.0507,0.17670140292415537,0.11471837998245116,0.9542823333759755,1.189554990780884,-0.00036851538551729845,0.055604199280072875,0.006094528411629385,0.03405488474204166,0.01199990908930047,0.011486574462242839
6/23/2015,-805.7180000000001,26626.7604,6.3553,160.3926,119.807,2.0507,0.18116749317269876,0.11471837998245116,0.9579042471536395,1.1940698659490707,0.0037954320760091864,0.05961067331759051,0.007797779273216676,0.03405488474204166,0.011986612286392891,0.011493177275242935
6/24/2015,-805.7180000000001,26626.7604,6.3553,160.3926,118.691,2.0507,0.17432127592211488,0.11403751780908644,0.9489813867212485,1.1829471271241343,-0.00931498159539923,0.054112861684932234,-0.014079710265313294,0.03405488474204166,0.012188310297482947,0.01144175713244881
6/25/2015,-805.7180000000001,26626.7604,6.3553,160.3926,119.229,2.0507,0.18830916429959643,0.12033687148054018,0.9532829090443904,1.1590597567733092,0.0045327783909479,0.06067129856150322,-0.005073558249956256,0.03405488474204166,0.012155060099047864,0.011442717597985609
6/26/2015,-805.7180000000001,26626.7604,6.3553,160.3926,116.96600000000001,2.0507,0.13409478746509462,0.08798091839900701,0.9351893309453755,1.1370604761488134,-0.018980281642888785,0.04238481418768392,0.0017986227688513434,0.03405488474204166,0.013032629270643402,0.011228401116791764
6/29/2015,-805.7180000000001,26626.7604,6.3553,160.3926,115.281,2.0507,0.1102432729163858,0.07365602789067172,0.9217170909556096,1.1206801014902739,-0.0144058957303832,0.03407725013903584,-0.03230111895508214,0.03405488474204166,0.013401569879565277,0.011070409100258492
6/30/2015,-805.7180000000001,26626.7604,6.3553,160.3926,114.632,2.0507,0.10931330804366346,0.11095842687930646,0.9165280798260202,1.1143709838918214,-0.005629722157163841,-0.001480810438842517,-0.04303471996126462,0.03405488474204166,0.011824197376383044,0.011062340438488373
7/1/2015,-805.7180000000001,26626.7604,6.3553,160.3926,115.889,2.0507,0.11705624367439382,0.1052291676707311,0.926578290904439,1.126590646174186,0.010965524460883502,0.010701016901850657,-0.03254109377478365,0.03405488474204166,0.012058256540594442,0.011158390530717965
7/2/2015,-805.7180000000001,26626.7604,6.3553,160.3926,115.829,2.0507,0.11949934760547043,0.10061373411298513,0.9260985672252782,1.1260073687382737,-0.0005177367998688842,0.017159165751921,-0.036652915932000485,0.03405488474204166,0.011941453341591341,0.011145352493490326
7/3/2015,-805.7180000000001,26626.7604,6.3553,160.3926,115.829,2.0507,0.11242472844616458,0.13090287448498406,0.9260985672252782,1.1260073687382737,0.0,-0.016339286472531467,-0.028760932088982893,0.0238779250671326,0.009210841542159296,0.011102990423972009
7/6/2015,-805.7180000000001,26626.7604,6.3553,160.3926,115.20100000000001,2.0507,0.1199023982423908,0.13357053282393783,0.9210774593833952,1.1193583178677964,-0.005421785563200832,-0.012057595170101298,-0.02125689234768846,0.0238779250671326,0.009047097316141013,0.011004046737427602
7/7/2015,-805.7180000000001,26626.7604,6.3553,160.3926,115.48,2.0507,0.11375801707093602,0.11933259391425954,0.9233081744914929,1.12206924026157,0.0024218539769620406,-0.004980268486446282,-0.02249083690968956,0.0238779250671326,0.009016534948760159,0.010997838559795777
7/8/2015,-805.7180000000001,26626.7604,6.3553,160.3926,114.603,2.0507,0.09948864563046267,0.10952385520900298,0.9162962133810925,1.1135478103714642,-0.007594388638725413,-0.009044609118972091,-0.02320051139995749,0.0238779250671326,0.009134560600822602,0.011005160178529353
7/9/2015,-805.7180000000001,26626.7604,6.3553,160.3926,115.281,2.0507,0.10810888747909342,0.12027798604302453,0.9217170909556096,1.120135643285366,0.005916075495405959,-0.01086257046513428,-0.026022084977315174,0.0238779250671326,0.009060615447280864,0.010972184727705742
7/10/2015,-805.7180000000001,26626.7604,6.3553,160.3926,116.26799999999999,2.0507,0.11599781154314992,0.11599781154314992,0.9296085454778047,1.1297258956246294,0.008561688396179656,0.0,-0.020736123978775556,0.0238779250671326,0.009258211056608494,0.011021338936880887
7/13/2015,-805.7180000000001,26626.7604,6.3553,160.3926,115.43,2.0507,0.11876793052647905,0.13066023106148728,0.9229084047588589,1.1215834118755892,-0.007207486152681519,-0.010518014349760407,-0.03186305345176088,0.0238779250671326,0.009355747485444514,0.011040337444267752
7/14/2015,-805.7180000000001,26626.7604,6.3553,160.3926,116.148,2.0507,0.12855990749827528,0.14086108223131255,0.9286490981194832,1.1119748784130508,0.006220220046781577,-0.010782359854872525,-0.03263205237119593,0.0238779250671326,0.009345937729904337,0.011032060115211165
7/15/2015,-805.7180000000001,26626.7604,6.3553,160.3926,116.12799999999999,2.0507,0.09186983461361242,0.10067978600374206,0.9284891902264294,1.1117834029027684,-0.00017219409718638445,-0.008004100286165938,-0.027387393423675577,0.0238779250671326,0.0093284781392018,0.01101278018328884
7/16/2015,-805.7180000000001,26626.7604,6.3553,160.3926,116.447,2.0507,0.09682858138592976,0.10491018866502788,0.9310397211206345,1.1148374372917702,0.0027469688619454757,-0.007314266229061062,-0.041446469435801325,0.0238779250671326,0.00933864361996814,0.010782071090227486
7/17/2015,-805.7180000000001,26626.7604,6.3553,160.3926,114.772,2.0507,0.056443298969072186,0.10554123711340213,0.9176474350773954,1.098801363305633,-0.014384226300376945,-0.04441077048607067,-0.05601158066161116,0.010965524460883502,0.008023925987883944,0.010918724849379346
7/20/2015,-805.7180000000001,26626.7604,6.3553,160.3926,115.51,2.0507,0.08342087491558492,0.11988819689352437,0.9235480363310733,1.1058668096350477,0.006430139755341013,-0.032563359520259905,-0.05582802027137479,0.010965524460883502,0.008183942478316636,0.010920801896200259
7/21/2015,-805.7180000000001,26626.7604,6.3553,160.3926,116.01799999999999,2.0507,0.09597763041054996,0.12749154527763618,0.9276096968146347,1.1107302875962162,0.0043978876287764646,-0.027950466678955177,-0.06448413498367145,0.010965524460883502,0.008283636843474686,0.010783070093399929
7/22/2015,-805.7180000000001,26626.7604,6.3553,160.3926,115.45,2.0507,0.1032854876626974,0.14492268878652914,0.9230683126519125,1.105292383104201,-0.0048957920322707515,-0.036366823307486196,-0.04447791829437853,0.010965524460883502,0.008232437440035111,0.010322011732795736
7/23/2015,-805.7180000000001,26626.7604,6.3553,160.3926,118.99,2.0507,0.13918354842415637,0.13632098954543692,0.9513720097223999,1.1229921289567564,0.030662624512776127,0.002519146354820423,0.0005044984444630973,0.030662624512776127,0.010656243862524608,0.01087182295626952
7/24/2015,-805.7180000000001,26626.7604,6.3553,160.3926,117.265,2.0507,0.10235295223591567,0.1208155898361487,0.9375799539465268,1.106712093470998,-0.014497016556013098,-0.01647250249519827,-0.0036365799155430034,0.030662624512776127,0.011068179543892095,0.010947409695581169
7/27/2015,-805.7180000000001,26626.7604,6.3553,160.3926,115.699,2.0507,0.08366895828259935,0.09553603207013461,0.9250591659204298,1.0919326525604485,-0.01335436831109027,-0.010832207650086412,-0.0064235231478698696,0.030662624512776127,0.010665166116688841,0.010996024245810507
7/28/2015,-805.7180000000001,26626.7604,6.3553,160.3926,116.736,2.0507,0.05963727465824298,0.04642993301018472,0.9333503901752591,1.1017195492553653,0.008962912384722577,0.01262133395789422,0.01087634222376166,0.030662624512776127,0.010352369537814725,0.01100198817793919
7/29/2015,-805.7180000000001,26626.7604,6.3553,160.3926,116.46700000000001,2.0507,0.06685047953173529,0.05004167849847496,0.9311996290136882,1.0991808074897602,-0.002304344846491113,0.016007746528020173,0.005334530293744644,0.030662624512776127,0.010276697088481961,0.010999905418556414
7/30/2015,-805.7180000000001,26626.7604,6.3553,160.3926,117.863,2.0507,0.07816645017289003,0.06010903968239445,0.9423611999488295,1.1123558391060608,0.011986227858534981,0.01703354071568497,0.0161654653929717,0.030662624512776127,0.010329426366663026,0.011100099741036212
7/31/2015,-805.7180000000001,26626.7604,6.3553,160.3926,120.366,2.0507,0.10813846437120223,0.06636899281900188,0.9623736727644876,1.1359784065384397,0.021236520366866518,0.03916981066917624,0.0567227075194241,0.030662624512776127,0.01123593044851837,0.011157645863116851
8/3/2015,-805.7180000000001,26626.7604,6.3553,160.3926,120.884,2.0507,0.11106617647058825,0.06460477941176457,0.9665152871945759,1.1408671360350329,0.004303540867022226,0.043641920417166746,0.05849182165248168,0.030662624512776127,0.011238961239025793,0.01116374432316171
8/4/2015,-805.7180000000001,26626.7604,6.3553,160.3926,120.884,2.0507,0.11670100045265164,0.06420264016036814,0.9665152871945759,1.1408671360350329,0.0,0.049331169000269126,0.06457891167845276,0.030662624512776127,0.011119266611224523,0.011131746227351481
8/5/2015,-805.7180000000001,26626.7604,6.3553,160.3926,120.376,2.0507,0.10468114784938853,0.059750938340261905,0.9624536267110144,1.1360727835557485,-0.004202375831375504,0.04239695185313486,0.04122480754260027,0.030662624512776127,0.011210832951212118,0.010932946160298584
8/6/2015,-805.7180000000001,26626.7604,6.3553,160.3926,121.12299999999999,2.0507,0.12460191452420077,0.06406506782540888,0.9684261865165663,1.1431227467487117,0.006205555924768902,0.056892053436646384,0.05487624322864937,0.030662624512776127,0.011020783583785195,0.010911633177612037
8/7/2015,-805.7180000000001,26626.7604,6.3553,160.3926,121.413,2.0507,0.11450444744306454,0.05821606587172656,0.9707448509658436,1.1458596802506653,0.0023942603799445017,0.05319176620605304,0.05483879375504985,0.030662624512776127,0.010996098840998964,0.010911553964006336
8/10/2015,-805.7180000000001,26626.7604,6.3553,160.3926,123.098,2.0507,0.12914262651464425,0.0664929966336143,0.9842170909556095,1.161762207667189,0.013878250269740544,0.058743592389995714,0.0685497521722902,0.030662624512776127,0.01120124814298856,0.011033262086863683
8/11/2015,-805.7180000000001,26626.7604,6.3553,160.3926,123.925,2.0507,0.14458165159645708,0.06612112199942732,0.990829282333376,1.1695671869986222,0.0067182245040535715,0.07359438620809144,0.0686045408686804,0.030662624512776127,0.010990559983479323,0.011033683084723505
8/12/2015,-805.7180000000001,26626.7604,6.3553,160.3926,125.311,2.0507,0.14212929628043058,0.05861443531995936,1.0,1.1826478415976143,0.011184183982247298,0.0788907256259257,0.06364323122236093,0.030662624512776127,0.011106019955956248,0.010947390992225376
8/13/2015,-805.7180000000001,26626.7604,6.3553,160.3926,125.5,2.0507,0.14312259192800592,0.05775729366864901,1.0,1.1844315672247494,0.0015082474802690093,0.08070405070267306,0.06362241827905057,0.030662624512776127,0.011082900132229097,0.010947377137952052
8/14/2015,-805.7180000000001,26626.7604,6.3553,160.3926,127.02600000000001,2.0507,0.15169318645450836,0.055777687111836505,1.0,1.198833500066064,0.012159362549800878,0.09084819703384373,0.09431589103878446,0.030662624512776127,0.01122920795937197,0.010808528874978355
8/17/2015,-805.7180000000001,26626.7604,6.3553,160.3926,127.634,2.0507,0.15668131768544113,0.040119624813086396,1.0,1.2045716227184355,0.004786421677451802,0.11206566061408707,0.11604277607268076,0.030662624512776127,0.010389960148403437,0.010612998120208512
8/18/2015,-805.7180000000001,26626.7604,6.3553,160.3926,126.12899999999999,2.0507,0.146981794372806,0.050415582998381225,0.988208471097043,1.1903678816134695,-0.011791528902956983,0.09193143450783459,0.11404647711916027,0.030662624512776127,0.011017186767229311,0.01064709764018956
8/19/2015,-805.7180000000001,26626.7604,6.3553,160.3926,126.527,2.0507,0.1506010948838732,0.05503519269592405,0.9913267624614132,1.1941240869023575,0.0031554995282607745,0.09058077194918046,0.11904446036420868,0.030662624512776127,0.01101971222583044,0.010641046313817869
8/20/2015,-805.7180000000001,26626.7604,6.3553,160.3926,122.898,2.0507,0.11577360957274885,0.04815426797160138,0.9628938997445822,1.159874667321014,-0.028681625265753574,0.06451277609354689,0.08694844649632505,0.030662624512776127,0.013038353218366338,0.011313442889751092
8/21/2015,-805.7180000000001,26626.7604,6.3553,160.3926,120.086,2.0507,0.08504255742089395,0.07513959918318669,0.9408621527179278,1.133335850053795,-0.022880762909079033,0.009210858055298754,0.06650206930851343,0.021236520366866518,0.012599068425061975,0.011700801322933751
8/24/2015,-805.7180000000001,26626.7604,6.3553,160.3926,114.14399999999999,2.0507,0.026631769245298198,0.05470260741300392,0.8943071595342933,1.0772570263689385,-0.04948120513631904,-0.026614931991642887,0.015434707185367769,0.021236520366866518,0.01641729338107935,0.013320983119430753
8/25/2015,-805.7180000000001,26626.7604,6.3553,160.3926,113.396,2.0507,0.006818908264374812,0.02726675427069658,0.88844665214598,1.0701976254742445,-0.006553125876086252,-0.01990509857474998,0.010569467961857315,0.021236520366866518,0.0162305857776825,0.01334675465909059
8/26/2015,-805.7180000000001,26626.7604,6.3553,160.3926,114.652,2.0507,0.012585337419519949,0.030990841407084968,0.8982872902204742,1.0820513788482229,0.011076228438392954,-0.01785224780701755,0.028435083690640628,0.021236520366866518,0.016300736024598937,0.013387020511366948
8/27/2015,-805.7180000000001,26626.7604,6.3553,160.3926,118.561,2.0507,0.05510416573966137,0.03646913294591947,0.9289139257564599,1.1189433549142114,0.03409447720057224,0.017979341787802472,0.03274333199770041,0.03409447720057224,0.017974093549505035,0.013549082553955866
8/28/2015,-805.7180000000001,26626.7604,6.3553,160.3926,118.88,2.0507,0.05672050418225938,0.04768042382598958,0.9314132597897111,1.1219539817663602,0.002690598088747498,0.00862866209073232,0.03678638084108066,0.03409447720057224,0.017803780945025487,0.013549559023968562
8/31/2015,-805.7180000000001,26626.7604,6.3553,160.3926,117.853,2.0507,0.040038476472872286,0.06221539764905226,0.9233668144851684,1.112261462088752,-0.008638963660834498,-0.020877988800824143,0.03493304061470903,0.03409447720057224,0.01725428725453587,0.013567302030910191
9/1/2015,-805.7180000000001,26626.7604,6.3553,160.3926,114.204,2.0507,0.02058069186155609,0.08027631567188842,0.8947772537098265,1.077823288472791,-0.030962300492986983,-0.05525958770391459,-0.030139359506764052,0.03409447720057224,0.01840437798731478,0.013456609719443692
9/2/2015,-805.7180000000001,26626.7604,6.3553,160.3926,115.51,2.0507,0.04041504913396321,0.0888194338110122,0.9050096369305984,1.0901489269333133,0.011435676508703807,-0.04445584196419705,-0.009407668493315202,0.03409447720057224,0.018650822741776898,0.01348397578312545
9/3/2015,-805.7180000000001,26626.7604,6.3553,160.3926,116.318,2.0507,0.030932038146559426,0.06689828765909178,0.911340238494445,1.0977745899318598,0.006995065362306319,-0.03371103874526493,0.0022402591807544336,0.03409447720057224,0.01874440249920204,0.013499513603247141
9/4/2015,-805.7180000000001,26626.7604,6.3553,160.3926,115.111,2.0507,0.01951146065823517,0.07275835193254698,0.901883510663303,1.0863832839426943,-0.010376725872177972,-0.04963549449732907,-0.0046520073671194595,0.03409447720057224,0.018754507315769813,0.01355688224336919
9/7/2015,-805.7180000000001,26626.7604,6.3553,160.3926,115.111,2.0507,0.023036109457069687,0.07904442805215117,0.901883510663303,1.0863832839426943,0.0,-0.051905479643860164,-0.012321209469141281,0.03409447720057224,0.018732114404284343,0.013520555061995088
9/8/2015,-805.7180000000001,26626.7604,6.3553,160.3926,117.50399999999999,2.0507,0.051010277188933806,0.10104560782103911,0.9206324333641506,1.1089677041846768,0.02078863010485521,-0.04544346780613828,0.01063061203426563,0.03409447720057224,0.01908903893068985,0.013770449308300393
9/9/2015,-805.7180000000001,26626.7604,6.3553,160.3926,114.75200000000001,2.0507,0.04951617918747386,0.13341198851268543,0.8990707805130295,1.0829951490213103,-0.023420479302832087,-0.07402057696187203,-0.016329924479456914,0.03409447720057224,0.019525858131483758,0.014083123931388063
9/10/2015,-805.7180000000001,26626.7604,6.3553,160.3926,111.39200000000001,2.0507,0.018506327262087785,0.14577390095823284,0.8727455066831723,1.0512844712055722,-0.029280535415504683,-0.11107564379822998,-0.051288602721992205,0.03409447720057224,0.019998108796498406,0.014524725325196273
9/11/2015,-805.7180000000001,26626.7604,6.3553,160.3926,110.72399999999999,2.0507,0.0029802074369309484,0.13682684904207632,0.8675117915289029,1.0449800864493477,-0.005996839988509195,-0.11773705179282878,-0.05416648870285745,0.03409447720057224,0.019935462928909565,0.0145372462258047
9/14/2015,-805.7180000000001,26626.7604,6.3553,160.3926,111.661,2.0507,0.02479831863361448,0.16581466423149993,0.8748530955701459,1.0538232129711773,0.00846248329178878,-0.12095948860863137,-0.04811389113848519,0.03409447720057224,0.019785102641423514,0.014579759372562085
9/15/2015,-805.7180000000001,26626.7604,6.3553,160.3926,112.539,2.0507,0.011295627325173863,0.1469420031990798,0.8817321403387812,1.062109515090885,0.00786308558941795,-0.11826785966121878,-0.0630026809651475,0.03409447720057224,0.019879608715122128,0.014281284636039763
9/16/2015,-805.7180000000001,26626.7604,6.3553,160.3926,112.68799999999999,2.0507,0.020585971108997736,0.14231761988860203,0.8828995408746885,1.0635157326487852,0.001323985462817312,-0.10656550040038382,-0.05619859629139523,0.03409447720057224,0.01988751685875918,0.014269773412507665
9/17/2015,-805.7180000000001,26626.7604,6.3553,160.3926,112.16,2.0507,0.01434333568469981,0.14427442255864853,0.8787627121299967,1.0585326261348835,-0.004685503336646191,-0.1135488867988651,-0.06027447760443727,0.03409447720057224,0.019796964956486758,0.014277949091675986
9/18/2015,-805.7180000000001,26626.7604,6.3553,160.3926,110.993,2.0507,0.017080702654656443,0.12617177835405813,0.8696193804158766,1.047518828214953,-0.010404778887303845,-0.09686894823349446,-0.07356832238516953,0.03409447720057224,0.019118610870207386,0.014314903707900352
9/21/2015,-805.7180000000001,26626.7604,6.3553,160.3926,111.48200000000001,2.0507,0.022217331902915083,0.10111040812771077,0.8734506479464721,1.052133864361351,0.004405683241285763,-0.0716486517995435,-0.06073754539097309,0.03409447720057224,0.018742195353982295,0.014292425277361149
9/22/2015,-805.7180000000001,26626.7604,6.3553,160.3926,108.67,2.0507,-0.02225061407376072,0.027001250641065955,0.8514189009198176,1.0255950470941317,-0.025223802945767093,-0.047956966638631804,-0.08856066896476522,0.03409447720057224,0.016353102912835718,0.0145986375792318
9/23/2015,-805.7180000000001,26626.7604,6.3553,160.3926,108.67,2.0507,-0.026263205526832145,0.016084085268053272,0.8514189009198176,1.0255950470941317,0.0,-0.0416769550954178,-0.07092659405297275,0.03409447720057224,0.016328585586603273,0.014424054751993947
9/24/2015,-805.7180000000001,26626.7604,6.3553,160.3926,105.928,2.0507,-0.038381931079560005,0.04081484440248362,0.829935597097952,1.0,-0.025232354835741266,-0.07609112793496842,-0.08113219003998928,0.03409447720057224,0.01680156631333941,0.014648324962790886
9/25/2015,-805.7180000000001,26626.7604,6.3553,160.3926,105.38,2.0507,-0.05022847512009587,0.06856957450452006,0.825642070294749,1.0,-0.005173325277546992,-0.11117483826890806,-0.08071044734454613,0.02078863010485521,0.01440819847396284,0.014646229574372721
9/28/2015,-805.7180000000001,26626.7604,6.3553,160.3926,104.941,2.0507,-0.04222074164666367,0.08499822026705117,0.8222025479104315,1.0,-0.0041658758777756155,-0.11725269179004028,-0.09446970808273425,0.02078863010485521,0.014290599134145017,0.014566889792809254
9/29/2015,-805.7180000000001,26626.7604,6.3553,160.3926,103.306,2.0507,-0.039040770955229065,0.0962763829846609,0.8093924816271526,1.0,-0.015580183150532223,-0.123433429781168,-0.10811627485344777,0.02078863010485521,0.014438491213717083,0.014674244104069693
9/30/2015,-805.7180000000001,26626.7604,6.3553,160.3926,104.432,2.0507,-0.014401932841314413,0.07782328847279096,0.818214582321325,1.0108996573287128,0.010899657328712786,-0.08556617981857018,-0.09839504787229447,0.02078863010485521,0.013713686134147593,0.014758714701367071
10/1/2015,-805.7180000000001,26626.7604,6.3553,160.3926,103.465,2.0507,-0.0246328173608098,0.08891570353890543,0.8106382311923156,1.0015391167986372,-0.009259613911444808,-0.10427668600121198,-0.10187411567607918,0.02078863010485521,0.01327342756026741,0.014782918045633132
10/2/2015,-805.7180000000001,26626.7604,6.3553,160.3926,105.081,2.0507,-0.013657355260193738,0.09181872794172863,0.8232994343200088,1.0171819642615143,0.01561880829265938,-0.09660585635929086,-0.09005022514721162,0.02078863010485521,0.013791128029238936,0.014933499669882723
10/5/2015,-805.7180000000001,26626.7604,6.3553,160.3926,109.18799999999999,2.0507,0.027294024669056283,0.08302050109608894,0.8554773806352538,1.0569376415697054,0.039084135095783124,-0.051454682871315605,-0.047250071987644304,0.039084135095783124,0.016696871405245492,0.015755852665213285
10/6/2015,-805.7180000000001,26626.7604,6.3553,160.3926,107.94200000000001,2.0507,-0.00037043210905529644,0.06602026263636529,0.8457150915900152,1.0448763866571158,-0.011411510422390525,-0.06227901764383936,-0.06366183499449174,0.039084135095783124,0.016800917313276056,0.01579066749707896
10/7/2015,-805.7180000000001,26626.7604,6.3553,160.3926,109.637,2.0507,0.008898500046010893,0.08129198490843836,0.8589952520488271,1.0612839525293787,0.015702877471234444,-0.06695091230936812,-0.05703202944920349,0.039084135095783124,0.016475533550889317,0.015885179858676268
10/8/2015,-805.7180000000001,26626.7604,6.3553,160.3926,110.196,2.0507,-0.002615739693171082,0.03862062723446624,0.8633749627842111,1.0666950612742725,0.005098643706048067,-0.03970301171221424,-0.04534349822403194,0.039084135095783124,0.01588735608892345,0.015880867255334528
10/9/2015,-805.7180000000001,26626.7604,6.3553,160.3926,109.876,2.0507,0.0019971365257118734,0.01582206334296954,0.8608677938480342,1.0635974677172673,-0.0029039166575918207,-0.013609594943981618,-0.05400006887763875,0.039084135095783124,0.014597020149642499,0.015859147708101408
10/12/2015,-805.7180000000001,26626.7604,6.3553,160.3926,108.76,2.0507,-0.013738381319428727,0.004071639084107792,0.8521240421831174,1.052794610187211,-0.010156904146492396,-0.01773779848993884,-0.06344723064205005,0.039084135095783124,0.014702464341527308,0.015903044530908683
10/13/2015,-805.7180000000001,26626.7604,6.3553,160.3926,108.83,2.0507,-0.021682458064400167,0.0037665629887990715,0.8526724853879061,1.0534722087778057,0.0006436189775651524,-0.025353525402781685,-0.06541173237610243,0.039084135095783124,0.01455578740054427,0.015897439614739727
10/14/2015,-805.7180000000001,26626.7604,6.3553,160.3926,108.58,2.0507,-0.030362564743704246,0.0049919628505090685,0.8507137596565179,1.0510522138113954,-0.002297160709363255,-0.03517891575364984,-0.05395044087408085,0.039084135095783124,0.014410338313787593,0.015805343129233186
10/15/2015,-805.7180000000001,26626.7604,6.3553,160.3926,110.425,2.0507,-0.020429706905116696,-0.00035483642041023167,0.8651691555541626,1.0689117766635046,0.016992079572665242,-0.020081996308391248,-0.04402216258332614,0.039084135095783124,0.014964555024678135,0.015938259697734325
10/16/2015,-805.7180000000001,26626.7604,6.3553,160.3926,110.056,2.0507,-0.018496388120931018,0.0002675465976991198,0.8622780763746337,1.0653398640930827,-0.0033416345936155833,-0.01875891583452205,-0.051388577634504884,0.039084135095783124,0.014950242178190087,0.01592902760649884
10/19/2015,-805.7180000000001,26626.7604,6.3553,160.3926,110.495,2.0507,-0.03128945153597973,-0.0269234815542152,0.8657175987589514,1.0695893752540995,0.003988878389183714,-0.004486769435910309,-0.04291901255954955,0.039084135095783124,0.014817019520920844,0.015930716361987528
10/20/2015,-805.7180000000001,26626.7604,6.3553,160.3926,111.831,2.0507,-0.0015089285714285916,-0.004624999999999879,0.8761850290674899,1.082521828354597,0.012091044843657972,0.0031305502233542892,-0.06016471972434656,0.039084135095783124,0.015027548422999852,0.015509707932131566
10/21/2015,-805.7180000000001,26626.7604,6.3553,160.3926,110.814,2.0507,-0.010589285714285745,-0.029732142857142874,0.8682169327922027,1.0726772888312393,-0.009094079459184057,0.01972945615165167,-0.05501215196350151,0.039084135095783124,0.014039876795265489,0.015447931252020881
10/22/2015,-805.7180000000001,26626.7604,6.3553,160.3926,115.42,2.0507,0.04580256421872875,-0.015358129841888224,0.9043044956672986,1.1172632760923857,0.041565145198260156,0.06211465905953806,-0.0024114296579917927,0.041565145198260156,0.01658709186190681,0.016255361350787964
10/23/2015,-805.7180000000001,26626.7604,6.3553,160.3926,115.73899999999999,2.0507,0.05135076213142442,-0.03777047035953707,0.90680382970055,1.1203511896695255,0.0027638190954772934,0.09261951514236078,-0.008540638706140524,0.041565145198260156,0.015277625684939487,0.01621952027685553
10/26/2015,-805.7180000000001,26626.7604,6.3553,160.3926,117.285,2.0507,0.05356533299796973,-0.05337669104040532,0.9189165896234546,1.1353164385418077,0.01335764089891911,0.11297210096792565,0.007023448702207391,0.041565145198260156,0.015235997565946022,0.01630354110430266
10/27/2015,-805.7180000000001,26626.7604,6.3553,160.3926,116.896,2.0507,0.02286429302695958,-0.08174444143048387,0.9158688123854145,1.1315509263740733,-0.003316707166304278,0.11392115569701078,-0.00820444074900517,0.041565145198260156,0.015210951295308625,0.01623961997474614
10/28/2015,-805.7180000000001,26626.7604,6.3553,160.3926,117.005,2.0507,0.03592835577748854,-0.08535861952951385,0.9167228168042998,1.1326060441794281,0.0009324527785381509,0.13260604417942812,-0.027923167671933924,0.041565145198260156,0.014489505211254129,0.016011223444571506
10/29/2015,-805.7180000000001,26626.7604,6.3553,160.3926,118.411,2.0507,0.05639218485145858,-0.06832009991970733,0.927738690317627,1.1462160958705205,0.012016580488013462,0.13385743833307795,-0.02045762880116475,0.041565145198260156,0.01451024911882129,0.01607652583740034
10/30/2015,-805.7180000000001,26626.7604,6.3553,160.3926,118.671,2.0507,0.05141404118084858,-0.08330970691427142,0.9297757650782708,1.1487328906355876,0.0021957419496498876,0.1469675735756053,-0.01830680652526384,0.041565145198260156,0.014113914079968046,0.01607934743497823
11/2/2015,-805.7180000000001,26626.7604,6.3553,160.3926,120.804,2.0507,0.0767804617167307,-0.06336571886977449,0.9464876130184747,1.1693802876890016,0.017974062744899655,0.1496274302680789,0.003555526018475419,0.041565145198260156,0.014197903281502148,0.01623157218549012
11/3/2015,-805.7180000000001,26626.7604,6.3553,160.3926,119.76700000000001,2.0507,0.06263086914859639,-0.031231145970117558,0.9383628186846765,1.159342148568331,-0.00858415284262104,0.09688793640326798,-0.011195231293808616,0.041565145198260156,0.01247729534401372,0.0162500534561093
11/4/2015,-805.7180000000001,26626.7604,6.3553,160.3926,117.285,2.0507,0.038223552010764106,-0.044482016872184005,0.9189165896234546,1.1353164385418077,-0.02072357160152638,0.08655574289896406,-0.03399965407328709,0.041565145198260156,0.013214253125933237,0.016453745108608153
11/5/2015,-805.7180000000001,26626.7604,6.3553,160.3926,109.428,2.0507,-0.04473911639153927,-0.04291463340113311,0.8573577573373866,1.0592608367374596,-0.0669906637677452,-0.001906290759506435,-0.11104973273326946,0.041565145198260156,0.02009544754586999,0.01836421500828412
11/6/2015,-805.7180000000001,26626.7604,6.3553,160.3926,108.132,2.0507,-0.0504324917672887,-0.032307354555433654,0.8472037231458702,1.0467155828315877,-0.011843403882004555,-0.018730262441467915,-0.12743998386120636,0.041565145198260156,0.020224625374330042,0.018375888368936097
11/9/2015,-805.7180000000001,26626.7604,6.3553,160.3926,106.486,2.0507,-0.08042383785697627,-0.051148973652622165,0.8343074729304104,1.0307823359727413,-0.015222135907964396,-0.03085296152025918,-0.15022623712204042,0.041565145198260156,0.02046885737994009,0.018371618014792132
11/10/2015,-805.7180000000001,26626.7604,6.3553,160.3926,105.41,2.0507,-0.09925229651783818,-0.07062593462935274,0.8258771173825156,1.0203666776373106,-0.010104614691133218,-0.03080176535490997,-0.16007968127490046,0.041565145198260156,0.020467727718506096,0.01838989159803732
11/11/2015,-805.7180000000001,26626.7604,6.3553,160.3926,106.586,2.0507,-0.09083464835586641,-0.07169360685802018,0.8350909632229656,1.0317503339593053,0.01115643677070488,-0.020619314527244303,-0.16091193928801983,0.041565145198260156,0.020645067916728353,0.01837734124486219
11/12/2015,-805.7180000000001,26626.7604,6.3553,160.3926,105.749,2.0507,-0.115870175907966,-0.09220119055581555,0.8285331494742779,1.0236481908117632,-0.0078528136903534,-0.026072941609872946,-0.17146685052572208,0.041565145198260156,0.020700935452244097,0.018364245367372793
11/13/2015,-805.7180000000001,26626.7604,6.3553,160.3926,104.921,2.0507,-0.12613895690703447,-0.08029750303999472,0.8220458498519204,1.0156331674830117,-0.007829861275283845,-0.04984378537468859,-0.16814531154611534,0.041565145198260156,0.02032450353620605,0.01833977363336319
11/16/2015,-805.7180000000001,26626.7604,6.3553,160.3926,107.005,2.0507,-0.10878183665650565,-0.08337081271967084,0.8383737875487722,1.0358062455230093,0.019862563261882737,-0.02772225049065935,-0.15429117895785094,0.041565145198260156,0.02088418672356479,0.018546184913448126
11/17/2015,-805.7180000000001,26626.7604,6.3553,160.3926,105.679,2.0507,-0.12887324524164756,-0.08917428470155697,0.8279847062694894,1.0229705922211683,-0.012391944301668123,-0.043585682610072896,-0.14010805708799168,0.041565145198260156,0.020989221975522873,0.018286815045957912
11/18/2015,-805.7180000000001,26626.7604,6.3553,160.3926,105.479,2.0507,-0.1180538136089232,-0.06494255756785228,0.8264177256843788,1.0210345962480398,-0.0018925235855752343,-0.05679999284634851,-0.12163782622453911,0.041565145198260156,0.020743316595966302,0.018094649675011214
11/19/2015,-805.7180000000001,26626.7604,6.3553,160.3926,104.921,2.0507,-0.09393863504866184,-0.04304873099076845,0.8220458498519204,1.0156331674830117,-0.005290152542212101,-0.053179201183965796,-0.08080144379029985,0.041565145198260156,0.020700083445625222,0.017046329276328175
11/20/2015,-805.7180000000001,26626.7604,6.3553,160.3926,102.71799999999999,2.0507,-0.11448473249538782,-0.0049828445318022,0.8047855587069276,1.0,-0.020996749935666026,-0.11005025125628154,-0.09416557903277023,0.019862563261882737,0.01843566854823583,0.01721587709174761
11/23/2015,-805.7180000000001,26626.7604,6.3553,160.3926,102.209,2.0507,-0.11361547133813199,0.0037204058624575875,0.8007975931178213,1.0,-0.004955314550516787,-0.11690095819041113,-0.10852841642535671,0.019862563261882737,0.018342090551170195,0.017146507073002075
11/24/2015,-805.7180000000001,26626.7604,6.3553,160.3926,105.19,2.0507,-0.08028992856705686,0.025460554501499644,0.824153438738894,1.0291657290453873,0.02916572904538728,-0.10312486677750776,-0.11277738885468247,0.02916572904538728,0.01945555759328226,0.01699120544307285
11/25/2015,-805.7180000000001,26626.7604,6.3553,160.3926,105.33,2.0507,-0.06595842792281492,0.036606129398411014,0.8252503251484714,1.0305354714359791,0.0013309249928701306,-0.09894264987681356,-0.11398048452220721,0.02916572904538728,0.01950186685041844,0.016986331222056464
11/26/2015,-805.7180000000001,26626.7604,6.3553,160.3926,105.33,2.0507,-0.06604124917980447,0.03748071432371569,0.8252503251484714,1.0305354714359791,0.0,-0.09978206059570105,-0.10625949275792723,0.02916572904538728,0.0194893060213426,0.016964890894876482
11/27/2015,-805.7180000000001,26626.7604,6.3553,160.3926,106.07799999999999,2.0507,-0.03893091732729337,0.07280634201585512,0.8311108325367847,1.037853809351427,0.007101490553498513,-0.10415417486551093,-0.07115337466288396,0.02916572904538728,0.019305797540532636,0.016577090942537957
11/30/2015,-805.7180000000001,26626.7604,6.3553,160.3926,104.851,2.0507,-0.043696758541434955,0.08234982944492075,0.8214974066471317,1.0258489956853114,-0.011566960161390583,-0.11645642153516866,-0.09227772487230546,0.02916572904538728,0.01928138379003997,0.01655129774656624
12/1/2015,-805.7180000000001,26626.7604,6.3553,160.3926,109.12899999999999,2.0507,-0.006083954935016678,0.10024864067324235,0.8550151213626462,1.0677044095921102,0.040800755357602636,-0.09664415085593203,-0.06180470778383407,0.040800755357602636,0.02122778978901631,0.017356271232080733
12/2/2015,-805.7180000000001,26626.7604,6.3553,160.3926,107.81299999999999,2.0507,-0.018686399796115416,0.0901188720805346,0.8447043891126188,1.054828831120547,-0.012059122689660917,-0.09981046532016347,-0.06339967509621158,0.040800755357602636,0.021273805596278065,0.017372431833166762
12/3/2015,-805.7180000000001,26626.7604,6.3553,160.3926,106.586,2.0507,-0.020880221203575244,0.07740287895350861,0.8350909632229656,1.0428240174544317,-0.011380816784617664,-0.0912222364326214,-0.07405895179435507,0.040800755357602636,0.021019804242019272,0.017422130005947147
12/4/2015,-805.7180000000001,26626.7604,6.3553,160.3926,108.211,2.0507,-0.02681823496083391,-0.01587330137688525,0.8478226804769888,1.0587228130595152,0.015245904715440961,-0.011121467997221912,-0.0790866693899781,0.040800755357602636,0.015766560440814186,0.017323680249195204
12/7/2015,-805.7180000000001,26626.7604,6.3553,160.3926,108.71,2.0507,-0.040562723951070634,-0.04566395424778913,0.8517322970368396,1.0636049662945533,0.0046113611370377505,0.005345318684570666,-0.05265267707752386,0.040800755357602636,0.015577970148171565,0.017101234013994885
12/8/2015,-805.7180000000001,26626.7604,6.3553,160.3926,107.583,2.0507,-0.04640216986651069,-0.056125795529082145,0.8429023614397417,1.0525785400502892,-0.01036703155183516,0.010301823713915415,-0.034194556162022494,0.040800755357602636,0.015369657191940797,0.016754140468603473
12/9/2015,-805.7180000000001,26626.7604,6.3553,160.3926,104.70200000000001,2.0507,-0.07488270585012846,-0.0686270178569851,0.8203300061112244,1.024391198426753,-0.026779323870871674,-0.006716630300730331,-0.054387486001228114,0.040800755357602636,0.016349778790296355,0.017067517582912764
12/10/2015,-805.7180000000001,26626.7604,6.3553,160.3926,104.34299999999999,2.0507,-0.07877915702858773,-0.0589762152808434,0.8175172759609508,1.0208787875823067,-0.0034287788198890112,-0.02104403955491352,-0.06553765414961366,0.040800755357602636,0.01615207122632709,0.017029780581407854
12/11/2015,-805.7180000000001,26626.7604,6.3553,160.3926,100.78299999999999,2.0507,-0.10761752127292223,-0.0636461035798721,0.7896250215459829,1.0,-0.034118244635481076,-0.04696025494330924,-0.1044615644354403,0.040800755357602636,0.01766439333816865,0.01749508367198471
12/14/2015,-805.7180000000001,26626.7604,6.3553,160.3926,101.461,2.0507,-0.10161417427415298,-0.07097762469341318,0.7949370857295078,1.0067273250448985,0.00672732504489848,-0.032977192363778496,-0.09962906431918206,0.040800755357602636,0.017715497593851874,0.017522863573656164
12/15/2015,-805.7180000000001,26626.7604,6.3553,160.3926,102.289,2.0507,-0.08938030250425089,-0.04739648710484379,0.8014243853518656,1.0149429963386685,0.008160771133736144,-0.04407270688285592,-0.08800820256776032,0.040800755357602636,0.0171878955939545,0.01756005043611712
12/16/2015,-805.7180000000001,26626.7604,6.3553,160.3926,103.585,2.0507,-0.07562912725325721,-0.05694270926289491,0.8115784195433818,1.0278023079289167,0.012669984064757722,-0.019814721940972224,-0.0667429477534619,0.040800755357602636,0.017300258502644487,0.01760784505424067
12/17/2015,-805.7180000000001,26626.7604,6.3553,160.3926,100.713,2.0507,-0.10021441972661493,-0.05763423568301629,0.7890765783411943,1.0,-0.027726022107448012,-0.04518434949136796,-0.09659855402665918,0.040800755357602636,0.018272210131265846,0.017913149481156736
12/18/2015,-805.7180000000001,26626.7604,6.3553,160.3926,100.125,2.0507,-0.09335808394077971,-0.04992982297278936,0.7844696554209694,1.0,-0.005838372404754044,-0.04571058224759583,-0.07863255728351892,0.040800755357602636,0.01827747568209579,0.017662978630773367
12/21/2015,-805.7180000000001,26626.7604,6.3553,160.3926,101.087,2.0507,-0.08464707746638289,-0.0698782089011637,0.7920068320353512,1.0096079900124844,0.009607990012484358,-0.01587842442415144,-0.06978006809607062,0.040800755357602636,0.017909043494986475,0.017714426226599415
12/22/2015,-805.7180000000001,26626.7604,6.3553,160.3926,101.376,2.0507,-0.0837641444633237,-0.0762354940168467,0.7942711189808359,1.0124943820224719,0.0028589235015383796,-0.008149967224021393,-0.04297258515217872,0.040800755357602636,0.017895406680197165,0.017445942613784564
12/23/2015,-805.7180000000001,26626.7604,6.3553,160.3926,103.07600000000001,2.0507,-0.053471565395458165,-0.03405908226889143,0.8075904539542755,1.0294731585518102,0.016769255050504972,-0.020096967392337572,-0.02186373125830321,0.040800755357602636,0.017062060850469907,0.017570665668870878
12/24/2015,-805.7180000000001,26626.7604,6.3553,160.3926,103.735,2.0507,-0.04242552916524356,-0.02770213512291042,0.8127536549822147,1.0360549313358303,0.006393340835888051,-0.015142884268489532,-0.011492171791768757,0.040800755357602636,0.017129712445032818,0.017582564021983764
12/25/2015,-805.7180000000001,26626.7604,6.3553,160.3926,103.735,2.0507,-0.055383046340730546,-0.040858883415136216,0.8127536549822147,1.0360549313358303,0.0,-0.015142884268489532,0.004152711362360284,0.040800755357602636,0.017129712445032818,0.01746953073524838
12/28/2015,-805.7180000000001,26626.7604,6.3553,160.3926,104.62200000000001,2.0507,-0.056720131995347534,-0.04359272583015528,0.8197032138771801,1.0449138576779027,0.008550633826577503,-0.013725748977167496,0.0018193657116594153,0.040800755357602636,0.01716511452325569,0.01744885679779659
12/29/2015,-805.7180000000001,26626.7604,6.3553,160.3926,105.88799999999999,2.0507,-0.04195430897986896,-0.05133680162859089,0.8296222009809298,1.0575580524344568,0.012100705396570266,0.009890225176679257,0.023418547334847384,0.040800755357602636,0.01718033694789245,0.017469998767518483
12/30/2015,-805.7180000000001,26626.7604,6.3553,160.3926,104.791,2.0507,-0.04887634330525714,-0.009502977054894113,0.8210273124715984,1.046601747815231,-0.01036000302206097,-0.03975112023385163,-0.0027597757920081456,0.016769255050504972,0.014634944587987924,0.01741433915900092
12/31/2015,-805.7180000000001,26626.7604,6.3553,160.3926,104.762,2.0507,-0.04990704212578789,-0.02223733732372024,0.8208001002867574,1.0463121098626718,-0.0002767413232052096,-0.028298999193047125,-0.04053558999157403,0.016769255050504972,0.014447702568476084,0.016684140414994254
1/1/2016,-805.7180000000001,26626.7604,6.3553,160.3926,104.762,2.0507,-0.04437775365557761,-0.027739516724894497,0.8208001002867574,1.0463121098626718,0.0,-0.017112941662131953,-0.029460265698245447,0.016769255050504972,0.014261557121178036,0.016625814248284937
1/4/2016,-805.7180000000001,26626.7604,6.3553,160.3926,105.45,2.0507,-0.024261603375527407,0.0012861795839809176,0.8261905134995378,1.053183520599251,0.006567266757030232,-0.025514966130984806,-0.03818966224905829,0.016769255050504972,0.013896731683176509,0.01652317895359909
1/5/2016,-805.7180000000001,26626.7604,6.3553,160.3926,106.835,2.0507,-0.021594790874872927,-0.004423360471825122,0.8370418540514283,1.067016229712859,0.013134186818397176,-0.017247723300524376,-0.0305001996442702,0.016769255050504972,0.014194271972027741,0.01659780167499327
1/6/2016,-805.7180000000001,26626.7604,6.3553,160.3926,105.85799999999999,2.0507,-0.030542250876887778,-0.01474453490608374,0.8293871538931632,1.0572584269662921,-0.009144943136612516,-0.01603413178662061,-0.036568495394808775,0.016769255050504972,0.014155242345538829,0.016631851237810424
1/7/2016,-805.7180000000001,26626.7604,6.3553,160.3926,102.289,2.0507,-0.06998163402614876,-0.048042478133580535,0.8014243853518656,1.0216129837702872,-0.03371497666685552,-0.023046360145938083,-0.05949797719749916,0.016769255050504972,0.01485826334136598,0.017111441342070547
1/8/2016,-805.7180000000001,26626.7604,6.3553,160.3926,101.34200000000001,2.0507,-0.08752689914733058,-0.06050619918424682,0.7940047322813671,1.0121548064918853,-0.009258082491763409,-0.02876091352558363,-0.06880455756684722,0.016769255050504972,0.014959948250113143,0.01714315269291703
1/11/2016,-805.7180000000001,26626.7604,6.3553,160.3926,103.565,2.0507,-0.1081823505097822,-0.13213867456599615,0.8114217214848708,1.0343570536828963,0.02193562392690085,0.027603861762400594,-0.04618714312027994,0.02193562392690085,0.013760606668541188,0.017383412441801502
1/12/2016,-805.7180000000001,26626.7604,6.3553,160.3926,100.53399999999999,2.0507,-0.1482479327639964,-0.1403941304053139,0.7876741307175203,1.0040848938826465,-0.029266644136532682,-0.009136515508421983,-0.08957210776545177,0.02193562392690085,0.015225999987703305,0.01760390616473166
1/13/2016,-805.7180000000001,26626.7604,6.3553,160.3926,97.43299999999999,2.0507,-0.17978786093105492,-0.13890899907399612,0.7633780967453813,1.0,-0.030845286171842345,-0.047473335353752644,-0.1146961546848877,0.02193562392690085,0.016467551476285352,0.017991257272517602
1/14/2016,-805.7180000000001,26626.7604,6.3553,160.3926,99.18799999999999,2.0507,-0.17093231247596918,-0.13417977565656392,0.7771283513797264,1.0180123777364958,0.018012377736495777,-0.042448230921465546,-0.10233042219104949,0.02193562392690085,0.016747370177863857,0.018149726700858296
1/15/2016,-805.7180000000001,26626.7604,6.3553,160.3926,91.69,2.0507,-0.22074721240141426,-0.14406275496328536,0.7183822492439319,1.0,-0.07559382183328622,-0.0895912146396195,-0.18010211837504808,0.02193562392690085,0.022651086662622232,0.02031930515813619
1/18/2016,-805.7180000000001,26626.7604,6.3553,160.3926,91.69,2.0507,-0.22664282521233803,-0.15549801368072136,0.7183822492439319,1.0,0.0,-0.0842446941323346,-0.1725774721605573,0.02193562392690085,0.022665900416885258,0.02030718266444571
1/19/2016,-805.7180000000001,26626.7604,6.3553,160.3926,90.553,2.0507,-0.22176577257921748,-0.13123404694173968,0.7094739646175784,1.0,-0.012400479877849313,-0.10420726700762717,-0.21544792930168088,0.02193562392690085,0.022516956846435635,0.019529038201306324
1/20/2016,-805.7180000000001,26626.7604,6.3553,160.3926,88.3,2.0507,-0.24949427983748962,-0.13835483706461316,0.6918219283263081,1.0,-0.02488045674908612,-0.12898516414141425,-0.2370765256309455,0.02193562392690085,0.022845474375784304,0.019692427548624925
1/21/2016,-805.7180000000001,26626.7604,6.3553,160.3926,87.23299999999999,2.0507,-0.2581218533133761,-0.12338413389576808,0.6834620869047432,1.0,-0.012083805209513132,-0.1537021227055766,-0.256230549516136,0.02193562392690085,0.02224858802236703,0.01958942233950556
1/22/2016,-805.7180000000001,26626.7604,6.3553,160.3926,93.744,2.0507,-0.2081161672903591,-0.12371917790861708,0.7344751398530173,1.0746391847122077,0.07463918471220765,-0.09631271991131252,-0.19805639200657,0.07463918471220765,0.028509322498686013,0.021981161279594357
1/25/2016,-805.7180000000001,26626.7604,6.3553,160.3926,93.435,2.0507,-0.21601121002861245,-0.12958658824121705,0.7320541548490215,1.071096947256199,-0.003296210957501211,-0.09929146382609533,-0.20144438271868714,0.07463918471220765,0.02849282192064703,0.021974614660033163
1/26/2016,-805.7180000000001,26626.7604,6.3553,160.3926,96.755,2.0507,-0.17679139653206732,-0.10985757312777567,0.7580660325618566,1.109155938692926,0.03553272328356605,-0.07519450975894193,-0.18288841408315115,0.07463918471220765,0.029697449876148724,0.022434337637288256
1/27/2016,-805.7180000000001,26626.7604,6.3553,160.3926,94.97,2.0507,-0.18057964261986736,-0.08637693163875448,0.7440807308397449,1.0886934990198665,-0.018448658984031807,-0.10310894530069503,-0.19972023493524116,0.07463918471220765,0.029653770704580206,0.022508587203980576
1/28/2016,-805.7180000000001,26626.7604,6.3553,160.3926,94.791,2.0507,-0.19697226410938484,-0.11225665441114185,0.7426782832160709,1.0866415232767417,-0.001884805728124661,-0.09542804248456449,-0.21533227376576936,0.07463918471220765,0.02963126567166029,0.022344602278726283
1/29/2016,-805.7180000000001,26626.7604,6.3553,160.3926,98.98899999999999,2.0507,-0.16822956054113114,-0.11972103184606342,0.7755692056975413,1.1347655130512535,0.04428690487493525,-0.055105858994673684,-0.1734868536408194,0.07463918471220765,0.03147562800756323,0.023133139741908754
2/1/2016,-805.7180000000001,26626.7604,6.3553,160.3926,97.852,2.0507,-0.17984393465706694,-0.12192709686612069,0.766660921071188,1.1217314548393384,-0.01148612472092847,-0.06595903094633548,-0.16569041224367986,0.07463918471220765,0.03153478639373761,0.023046527170911553
2/2/2016,-805.7180000000001,26626.7604,6.3553,160.3926,96.12700000000001,2.0507,-0.2075790549675206,-0.130725096448709,0.7531457135246095,1.1019568282645331,-0.017628663696194202,-0.08841156946420092,-0.12155024308220919,0.07463918471220765,0.03161843779686577,0.021617169088987264
2/3/2016,-805.7180000000001,26626.7604,6.3553,160.3926,95.499,2.0507,-0.2127559600356118,-0.11930787746892213,0.7482253944873622,1.09475771783614,-0.006533024020306644,-0.10610754902419617,-0.1168294306958163,0.07463918471220765,0.03137828945944276,0.02158780876215066
2/4/2016,-805.7180000000001,26626.7604,6.3553,160.3926,95.618,2.0507,-0.2150942776696957,-0.13103652079690697,0.749157747935503,1.0961218804810107,0.0012460863464538452,-0.09673335978386133,-0.10206036474278313,0.07463918471220765,0.031389267373037474,0.02152153913440361
2/5/2016,-805.7180000000001,26626.7604,6.3553,160.3926,93.126,2.0507,-0.23548776383085268,-0.1602646723202339,0.7296331698450257,1.0675547098001905,-0.02606203852831046,-0.08957952468007313,-0.11653543307086611,0.07463918471220765,0.031074326892921795,0.021717696276168773
2/8/2016,-805.7180000000001,26626.7604,6.3553,160.3926,86.595,2.0507,-0.28235196618737834,-0.16013757096092485,0.6784634188382406,1.0,-0.07013079054184657,-0.14551715971660328,-0.1875574653331582,0.07463918471220765,0.0342646829750502,0.023296848843548122
2/9/2016,-805.7180000000001,26626.7604,6.3553,160.3926,85.488,2.0507,-0.2928681324135193,-0.14334044700315973,0.6697901812996537,1.0,-0.012783648016629123,-0.174547385699802,-0.19159519238952616,0.07463918471220765,0.03363564533666506,0.023321605716585446
2/10/2016,-805.7180000000001,26626.7604,6.3553,160.3926,86.087,2.0507,-0.27664061843542564,-0.1552474581967903,0.6744832881520598,1.0070068313681453,0.007006831368145283,-0.1437026279666579,-0.17950648583219753,0.07463918471220765,0.0334495967595073,0.023347983330548872
2/11/2016,-805.7180000000001,26626.7604,6.3553,160.3926,84.711,2.0507,-0.2788343662739222,-0.17052884287952064,0.6637024617264992,1.0,-0.015983830311196878,-0.13057177752917382,-0.2083454044203542,0.07463918471220765,0.03307107160049927,0.023221603180594692
2/12/2016,-805.7180000000001,26626.7604,6.3553,160.3926,88.529,2.0507,-0.25853866898943034,-0.16926581684785347,0.6936161210962596,1.0450708880782897,0.04507088807828974,-0.10746259628180821,-0.16228389746307215,0.07463918471220765,0.03455218006843736,0.023980242672396287
2/15/2016,-805.7180000000001,26626.7604,6.3553,160.3926,88.529,2.0507,-0.2600879245787644,-0.2336687617009896,0.6936161210962596,1.0450708880782897,0.0,-0.03447486094448682,-0.160695493889779,0.07463918471220765,0.03051281762752481,0.023982230231926523
2/16/2016,-805.7180000000001,26626.7604,6.3553,160.3926,90.264,2.0507,-0.27407836325033774,-0.26261017821527377,0.7072096776720936,1.0655522895491731,0.019598097798461556,-0.015552404842403722,-0.13969558048436448,0.07463918471220765,0.030850145015820507,0.024139876095813268
2/17/2016,-805.7180000000001,26626.7604,6.3553,160.3926,91.391,2.0507,-0.26859113899737497,-0.2752977143222999,0.7160396132691916,1.0788563468734875,0.01248559780200309,0.009254248892913708,-0.11027278568507937,0.07463918471220765,0.03083991105380105,0.02408559583042967
2/18/2016,-805.7180000000001,26626.7604,6.3553,160.3926,91.301,2.0507,-0.2666763049886347,-0.2907801418439716,0.7153344720058918,1.0777939110623178,-0.0009847796829010047,0.03398640996602498,-0.10672249997554029,0.07463918471220765,0.030277275787707194,0.024081779135230276
2/19/2016,-805.7180000000001,26626.7604,6.3553,160.3926,89.37700000000001,2.0507,-0.2853956121274146,-0.30253773826276076,0.7002601187771285,1.055081394387978,-0.021073153634680764,0.024577854710946756,-0.15032797794467145,0.07463918471220765,0.030549072644620867,0.023880794876719718
2/22/2016,-805.7180000000001,26626.7604,6.3553,160.3926,92.74700000000001,2.0507,-0.2533890391550745,-0.2453632148377125,0.7266637416362413,1.0948637130951118,0.0377054499479732,-0.010635347328895595,-0.11946264122282335,0.04507088807828974,0.02698956942650272,0.0244040002226969
2/23/2016,-805.7180000000001,26626.7604,6.3553,160.3926,92.488,2.0507,-0.23901363370825346,-0.23122176785670212,0.724634501778523,1.091806258927412,-0.0027925431550348545,-0.01013538823781246,-0.12192157979682905,0.04507088807828974,0.026986866891009653,0.024403355788352555
2/24/2016,-805.7180000000001,26626.7604,6.3553,160.3926,95.419,2.0507,-0.21778728706572892,-0.20683521059793752,0.7475986022533181,1.1264062518445066,0.03169059769916105,-0.013808071934266919,-0.1004826637002959,0.04507088807828974,0.026744896680805555,0.02474178481248644
2/25/2016,-805.7180000000001,26626.7604,6.3553,160.3926,96.316,2.0507,-0.1979748690576313,-0.2091830361975503,0.7546265101775389,1.136995195429165,0.009400643477714077,0.014172896704222504,-0.08140122650237003,0.04507088807828974,0.026490235242452816,0.02474353057370046
2/26/2016,-805.7180000000001,26626.7604,6.3553,160.3926,94.382,2.0507,-0.2106416432490298,-0.20722099558410279,0.7394738079195199,1.114164630331362,-0.020079737530628305,-0.004314755620259181,-0.13513364916749893,0.04507088807828974,0.02688417367020524,0.02426716511292396
2/29/2016,-805.7180000000001,26626.7604,6.3553,160.3926,94.611,2.0507,-0.21546498611053522,-0.1791616567851072,0.7412680006894715,1.1168679392286718,0.0024263101015022936,-0.044227136348483076,-0.12245276543645,0.04507088807828974,0.024927957660712367,0.02423903084047893
3/1/2016,-805.7180000000001,26626.7604,6.3553,160.3926,96.04700000000001,2.0507,-0.19355326241194282,-0.17839780350800583,0.7525189212905653,1.1338196928380022,0.015177939140269103,-0.01844622491109016,-0.09887790141294339,0.04507088807828974,0.025091281662291406,0.024300254166223303
3/2/2016,-805.7180000000001,26626.7604,6.3553,160.3926,95.71799999999999,2.0507,-0.19243035283397747,-0.1889796331606567,0.7499412382280582,1.1299358997060593,-0.003425406311493573,-0.004254787936792126,-0.11545037011024761,0.04507088807828974,0.024798556066261763,0.02420815208511546
3/3/2016,-805.7180000000001,26626.7604,6.3553,160.3926,96.536,2.0507,-0.18535708559421438,-0.19410806659859414,0.7563501888211606,1.1395922607453577,0.008545937023339611,0.010858752447669762,-0.11198601784564433,0.04507088807828974,0.024815397342232964,0.024229646780545462
3/4/2016,-805.7180000000001,26626.7604,6.3553,160.3926,96.296,2.0507,-0.2001063246556909,-0.20573820876181625,0.7544698121190279,1.1367590985822384,-0.0024861191679786954,0.007090715137317405,-0.10491434520323839,0.04507088807828974,0.02482549087676239,0.024203948857318767
3/7/2016,-805.7180000000001,26626.7604,6.3553,160.3926,96.177,2.0507,-0.19650286554495466,-0.22199201323330375,0.7535374586708872,1.1353543223430251,-0.0012357730331478134,0.03276206429998063,-0.08142155832744369,0.04507088807828974,0.02407029930193342,0.02398607555025713
3/8/2016,-805.7180000000001,26626.7604,6.3553,160.3926,93.255,2.0507,-0.2368657937806875,-0.291366612111293,0.7306438723224219,1.1008605730070475,-0.03038148413861952,0.07690975229516717,-0.10626491475230726,0.04507088807828974,0.01919986750933136,0.024267672130246266
3/9/2016,-805.7180000000001,26626.7604,6.3553,160.3926,91.491,2.0507,-0.24644807392948032,-0.2958908848311136,0.7168231035617468,1.0800368311081205,-0.0189158758243525,0.07022038180797296,-0.0921980889634163,0.04507088807828974,0.019507410057693398,0.024012241765918017
3/10/2016,-805.7180000000001,26626.7604,6.3553,160.3926,91.6,2.0507,-0.24312533051295615,-0.2886782786885246,0.7176771079806321,1.0813235589238706,0.001191374014930302,0.06403986664653183,-0.09719005332098052,0.04507088807828974,0.01949516979436151,0.023992702379069652
3/11/2016,-805.7180000000001,26626.7604,6.3553,160.3926,94.272,2.0507,-0.2053341875226542,-0.28592863585403483,0.7386119685977092,1.1128660976732656,0.029170305676855968,0.11286609767326561,-0.07837597395614382,0.04507088807828974,0.019768692144353384,0.02427123980199013
3/14/2016,-805.7180000000001,26626.7604,6.3553,160.3926,94.09299999999999,2.0507,-0.20850437415881562,-0.25530787348586814,0.737209520974035,1.1107530308932723,-0.0018987610319078918,0.06284946175829376,-0.09163488922141239,0.0377054499479732,0.01757856734869655,0.024208181863514856
3/15/2016,-805.7180000000001,26626.7604,6.3553,160.3926,94.791,2.0507,-0.21260777831309297,-0.2646237934643564,0.7426782832160709,1.118992810851011,0.007418192639197407,0.07073388381208412,-0.058800750647880595,0.0377054499479732,0.01758867572080019,0.02399184155645979
3/16/2016,-805.7180000000001,26626.7604,6.3553,160.3926,95.289,2.0507,-0.20484491434198115,-0.24677687191768827,0.7465800648729962,1.1248716223394837,0.00525366332246735,0.055670034565275195,-0.0482996254681648,0.0377054499479732,0.01720272746207097,0.023994053339104832
3/17/2016,-805.7180000000001,26626.7604,6.3553,160.3926,99.01799999999999,2.0507,-0.1519236698756382,-0.2172479358662509,0.7757964178823823,1.1688918794489498,0.03913358309983295,0.08345460712761632,-0.020467518078487013,0.03913358309983295,0.018861680842395617,0.024478157744388225
3/18/2016,-805.7180000000001,26626.7604,6.3553,160.3926,98.87899999999999,2.0507,-0.16998379907495242,-0.23359551410655666,0.7747073663757306,1.1672510063628099,-0.0014037851703729842,0.08300018619730332,-0.02463107638888906,0.03913358309983295,0.018867429897905002,0.024475928364540822
3/21/2016,-805.7180000000001,26626.7604,6.3553,160.3926,98.141,2.0507,-0.18070408308080177,-0.2538672810906024,0.7689252080166727,1.1585390327112182,-0.007463667715085998,0.09805654698636102,-0.04787729442353217,0.03913358309983295,0.018185545024154776,0.024396833297641595
3/22/2016,-805.7180000000001,26626.7604,6.3553,160.3926,97.45299999999999,2.0507,-0.1864476111765051,-0.225734011203219,0.7635347948038923,1.1504173011769427,-0.007010321883820336,0.0507401856663825,-0.060558152985974,0.03913358309983295,0.01667292749413163,0.02439432997261935
3/23/2016,-805.7180000000001,26626.7604,6.3553,160.3926,96.665,2.0507,-0.1960394557370504,-0.23077946704813868,0.7573608912985569,1.1411150854080345,-0.008085949124193026,0.04516261569068436,-0.0681544319660673,0.03913358309983295,0.01679635973766334,0.024411867145046312
3/24/2016,-805.7180000000001,26626.7604,6.3553,160.3926,97.62299999999999,2.0507,-0.18142027016828932,-0.19990105568552485,0.7648667283012363,1.1524241243758189,0.009910515698546396,0.023098125111350898,-0.06689797556919219,0.03913358309983295,0.015510038590921286,0.024420891146282164
3/25/2016,-805.7180000000001,26626.7604,6.3553,160.3926,97.62299999999999,2.0507,-0.1705988802324495,-0.18170310017586633,0.7648667283012363,1.1524241243758189,0.0,0.013569915694173318,-0.07805417044424301,0.03913358309983295,0.015396825034281029,0.02436527911094458
3/28/2016,-805.7180000000001,26626.7604,6.3553,160.3926,97.443,2.0507,-0.1751695065898068,-0.20108010191557257,0.7634564457746368,1.1502992527534794,-0.0018438277864846198,0.03243203153143592,-0.07012052561765802,0.03913358309983295,0.014659639868441779,0.024336097429211077
3/29/2016,-805.7180000000001,26626.7604,6.3553,160.3926,99.896,2.0507,-0.1485531642872363,-0.19359897720008523,0.7826754626510177,1.1792565310290282,0.02517369128618796,0.05586031222585097,-0.04644813959260041,0.03913358309983295,0.015536189589651153,0.02455619387366938
3/30/2016,-805.7180000000001,26626.7604,6.3553,160.3926,99.667,2.0507,-0.15794053784608109,-0.18852493642331503,0.7808812698810662,1.1765532221317185,-0.0022923840794426553,0.037689880995762426,-0.04863404669632121,0.03913358309983295,0.015300917389193014,0.02455720410663749
3/31/2016,-805.7180000000001,26626.7604,6.3553,160.3926,99.876,2.0507,-0.15879727111934638,-0.19381790617367145,0.7825187645925067,1.1790204341821016,0.0020969829532342388,0.04344010530934628,-0.05285917496443815,0.03913358309983295,0.015252664183746465,0.024542927695240864
4/1/2016,-805.7180000000001,26626.7604,6.3553,160.3926,101.74,2.0507,-0.14668411208682453,-0.19033121136636222,0.797123023645737,1.2010246603156614,0.018663142296447388,0.05390735062567331,-0.04769036364487289,0.03913358309983295,0.01562056448099931,0.024602514389178137
4/4/2016,-805.7180000000001,26626.7604,6.3553,160.3926,101.551,2.0507,-0.15420685289757297,-0.19797444738727032,0.7956422269928076,1.1987935451122052,-0.0018576764301159177,0.05457132175791313,-0.040686580135653294,0.03913358309983295,0.015610894603809131,0.0245782210461354
4/5/2016,-805.7180000000001,26626.7604,6.3553,160.3926,99.796,2.0507,-0.16417360424797722,-0.1944839947067789,0.7818919723584625,1.1780760467943951,-0.01728195684926781,0.03762853904779728,-0.02437212212456863,0.03913358309983295,0.016192406323762305,0.024304207090446235
4/6/2016,-805.7180000000001,26626.7604,6.3553,160.3926,100.295,2.0507,-0.17440443851764054,-0.23235541067812526,0.7858015889183133,1.183966663125214,0.005000200408833866,0.07549193072757499,-0.01033135323952572,0.03913358309983295,0.01440985341045322,0.024283930584127596
4/7/2016,-805.7180000000001,26626.7604,6.3553,160.3926,98.779,2.0507,-0.1875524337484168,-0.2474955174285668,0.7739238760831753,1.1660705221281769,-0.015115409541851643,0.0796581084478254,-0.04621252353594363,0.03913358309983295,0.014134574950553003,0.024195721454853374
4/8/2016,-805.7180000000001,26626.7604,6.3553,160.3926,99.51700000000001,2.0507,-0.18655386627431747,-0.2512669609285598,0.7797060344422333,1.174782495779769,0.007471223640652447,0.08643013100436692,-0.010115980663258028,0.03913358309983295,0.014144155079238042,0.023931569065518403
4/11/2016,-805.7180000000001,26626.7604,6.3553,160.3926,98.48,2.0507,-0.2059025117929283,-0.23983389106156505,0.7715812401084351,1.1625408742666243,-0.010420330194841121,0.04463679565512568,0.010745845863311398,0.03913358309983295,0.01323785865794859,0.023641890412646718
4/12/2016,-805.7180000000001,26626.7604,6.3553,160.3926,100.115,2.0507,-0.17139806660928292,-0.221239157783222,0.7843913063917137,1.1818417915028745,0.01660235580828595,0.0640005101335912,0.009345888615558406,0.03913358309983295,0.01356553175163976,0.023625653767841006
4/13/2016,-805.7180000000001,26626.7604,6.3553,160.3926,101.162,2.0507,-0.14939880602034805,-0.20296813251492485,0.7925944497547676,1.1942014614394825,0.010457973330669779,0.06721102214345254,0.10330461337114194,0.03913358309983295,0.01363058957356747,0.021556837079712683
4/14/2016,-805.7180000000001,26626.7604,6.3553,160.3926,100.564,2.0507,-0.1455396667601302,-0.19035966455099285,0.7879091778052869,1.1871421657163768,-0.005911310571163231,0.05535791119646549,0.09678263714690805,0.03913358309983295,0.013763169071039949,0.021577604561242376
4/15/2016,-805.7180000000001,26626.7604,6.3553,160.3926,101.292,2.0507,-0.1301450445266945,-0.1496732419040423,0.7936129871350894,1.1957360909445054,0.007239171075136275,0.022965521420347912,0.11859353086038027,0.02517369128618796,0.011024042173732554,0.021512447482015806
4/18/2016,-805.7180000000001,26626.7604,6.3553,160.3926,101.92,2.0507,-0.11742293037755458,-0.14375649463110507,0.7985333061723365,1.203149531938001,0.006199897326541137,0.030754760869345477,0.1542468856172141,0.02517369128618796,0.011061141263873767,0.021240563043756724
4/19/2016,-805.7180000000001,26626.7604,6.3553,160.3926,101.561,2.0507,-0.12333295928320476,-0.15285414634567396,0.7957205760220631,1.1989115935356685,-0.0035223704866561567,0.034847820992245815,0.16424976786307965,0.02517369128618796,0.010934125365416058,0.02117303083408834
4/20/2016,-805.7180000000001,26626.7604,6.3553,160.3926,103.116,2.0507,-0.11097699762044344,-0.1598010138979895,0.8079038500712976,1.2172681233842122,0.015310995362392887,0.05811006331257129,0.09997439836149513,0.02517369128618796,0.011129346162751868,0.019140721806072066
4/21/2016,-805.7180000000001,26626.7604,6.3553,160.3926,102.698,2.0507,-0.09838900838417985,-0.15135419867433386,0.8046288606484165,1.212333699283446,-0.004053687109662918,0.062411420886566926,0.09913843848664827,0.02517369128618796,0.010966603358902805,0.01914414486835673
4/22/2016,-805.7180000000001,26626.7604,6.3553,160.3926,103.435,2.0507,-0.09429617176281035,-0.1451875591047599,0.8104031841045489,1.2210338680926918,0.0071763812342986455,0.05953515052805192,0.06904035967133493,0.02517369128618796,0.010895763743409321,0.01866274023303814
4/25/2016,-805.7180000000001,26626.7604,6.3553,160.3926,103.186,2.0507,-0.09128056996415701,-0.1402717721552431,0.8084522932760864,1.2180944623484555,-0.002407308937980357,0.05698452209008131,0.08651152995682865,0.02517369128618796,0.01093942559751041,0.01849860114979922
4/26/2016,-805.7180000000001,26626.7604,6.3553,160.3926,104.024,2.0507,-0.1002162442695268,-0.15714038577977685,0.8150179419276995,1.2279869202346803,0.008121256759637818,0.06753691901932424,0.0974037619605237,0.02517369128618796,0.010948628026873755,0.01851213565407122
4/27/2016,-805.7180000000001,26626.7604,6.3553,160.3926,104.512,2.0507,-0.08979115500513846,-0.12999251014613922,0.8188413745553692,1.2337476832996896,0.004691225101899565,0.04620805637863379,0.05579407812989334,0.018663142296447388,0.009735966342574943,0.017695209343977333
4/28/2016,-805.7180000000001,26626.7604,6.3553,160.3926,103.745,2.0507,-0.09866117583687362,-0.13409092883641327,0.8128320040114704,1.2246933692200541,-0.0073388701775872756,0.040916251116217106,0.06022360299227403,0.018663142296447388,0.009913025333572292,0.01765561434294858
4/29/2016,-805.7180000000001,26626.7604,6.3553,160.3926,102.73700000000001,2.0507,-0.10819350526471128,-0.13302835912882705,0.8049344218625132,1.212794088134953,-0.009716130897874597,0.02864552044535218,0.06876319868507297,0.018663142296447388,0.010234711989696612,0.017548175548348754
5/2/2016,-805.7180000000001,26626.7604,6.3553,160.3926,104.881,2.0507,-0.09561175831472202,-0.12269658270744765,0.8217324537348982,1.2381036701254855,0.020868820386034104,0.03087281305287992,0.09824186640697818,0.020868820386034104,0.010430227639047164,0.017692195987318665
5/3/2016,-805.7180000000001,26626.7604,6.3553,160.3926,98.73899999999999,2.0507,-0.16190063914848107,-0.13803230543318634,0.7736104799661532,1.1655983284343236,-0.05856160791754472,-0.02769052003426864,0.03264029785186895,0.020868820386034104,0.01676138796043199,0.019249879207701857
5/4/2016,-805.7180000000001,26626.7604,6.3553,160.3926,99.49700000000001,2.0507,-0.15675506174095055,-0.15422101311094716,0.7795493363837224,1.1745463989328424,0.007676804504805901,-0.0029961120686199383,0.06841268818589885,0.020868820386034104,0.01644591446206595,0.018960644439969553
5/5/2016,-805.7180000000001,26626.7604,6.3553,160.3926,99.667,2.0507,-0.14137907269249972,-0.13596891745205797,0.7808812698810662,1.1765532221317185,0.0017085942289716272,-0.00626152849095174,0.15095559789826196,0.020868820386034104,0.01641141534940852,0.016614873992835146
5/6/2016,-805.7180000000001,26626.7604,6.3553,160.3926,100.634,2.0507,-0.12004756783225345,-0.13626784886720356,0.7884576210100757,1.18796850468062,0.009702308687930872,0.018779295194322643,0.17717106494478752,0.020868820386034104,0.01617304257978633,0.016525371211655808
5/9/2016,-805.7180000000001,26626.7604,6.3553,160.3926,99.916,2.0507,-0.11748235688986652,-0.12100656261868803,0.7828321607095288,1.1794926278759548,-0.0071347655861836445,0.004009365234080464,0.16063981785867787,0.020868820386034104,0.016195517741907535,0.016562303369788717
5/10/2016,-805.7180000000001,26626.7604,6.3553,160.3926,101.84,2.0507,-0.09929510821017629,-0.12901200173348548,0.7979065139382924,1.2022051445502946,0.019256175187157387,0.0341186027619822,0.2022051445502946,0.020868820386034104,0.016503436855951705,0.016522925572137206
5/11/2016,-805.7180000000001,26626.7604,6.3553,160.3926,101.37200000000001,2.0507,-0.10343424695092285,-0.1145515490815181,0.7942397793691337,1.196680478332212,-0.004595443833464108,0.012555561104729662,0.14507110664302103,0.020868820386034104,0.016193776369716372,0.01564792369582117
5/12/2016,-805.7180000000001,26626.7604,6.3553,160.3926,100.883,2.0507,-0.10404270058082743,-0.10156485905611101,0.7904085118385383,1.1909079104248563,-0.004823817227637028,-0.002757952590893953,0.13954749291192714,0.020868820386034104,0.01607734903293657,0.015671013117915095
5/13/2016,-805.7180000000001,26626.7604,6.3553,160.3926,99.706,2.0507,-0.11300696563442425,-0.10537412484765452,0.7811868310951627,1.1770136109832254,-0.011666980561640616,-0.008531880195696173,0.1046042719134983,0.020868820386034104,0.01623138634513634,0.01560598333441513
5/16/2016,-805.7180000000001,26626.7604,6.3553,160.3926,99.59700000000001,2.0507,-0.1124053114695659,-0.09729970590856418,0.7803328266762776,1.1757268831674754,-0.001093214049304958,-0.01673379931287755,0.08979002308761252,0.020868820386034104,0.016139987237392798,0.015548292321626373
5/17/2016,-805.7180000000001,26626.7604,6.3553,160.3926,98.90899999999999,2.0507,-0.11278053856227932,-0.08577169408514385,0.7749424134634971,1.1676051516331998,-0.0069078385895159355,-0.02954277864992161,0.08332876967393554,0.020868820386034104,0.016114206288961177,0.015581341096057105
5/18/2016,-805.7180000000001,26626.7604,6.3553,160.3926,98.161,2.0507,-0.14495392066340307,-0.11533771188655251,0.7690819060751838,1.1587751295581448,-0.007562506950833492,-0.033477417512627894,0.09828031820266947,0.020868820386034104,0.01616609419790553,0.015358549506853156
5/19/2016,-805.7180000000001,26626.7604,6.3553,160.3926,97.154,2.0507,-0.15269226073154152,-0.10069595855645297,0.761192158829152,1.14688765331539,-0.010258656696651491,-0.05781837930098144,0.04751636171520346,0.020868820386034104,0.01579586827649178,0.014715539542839592
5/20/2016,-805.7180000000001,26626.7604,6.3553,160.3926,97.014,2.0507,-0.1480658616904501,-0.09815148188803513,0.7600952724195746,1.1452349753869038,-0.0014410111781295587,-0.05534674482463142,0.04893607819392787,0.020868820386034104,0.01579504856477389,0.014711136598820713
5/23/2016,-805.7180000000001,26626.7604,6.3553,160.3926,97.34299999999999,2.0507,-0.17332891730996236,-0.12159350504870348,0.7626729554820815,1.1491187685188464,0.00339126311666349,-0.058896891767777015,0.020163699053647566,0.020868820386034104,0.015699382655176012,0.014177095648196364
5/24/2016,-805.7180000000001,26626.7604,6.3553,160.3926,98.191,2.0507,-0.15793219961065807,-0.11509600624319294,0.7693169531629503,1.1591292748285347,0.008711463587520507,-0.04840772973077745,0.01946717056356162,0.020868820386034104,0.01589832516670744,0.014170315785229166
5/25/2016,-805.7180000000001,26626.7604,6.3553,160.3926,98.251,2.0507,-0.1534319047372864,-0.10368953454307328,0.7697870473384835,1.1598375653693145,0.0006110539662493863,-0.055496808428824096,0.04099298595071099,0.020868820386034104,0.01573732797510384,0.013925529939656827
5/26/2016,-805.7180000000001,26626.7604,6.3553,160.3926,98.41,2.0507,-0.1490631133861945,-0.09630001124091003,0.7710327969036463,1.161714535302381,0.001618304139398008,-0.05838563992651569,0.04015389331050301,0.020868820386034104,0.01568038026433583,0.013924318247592117
5/27/2016,-805.7180000000001,26626.7604,6.3553,160.3926,98.56,2.0507,-0.15433258685337248,-0.10984409723115995,0.7722080323424793,1.1634852616543307,0.0015242353419369081,-0.04997831220781723,0.026164273740980848,0.020868820386034104,0.015669705575641176,0.013801391036104201
5/30/2016,-805.7180000000001,26626.7604,6.3553,160.3926,98.56,2.0507,-0.1523032992740908,-0.11637767915505537,0.7722080323424793,1.1634852616543307,0.0,-0.04065721210469453,0.029691385110428792,0.020868820386034104,0.015583569365747821,0.013792403615491115
5/31/2016,-805.7180000000001,26626.7604,6.3553,160.3926,99.10799999999999,2.0507,-0.15043246440419367,-0.10094550691343007,0.7765015591456821,1.1699543152601195,0.00556006493506489,-0.055043334827089896,0.026642910416839305,0.019256175187157387,0.014806032793939255,0.013769626337646675
6/1/2016,-805.7180000000001,26626.7604,6.3553,160.3926,98.071,2.0507,-0.16474185361200544,-0.15905258316725446,0.768376764811884,1.157712693746975,-0.010463332929733116,-0.00676531056624019,0.018432749023842954,0.019256175187157387,0.007755315172413969,0.01383416317855059
6/2/2016,-805.7180000000001,26626.7604,6.3553,160.3926,101.45100000000001,2.0507,-0.13337889206850884,-0.1500704736684746,0.7948587367002523,1.1976130608775721,0.03446482650324767,0.019638783078886668,0.054836395395988724,0.03446482650324767,0.010755006173838056,0.014482692970354127
6/3/2016,-805.7180000000001,26626.7604,6.3553,160.3926,101.70100000000001,2.0507,-0.1330207578534589,-0.15036017220067355,0.7968174624316405,1.2005642714641547,0.0024642438221407215,0.020407958501811096,0.09056887030186056,0.03446482650324767,0.010758825688901635,0.013916691788475254
6/6/2016,-805.7180000000001,26626.7604,6.3553,160.3926,101.85,2.0507,-0.1519990674903836,-0.1621234576124424,0.7979848629675478,1.202323192973758,0.0014650790061059293,0.012083391299163138,0.1132242515657278,0.03446482650324767,0.010574926131158156,0.013669788043248901
6/7/2016,-805.7180000000001,26626.7604,6.3553,160.3926,104.113,2.0507,-0.12801721971892321,-0.16316856228747545,0.8157152482880737,1.2290375512035037,0.022218949435444335,0.0420052844389287,0.13660480349344994,0.03446482650324767,0.011405375522868457,0.013909389435178844
6/8/2016,-805.7180000000001,26626.7604,6.3553,160.3926,103.804,2.0507,-0.13028469929788689,-0.1467399500645139,0.813294263284078,1.2253898549184876,-0.0029679290770604494,0.019285153181461068,0.10111167684996603,0.03446482650324767,0.010737871836501356,0.013484540353096576
6/9/2016,-805.7180000000001,26626.7604,6.3553,160.3926,103.535,2.0507,-0.1358184413264668,-0.15387247823582917,0.8111866743971042,1.2222143523273246,-0.0025914222958652866,0.021337252890344383,0.10034752850902828,0.03446482650324767,0.010694810174639377,0.013487737675501557
6/10/2016,-805.7180000000001,26626.7604,6.3553,160.3926,100.723,2.0507,-0.1513846879712868,-0.15003664978810527,0.7891549273704499,1.1890191356494435,-0.0271598976191626,-0.0015859956583368362,0.0625797807808759,0.03446482650324767,0.012299492007790765,0.013943381360310559
6/13/2016,-805.7180000000001,26626.7604,6.3553,160.3926,100.464,2.0507,-0.15738620637596556,-0.16374372006810423,0.7871256875127317,1.1859616814817437,-0.0025714087149906195,0.007602350911680267,0.05430847212165091,0.03446482650324767,0.012025340841939075,0.013940275786778172
6/14/2016,-805.7180000000001,26626.7604,6.3553,160.3926,99.946,2.0507,-0.14551237111639292,-0.1484961441786502,0.7830672077972953,1.1798467731463447,-0.005156075808249727,0.0035041216100886174,0.009372033367670562,0.03446482650324767,0.012083599643412893,0.013072662310516629
6/15/2016,-805.7180000000001,26626.7604,6.3553,160.3926,100.155,2.0507,-0.13120982642412893,-0.14201819900937718,0.7847047025087359,1.1823139851967277,0.0020911292097733902,0.012597438049115839,0.012904661252642224,0.03446482650324767,0.01197669419402662,0.013073020105911855
6/16/2016,-805.7180000000001,26626.7604,6.3553,160.3926,100.165,2.0507,-0.1262038523274478,-0.14368588177821207,0.7847830515379914,1.182432033620191,9.984523987816019e-05,0.020415439940505875,0.020623388797750275,0.03446482650324767,0.011829344756972922,0.013035356053922613
6/17/2016,-805.7180000000001,26626.7604,6.3553,160.3926,99.40700000000001,2.0507,-0.1422222989239702,-0.16166331575904525,0.7788441951204226,1.1734839631216727,-0.007567513602555698,0.023189987030899584,0.020050691102377893,0.03446482650324767,0.011714972234379265,0.013040658747530538
6/20/2016,-805.7180000000001,26626.7604,6.3553,160.3926,101.78,2.0507,-0.12129086843536585,-0.16243773148347995,0.7974364197627591,1.2014968540095148,0.023871558340961885,0.0491269301337951,0.052914705425955555,0.03446482650324767,0.012695452894941247,0.013323735230966862
6/21/2016,-805.7180000000001,26626.7604,6.3553,160.3926,102.359,2.0507,-0.11629212028075875,-0.1595973374543509,0.8019728285566542,1.20833185772804,0.005688740420514815,0.05152912895637085,0.04851315775995424,0.03446482650324767,0.01271464555094302,0.013288290448658119
6/22/2016,-805.7180000000001,26626.7604,6.3553,160.3926,102.598,2.0507,-0.1094000920130902,-0.14765496827284486,0.8038453703558612,1.2111532150488131,0.002334919254779688,0.04488191382102236,0.05096135132089774,0.03446482650324767,0.012634072694710178,0.013289166248554616
6/23/2016,-805.7180000000001,26626.7604,6.3553,160.3926,106.945,2.0507,-0.07390890197436795,-0.1491946657429858,0.837903693373239,1.2624688647283115,0.04236924696387834,0.08848764898067185,0.09751341810083836,0.04236924696387834,0.015367249540404289,0.014274102053303312
6/24/2016,-805.7180000000001,26626.7604,6.3553,160.3926,103.007,2.0507,-0.10118408767658782,-0.14129647565945047,0.8070498456524124,1.2159813955684622,-0.036822665856281134,0.046712732445889804,0.03114238808360703,0.04236924696387834,0.01778420024241277,0.014750307900708227
6/27/2016,-805.7180000000001,26626.7604,6.3553,160.3926,100.684,2.0507,-0.1266210390263791,-0.14504558426800607,0.7888493661563533,1.1885587467979366,-0.02255186540720544,0.021550324675324584,0.010203979250905437,0.04236924696387834,0.018596012006117553,0.015032411542222431
6/28/2016,-805.7180000000001,26626.7604,6.3553,160.3926,103.236,2.0507,-0.11208587057487862,-0.1523032992740908,0.808844038422364,1.218684704465772,0.025346629057248382,0.047443181818181746,0.033641715727502186,0.04236924696387834,0.01932392603185774,0.015359732504131142
6/29/2016,-805.7180000000001,26626.7604,6.3553,160.3926,107.125,2.0507,-0.07194836697565632,-0.14140171532530554,0.8393139758998386,1.264593736350651,0.037670967491960194,0.08089155264963477,0.05292903479457456,0.04236924696387834,0.020801542912068514,0.015896727311138233
6/30/2016,-805.7180000000001,26626.7604,6.3553,160.3926,107.62299999999999,2.0507,-0.07339773392568105,-0.15563763474188108,0.8432157575567638,1.2704725478391234,0.004648774795799282,0.09739882330148553,0.05979261651780865,0.04236924696387834,0.020538966990244562,0.015899368068936066
7/1/2016,-805.7180000000001,26626.7604,6.3553,160.3926,109.56700000000001,2.0507,-0.05649800220446388,-0.12638640121245504,0.8584468088440385,1.29342116136039,0.01806305343653314,0.07999921144197697,0.0979097358611567,0.04236924696387834,0.019640117577984357,0.015865732234114763
7/4/2016,-805.7180000000001,26626.7604,6.3553,160.3926,109.56700000000001,2.0507,-0.05908267280393653,-0.12663271703006518,0.8584468088440385,1.29342116136039,0.0,0.07734437222839508,0.09244728052245876,0.04236924696387834,0.019656194351519125,0.01586099593428662
7/5/2016,-805.7180000000001,26626.7604,6.3553,160.3926,108.62,2.0507,-0.05360192381417073,-0.11258843620395231,0.85102715577354,1.2822419756584151,-0.008643113346171738,0.06647029945999039,0.09962643881796751,0.04236924696387834,0.01983754345264505,0.01577216164059066
7/6/2016,-805.7180000000001,26626.7604,6.3553,160.3926,109.32799999999999,2.0507,-0.05351917582893273,-0.09866678209678825,0.8565742670448312,1.290599804039617,0.006518136623089532,0.050089806268189374,0.09858617120692914,0.04236924696387834,0.019377649181884272,0.015766926194411654
7/7/2016,-805.7180000000001,26626.7604,6.3553,160.3926,110.295,2.0507,-0.049328552465996545,-0.10527676739816227,0.8641506181738409,1.3020150865885187,0.008844943655788251,0.06253130900543336,0.11997359870024371,0.04236924696387834,0.019382193327287,0.015716452856948702
7/8/2016,-805.7180000000001,26626.7604,6.3553,160.3926,114.074,2.0507,-0.011918579471632773,-0.10320485058466877,0.8937587163295047,1.3466255858153013,0.0342626592320594,0.10179166465446476,0.13942965589571998,0.04236924696387834,0.02048120147213569,0.016134452685179983
7/11/2016,-805.7180000000001,26626.7604,6.3553,160.3926,112.96700000000001,2.0507,-0.05061769896629953,-0.15351710227750226,0.8850854787909179,1.3335576253379138,-0.00970422708066676,0.12156111315191187,0.11669401553943182,0.04236924696387834,0.01944624099549319,0.016167989361974455
7/12/2016,-805.7180000000001,26626.7604,6.3553,160.3926,112.449,2.0507,-0.0410693727881295,-0.14327378160576476,0.8810269990754814,1.3274427170025145,-0.0045854098984660085,0.11929646440515995,0.11818344536812386,0.04236924696387834,0.01949375829433297,0.016158540667204513
7/13/2016,-805.7180000000001,26626.7604,6.3553,160.3926,111.76100000000001,2.0507,-0.03403659495760536,-0.13615502294747583,0.8756365858627012,1.3193209854682393,-0.006118329198125272,0.1182138354711546,0.10335465782095343,0.04236924696387834,0.019521320469269354,0.016175026660073626
7/14/2016,-805.7180000000001,26626.7604,6.3553,160.3926,113.137,2.0507,-0.030830249451754388,-0.14203844572368418,0.8864174122882618,1.33556444853679,0.012311987186943485,0.12961909040986463,0.11005690737833596,0.04236924696387834,0.019559062118393603,0.0162207693525633
7/15/2016,-805.7180000000001,26626.7604,6.3553,160.3926,113.695,2.0507,-0.02380073325491361,-0.13997097890389554,0.8907892881207201,1.3421515505660422,0.004932073503804979,0.13507712274746653,0.11947499532300765,0.04236924696387834,0.019514529575799768,0.01621109232852613
7/18/2016,-805.7180000000001,26626.7604,6.3553,160.3926,113.426,2.0507,-0.03764540186487697,-0.15658858165836598,0.8886816992337465,1.3389760479748793,-0.002365979154756115,0.14102628587524002,0.0999844834943171,0.04236924696387834,0.019363042494258374,0.016128394702906206
7/19/2016,-805.7180000000001,26626.7604,6.3553,160.3926,112.51899999999999,2.0507,-0.06519282853962094,-0.15441237558779053,0.8815754422802701,1.3282690559667576,-0.007996402941124692,0.10551188838671632,0.0956299051588152,0.04236924696387834,0.019179760067898836,0.016158473995696948
7/20/2016,-805.7180000000001,26626.7604,6.3553,160.3926,112.289,2.0507,-0.07110122100526128,-0.15324608715793653,0.879773414607393,1.3255539422271017,-0.0020440992187985563,0.09701149874461468,0.08559965195533437,0.04236924696387834,0.01923925064532976,0.016148717320767638
7/21/2016,-805.7180000000001,26626.7604,6.3553,160.3926,111.631,2.0507,-0.07654445584196423,-0.15126898514278153,0.8746180484823793,1.3177863559632161,-0.005859879418286806,0.08804265190354599,0.08184249801329635,0.04236924696387834,0.01937002259285909,0.01616780786247295
7/22/2016,-805.7180000000001,26626.7604,6.3553,160.3926,112.838,2.0507,-0.06262045590483156,-0.1115753970891209,0.8840747763135214,1.332034800675237,0.01081240873950784,0.05510309037355654,0.08473044681996456,0.037670967491960194,0.0173833214423867,0.01618945104356771
7/25/2016,-805.7180000000001,26626.7604,6.3553,160.3926,112.51899999999999,2.0507,-0.07103522865186629,-0.149566969114041,0.8815754422802701,1.3282690559667576,-0.002827061805420139,0.09234323880901285,0.07661321187997538,0.037670967491960194,0.014928173930325576,0.0161926667434017
7/26/2016,-805.7180000000001,26626.7604,6.3553,160.3926,112.05,2.0507,-0.0771169479380297,-0.17073130554388738,0.8779008728081859,1.3227325849063285,-0.004168184928767582,0.11288784712566047,0.08005205070123855,0.037670967491960194,0.013767488222887807,0.016170289575746524
7/27/2016,-805.7180000000001,26626.7604,6.3553,160.3926,112.419,2.0507,-0.08675201871679472,-0.1613511186209361,0.8807919519877149,1.3270885717321246,0.0032931726907630132,0.08895152853655697,0.09424063385148473,0.037670967491960194,0.012971607385552697,0.01610961844392889
7/28/2016,-805.7180000000001,26626.7604,6.3553,160.3926,112.15,2.0507,-0.09501714746822665,-0.13556586645148272,0.8786843631007413,1.3239130691409617,-0.002392833951556206,0.04690781796966159,0.06930711949733515,0.0342626592320594,0.01050612413713086,0.015925414993786045
7/29/2016,-805.7180000000001,26626.7604,6.3553,160.3926,114.662,2.0507,-0.08498056834595524,-0.14115281180423123,0.8983656392497298,1.3535668331149437,0.02239857333927775,0.06540423515419591,0.1612635331530603,0.0342626592320594,0.01138691070371866,0.014199034011490244
8/1/2016,-805.7180000000001,26626.7604,6.3553,160.3926,115.669,2.0507,-0.07833466135458167,-0.12695617529880476,0.9062553864957613,1.3654543093576985,0.008782334164762373,0.05569195104365354,0.16253756394665153,0.0342626592320594,0.010948067018563103,0.014206248430278368
8/2/2016,-805.7180000000001,26626.7604,6.3553,160.3926,112.947,2.0507,-0.11083557696849466,-0.13744430274117114,0.8849287807324068,1.333321528490987,-0.0235326664879959,0.030848704445681552,0.1332437015260819,0.0342626592320594,0.012346853147911814,0.014579725782195942
8/3/2016,-805.7180000000001,26626.7604,6.3553,160.3926,112.87799999999999,2.0507,-0.11561182756945654,-0.14897284422645996,0.892125791333075,1.3325069943690901,-0.0006109060001595612,0.0392008838151352,0.12166862094321984,0.0342626592320594,0.012138938968016747,0.014550761033616987
8/4/2016,-805.7180000000001,26626.7604,6.3553,160.3926,113.257,2.0507,-0.10205424604967916,-0.13320489340278607,0.8951211994277901,1.3369810296183495,0.0033576073282661767,0.03593772866969136,0.13352215861323513,0.0342626592320594,0.012098375299468514,0.014505337298068292
8/5/2016,-805.7180000000001,26626.7604,6.3553,160.3926,113.52600000000001,2.0507,-0.10275277213559153,-0.1282888237293226,0.9237416394082899,1.3401565322095126,0.0023751291310913913,0.029294165646674974,0.11474862529457974,0.0342626592320594,0.011990616139273836,0.01433815121164111
8/8/2016,-805.7180000000001,26626.7604,6.3553,160.3926,114.632,2.0507,-0.06725902781168114,-0.07179937834627093,0.9489089765239562,1.3532126878445538,0.009742261684547948,0.004891561617897278,0.13080535058990628,0.02239857333927775,0.009588153866788867,0.01434836313302158
8/9/2016,-805.7180000000001,26626.7604,6.3553,160.3926,116.068,2.0507,-0.033459354129540486,-0.05928251419815789,0.9607960001324459,1.3701644414538843,0.012527043059529452,0.0274504943921674,0.1505209004490351,0.02239857333927775,0.00965814353071252,0.014380705355267098
8/10/2016,-805.7180000000001,26626.7604,6.3553,160.3926,115.819,2.0507,0.014674446313428735,-0.014849663582842676,0.9587348101056257,1.3672250357096483,-0.002145294137919085,0.02996914156639896,0.16160511905000696,0.02239857333927775,0.009597847046891407,0.01428092513066076
8/11/2016,-805.7180000000001,26626.7604,6.3553,160.3926,115.809,2.0507,0.021279410208473015,-0.014418498006984248,0.958652031389689,1.3671069872861847,-8.634161925080708e-05,0.03622014835228726,0.16277598722853082,0.02239857333927775,0.009449099023357227,0.014277424332586589
8/12/2016,-805.7180000000001,26626.7604,6.3553,160.3926,115.979,2.0507,0.011574154833757788,-0.013213899452255484,0.9600592695606106,1.369113810485061,0.0014679342710843812,0.025119987272068434,0.17258287921220528,0.02239857333927775,0.00913339638608383,0.014227350881545487
8/15/2016,-805.7180000000001,26626.7604,6.3553,160.3926,115.44,2.0507,-0.02632400199053664,-0.041042163949359556,0.9555974967716301,1.3627510004603889,-0.004647393062537142,0.015348080390518604,0.17602713908782497,0.02239857333927775,0.009177938394324027,0.014198380352028988
8/16/2016,-805.7180000000001,26626.7604,6.3553,160.3926,114.00399999999999,2.0507,-0.04101615074024234,-0.04587819650067293,0.9437104731631402,1.3457992468510582,-0.0124393624393625,0.00509583340680253,0.17343598822487993,0.02239857333927775,0.00960318959005703,0.014233037301593664
8/17/2016,-805.7180000000001,26626.7604,6.3553,160.3926,114.124,2.0507,-0.03164111223303612,-0.045259772767770046,0.944703817754379,1.3472158279326178,0.0010525946458019853,0.014264257592051077,0.17636629764776224,0.02239857333927775,0.009414125521579518,0.014224967546427408
8/18/2016,-805.7180000000001,26626.7604,6.3553,160.3926,114.37299999999999,2.0507,0.0014798080627649313,-0.016768239291093057,0.9467650077811992,1.350155233676854,0.0021818372997790547,0.018559253355181715,0.17494837841447253,0.02239857333927775,0.009397307193969277,0.014224809000883604
8/19/2016,-805.7180000000001,26626.7604,6.3553,160.3926,112.87799999999999,2.0507,-0.022785905982166232,-0.033581508094537305,0.9343895897486837,1.3325069943690901,-0.013071266819966287,0.011170732144296647,0.14957582670509506,0.02239857333927775,0.009781291433425415,0.01433964786962904
8/22/2016,-805.7180000000001,26626.7604,6.3553,160.3926,113.147,2.0507,-0.027261472858886804,-0.029917983459137876,0.9366163372073772,1.3356824969602532,0.0023831038820676387,0.0027384391782911965,0.1516116884306522,0.02239857333927775,0.009509337811459772,0.014337988327299772
8/23/2016,-805.7180000000001,26626.7604,6.3553,160.3926,112.62799999999999,2.0507,-0.021570484141394064,-0.022517396252313082,0.9323201218502697,1.3295557837825074,-0.004586953255499626,0.000968725281952354,0.14447718727771552,0.02239857333927775,0.009544790804601869,0.014364341499449826
8/24/2016,-805.7180000000001,26626.7604,6.3553,160.3926,112.95700000000001,2.0507,-0.0187123732744916,-0.026591724509386627,0.9350435416045827,1.3334395769144505,0.002921120858046189,0.008094600624721116,0.14607345779220782,0.02239857333927775,0.009511984481177316,0.01436428876875782
8/25/2016,-805.7180000000001,26626.7604,6.3553,160.3926,113.785,2.0507,-0.031649986383442186,-0.04327512254901955,0.9418976192841296,1.343213986377212,0.0073302230052143535,0.012150970921285476,0.15447443181818166,0.02239857333927775,0.009613062459017002,0.014375310108470903
8/26/2016,-805.7180000000001,26626.7604,6.3553,160.3926,113.516,2.0507,-0.010771054099275035,-0.02267498605688789,0.9396708718254363,1.340038483786049,-0.002364107747066746,0.01218011591618362,0.1453767607054932,0.02239857333927775,0.00961261443212616,0.014381735599823356
8/29/2016,-805.7180000000001,26626.7604,6.3553,160.3926,113.895,2.0507,0.02247019534616479,0.029355788566503893,0.9428081851594318,1.3445125190353082,0.0033387363895838185,-0.006689225724302861,0.1613524895228966,0.012527043059529452,0.00825791001310779,0.014289653892896671
8/30/2016,-805.7180000000001,26626.7604,6.3553,160.3926,113.635,2.0507,0.026290596437990033,0.04466059752176599,0.9406559385450813,1.3414432600252624,-0.0022828043373281925,-0.017584659675453196,0.12009738691585103,0.012527043059529452,0.007999263707471456,0.013700743742710101
8/31/2016,-805.7180000000001,26626.7604,6.3553,160.3926,113.815,2.0507,0.019290531161282765,0.011517002355343475,0.9421459554319394,1.3435681316476018,0.0015840190082281325,0.007685020407801835,0.11911387301993082,0.012527043059529452,0.00607999159453264,0.013700601386966712
9/1/2016,-805.7180000000001,26626.7604,6.3553,160.3926,113.845,2.0507,0.011604865868721115,0.0030122890731212326,0.942394291579749,1.3439222769179917,0.00026358564336859125,0.008566771204309154,0.11777123220422192,0.012527043059529452,0.006075842607954417,0.013702024116709332
9/2/2016,-805.7180000000001,26626.7604,6.3553,160.3926,115.53,2.0507,0.02522007667187287,0.005049339769984451,0.9563425052150591,1.3638134362715586,0.014800825684044172,0.020069399683904754,0.10965969667572728,0.014800825684044172,0.006819718783913369,0.013555342858496125
9/5/2016,-805.7180000000001,26626.7604,6.3553,160.3926,115.53,2.0507,0.030046362339515076,0.012179029957204213,0.9563425052150591,1.3638134362715586,0.0,0.017652343956450434,0.11296289160340645,0.014800825684044172,0.006814922919100662,0.0135438591734462
9/6/2016,-805.7180000000001,26626.7604,6.3553,160.3926,117.275,2.0507,0.056598163848170735,0.03278585135999568,0.9707873911459886,1.3844128861659053,0.015104301912923113,0.023056389140903022,0.13270874583474201,0.015104301912923113,0.0072510206737422984,0.013634716574900823
9/7/2016,-805.7180000000001,26626.7604,6.3553,160.3926,118.12200000000001,2.0507,0.059561184765253516,0.04113668574298979,0.9777987483858152,1.3944115876332472,0.007222340652313086,0.017696522728056108,0.1727410819773043,0.015104301912923113,0.0069181965614442086,0.013124387226645353
9/8/2016,-805.7180000000001,26626.7604,6.3553,160.3926,116.99600000000001,2.0507,0.07661728167847626,0.06578632557283526,0.9684778649713586,1.3811193351512792,-0.009532517227950787,0.010162408585810745,0.16455645803471897,0.015104301912923113,0.007258029091433657,0.013197867152924118
9/9/2016,-805.7180000000001,26626.7604,6.3553,160.3926,109.99600000000001,2.0507,0.01220207969080711,0.06569430385570985,0.9105327638157678,1.298485438726966,-0.05983110533693459,-0.05019471716360546,0.10055429932163373,0.015104301912923113,0.015039782105287149,0.01533453208231725
9/12/2016,-805.7180000000001,26626.7604,6.3553,160.3926,111.18299999999999,2.0507,0.04960916849180563,0.09488520504493625,0.9203585973974371,1.31249778659206,0.010791301501872574,-0.04135231378094317,0.11010933053766658,0.015104301912923113,0.01529323569235695,0.015377790005477308
9/13/2016,-805.7180000000001,26626.7604,6.3553,160.3926,108.67,2.0507,0.03122034541658758,0.09546403492123745,0.8995563060825801,1.2828322177757316,-0.02260237626255801,-0.05864518364518356,0.084909898667199,0.015104301912923113,0.015942949033809935,0.01568072232993564
9/14/2016,-805.7180000000001,26626.7604,6.3553,160.3926,108.411,2.0507,0.033066199102352645,0.0863628133903811,0.8974123373398232,1.279774763608032,-0.0023833624735437597,-0.04905968211641687,0.09057712233544901,0.015104301912923113,0.015787613566920128,0.015646383388587554
9/15/2016,-805.7180000000001,26626.7604,6.3553,160.3926,108.58,2.0507,0.05105221381139535,0.10471802218651383,0.898811297639151,1.281769781964562,0.0015588824012322533,-0.04857873891556552,0.0668107683238357,0.015104301912923113,0.015793327465103743,0.01538207968772197
9/16/2016,-805.7180000000001,26626.7604,6.3553,160.3926,108.022,2.0507,0.034376436341351235,0.09519112915581429,0.894192245289891,1.2751826799353096,-0.0051390679683182006,-0.05552883984856549,0.055324885940659874,0.015104301912923113,0.015771477492021634,0.015390971923950128
9/19/2016,-805.7180000000001,26626.7604,6.3553,160.3926,110.016,2.0507,0.06331609723094767,0.09097762528391229,0.9106983212476408,1.2987215355738926,0.018459202754994353,-0.025354807845638483,0.0723016043197724,0.018459202754994353,0.01621877961142342,0.01554727030206036
9/20/2016,-805.7180000000001,26626.7604,6.3553,160.3926,108.87899999999999,2.0507,0.03614354640705719,0.07675983289081767,0.9012863812456541,1.2852994298261147,-0.010334860383944267,-0.03772084102981088,0.018084061900977222,0.018459202754994353,0.016319602622425804,0.014692288918606753
9/21/2016,-805.7180000000001,26626.7604,6.3553,160.3926,110.215,2.0507,0.009405795508664161,0.03150529362200971,0.9123456176947783,1.3010706992008123,0.01227050211702907,-0.021424512554604425,0.06997582688555148,0.018459202754994353,0.01658292650401222,0.013970861560478139
9/22/2016,-805.7180000000001,26626.7604,6.3553,160.3926,112.369,2.0507,0.041012766115135824,0.04646013599896248,0.930176153107513,1.326498329614808,0.01954361928957038,-0.0052055206848624636,0.11605617575781646,0.01954361928957038,0.017160905653316797,0.013823847438431324
9/23/2016,-805.7180000000001,26626.7604,6.3553,160.3926,111.56200000000001,2.0507,0.017557941205979866,0.03783394292072928,0.9234959107314328,1.3169718218413196,-0.007181696019364692,-0.019536845805686043,0.08065016079662146,0.01954361928957038,0.01713870707390605,0.013536153198662845
9/26/2016,-805.7180000000001,26626.7604,6.3553,160.3926,111.073,2.0507,0.007958546589712734,0.030128135322516236,0.919448031522135,1.3111992539339636,-0.004383212921962865,-0.02152119525000895,0.036854142357059416,0.01954361928957038,0.01715360148521903,0.012727542007010805
9/27/2016,-805.7180000000001,26626.7604,6.3553,160.3926,111.56200000000001,2.0507,0.015344570242819211,0.03657759656339876,0.9234959107314328,1.3169718218413196,0.004402510060951048,-0.02048377891917985,0.03659998327495062,0.01954361928957038,0.017168284522673154,0.012726333480940844
9/28/2016,-805.7180000000001,26626.7604,6.3553,160.3926,112.80799999999999,2.0507,0.03721956601691789,0.044823464509010646,0.9338101387371278,1.331680655404847,0.011168677506677716,-0.007277687332248095,0.029580074292441916,0.01954361928957038,0.01736166544004706,0.012603241845491843
9/29/2016,-805.7180000000001,26626.7604,6.3553,160.3926,111.272,2.0507,0.022438665809060065,0.04580538454470284,0.9210953279692726,1.3135484175608836,-0.013616055598893562,-0.022343276369547027,0.015561254757363141,0.01954361928957038,0.01759876084906217,0.012728808009764345
9/30/2016,-805.7180000000001,26626.7604,6.3553,160.3926,111.831,2.0507,0.029941057284951222,0.04848959292687427,0.9257226581901261,1.3201473244324822,0.005023725645265653,-0.017690719838376667,0.029561774995396695,0.01954361928957038,0.017645424800755018,0.012689888028609953
10/3/2016,-805.7180000000001,26626.7604,6.3553,160.3926,111.45200000000001,2.0507,0.009300430156214734,0.04623047317183615,0.9225853448561306,1.3156732891832232,-0.0033890423943270243,-0.03529819094607456,0.019427776964730192,0.01954361928957038,0.01728943612672863,0.012676023784655868
10/4/2016,-805.7180000000001,26626.7604,6.3553,160.3926,111.37200000000001,2.0507,0.011957548884204527,0.04973831503961623,0.9219231151286382,1.3147289017955166,-0.0007177977963607196,-0.0359906517787586,0.009764721882224991,0.01954361928957038,0.017286898463112797,0.012630264110731473
10/5/2016,-805.7180000000001,26626.7604,6.3553,160.3926,108.73,2.0507,-0.015973573464862723,0.06136024254491157,0.9000529783781994,1.2835405083165115,-0.02372230003950737,-0.07286292901300362,-0.04684678366674255,0.01954361928957038,0.01748633650043004,0.01221647041864588
10/6/2016,-805.7180000000001,26626.7604,6.3553,160.3926,109.238,2.0507,-0.023186772898391328,0.056254526920084924,0.9042581371477766,1.2895373682284472,0.004672123608939538,-0.07521037571324574,-0.03300963998335804,0.01954361928957038,0.01741725230736738,0.012179526353181657
10/7/2016,-805.7180000000001,26626.7604,6.3553,160.3926,108.859,2.0507,-0.017642175176421748,0.055787174905697956,0.9011208238137809,1.285063332979188,-0.003469488639484486,-0.06954938630380536,-0.03192558404254375,0.01954361928957038,0.017363619842735614,0.012174237961006697
10/10/2016,-805.7180000000001,26626.7604,6.3553,160.3926,109.508,2.0507,-0.0512216253682205,-0.046993588632819216,0.9064931624780636,1.2927246756619566,0.0059618405460273305,-0.004436524964544275,-0.020159089485598858,0.01954361928957038,0.011642937195726115,0.012178504931182731
10/11/2016,-805.7180000000001,26626.7604,6.3553,160.3926,108.162,2.0507,-0.06546626461261962,-0.039364432041057884,0.8953511473130029,1.2768353578637959,-0.012291339445519855,-0.027171420091200882,-0.04397323598822667,0.01954361928957038,0.011648233174842154,0.012163682533333341
10/12/2016,-805.7180000000001,26626.7604,6.3553,160.3926,110.176,2.0507,-0.06061303662019857,-0.07345355331031245,0.9120227807026258,1.3006103103493054,0.018620217821415874,0.013858470599061423,-0.030951229165750438,0.01954361928957038,0.01133863566245919,0.01238504726950171
10/13/2016,-805.7180000000001,26626.7604,6.3553,160.3926,110.86399999999999,2.0507,-0.051601423487544595,-0.07258588831097723,0.9177179563590608,1.3087320418835806,0.006244554167876837,0.02262685520841967,-0.022587413820464586,0.01954361928957038,0.011376935433308408,0.012410735797843148
10/14/2016,-805.7180000000001,26626.7604,6.3553,160.3926,111.56200000000001,2.0507,-0.04651937951369589,-0.07200546985171574,0.9234959107314328,1.3169718218413196,0.006296002309135629,0.027463621293055906,-0.0085052302277836,0.01954361928957038,0.011432738866538047,0.0123981355215466
10/17/2016,-805.7180000000001,26626.7604,6.3553,160.3926,110.505,2.0507,-0.06676744559204806,-0.08773678121120498,0.9147462004569384,1.304494103481248,-0.009474552266901082,0.022986058395511932,-0.015887575808850474,0.01954361928957038,0.011593848251174309,0.012452550446678534
10/18/2016,-805.7180000000001,26626.7604,6.3553,160.3926,111.023,2.0507,-0.0644470847974653,-0.07293272998457923,0.9190341379424521,1.3106090118166471,0.004687570698158394,0.00915321407795222,-0.005446515752792758,0.01954361928957038,0.010936481529030283,0.01244581114696738
10/19/2016,-805.7180000000001,26626.7604,6.3553,160.3926,111.721,2.0507,-0.07518790768517603,-0.09871361875434592,0.9328195579750682,1.3188487917743859,0.006286985579564641,0.026102370521404517,-0.00989914745032694,0.01954361928957038,0.010713006810212651,0.012395302414803064
10/20/2016,-805.7180000000001,26626.7604,6.3553,160.3926,111.20299999999999,2.0507,-0.07150550652516985,-0.07975485734801746,0.9414249674065794,1.3127338834389866,-0.0046365499771754415,0.008964297055754633,-0.01169580248669111,0.01954361928957038,0.010478687860663527,0.01240386138908363
10/21/2016,-805.7180000000001,26626.7604,6.3553,160.3926,113.167,2.0507,-0.03511105426951444,-0.04191499339216431,0.9580518447029341,1.3359185938071798,0.017661394027139732,0.007101602755208214,0.009968763944667502,0.018620217821415874,0.010314209337654695,0.012592137948401258
10/24/2016,-805.7180000000001,26626.7604,6.3553,160.3926,114.852,2.0507,0.04956683846913035,0.019501407318053943,0.9723167572509778,1.3558097531607467,0.014889499589102906,0.02949032824796971,0.021642249086008647,0.018620217821415874,0.010624179413192294,0.012721627954880617
10/25/2016,-805.7180000000001,26626.7604,6.3553,160.3926,114.792,2.0507,0.06159138830318489,0.027198239189138995,0.9718088078427387,1.3551014626199667,-0.0005224114512590861,0.03348248449218083,0.023557735176103378,0.018620217821415874,0.010551550820458862,0.012717137593589941
10/26/2016,-805.7180000000001,26626.7604,6.3553,160.3926,114.92200000000001,2.0507,0.07922168172341904,0.04766823807824516,0.9729093648939232,1.3566360921249898,0.0011324830998675761,0.030117782040479657,0.0022675341438314067,0.018620217821415874,0.010532587324719582,0.012403532502687685
10/27/2016,-805.7180000000001,26626.7604,6.3553,160.3926,114.323,2.0507,0.08455554501470441,0.0701830945830566,0.9678383366350043,1.3495649915595376,-0.005212230904439674,0.013429898588752653,-0.011636652862910601,0.018620217821415874,0.010383682859431198,0.012371038593104913
10/28/2016,-805.7180000000001,26626.7604,6.3553,160.3926,113.376,2.0507,0.06370442647251995,0.043964498151727316,0.9598212018082998,1.3383858058575628,-0.008283547492630383,0.018908620317779956,0.00379824165316478,0.018620217821415874,0.010077097408178972,0.012050373351817828
10/31/2016,-805.7180000000001,26626.7604,6.3553,160.3926,112.947,2.0507,0.06806683751146592,0.05751354622738747,0.9561893635393914,1.333321528490987,-0.0037838696020321416,0.009979343831316934,0.0006112794344337313,0.018620217821415874,0.01008195506730823,0.012060158486924084
11/1/2016,-805.7180000000001,26626.7604,6.3553,160.3926,110.564,2.0507,0.05378332269040498,0.062246833331744966,0.9360153062088348,1.3051905891796813,-0.021098391280866324,-0.00796755553960471,-0.02377777973988371,0.018620217821415874,0.011113294017303025,0.01234330616619046
11/2/2016,-805.7180000000001,26626.7604,6.3553,160.3926,107.115,2.0507,0.001027989346292335,0.04081117704780168,0.9068166810585664,1.2644756879271877,-0.031194602221337853,-0.038223251804762604,-0.05647164526187842,0.018620217821415874,0.012997774977417059,0.012936066257467873
11/3/2016,-805.7180000000001,26626.7604,6.3553,160.3926,107.62299999999999,2.0507,0.01839532925179066,0.02887044729794952,0.9111173193816561,1.2704725478391234,0.004742566400597337,-0.010181182746252349,-0.061143485239723794,0.018620217821415874,0.0120435676700297,0.012885344306352789
11/4/2016,-805.7180000000001,26626.7604,6.3553,160.3926,105.679,2.0507,0.0018961120222982242,0.035637425459096095,0.8946597585547146,1.2475239343178572,-0.018063053436533028,-0.032580237646240295,-0.08950787469414478,0.018620217821415874,0.012573362343087115,0.012946740708832978
11/7/2016,-805.7180000000001,26626.7604,6.3553,160.3926,107.274,2.0507,0.02242639700345972,0.037533001019814716,0.9081627469903997,1.2663526578602544,0.015092875594962196,-0.014560119053086962,-0.07377891364974665,0.018620217821415874,0.013070650330016283,0.013111916821055366
11/8/2016,-805.7180000000001,26626.7604,6.3553,160.3926,108.63,2.0507,0.05755563776553285,0.06610331198037356,0.9196424036165997,1.2823600240818784,0.012640527993735606,-0.00801767907367501,-0.061990000777141674,0.018620217821415874,0.013317632957015343,0.0132258004713502
11/9/2016,-805.7180000000001,26626.7604,6.3553,160.3926,103.256,2.0507,0.010243716306783224,0.0582434032228083,0.8741470682853321,1.2189208013126984,-0.04947068029089563,-0.04535788909228755,-0.10970089412738515,0.018620217821415874,0.016963854820057224,0.014566104433984513
11/10/2016,-805.7180000000001,26626.7604,6.3553,160.3926,99.706,2.0507,-0.052134233292137955,0.047399942960357544,0.8440933949645282,1.1770136109832254,-0.03438056868366002,-0.0950297705489399,-0.13629591129591123,0.017661394027139732,0.01766025819680487,0.015132617498315865
11/11/2016,-805.7180000000001,26626.7604,6.3553,160.3926,98.729,2.0507,-0.06266970473749167,0.0525396373302951,0.8358222854337041,1.1654802800108606,-0.009798808496981115,-0.1094584355606869,-0.13398652678853362,0.017661394027139732,0.017514417360500578,0.015107459179923493
11/14/2016,-805.7180000000001,26626.7604,6.3553,160.3926,96.625,2.0507,-0.08264502041203836,0.059166429317383695,0.8180101928514586,1.140642891714181,-0.02131086104386759,-0.1338896756960256,-0.15333321650134935,0.017661394027139732,0.017631728907453872,0.015292205466013033
11/15/2016,-805.7180000000001,26626.7604,6.3553,160.3926,96.775,2.0507,-0.08769961726276876,0.04173344142989133,0.819280066372056,1.1424136180661308,0.0015523932729626377,-0.12424777159404543,-0.15386498561723472,0.017661394027139732,0.017708101105528024,0.01528928834191624
11/16/2016,-805.7180000000001,26626.7604,6.3553,160.3926,98.949,2.0507,-0.056289401150203644,0.0588644838866581,0.8376847665972468,1.1680773453270532,0.02246447946267116,-0.10875224052673771,-0.12339871365545096,0.02246447946267116,0.018651658408608697,0.015547497415912714
11/17/2016,-805.7180000000001,26626.7604,6.3553,160.3926,100.335,2.0507,-0.08058352958425352,0.023751706695745556,0.8494183979275662,1.1844388568190671,0.014007215838462095,-0.10191459081103826,-0.11323322757121279,0.02246447946267116,0.01896490677271971,0.01566846357298759
11/18/2016,-805.7180000000001,26626.7604,6.3553,160.3926,100.454,2.0507,-0.06825707474979825,0.03144333243671915,0.8504258309205734,1.1858436330582804,0.0011860268101859806,-0.09666106130230301,-0.10809035053450289,0.02246447946267116,0.019011946792327372,0.01566868111463869
11/21/2016,-805.7180000000001,26626.7604,6.3553,160.3926,101.322,2.0507,-0.04938734918281951,0.061743568573733976,0.8577741656930968,1.1960902362148953,0.008640770900113504,-0.104668322037343,-0.10300379790539771,0.02246447946267116,0.018579516044809893,0.015712347032982837
11/22/2016,-805.7180000000001,26626.7604,6.3553,160.3926,101.681,2.0507,-0.06034506658287975,0.06137084030274198,0.8608133963190598,1.200328174617228,0.0035431594323047655,-0.11467802040887409,-0.10637606011337175,0.02246447946267116,0.018129145580232885,0.015684849219840338
11/23/2016,-805.7180000000001,26626.7604,6.3553,160.3926,100.195,2.0507,-0.07832766074878117,0.05594701499402088,0.8482331826416754,1.182786178890581,-0.014614333061240603,-0.12716042929820903,-0.11734909616265554,0.02246447946267116,0.01819154358933304,0.015769417883724466
11/24/2016,-805.7180000000001,26626.7604,6.3553,160.3926,100.195,2.0507,-0.06867255979104514,0.06821709749681659,0.8482331826416754,1.182786178890581,0.0,-0.12814778719479314,-0.1202862285438343,0.02246447946267116,0.018170088277659962,0.01575728737001452
11/25/2016,-805.7180000000001,26626.7604,6.3553,160.3926,100.78299999999999,2.0507,-0.03743003954079216,0.09188936218983379,0.853211086842417,1.189727426190223,0.005868556315185236,-0.11843636013750525,-0.11309895718748642,0.02246447946267116,0.01836461861794858,0.01578759748849736
11/28/2016,-805.7180000000001,26626.7604,6.3553,160.3926,99.32799999999999,2.0507,-0.048062639563746457,0.08657025387424189,0.8408933136926227,1.1725513805763124,-0.01443695861405192,-0.12390629410104448,-0.1272855071827088,0.02246447946267116,0.01845472927669468,0.015861417037597293
11/29/2016,-805.7180000000001,26626.7604,6.3553,160.3926,99.51700000000001,2.0507,-0.012561642340473855,0.12069495847513978,0.8424933543285755,1.174782495779769,0.0019027867268044396,-0.11890532727739556,-0.12585532961482704,0.02246447946267116,0.018532202645946075,0.01586658864091612
11/30/2016,-805.7180000000001,26626.7604,6.3553,160.3926,98.669,2.0507,-0.027517962566897647,0.0897192024521738,0.8353143360254651,1.1647719894700805,-0.008521157189224082,-0.1075847472956839,-0.14594477624859348,0.02246447946267116,0.01821509289251292,0.015739675035725292
12/1/2016,-805.7180000000001,26626.7604,6.3553,160.3926,95.818,2.0507,-0.06326193432333882,0.047180048685586895,0.8111782733106448,1.1311163839406924,-0.0288945869523356,-0.1054660878495075,-0.17062234917337493,0.02246447946267116,0.018057494846779994,0.01608645531099697
12/2/2016,-805.7180000000001,26626.7604,6.3553,160.3926,96.38600000000001,2.0507,-0.06949847950958132,0.03898247815803435,0.8159868610419735,1.1378215343934084,0.005927904986537058,-0.10441076721518616,-0.17811980387976978,0.02246447946267116,0.018091736648560335,0.015962461167260723
12/5/2016,-805.7180000000001,26626.7604,6.3553,160.3926,97.772,2.0507,-0.029201791228540386,0.04930843088777026,0.827720492372293,1.1541830458854223,0.014379681696511826,-0.07482091995571494,-0.17227950762770705,0.02246447946267116,0.018311429805224835,0.016061418475670976
12/6/2016,-805.7180000000001,26626.7604,6.3553,160.3926,97.523,2.0507,-0.025987515605493172,0.07140074906367033,0.8256125023281013,1.1512436401411859,-0.0025467413983554232,-0.09089807409064643,-0.16644158774658968,0.02246447946267116,0.017812009617900165,0.01603876258454461
12/7/2016,-805.7180000000001,26626.7604,6.3553,160.3926,100.085,2.0507,-0.009912253801181214,0.07461889263703525,0.8473019420599041,1.1814876462324846,0.02627072588004875,-0.07866151155297807,-0.09010327648278138,0.02627072588004875,0.018689731611866354,0.01471035604666557
12/8/2016,-805.7180000000001,26626.7604,6.3553,160.3926,98.99799999999999,2.0507,-0.023457228535353702,0.018544823232323093,0.8380995919473085,1.1686557826020232,-0.010860768346905192,-0.04123731308592249,-0.10959409262207354,0.02627072588004875,0.01560994619189977,0.014674052198356958
12/9/2016,-805.7180000000001,26626.7604,6.3553,160.3926,98.26100000000001,2.0507,-0.04671310489347669,-0.03269432263572514,0.8318602800494403,1.159955613792778,-0.007444594840299579,-0.014492608268308782,-0.09578540535566382,0.02627072588004875,0.01380923284295869,0.01444890660018508
12/12/2016,-805.7180000000001,26626.7604,6.3553,160.3926,99.45700000000001,2.0507,-0.04123969730563448,-0.04825757940907116,0.8419854049203366,1.1740742052389892,0.012171665258851494,0.007373719980958038,-0.08259309479665344,0.02627072588004875,0.013909687051456713,0.014550453027113181
12/13/2016,-805.7180000000001,26626.7604,6.3553,160.3926,102.887,2.0507,-0.008174675856750357,-0.06854002988383867,0.8710231794246626,1.2145648144869026,0.03448726585358486,0.06480724450194053,-0.05243138699576344,0.03448726585358486,0.014844535258400708,0.01522902152981016
12/14/2016,-805.7180000000001,26626.7604,6.3553,160.3926,101.06200000000001,2.0507,-0.03402726004090917,-0.07500334537668951,0.8555730515907283,1.1930209772048497,-0.01773790663543484,0.04429863084474306,-0.06443131954601833,0.03448726585358486,0.015526232133586388,0.015369796337561713
12/15/2016,-805.7180000000001,26626.7604,6.3553,160.3926,101.661,2.0507,-0.03991953762465994,-0.0655315049864007,0.8606440798496469,1.2000920777703015,0.0059270546793057655,0.027408058696904547,-0.07594349912739973,0.03448726585358486,0.014850682832338376,0.015194780856345628
12/16/2016,-805.7180000000001,26626.7604,6.3553,160.3926,101.48100000000001,2.0507,-0.03158668206239079,-0.042522735731121974,0.8591202316249301,1.197967206147962,-0.0017705904919289583,0.011421737180445701,-0.06794698702229063,0.03448726585358486,0.014577200326777189,0.01514942079999998
12/19/2016,-805.7180000000001,26626.7604,6.3553,160.3926,104.42299999999999,2.0507,-0.0032359061491763486,-0.041121780798381136,0.8840266842755793,1.232697052330866,0.02899064849577737,0.039510621777131716,-0.052551830513088205,0.03448726585358486,0.0158373638067554,0.015527440761764462
12/20/2016,-805.7180000000001,26626.7604,6.3553,160.3926,103.625,2.0507,-0.01085317195166191,-0.03283633378515105,0.8772709571460015,1.2232767881384945,-0.007641994579738021,0.02272951580110938,-0.07781505575381109,0.03448726585358486,0.01589272219682765,0.015331247553330717
12/21/2016,-805.7180000000001,26626.7604,6.3553,160.3926,104.26299999999999,2.0507,-0.011256519677572463,-0.035742057847321096,0.8826721525202754,1.2308082775554532,0.006156815440289343,0.025393141294833832,-0.06542550330757801,0.03448726585358486,0.015922274545408684,0.015338968842568652
12/22/2016,-805.7180000000001,26626.7604,6.3553,160.3926,104.323,2.0507,-0.02351289371460663,-0.06215191650676277,0.8831801019285144,1.231516568096233,0.0005754678073717212,0.04119966066170977,-0.0607708443996291,0.03448726585358486,0.015501927063311825,0.01533382548152844
12/23/2016,-805.7180000000001,26626.7604,6.3553,160.3926,104.53200000000001,2.0507,-0.012526214362636567,-0.0534961930132819,0.8849494590338802,1.2339837801466162,0.0020033933073244636,0.04328559309346791,-0.06301428801921805,0.03448726585358486,0.015494919292741636,0.01532347489248738
12/26/2016,-805.7180000000001,26626.7604,6.3553,160.3926,104.53200000000001,2.0507,0.021928066556521353,-0.01472299074191763,0.8849494590338802,1.2339837801466162,0.0,0.03719873391345785,-0.07336359123466407,0.03448726585358486,0.015477101516212408,0.01524581540650973
12/27/2016,-805.7180000000001,26626.7604,6.3553,160.3926,105.021,2.0507,0.03630281620650844,-0.019873300309842135,0.8890892467110275,1.2397563480539717,0.004677993341751785,0.05731515786082486,-0.05617765475591352,0.03448726585358486,0.015026620436500606,0.015177525037322217
12/28/2016,-805.7180000000001,26626.7604,6.3553,160.3926,103.794,2.0507,0.0022111717279003074,-0.03908656399362709,0.8787016813125411,1.2252718064950243,-0.011683377610192336,0.042977581719706004,-0.07186737130133869,0.03448726585358486,0.015354467567339745,0.015219970003105272
12/29/2016,-805.7180000000001,26626.7604,6.3553,160.3926,103.645,2.0507,0.030944755008255997,-0.01855093799112728,0.8774402736154144,1.223512884985421,-0.0014355357727806606,0.05043123980176145,-0.07004809245235633,0.03448726585358486,0.015185924674408827,0.015217155587440042
12/30/2016,-805.7180000000001,26626.7604,6.3553,160.3926,102.95700000000001,2.0507,0.05669537015179671,-0.016575492902815236,0.871615787067608,1.2153911534511457,-0.006638043320951192,0.07450583397691468,-0.07555759077685598,0.03448726585358486,0.013580408650983576,0.0152334212788516
1/2/2017,-805.7180000000001,26626.7604,6.3553,160.3926,102.95700000000001,2.0507,0.0379985482114773,-0.028249385006250516,0.871615787067608,1.2153911534511457,0.0,0.06817380117444438,-0.0530948220362365,0.03448726585358486,0.013589345844492137,0.01495667923137606
1/3/2017,-805.7180000000001,26626.7604,6.3553,160.3926,105.22,2.0507,0.1475624386519796,0.06633220634747516,0.8907739455816867,1.2421055116808914,0.021980049923754574,0.07617722865442045,-0.03678207217268714,0.03448726585358486,0.013996191635791282,0.01521470426775719
1/4/2017,-805.7180000000001,26626.7604,6.3553,160.3926,105.37,2.0507,0.14919838586541623,0.06361653397317046,0.892043819102284,1.2438762380328412,0.0014255844896406966,0.08046307025009503,-0.03205063430676369,0.03448726585358486,0.01393575739011089,0.015211690621674347
1/5/2017,-805.7180000000001,26626.7604,6.3553,160.3926,103.97399999999999,2.0507,0.14821154462027764,0.10526432034278255,0.8802255295372579,1.2273966781173637,-0.013248552718990392,0.038856971574162014,-0.050535120721773796,0.03448726585358486,0.013405508830160368,0.01527446997579131
1/6/2017,-805.7180000000001,26626.7604,6.3553,160.3926,103.21600000000001,2.0507,0.16892412231030596,0.12115515288788226,0.8738084353465061,1.2184486076188454,-0.007290284109488732,0.04260692135194666,-0.045727704739187525,0.03448726585358486,0.013257372725427482,0.015226215691248447
1/9/2017,-805.7180000000001,26626.7604,6.3553,160.3926,102.68799999999999,2.0507,0.1771691905586188,0.12642004745910396,0.8693384805540033,1.2122156508599826,-0.0051154859711673994,0.0450534800175042,-0.06796398489689237,0.03448726585358486,0.013183315643776899,0.015034710952212826
1/10/2017,-805.7180000000001,26626.7604,6.3553,160.3926,102.29899999999999,2.0507,0.09125917392046423,0.06094256699095424,0.8660452752239208,1.2076235671872602,-0.003788173885945767,0.02857516313582731,-0.07725681916582483,0.03448726585358486,0.013037896552462104,0.015009800635306143
1/11/2017,-805.7180000000001,26626.7604,6.3553,160.3926,104.40299999999999,2.0507,0.11738641836570873,0.10116123508321295,0.8838573678061663,1.2324609554839394,0.020567160969315434,0.014734611758531191,-0.06417059572255801,0.02899064849577737,0.011540687904542506,0.015230271749848454
1/12/2017,-805.7180000000001,26626.7604,6.3553,160.3926,104.811,2.0507,0.08326184693297511,0.04451449537491614,0.8873114237821913,1.2372773311612424,0.003907933680066922,0.03709604005461986,-0.05152708022261421,0.02899064849577737,0.010745200901707155,0.015202581257338619
1/13/2017,-805.7180000000001,26626.7604,6.3553,160.3926,105.26,2.0507,0.10835000526482053,0.07045382752448148,0.8911125785205126,1.2425777053747449,0.004283901498888465,0.03540197322473726,-0.051908163173396416,0.02899064849577737,0.010719524656762932,0.015200348117828819
1/16/2017,-805.7180000000001,26626.7604,6.3553,160.3926,105.26,2.0507,0.11044297454399699,0.07057632053676,0.8911125785205126,1.2425777053747449,0.0,0.0372384978468876,-0.05783156255314581,0.02899064849577737,0.010697702023071508,0.01517414272022889
1/17/2017,-805.7180000000001,26626.7604,6.3553,160.3926,106.07799999999999,2.0507,0.07161401771914044,0.054894988332036876,0.8980376221195033,1.252234066414043,0.007771233136993905,0.015848998783792867,-0.04608688614515799,0.021980049923754574,0.008841813147701886,0.015204447324981255
1/18/2017,-805.7180000000001,26626.7604,6.3553,160.3926,106.74600000000001,2.0507,0.09089236806605894,0.05899726116993009,0.9036927921978971,1.2601197011013918,0.006297252964799771,0.03011821471652598,-0.05673915540749508,0.021980049923754574,0.008699542335092134,0.015050521571960719
1/19/2017,-805.7180000000001,26626.7604,6.3553,160.3926,105.45,2.0507,0.09698627856897635,0.08463803093823774,0.892721084979936,1.2448206254205476,-0.012140970153448394,0.011384671455837658,-0.0818618744122871,0.021980049923754574,0.009111128261327471,0.014980738145986657
1/20/2017,-805.7180000000001,26626.7604,6.3553,160.3926,105.22,2.0507,0.10179164179729638,0.09239887328663121,0.8907739455816867,1.2421055116808914,-0.0021811284969179834,0.008598295677846757,-0.08338560178409649,0.021980049923754574,0.009131010706472816,0.014980907621568255
1/23/2017,-805.7180000000001,26626.7604,6.3553,160.3926,104.53200000000001,2.0507,0.09322512497646906,0.09322512497646906,0.8849494590338802,1.2339837801466162,-0.006538680859152102,0.0,-0.09040914707366732,0.021980049923754574,0.009247742233622128,0.01499223628788767
1/24/2017,-805.7180000000001,26626.7604,6.3553,160.3926,103.794,2.0507,0.11455447458282308,0.12247922169963288,0.8787016813125411,1.2252718064950243,-0.007060039031110188,-0.007060039031110188,-0.09209870279821208,0.021980049923754574,0.009376719749537538,0.01500163554417335
1/25/2017,-805.7180000000001,26626.7604,6.3553,160.3926,103.196,2.0507,0.19170852820601647,0.2127836480166292,0.873639118877093,1.2182125107719186,-0.005761412027670221,-0.017377476885575338,-0.08978972622071701,0.021980049923754574,0.009376579340292865,0.014986384455884839
1/26/2017,-805.7180000000001,26626.7604,6.3553,160.3926,104.602,2.0507,0.22358693617817704,0.2141353172375069,0.8855420666768256,1.2348101191108594,0.013624559091437671,0.007784650365146417,-0.07388421117869437,0.021980049923754574,0.009531946813837887,0.015101416607461712
1/27/2017,-805.7180000000001,26626.7604,6.3553,160.3926,103.725,2.0507,0.2048857551082044,0.20395646264825107,0.8781175394930664,1.2244572723731275,-0.008384160914705396,0.000771865502436242,-0.06185557686046095,0.021980049923754574,0.009718088617137306,0.014913704116638539
1/30/2017,-805.7180000000001,26626.7604,6.3553,160.3926,103.994,2.0507,0.22763277496429035,0.21539115345114568,0.880394846006671,1.174688520145941,0.0025933959990360744,0.010072166049904352,-0.029136908929655037,0.021980049923754574,0.009607093423136585,0.014405683862645065
1/31/2017,-805.7180000000001,26626.7604,6.3553,160.3926,104.95100000000001,2.0507,0.18549853720249865,0.16297484440126975,0.8884966390680821,1.1854985372024986,0.00920245398773023,0.01936730868226544,-0.0248274067810782,0.021980049923754574,0.009790269197519096,0.014442108552619562
2/1/2017,-805.7180000000001,26626.7604,6.3553,160.3926,103.555,2.0507,0.16972969309491814,0.18853708954128034,0.8766783495030561,1.1586314152410575,-0.013301445436441739,-0.015823987835012265,-0.020098600478808404,0.020567160969315434,0.008997796124269028,0.014359851663484968
2/2/2017,-805.7180000000001,26626.7604,6.3553,160.3926,104.084,2.0507,0.15310644332181167,0.16735354072498465,0.8811567701190294,1.1645501639124158,0.005108396504273083,-0.012204612318496788,-0.029736935324496172,0.020567160969315434,0.009077261221160177,0.014242740641559212
2/3/2017,-805.7180000000001,26626.7604,6.3553,160.3926,105.38,2.0507,0.15306758871223636,0.13768314166602824,0.8921284773369904,1.1790505387292032,0.012451481495714845,0.013522611422086328,-0.029918070514590833,0.020567160969315434,0.009011192643751081,0.014239973073095415
2/6/2017,-805.7180000000001,26626.7604,6.3553,160.3926,104.09299999999999,2.0507,0.14010799443598643,0.13050240413577074,0.8812329625302652,1.1646508609597546,-0.012212943632567863,0.00849674469074535,0.008106066475555895,0.020567160969315434,0.009288607393726764,0.012876825885383353
2/7/2017,-805.7180000000001,26626.7604,6.3553,160.3926,104.48200000000001,2.0507,0.16900321111695416,0.14893093301408622,0.8845261678603478,1.141992108513406,0.003737042836694293,0.017470395761919777,0.04790082843560084,0.020567160969315434,0.009224341668536853,0.012097241287652164
2/8/2017,-805.7180000000001,26626.7604,6.3553,160.3926,106.546,2.0507,0.14878109264989692,0.10298985411927042,0.9019996275037673,1.1645517045392444,0.019754598878275687,0.041515557336826436,0.07917633116916001,0.020567160969315434,0.010026257333579914,0.012251064511580912
2/9/2017,-805.7180000000001,26626.7604,6.3553,160.3926,107.314,2.0507,0.16030187700025933,0.12882752357062532,0.9085013799292255,1.1729459728279283,0.00720815422446619,0.027882340545769768,0.11062354463130641,0.019754598878275687,0.009176180857937297,0.011925279624610284
2/10/2017,-805.7180000000001,26626.7604,6.3553,160.3926,106.646,2.0507,0.11766000482084293,0.0984290340498224,0.9028462098508321,1.1656447082226666,-0.006224723707996982,0.017507704344009722,0.10199948333763875,0.019754598878275687,0.009300536331903662,0.011967394435455326
2/13/2017,-805.7180000000001,26626.7604,6.3553,160.3926,109.29799999999999,2.0507,0.13478549773661674,0.0928609992109306,0.9252975736949931,1.194631165907029,0.02486731804287068,0.03836215086452577,0.10458923283711807,0.02486731804287068,0.010663314057988644,0.01203853772013936
2/14/2017,-805.7180000000001,26626.7604,6.3553,160.3926,108.411,2.0507,0.14864063062872157,0.11525502744167326,0.9177883882765275,1.1849362232350724,-0.008115427546707021,0.029935398061941898,0.08049035730303489,0.02486731804287068,0.01087852416899036,0.011994879200398614
2/15/2017,-805.7180000000001,26626.7604,6.3553,160.3926,107.98200000000001,2.0507,0.1413260614516283,0.12120155161661939,0.9141565500076192,1.1802472374331903,-0.003957163018512788,0.017949056354757964,0.07493977342863412,0.02486731804287068,0.010839392388173925,0.012013155985822352
2/16/2017,-805.7180000000001,26626.7604,6.3553,160.3926,108.61,2.0507,0.1308005455662331,0.1113933803242162,0.9194730871471867,1.1871113005650828,0.005815784112166655,0.01746201262810776,0.07192909733325425,0.02486731804287068,0.010827915667629414,0.011990254333213395
2/17/2017,-805.7180000000001,26626.7604,6.3553,160.3926,108.152,2.0507,0.12990242169706856,0.1016736663950355,0.9155957399976294,1.1821053436950082,-0.004216922935272982,0.025623518255097233,0.06364020810180859,0.02486731804287068,0.010484069456254009,0.012005368613381176
2/20/2017,-805.7180000000001,26626.7604,6.3553,160.3926,108.152,2.0507,0.1203281677301733,0.08995607856136578,0.9155957399976294,1.1821053436950082,0.0,0.027865424824177865,0.07941514047607168,0.02486731804287068,0.010459073831596022,0.011837829625160688
2/21/2017,-805.7180000000001,26626.7604,6.3553,160.3926,110.385,2.0507,0.1463092963362964,0.0855279554706323,0.9344999238075887,1.2065121159458307,0.020646867371847177,0.055992423372747124,0.10170168172064487,0.02486731804287068,0.011095420656672393,0.012084978418956296
2/22/2017,-805.7180000000001,26626.7604,6.3553,160.3926,111.33200000000001,2.0507,0.15757405616727493,0.07919772918681178,0.9425170586342934,1.2168628608278411,0.008579064184445429,0.07262462184712026,0.10467043052895852,0.02486731804287068,0.010934354123588218,0.012105191673449265
2/23/2017,-805.7180000000001,26626.7604,6.3553,160.3926,110.86399999999999,2.0507,0.18882633638946977,0.10660018229585555,0.9385550532500294,1.211747603589424,-0.004203643157403292,0.07430520562812504,0.11614046391752586,0.02486731804287068,0.010874208369600898,0.011953512740395755
2/24/2017,-805.7180000000001,26626.7604,6.3553,160.3926,110.834,2.0507,0.21141970248439734,0.14330371293351263,0.93830107854591,1.2099781659388646,-0.0002706018184440717,0.05957821074166847,0.11371926404533883,0.02486731804287068,0.010646095536728364,0.011956392685158721
2/27/2017,-805.7180000000001,26626.7604,6.3553,160.3926,112.459,2.0507,0.22771834061135388,0.1323689956331877,0.9520580416857147,1.1951898653459876,0.01466156594546808,0.08420342251144852,0.1397602083734506,0.02486731804287068,0.010621907629889725,0.011990906093594584
2/28/2017,-805.7180000000001,26626.7604,6.3553,160.3926,115.43,2.0507,0.2244356754921928,0.10312712152070591,0.9772100032170129,1.2267650090867548,0.026418516970629247,0.10996788276246705,0.20467970527458323,0.026418516970629247,0.01169260011611475,0.01170278109204059
3/1/2017,-805.7180000000001,26626.7604,6.3553,160.3926,115.021,2.0507,0.2224182457781132,0.11539646945043747,0.9737474814175173,1.213416885569305,-0.003543272979294909,0.09594953835599473,0.19333720664826837,0.026418516970629247,0.011796355729159963,0.0117257259558646
3/2/2017,-805.7180000000001,26626.7604,6.3553,160.3926,114.94200000000001,2.0507,0.2125834731145364,0.09245603485562981,0.9730786813633362,1.206246261373296,-0.000686831100407681,0.10996089034812417,0.17561264983839964,0.026418516970629247,0.011151396795359855,0.011640668071282938
3/3/2017,-805.7180000000001,26626.7604,6.3553,160.3926,114.64200000000001,2.0507,0.20309794414885252,0.09229816662993628,0.9705389343221414,1.1964557807510072,-0.0026100120060551513,0.10143730064178946,0.17553807819693823,0.026418516970629247,0.011275498771546539,0.011641125273820477
3/6/2017,-805.7180000000001,26626.7604,6.3553,160.3926,114.83200000000001,2.0507,0.15970833585812705,0.06425094427275857,0.9721474407815648,1.1984387067148137,0.0016573332635507754,0.08969443917251874,0.1473447569565871,0.026418516970629247,0.011148415917931353,0.011241301120894462
3/7/2017,-805.7180000000001,26626.7604,6.3553,160.3926,115.071,2.0507,0.1637557014128379,0.052731115808209994,0.9741707725910498,1.2009330188482332,0.0020813013794063195,0.10546338370495634,0.16235681528919788,0.026418516970629247,0.01051745394366245,0.011115472397744759
3/8/2017,-805.7180000000001,26626.7604,6.3553,160.3926,114.31299999999999,2.0507,0.164783321955146,0.06461112073445352,0.9677536784002978,1.1930221878978897,-0.006587237444708127,0.09409276238969366,0.16336084509622317,0.026418516970629247,0.010808760048123119,0.011103679956522061
3/9/2017,-805.7180000000001,26626.7604,6.3553,160.3926,116.24799999999999,2.0507,0.1928622002401157,0.09330651698767634,0.9841350468160036,1.2132167233713915,0.016927208628939816,0.09105926078876703,0.1688267291392258,0.026418516970629247,0.01062325145109006,0.01118658805572007
3/10/2017,-805.7180000000001,26626.7604,6.3553,160.3926,117.454,2.0507,0.21506232866083885,0.11016396834428166,0.9943448299216063,1.2258030850153416,0.010374372032206924,0.09448906945971647,0.14158251285390766,0.026418516970629247,0.01069016221273414,0.010465150039380151
3/13/2017,-805.7180000000001,26626.7604,6.3553,160.3926,117.295,2.0507,0.20150989008737707,0.09242698954139916,0.9929987639897732,1.2241436890772088,-0.0013537214569107059,0.09985372165857131,0.16062417130078543,0.026418516970629247,0.010500111764526233,0.010161945637529632
3/14/2017,-805.7180000000001,26626.7604,6.3553,160.3926,115.779,2.0507,0.18598076273009445,0.11959271892894097,0.9801645756082693,1.208322027176522,-0.01292467709621048,0.05929660195063047,0.13887331425030247,0.026418516970629247,0.010082088486551708,0.010333057176433593
3/15/2017,-805.7180000000001,26626.7604,6.3553,160.3926,116.34700000000001,2.0507,0.19400059521976964,0.11255811089560064,0.984973163339598,1.2142499321630593,0.004905898306255985,0.07320290376437821,0.1464904760497039,0.026418516970629247,0.00977322280383198,0.010326763384161452
3/16/2017,-805.7180000000001,26626.7604,6.3553,160.3926,115.79899999999999,2.0507,0.15919556338592122,0.08094418194922737,0.9803338920776822,1.2085307562253438,-0.004710048389730881,0.07239169491211483,0.10894151671566621,0.026418516970629247,0.009802954215619077,0.00977606736201844
3/17/2017,-805.7180000000001,26626.7604,6.3553,160.3926,115.31,2.0507,0.1569526523322664,0.08972879689365576,0.9761941044005349,1.2034273309816528,-0.004222834394079333,0.06168861062517261,0.11276236429433051,0.026418516970629247,0.009922225807507373,0.00973282293952386
3/20/2017,-805.7180000000001,26626.7604,6.3553,160.3926,116.71600000000001,2.0507,0.16860907525331403,0.08286274980976405,0.9880970522002674,1.21810098311382,0.012193218281155271,0.0791848509505142,0.11943834342000526,0.026418516970629247,0.00997964492939817,0.009806403743870392
3/21/2017,-805.7180000000001,26626.7604,6.3553,160.3926,116.736,2.0507,0.14739532140750944,0.0630233929624533,0.9882663686696804,1.2183097121626418,0.0001713561122724805,0.07936977587099636,0.11898622547281046,0.026418516970629247,0.009976552976353597,0.009807376042932877
3/22/2017,-805.7180000000001,26626.7604,6.3553,160.3926,116.537,2.0507,0.14757117113568552,0.08699077310907821,0.9865816697990213,1.2162328581268655,-0.0017047012061403022,0.055732209992299664,0.11484521486243437,0.026418516970629247,0.009242399406273362,0.009817459537297318
3/23/2017,-805.7180000000001,26626.7604,6.3553,160.3926,117.78299999999999,2.0507,0.1802376848771492,0.11559581546354569,0.9971300858434498,1.229236677868459,0.010691883264542401,0.057943807710271855,0.12676500975777727,0.026418516970629247,0.009321600198644,0.009878517746828182
3/24/2017,-805.7180000000001,26626.7604,6.3553,160.3926,117.943,2.0507,0.17596091529986535,0.10537913156189238,0.9984846175987537,1.2309065102590329,0.001358430333749494,0.06385300909222114,0.12304205825501557,0.026418516970629247,0.009192963667845522,0.009872550847241932
3/27/2017,-805.7180000000001,26626.7604,6.3553,160.3926,117.454,2.0507,0.18905840310187383,0.12204010973992463,0.9943448299216063,1.2258030850153416,-0.004146070559507553,0.059728964036306564,0.13160683661868688,0.026418516970629247,0.00930000566276843,0.009750307270016464
3/28/2017,-805.7180000000001,26626.7604,6.3553,160.3926,118.20200000000001,2.0507,0.18775686566114325,0.13004813247987768,1.0,1.2336095514412742,0.006368450627479927,0.051067500155612455,0.1404505764870474,0.026418516970629247,0.00894059271465341,0.009755386979662177
3/29/2017,-805.7180000000001,26626.7604,6.3553,160.3926,119.428,2.0507,0.21271324126726232,0.17211616571892763,1.0,1.2464046421340458,0.010372074922589958,0.034635709954084604,0.15997940887943507,0.016927208628939816,0.007326262959019126,0.009744052550013357
3/30/2017,-805.7180000000001,26626.7604,6.3553,160.3926,118.571,2.0507,0.18434799980022976,0.1488887779054089,0.9928241283451117,1.237460602392035,-0.007175871654888311,0.030863929195538153,0.15165554551900295,0.016927208628939816,0.007495888973707491,0.009814304606378095
3/31/2017,-805.7180000000001,26626.7604,6.3553,160.3926,120.01700000000001,2.0507,0.18638421541685624,0.1362171566398449,1.0,1.2525517126218457,0.012195224802017401,0.04415270310243424,0.1406291579547616,0.016927208628939816,0.007829779476781018,0.009572127696116102
4/3/2017,-805.7180000000001,26626.7604,6.3553,160.3926,119.199,2.0507,0.18530488047412597,0.1399904538403407,0.9931842988909904,1.244014694525037,-0.006815701109009642,0.03974982990527032,0.1312422890765872,0.016927208628939816,0.00800773585666576,0.009638073320255385
4/4/2017,-805.7180000000001,26626.7604,6.3553,160.3926,119.089,2.0507,0.17569995656122894,0.133672945543577,0.9922677620670404,1.2428666847565175,-0.0009228265337796193,0.03707154800055723,0.14537288168195905,0.016927208628939816,0.008031217645663584,0.00944664795029692
4/5/2017,-805.7180000000001,26626.7604,6.3553,160.3926,118.73,2.0507,0.1649332810047095,0.12903257456828876,0.9892765191597857,1.2391199983301677,-0.003014552141675564,0.031797759644045964,0.150306154084638,0.016927208628939816,0.008097906699345951,0.009392567455673191
4/6/2017,-805.7180000000001,26626.7604,6.3553,160.3926,119.71700000000001,2.0507,0.1787694095174328,0.1255600082708912,0.9975003541165002,1.2494207768895198,0.008312979028046952,0.04727371340092579,0.1658324244312872,0.016927208628939816,0.008004005073075538,0.00937465348909882
4/7/2017,-805.7180000000001,26626.7604,6.3553,160.3926,120.814,2.0507,0.17163194848520114,0.1273517203925676,1.0,1.2608695652173914,0.009163276727615743,0.039278095107012634,0.18098906147665184,0.012195224802017401,0.00745154667339726,0.00937695555803722
4/10/2017,-805.7180000000001,26626.7604,6.3553,160.3926,121.632,2.0507,0.18436581043447786,0.14368342129350142,1.0,1.2694065833141999,0.006770738490572414,0.03557137262247356,0.16502399356340347,0.012195224802017401,0.0072853711742109665,0.009109945172768008
4/11/2017,-805.7180000000001,26626.7604,6.3553,160.3926,123.676,2.0507,0.1956881133078745,0.13399719630685936,1.0,1.2907386921037802,0.016804788213627964,0.05440129587791476,0.17999064983637214,0.016804788213627964,0.0079529390477709,0.009286026215115687
4/12/2017,-805.7180000000001,26626.7604,6.3553,160.3926,122.709,2.0507,0.18920202353032378,0.12204174984978566,0.9921811830913031,1.2806466425932497,-0.007818816908696902,0.059855414194283973,0.16577047311419335,0.016804788213627964,0.007522404026926564,0.00937690144539634
4/13/2017,-805.7180000000001,26626.7604,6.3553,160.3926,123.43700000000001,2.0507,0.18662039529339403,0.11846304698915633,0.998067531291439,1.2882443799703607,0.005932735170199432,0.060938399786844455,0.17268668060041814,0.016804788213627964,0.007540101189747894,0.00938137671640021
4/14/2017,-805.7180000000001,26626.7604,6.3553,160.3926,123.43700000000001,2.0507,0.1810796846295164,0.10799716778934476,0.998067531291439,1.2882443799703607,0.0,0.06595911881795202,0.16364373385621933,0.016804788213627964,0.007372228408664124,0.009363021212850412
4/17/2017,-805.7180000000001,26626.7604,6.3553,160.3926,124.603,2.0507,0.2010506530435201,0.11147525181936468,1.0,1.300413283516667,0.009446114212108059,0.0805914491371087,0.16728495681336986,0.016804788213627964,0.007299007767963362,0.009392241181750478
4/18/2017,-805.7180000000001,26626.7604,6.3553,160.3926,124.78299999999999,2.0507,0.21458676036870816,0.13606587694793504,1.0,1.3022918449560625,0.0014445880115245835,0.0691164878851227,0.18333807491702214,0.016804788213627964,0.007047889759135079,0.00920472128275877
4/19/2017,-805.7180000000001,26626.7604,6.3553,160.3926,124.70299999999999,2.0507,0.18899514688075048,0.11303286581935712,0.9993588870278804,1.3014569287607756,-0.0006411129721195508,0.06824801260964897,0.18516441741113843,0.016804788213627964,0.007067613270266979,0.009193541567379558
4/20/2017,-805.7180000000001,26626.7604,6.3553,160.3926,123.915,2.0507,0.25497523774800257,0.1802529902065042,0.9930439242525025,1.2932330042371998,-0.0063190139772096865,0.0633103649484712,0.18542647227643205,0.016804788213627964,0.007294897571463398,0.009190006132619511
4/21/2017,-805.7180000000001,26626.7604,6.3553,160.3926,123.417,2.0507,0.2404092585706099,0.18378443571162917,0.989052996001058,1.2880356509215387,-0.004018883912359272,0.047833728127149255,0.18905717093473617,0.016804788213627964,0.00722050698496733,0.00914555213840616
4/24/2017,-805.7180000000001,26626.7604,6.3553,160.3926,123.098,2.0507,0.23509285922120648,0.18337062417851446,0.986496558024731,1.2847064225928322,-0.0025847330594650497,0.04370755364879653,0.1928563122601652,0.016804788213627964,0.007295790720624252,0.009106298584423517
4/25/2017,-805.7180000000001,26626.7604,6.3553,160.3926,123.656,2.0507,0.22876960073136332,0.16714033030586073,0.9909683210052653,1.2905299630549585,0.004532973728249123,0.052803650790947954,0.18215712892678915,0.016804788213627964,0.007171148433134739,0.009004160799309593
4/26/2017,-805.7180000000001,26626.7604,6.3553,160.3926,123.287,2.0507,0.2339064814444134,0.18301373153448908,0.9880111874213636,1.2866789121041977,-0.002984084880636617,0.04301957665690925,0.18859484213063404,0.016804788213627964,0.0072077595965691806,0.00892227949854104
4/27/2017,-805.7180000000001,26626.7604,6.3553,160.3926,124.962,2.0507,0.2270424194815397,0.17270227808326788,1.0,1.304159969943017,0.013586185080340929,0.04633754228489129,0.20162701694328522,0.016804788213627964,0.007424567210852403,0.009025364667190965
4/28/2017,-805.7180000000001,26626.7604,6.3553,160.3926,126.119,2.0507,0.24412066448328917,0.16966223414749626,1.0,1.3162349454173539,0.009258814679662608,0.06365806141467978,0.20169412392449804,0.016804788213627964,0.007252657966234063,0.009025996225135658
5/1/2017,-805.7180000000001,26626.7604,6.3553,160.3926,126.876,2.0507,0.25765490716969164,0.1896652557913625,1.0,1.324135339915256,0.006002267699553698,0.057150237049751196,0.22520399787552514,0.016804788213627964,0.006979470406370832,0.008789602311459635
5/2/2017,-805.7180000000001,26626.7604,6.3553,160.3926,128.601,2.0507,0.2898020179327221,0.1955047840651516,1.0,1.3421382203761298,0.013595951953087937,0.07887650064178398,0.23555013258521962,0.016804788213627964,0.007013167851730475,0.00888283549091539
5/3/2017,-805.7180000000001,26626.7604,6.3553,160.3926,127.465,2.0507,0.2798076247276524,0.1957087060855245,0.9911664761549288,1.330282410403056,-0.00883352384507119,0.07033395191831326,0.2095748718921997,0.016804788213627964,0.007468469807641461,0.008937690237148016
5/4/2017,-805.7180000000001,26626.7604,6.3553,160.3926,127.814,2.0507,0.29223832007198536,0.20039632389368012,0.9938802964207121,1.3339247323049948,0.0027380065115913954,0.07650972795418176,0.2278827586869434,0.016804788213627964,0.007330725370517982,0.008721389386936207
5/5/2017,-805.7180000000001,26626.7604,6.3553,160.3926,129.239,2.0507,0.31660231660231664,0.2195984148490746,1.0,1.348796677033543,0.011149013410111763,0.07953757611700918,0.23694990524683668,0.016804788213627964,0.00744818816478105,0.008777180091648478
5/8/2017,-805.7180000000001,26626.7604,6.3553,160.3926,131.034,2.0507,0.3487247051073552,0.24353088910389697,1.0,1.3675301091652925,0.013888996355589267,0.0845928452000595,0.22983500084470543,0.016804788213627964,0.0076896963484247806,0.008630993441106254
5/9/2017,-805.7180000000001,26626.7604,6.3553,160.3926,129.369,2.0507,0.333508565774012,0.2537571896839632,0.9872933742387473,1.3501534158508839,-0.012706625761252699,0.06360990528808208,0.2055183852992155,0.016804788213627964,0.008462260219829596,0.00884845058655212
5/10/2017,-805.7180000000001,26626.7604,6.3553,160.3926,128.811,2.0507,0.3232692643538828,0.27051765406860295,0.9830349374971382,1.344329875388758,-0.004313243512742537,0.041519777483101095,0.20783714344654292,0.013888996355589267,0.007977508850822313,0.008819505911956115
5/11/2017,-805.7180000000001,26626.7604,6.3553,160.3926,127.345,2.0507,0.2969111222006089,0.24969701907506803,0.9718470015415847,1.3290300361101255,-0.011381015596494182,0.03778043990253366,0.16511738549653243,0.013888996355589267,0.008229922530740763,0.008550849711381514
5/12/2017,-805.7180000000001,26626.7604,6.3553,160.3926,127.156,2.0507,0.29419547892642317,0.25634344688603683,0.9704046278065236,1.3270575465987602,-0.0014841572107266998,0.030128729635360507,0.1729068083497063,0.013888996355589267,0.008202787613409548,0.008458833028999422
5/15/2017,-805.7180000000001,26626.7604,6.3553,160.3926,130.02700000000002,2.0507,0.3212783253734379,0.2543135860176813,0.992314971686738,1.357020601557119,0.022578564912391075,0.05338755802555162,0.2041543961030543,0.022578564912391075,0.009396569776488953,0.008783039380642343
5/16/2017,-805.7180000000001,26626.7604,6.3553,160.3926,130.386,2.0507,0.3229099025974025,0.26423498376623367,0.9950547186226476,1.3607672879834687,0.002760965030339735,0.04641140261470422,0.20049719178712833,0.022578564912391075,0.009262536531559491,0.00877562191776015
5/17/2017,-805.7180000000001,26626.7604,6.3553,160.3926,133.686,2.0507,0.3563920454545455,0.26606128246753236,1.0,1.3952075810390534,0.025309465740186887,0.07134785988476011,0.23609364597973226,0.025309465740186887,0.010540609288474612,0.009166826094959038
5/18/2017,-805.7180000000001,26626.7604,6.3553,160.3926,131.612,2.0507,0.32796545183032655,0.25825362231101434,0.984486034438909,1.3735623786762403,-0.01551396556109097,0.05540363904637413,0.21691693172571935,0.025309465740186887,0.011294181849585397,0.009463517895641984
5/19/2017,-805.7180000000001,26626.7604,6.3553,160.3926,132.41,2.0507,0.350144283223379,0.26352336572483215,0.9904552458746615,1.381890667724227,0.00606327690484143,0.06855505790259442,0.1995289215020155,0.025309465740186887,0.011125499358182847,0.009203796129268116
5/22/2017,-805.7180000000001,26626.7604,6.3553,160.3926,133.437,2.0507,0.3152852115799747,0.21651831918857378,0.9981374265068893,1.3926089043812229,0.007756211766483112,0.0811881669462069,0.19855028203930591,0.025309465740186887,0.011038751706811428,0.00919623586185871
5/23/2017,-805.7180000000001,26626.7604,6.3553,160.3926,133.916,2.0507,0.316761880414155,0.2103912449238452,1.0,1.3976079651005031,0.003589709001251329,0.08788120034444091,0.2079304372925388,0.025309465740186887,0.010942505692405026,0.009151167483612936
5/24/2017,-805.7180000000001,26626.7604,6.3553,160.3926,133.671,2.0507,0.31243004418262155,0.2140991654393718,0.9981704949371247,1.395051034252437,-0.0018295050628752696,0.08099081322378199,0.20604688092101697,0.025309465740186887,0.011017045355123621,0.009162375482899091
5/25/2017,-805.7180000000001,26626.7604,6.3553,160.3926,135.15200000000002,2.0507,0.29812799554330405,0.18416528195326243,1.0,1.4105074203176857,0.011079441314870264,0.09623885730044535,0.20178909647071386,0.025309465740186887,0.01101320955806232,0.009099863087114596
5/26/2017,-805.7180000000001,26626.7604,6.3553,160.3926,135.621,2.0507,0.3065103464221033,0.2038264421409579,1.0,1.4154021165125552,0.0034701669231680388,0.08529793057089363,0.1749198648531578,0.025309465740186887,0.010812685511508305,0.00859085812111673
5/29/2017,-805.7180000000001,26626.7604,6.3553,160.3926,135.621,2.0507,0.3099048630897765,0.21812913507509535,1.0,1.4154021165125552,0.0,0.07534154251143765,0.17909772997974294,0.025309465740186887,0.010774557856638863,0.008561551467591223
5/30/2017,-805.7180000000001,26626.7604,6.3553,160.3926,137.575,2.0507,0.36587472573295066,0.2596527109001916,1.0,1.4357949445824374,0.01440779820234317,0.08432642895425446,0.19690800577682643,0.025309465740186887,0.011024608859832743,0.008676973201401181
5/31/2017,-805.7180000000001,26626.7604,6.3553,160.3926,137.774,2.0507,0.3713768115942029,0.28007047300525567,1.0,1.4378717986182137,0.0014464837361440885,0.07132914985108973,0.2017759634339944,0.025309465740186887,0.010808125692416097,0.008650481449915218
6/1/2017,-805.7180000000001,26626.7604,6.3553,160.3926,137.844,2.0507,0.379184759770276,0.27533868288876007,1.0,1.4386023502890897,0.0005080784473121547,0.08142627387910406,0.20039710185314186,0.025309465740186887,0.01046888038501395,0.008654480248336425
6/2/2017,-805.7180000000001,26626.7604,6.3553,160.3926,138.283,2.0507,0.3806899306075582,0.2761619489790823,1.0,1.4431839529107264,0.0031847595832970033,0.08190808518628634,0.20171893874216784,0.025309465740186887,0.010467096850253124,0.008653830610135757
6/5/2017,-805.7180000000001,26626.7604,6.3553,160.3926,137.525,2.0507,0.37298457545050656,0.290261069235761,0.9945184874496504,1.4352731219603834,-0.005481512550349565,0.06411377370607951,0.20305652025578902,0.025309465740186887,0.010512923031593631,0.008635261308480848
6/6/2017,-805.7180000000001,26626.7604,6.3553,160.3926,136.588,2.0507,0.37402798595672326,0.3181566690474511,0.9877425280041654,1.4254941660230853,-0.006813306671514363,0.042385945632431365,0.17497075218498392,0.025309465740186887,0.010412519512852695,0.008534003239588788
6/7/2017,-805.7180000000001,26626.7604,6.3553,160.3926,135.501,2.0507,0.33131263509530373,0.2710650422479859,0.9798818365236509,1.4141497422196248,-0.007958239376811949,0.04739929967766621,0.15365164234508843,0.025309465740186887,0.010124064513174848,0.008577025818605227
6/8/2017,-805.7180000000001,26626.7604,6.3553,160.3926,133.876,2.0507,0.3079064859953693,0.25842378295997426,0.96813057281083,1.3971905070028596,-0.011992531420432329,0.03932117598652285,0.14136152436165217,0.025309465740186887,0.010504746726264013,0.008753193601785418
6/9/2017,-805.7180000000001,26626.7604,6.3553,160.3926,133.906,2.0507,0.30515214721534534,0.24120353223259716,0.968347519217836,1.3975036005760924,0.00022408796199480108,0.05152145745808645,0.15656552569982485,0.025309465740186887,0.01006783097815965,0.008542456876950455
6/12/2017,-805.7180000000001,26626.7604,6.3553,160.3926,132.031,2.0507,0.23456917106924124,0.1889849922857545,0.9547883687799659,1.3779352522490556,-0.014002359864382474,0.03833873352417494,0.13480364770900843,0.025309465740186887,0.010664878986350847,0.00877997081189186
6/13/2017,-805.7180000000001,26626.7604,6.3553,160.3926,131.662,2.0507,0.27818497771996076,0.2623122700399003,0.952119927973793,1.3740842012982948,-0.0027947981913338804,0.012574311489152112,0.1369873660394305,0.025309465740186887,0.009580932374619414,0.0087594885771001
6/14/2017,-805.7180000000001,26626.7604,6.3553,160.3926,132.52,2.0507,0.31619721107623877,0.29500218505422904,0.9583245952141625,1.3830386774927468,0.006516686667375593,0.016366787845320863,0.14924984823519205,0.025309465740186887,0.009657276500351988,0.008739377793161873
6/15/2017,-805.7180000000001,26626.7604,6.3553,160.3926,131.832,2.0507,0.2769963966058351,0.29495524816924323,0.9533492909468265,1.3758583982132793,-0.005191669182010417,-0.013868318298101645,0.12951094965557397,0.01440779820234317,0.007928492008423695,0.00869464061377628
6/16/2017,-805.7180000000001,26626.7604,6.3553,160.3926,132.659,2.0507,0.23835705950991826,0.228583430571762,0.9593297802332897,1.3844893443820576,0.006273135505795224,0.007955201653344623,0.13640179550438591,0.01440779820234317,0.007283360543117694,0.00870823322876431
6/19/2017,-805.7180000000001,26626.7604,6.3553,160.3926,132.57,2.0507,0.2317998940746866,0.23031322300995138,0.9586861725591722,1.383560500114801,-0.000670893041557652,0.0012083679480401344,0.13757862309824342,0.01440779820234317,0.007169021218133282,0.008701979460251266
6/20/2017,-805.7180000000001,26626.7604,6.3553,160.3926,131.174,2.0507,0.197203537561492,0.21785756660308309,0.9485909330864967,1.3689912125070447,-0.01053028588670124,-0.01695931413326146,0.11369212874523504,0.01440779820234317,0.007299658638827731,0.008773903867693025
6/21/2017,-805.7180000000001,26626.7604,6.3553,160.3926,130.695,2.0507,0.19283178329241446,0.2222293208721604,0.945127022121302,1.3639921517877642,-0.003651638281976677,-0.02405239105110668,0.10812002407942822,0.01440779820234317,0.007253371124353482,0.00880016160370915
6/22/2017,-805.7180000000001,26626.7604,6.3553,160.3926,130.855,2.0507,0.20470447431412242,0.23062971828392542,0.9462840696253336,1.365661984178338,0.0012242243391100693,-0.021066648712136482,0.11409573109472637,0.01440779820234317,0.0072693156167396135,0.008768880418342643
6/23/2017,-805.7180000000001,26626.7604,6.3553,160.3926,131.523,2.0507,0.20301295185130996,0.2362066442265478,0.9511147429546655,1.3726335344089837,0.005104887088762444,-0.02685124896412938,0.11269690868174798,0.01440779820234317,0.006879886845837819,0.008759596284111566
6/26/2017,-805.7180000000001,26626.7604,6.3553,160.3926,132.41,2.0507,0.20050772927149918,0.22962056303549572,0.9575291250551407,1.381890667724227,0.006744067577533874,-0.023676274323298108,0.1087014770405601,0.01440779820234317,0.007028229881088175,0.008713697834921097
6/27/2017,-805.7180000000001,26626.7604,6.3553,160.3926,135.341,2.0507,0.18643161456598367,0.18888616161439087,0.9787247890196193,1.412479909829051,0.022135790348161155,-0.0020645770197831315,0.1414342461478777,0.022135790348161155,0.008671861062577864,0.009010879610473352
6/28/2017,-805.7180000000001,26626.7604,6.3553,160.3926,133.95600000000002,2.0507,0.18579762231448127,0.21783352660511457,0.968709096562846,1.3980254231981466,-0.010233410422562206,-0.026305651462838253,0.11614187990034752,0.022135790348161155,0.008273924379809356,0.00905025152398238
6/29/2017,-805.7180000000001,26626.7604,6.3553,160.3926,134.125,2.0507,0.19276294142233374,0.22521320776529818,0.9699312279889792,1.3997891836606902,0.0012616082892888958,-0.02648540363203511,0.12521917130177274,0.022135790348161155,0.008271025179608826,0.008983399814819937
6/30/2017,-805.7180000000001,26626.7604,6.3553,160.3926,134.504,2.0507,0.20349674752373348,0.23338194898041342,0.972671984264154,1.4037445991358617,0.0028257222739980214,-0.02423028931255622,0.12944100630620792,0.022135790348161155,0.00831095208376885,0.00897671909298058
7/3/2017,-805.7180000000001,26626.7604,6.3553,160.3926,133.886,2.0507,0.18339712030547028,0.2222615059617985,0.968202888279832,1.3972948715272704,-0.004594658894902737,-0.03179711172016797,0.12765097279541804,0.022135790348161155,0.008282126666393323,0.008993072994595319
7/4/2017,-805.7180000000001,26626.7604,6.3553,160.3926,133.886,2.0507,0.17758916399138047,0.2095958485421523,0.968202888279832,1.3972948715272704,0.0,-0.026460643519360172,0.11835411846270771,0.022135790348161155,0.008236789592036864,0.00895910399619269
7/5/2017,-805.7180000000001,26626.7604,6.3553,160.3926,134.015,2.0507,0.18151922839560575,0.20420362174457352,0.9691357578299574,1.3986411738921705,0.0009635062665251937,-0.01883767241631773,0.10926713791448006,0.022135790348161155,0.008148219771225249,0.008910077626824294
7/6/2017,-805.7180000000001,26626.7604,6.3553,160.3926,133.966,2.0507,0.19060780845901593,0.20424994889751957,0.9687814120318479,1.3981297877225574,-0.00036563071297968097,-0.011328329680223792,0.10140423572744006,0.022135790348161155,0.007984958805129104,0.00888973515497664
7/7/2017,-805.7180000000001,26626.7604,6.3553,160.3926,136.279,2.0507,0.21364514778829613,0.19224501064218225,0.9855079800120045,1.4222693022187898,0.01726557484734914,0.01794944575577384,0.10190336039328574,0.022135790348161155,0.008422212504701524,0.00890264948424997
7/10/2017,-805.7180000000001,26626.7604,6.3553,160.3926,134.095,2.0507,0.2012344241294981,0.19954134604187024,0.9697142815819733,1.3994760900874574,-0.016025946770962474,0.0014114378743297351,0.0927886300108387,0.022135790348161155,0.009196512075296748,0.009100258879844987
7/11/2017,-805.7180000000001,26626.7604,6.3553,160.3926,133.208,2.0507,0.18052429146209614,0.17009340824899422,0.9632998994814982,1.390218956772214,-0.0066147134494202176,0.008914573092682732,0.0791577889935755,0.022135790348161155,0.008760765662332979,0.009137797282819991
7/12/2017,-805.7180000000001,26626.7604,6.3553,160.3926,135.85,2.0507,0.20735164727734867,0.1701312667193986,0.9824056463918197,1.4177920641215638,0.019833643625007502,0.0318087223344623,0.10056141999562507,0.022135790348161155,0.009683545937078474,0.009430962449335245
7/13/2017,-805.7180000000001,26626.7604,6.3553,160.3926,135.511,2.0507,0.20937974118697,0.18268630075858994,0.9799541519926528,1.4142541067440355,-0.0024953993375046446,0.022570178086326553,0.08754203349839096,0.022135790348161155,0.009651452445820084,0.009389937526980235
7/14/2017,-805.7180000000001,26626.7604,6.3553,160.3926,136.089,2.0507,0.2105515971499481,0.17268433271955796,0.9841339861009669,1.4202863762549833,0.004265336393355579,0.032291097760786425,0.0906052907848025,0.022135790348161155,0.009563064111957164,0.009396991494359904
7/17/2017,-805.7180000000001,26626.7604,6.3553,160.3926,135.601,2.0507,0.20910387873383862,0.182871154703522,0.9806049912136706,1.4151933874637332,-0.0035858886464005257,0.022177160991715628,0.0873916425426815,0.022135790348161155,0.00956200687907016,0.009414721149679246
7/18/2017,-805.7180000000001,26626.7604,6.3553,160.3926,137.086,2.0507,0.19556609862029273,0.1561807747989743,0.9913438383604639,1.4306915193387466,0.010951246672222359,0.03406502225239505,0.10629060242908439,0.022135790348161155,0.009788739960743207,0.00943850455506079
7/19/2017,-805.7180000000001,26626.7604,6.3553,160.3926,138.054,2.0507,0.1935263553761164,0.13404628725068957,0.9983439757598549,1.4407940053017179,0.007061260814379189,0.05244941832985184,0.11859792411094094,0.022135790348161155,0.009441564426947711,0.009434431518938533
7/20/2017,-805.7180000000001,26626.7604,6.3553,160.3926,135.411,2.0507,0.1988897447475364,0.1571356476931658,0.9792309973026331,1.413210461499927,-0.01914468251553736,0.03608401239527148,0.1000259955482623,0.022135790348161155,0.010491537303845676,0.009783486013763647
7/21/2017,-805.7180000000001,26626.7604,6.3553,160.3926,136.19899999999998,2.0507,0.20660358971633097,0.15926044047555776,0.9849294562599885,1.4214343860235028,0.005819320439255149,0.04083909671009889,0.10143462508895618,0.022135790348161155,0.010528058864032346,0.00979112719269398
7/24/2017,-805.7180000000001,26626.7604,6.3553,160.3926,135.78,2.0507,0.1988662952400293,0.1612792145297861,0.981899438108806,1.4170615124506878,-0.0030763808838536466,0.032366962432426316,0.10133266281116415,0.022135790348161155,0.010557218048811493,0.009791828263925674
7/25/2017,-805.7180000000001,26626.7604,6.3553,160.3926,135.05200000000002,2.0507,0.1896129520990788,0.16634075013653238,0.9766348719654624,1.4094637750735772,-0.005361614376196644,0.019953175742013718,0.08074454634208816,0.022135790348161155,0.010591077347000296,0.00970774852846054
7/26/2017,-805.7180000000001,26626.7604,6.3553,160.3926,135.172,2.0507,0.1791820783027427,0.18065636122548678,0.9775026575934859,1.4107161493665072,0.0008885466338890424,-0.0012486977338722616,0.07178141279267991,0.019833643625007502,0.009420664599242966,0.00965391068458182
7/27/2017,-805.7180000000001,26626.7604,6.3553,160.3926,135.601,2.0507,0.1682892786986938,0.15411655236585475,0.9806049912136706,1.4151933874637332,0.0031737342053088646,0.012280151691600016,0.06876793089315547,0.019833643625007502,0.009143936994636236,0.009637527992192843
7/28/2017,-805.7180000000001,26626.7604,6.3553,160.3926,137.236,2.0507,0.18491784594928284,0.15805696820038162,0.9924285703954934,1.4322569872049091,0.012057433204769819,0.0231947809878843,0.06714566760756124,0.019833643625007502,0.00947908123886588,0.009607259561161569
7/31/2017,-805.7180000000001,26626.7604,6.3553,160.3926,137.14600000000002,2.0507,0.18424302083603195,0.1614295952818865,0.9917777311744758,1.4313177064852118,-0.0006558045993760864,0.019642538511865926,0.07595026085592127,0.019833643625007502,0.009478482641847412,0.009526094820820898
8/1/2017,-805.7180000000001,26626.7604,6.3553,160.3926,137.02700000000002,2.0507,0.1814811302046062,0.15439864113330848,0.9909171770933523,1.4300757686447225,-0.0008676884488063585,0.023460257233766102,0.07208130564726889,0.019833643625007502,0.009403687672363211,0.009527580535127258
8/2/2017,-805.7180000000001,26626.7604,6.3553,160.3926,137.595,2.0507,0.19191787941787952,0.1597886347886348,0.9950246957326643,1.4360036736312594,0.004145168470447214,0.02770267242280755,0.06465540587593521,0.019833643625007502,0.009421895998357759,0.00944956740208499
8/3/2017,-805.7180000000001,26626.7604,6.3553,160.3926,137.954,2.0507,0.21008034805796294,0.17552892880951543,0.9976208210698352,1.4397503600576094,0.0026091064355537874,0.029392232212812175,0.052810720881603324,0.019833643625007502,0.009425412855743262,0.009307961986672136
8/4/2017,-805.7180000000001,26626.7604,6.3553,160.3926,139.549,2.0507,0.22278398934492327,0.17386351687638024,1.0,1.4563965017011418,0.011561824956144884,0.04167475329561232,0.07868963971275966,0.019833643625007502,0.009668499059085373,0.009239385520906942
8/7/2017,-805.7180000000001,26626.7604,6.3553,160.3926,139.11,2.0507,0.2162835634284317,0.19153121803222795,0.996854151588331,1.451814899079505,-0.0031458484116689833,0.020773560122983037,0.07995435172461973,0.019833643625007502,0.00906316516589678,0.009229223584206784
8/8/2017,-805.7180000000001,26626.7604,6.3553,160.3926,137.814,2.0507,0.22091107213097327,0.18796399652722418,0.9875670911292806,1.4382892567158572,-0.009316368341600323,0.02773406913009424,0.08220974518041535,0.019833643625007502,0.008535130943138694,0.0091871698763489
8/9/2017,-805.7180000000001,26626.7604,6.3553,160.3926,138.622,2.0507,0.22514958416926656,0.17730032612442215,0.9933571720327627,1.446721910288255,0.005862974734061943,0.040643204612335726,0.09017270124885979,0.019833643625007502,0.008386834865297416,0.009197932361889873
8/10/2017,-805.7180000000001,26626.7604,6.3553,160.3926,138.612,2.0507,0.2307063962780127,0.20618318712931072,0.9932855126156404,1.446617545763844,-7.213862157540163e-05,0.020331247699668653,0.06602474870603792,0.012057433204769819,0.007319406210570565,0.008790936627123823
8/11/2017,-805.7180000000001,26626.7604,6.3553,160.3926,137.864,2.0507,0.22049983622086278,0.19966890055507847,0.9879253882148923,1.4388110793379116,-0.0053963581796668825,0.017363904037310585,0.05735278327427795,0.012057433204769819,0.007415116170229334,0.008825385864424983
8/14/2017,-805.7180000000001,26626.7604,6.3553,160.3926,140.078,2.0507,0.23107615239267054,0.19601880739992095,1.0,1.4619173850424765,0.016059304822143572,0.029311700431335463,0.04781353320467363,0.016059304822143572,0.008101851560785934,0.00848346220711378
8/15/2017,-805.7180000000001,26626.7604,6.3553,160.3926,140.885,2.0507,0.2411025758483385,0.19455407167271566,1.0,1.4703396021624329,0.005761075971958407,0.03896726425321351,0.07045710117618453,0.016059304822143572,0.00807047336061177,0.008244594608818797
8/16/2017,-805.7180000000001,26626.7604,6.3553,160.3926,143.298,2.0507,0.2581588305017779,0.20361736687299725,1.0,1.495522761902774,0.017127444369521294,0.04531462001954978,0.08222943886413425,0.017127444369521294,0.008518697847774603,0.008466560046854131
8/17/2017,-805.7180000000001,26626.7604,6.3553,160.3926,141.792,2.0507,0.24778457341488092,0.21488977867734405,0.9894904325252272,1.4798054645264982,-0.01050956747477283,0.027076361423790773,0.06261381775669417,0.017127444369521294,0.008867657306432231,0.008553868503041226
8/18/2017,-805.7180000000001,26626.7604,6.3553,160.3926,142.48,2.0507,0.2518560822387206,0.18974651847296053,0.9942916160727993,1.4869857438059655,0.00485217783795977,0.05220403069174573,0.06395053615699386,0.017127444369521294,0.007547903160311142,0.008561507746116352
8/21/2017,-805.7180000000001,26626.7604,6.3553,160.3926,143.637,2.0507,0.261689138741271,0.19635469278404827,1.0,1.4990607192803023,0.00812043795620454,0.05461126733676469,0.07455618645779571,0.017127444369521294,0.0076156145512027,0.00859977527273023
8/22/2017,-805.7180000000001,26626.7604,6.3553,160.3926,145.16299999999998,2.0507,0.2564961481866179,0.1752791482731757,1.0,1.5149867457053996,0.010624003564541074,0.06910443364265717,0.07407215579495663,0.017127444369521294,0.00769479684312674,0.00859150540086393
8/23/2017,-805.7180000000001,26626.7604,6.3553,160.3926,145.80100000000002,2.0507,0.2620185233272745,0.16897775469575027,1.0,1.521645202362813,0.004395059347078956,0.07959156473062223,0.07506212164782755,0.017127444369521294,0.007441426499190715,0.00859628614669481
8/24/2017,-805.7180000000001,26626.7604,6.3553,160.3926,147.645,2.0507,0.25896397356640377,0.1526071200170538,1.0,1.540890020664176,0.012647375532403693,0.09227502737253279,0.08865883602097013,0.017127444369521294,0.007660091478612192,0.00871500624267067
8/25/2017,-805.7180000000001,26626.7604,6.3553,160.3926,151.653,2.0507,0.28386752679433114,0.14797412844347346,1.0,1.5827193220480493,0.02714619526567086,0.11837670813637069,0.10232963837906595,0.02714619526567086,0.009137139637973562,0.009158473150522347
8/28/2017,-805.7180000000001,26626.7604,6.3553,160.3926,151.91299999999998,2.0507,0.2984461007213919,0.17299736743136496,1.0,1.5854327996827318,0.0017144402023039351,0.10694715672272581,0.10262458809354436,0.02714619526567086,0.009037493804453678,0.009158468230603662
8/29/2017,-805.7180000000001,26626.7604,6.3553,160.3926,151.554,2.0507,0.37781373868140644,0.24682715735117644,0.9976368052767045,1.581686113256382,-0.002363194723295492,0.10505592580170031,0.0994602594236964,0.02714619526567086,0.009097349976104745,0.009171089871346553
8/30/2017,-805.7180000000001,26626.7604,6.3553,160.3926,152.591,2.0507,0.3724310371189843,0.23244560769182354,1.0,1.5925087144377885,0.0068424455969489095,0.11358345435571082,0.10346897304802494,0.02714619526567086,0.009012046174497423,0.009193173364607374
8/31/2017,-805.7180000000001,26626.7604,6.3553,160.3926,153.099,2.0507,0.4088432870157357,0.26617281678476123,1.0,1.5978104322778601,0.003329160959689492,0.11267851302736287,0.1132448645700781,0.02714619526567086,0.009018463428194057,0.009150540425272788
9/1/2017,-805.7180000000001,26626.7604,6.3553,160.3926,150.457,2.0507,0.3878388724391435,0.27250924721661085,0.9827431923134704,1.5702373249285102,-0.017256807686529596,0.09063165982863852,0.10153893460626118,0.02714619526567086,0.010254026096250174,0.009399303629482672
9/4/2017,-805.7180000000001,26626.7604,6.3553,160.3926,150.457,2.0507,0.385678762202984,0.2852182722416652,0.9827431923134704,1.5702373249285102,0.0,0.07816609219700599,0.11037556918399116,0.02714619526567086,0.010148253053204166,0.009322214305475628
9/5/2017,-805.7180000000001,26626.7604,6.3553,160.3926,150.716,2.0507,0.39523430412323424,0.287793227305549,0.9844349081313399,1.5729403661107517,0.0017214220674346414,0.08343037883689153,0.12578804266634802,0.02714619526567086,0.010040553578842752,0.009155816112554201
9/6/2017,-805.7180000000001,26626.7604,6.3553,160.3926,150.058,2.0507,0.3639652414194299,0.25267233856893534,0.9801370355129687,1.566073180404517,-0.004365827118554155,0.08884438446021448,0.12062192881573641,0.02714619526567086,0.009769920223453122,0.009187763642403852
9/7/2017,-805.7180000000001,26626.7604,6.3553,160.3926,150.208,2.0507,0.37958651346908057,0.27317480873263,0.9811167937086461,1.56763864827068,0.0009996134827867653,0.08357980695704859,0.13767221334383595,0.02714619526567086,0.009783837467425139,0.008961892193203636
9/8/2017,-805.7180000000001,26626.7604,6.3553,160.3926,149.011,2.0507,0.35200290341605034,0.2576509549516852,0.9732983233071412,1.5551462146986996,-0.007968949723050733,0.07502236458603884,0.13176922726375095,0.02714619526567086,0.010090094641646166,0.009030812953848213
9/11/2017,-805.7180000000001,26626.7604,6.3553,160.3926,149.689,2.0507,0.3321200687022221,0.22688641885217464,0.9777268303516026,1.562222129453756,0.004549999664454241,0.08577293564672428,0.12955780259583438,0.02714619526567086,0.009882980366383113,0.009018362283934265
9/12/2017,-805.7180000000001,26626.7604,6.3553,160.3926,149.3,2.0507,0.3382693031677453,0.25560674781735715,0.9751859907641462,1.5581623494541736,-0.002598721348930022,0.06583474921115395,0.1325019722070515,0.02714619526567086,0.009575971919228462,0.008991000560542702
9/13/2017,-805.7180000000001,26626.7604,6.3553,160.3926,148.71200000000002,2.0507,0.3388672314603911,0.2684000612209987,0.9713453386370912,1.552025715418815,-0.0039383791024781845,0.05555594988820678,0.1210095055744429,0.02714619526567086,0.00967381868478355,0.009005062628820146
9/14/2017,-805.7180000000001,26626.7604,6.3553,160.3926,148.333,2.0507,0.3296014772054998,0.2844696222728167,0.9688698162626798,1.548070299943643,-0.0025485502178709263,0.03513656854945646,0.11890322093988082,0.02714619526567086,0.009136625270128802,0.009016655780289588
9/15/2017,-805.7180000000001,26626.7604,6.3553,160.3926,149.55,2.0507,0.32570385079072417,0.2569321324728744,0.976818921090275,1.5607714625644453,0.008204512819129928,0.05471394719025047,0.14008873709729075,0.02714619526567086,0.00879393238550289,0.008910927823086659
9/18/2017,-805.7180000000001,26626.7604,6.3553,160.3926,150.088,2.0507,0.3488388812998777,0.2804658853979436,0.9803329871521043,1.5663862739777494,0.003597459043797935,0.05339696799550819,0.14838364130226855,0.02714619526567086,0.00878195196396447,0.008881925404098415
9/19/2017,-805.7180000000001,26626.7604,6.3553,160.3926,144.993,2.0507,0.29653673847144346,0.2844112991925316,0.9470538671055984,1.5132125487904151,-0.03394675123927293,0.009440464504271162,0.10804325398341685,0.02714619526567086,0.011739612472499869,0.009983624937179195
9/20/2017,-805.7180000000001,26626.7604,6.3553,160.3926,145.651,2.0507,0.30684958547177255,0.30247101891397166,0.9513517397239696,1.5200797344966501,0.004538150117592066,0.0033617381839727845,0.1074184743352875,0.02714619526567086,0.011551152396662717,0.00998074309129099
9/21/2017,-805.7180000000001,26626.7604,6.3553,160.3926,144.584,2.0507,0.29820780806665925,0.30913515066623565,0.9443823930920516,1.5089440397420109,-0.007325730684993648,-0.00834699350484569,0.09194169624650717,0.02714619526567086,0.011622468335879875,0.010022698289810669
9/22/2017,-805.7180000000001,26626.7604,6.3553,160.3926,142.201,2.0507,0.3078359238480639,0.35790490205095193,0.9288173012233915,1.4840739735749024,-0.016481768383777018,-0.03687222730197448,0.05068678375362956,0.02714619526567086,0.011733375573623915,0.009917312566297133
9/25/2017,-805.7180000000001,26626.7604,6.3553,160.3926,141.045,2.0507,0.29117157033266805,0.3882806349438839,0.9212666313953716,1.4720094345530066,-0.008129338049662094,-0.06994916025400089,0.05292036190988059,0.008204512819129928,0.009751676646558165,0.009882924811609864
9/26/2017,-805.7180000000001,26626.7604,6.3553,160.3926,141.99200000000002,2.0507,0.30436619847692903,0.3955024389347688,0.9274521714707479,1.4818927550147156,0.006714169236768708,-0.06530711657330157,0.05865424044734402,0.008204512819129928,0.009941994996022474,0.009910273172654631
9/27/2017,-805.7180000000001,26626.7604,6.3553,160.3926,142.56,2.0507,0.3018226978850862,0.38395368374913263,0.9311621891717125,1.4878206600012525,0.004000225364809262,-0.05934518389484933,0.05989412954261586,0.008204512819129928,0.010063825394531638,0.009914955389158462
9/28/2017,-805.7180000000001,26626.7604,6.3553,160.3926,143.338,2.0507,0.3252158798838778,0.410763484403025,0.9362438683466254,1.4959402200004175,0.005457351290684587,-0.06063922511812636,0.07059737388524567,0.008204512819129928,0.010001401585241269,0.009904801099914966
9/29/2017,-805.7180000000001,26626.7604,6.3553,160.3926,143.627,2.0507,0.3036142172523961,0.3895857537031657,0.9381315358036305,1.4989563547558915,0.0020162134256094255,-0.06186846419636949,0.0727559266838953,0.008204512819129928,0.009964378244628641,0.00990434247984544
10/2/2017,-805.7180000000001,26626.7604,6.3553,160.3926,142.451,2.0507,0.28491665463991933,0.35713125992206685,0.9304502315495202,1.486683086685174,-0.008187875538721912,-0.05321121649374905,0.06294817744282355,0.008204512819129928,0.00950082073801832,0.009974189457126416
10/3/2017,-805.7180000000001,26626.7604,6.3553,160.3926,143.34799999999998,2.0507,0.28491780355318097,0.3486402179953745,0.9363091855596705,1.4960445845248282,0.006296902092649326,-0.04724938022159164,0.07003269486287556,0.008204512819129928,0.009683167228897591,0.009994576697552214
10/4/2017,-805.7180000000001,26626.7604,6.3553,160.3926,146.778,2.0507,0.3282475906067599,0.3638839871499029,0.9587129896341583,1.531841616397754,0.023927784133716656,-0.026128612755115688,0.07704048312652723,0.023927784133716656,0.011228546702833584,0.01020122599033333
10/5/2017,-805.7180000000001,26626.7604,6.3553,160.3926,146.439,2.0507,0.31899696459292226,0.35159381389441835,0.9564987361119276,1.528303659020226,-0.0023096104320811106,-0.024117341294699335,0.0920541407211306,0.023927784133716656,0.011208502590409508,0.009970767420836838
10/6/2017,-805.7180000000001,26626.7604,6.3553,160.3926,146.887,2.0507,0.3147662480643747,0.3444920829566509,0.9594249472563505,1.5329791897138325,0.0030592943136733552,-0.02210934171282486,0.10268902768602484,0.023927784133716656,0.011236784406984182,0.009918956067215245
10/9/2017,-805.7180000000001,26626.7604,6.3553,160.3926,147.296,2.0507,0.32456858178286563,0.33999082758558674,0.9620964212698973,1.5372476987622368,0.0027844533553003092,-0.011509217440323183,0.08425469267574526,0.023927784133716656,0.011148164046296542,0.009642212904026276
10/10/2017,-805.7180000000001,26626.7604,6.3553,160.3926,147.984,2.0507,0.3076603603523995,0.3227265899069516,0.9665902455274039,1.5444279780417043,0.0046708668259831665,-0.011390282519089467,0.0920441882946772,0.023927784133716656,0.011150927840170518,0.009638618056042736
10/11/2017,-805.7180000000001,26626.7604,6.3553,160.3926,150.906,2.0507,0.31391704106154017,0.2999338278828405,0.9856759351791978,1.5749232920745582,0.019745377878689574,0.010756865371734703,0.10887727883958287,0.023927784133716656,0.011974807931535873,0.009905315147859799
10/12/2017,-805.7180000000001,26626.7604,6.3553,160.3926,151.773,2.0507,0.32215659627848625,0.295490974980835,0.9913389375502126,1.5839716963409798,0.005745298397678011,0.020583409543278197,0.11926165736240879,0.023927784133716656,0.011978631289707902,0.009894909183920405
10/13/2017,-805.7180000000001,26626.7604,6.3553,160.3926,150.497,2.0507,0.309557787020762,0.29072762395363805,0.9830044611656511,1.570654783026154,-0.008407292469674976,0.014588796828757022,0.09782909998103384,0.023927784133716656,0.01213359967811153,0.0099079218743703
10/16/2017,-805.7180000000001,26626.7604,6.3553,160.3926,148.672,2.0507,0.3004557263192884,0.30813572072111484,0.9710840697849105,1.5516082573211714,-0.012126487571180955,-0.005870946171849023,0.07691193301172006,0.023927784133716656,0.012319620664018724,0.010029350152882442
10/17/2017,-805.7180000000001,26626.7604,6.3553,160.3926,148.024,2.0507,0.3056025966694891,0.3238075077617837,0.9668515143795845,1.5448454361393475,-0.004358588032716271,-0.013751932199776107,0.09314605165016143,0.023927784133716656,0.012319086361147542,0.00971296750462724
10/18/2017,-805.7180000000001,26626.7604,6.3553,160.3926,146.967,2.0507,0.3012032192090097,0.2837259953783633,0.9599474849607118,1.5338141059091195,-0.007140733935037447,0.013614450352775753,0.07906078605569822,0.023927784133716656,0.009826073263278992,0.009756321103253222
10/19/2017,-805.7180000000001,26626.7604,6.3553,160.3926,147.565,2.0507,0.3346568503310301,0.31734560978256954,0.9638534543008119,1.540055104468889,0.0040689406465395095,0.013141001434936905,0.0867948151421416,0.023927784133716656,0.009817415017609387,0.00974667922995878
10/20/2017,-805.7180000000001,26626.7604,6.3553,160.3926,147.45600000000002,2.0507,0.3766139196191012,0.34980161508658925,0.9631414966786199,1.5389175311528107,-0.0007386575407446472,0.01986388535384287,0.09184610372301028,0.023927784133716656,0.009653110643991901,0.00971253290036483
10/23/2017,-805.7180000000001,26626.7604,6.3553,160.3926,147.556,2.0507,0.3710452226754506,0.3212882004775932,0.9637946688090714,1.5399611763969192,0.0006781684027776791,0.03765796302417024,0.09161660698961338,0.023927784133716656,0.008788524426559582,0.009712762491056197
10/24/2017,-805.7180000000001,26626.7604,6.3553,160.3926,147.795,2.0507,0.39852761665042236,0.33465494563725984,0.9653557502008504,1.5424554885303388,0.0016197240369755228,0.04785706689354452,0.08992559051924398,0.023927784133716656,0.00849031566559663,0.009710258485346646
10/25/2017,-805.7180000000001,26626.7604,6.3553,160.3926,146.05,2.0507,0.36146689785036457,0.32363853310214985,0.9539578965244713,1.5242438790206434,-0.011806894685205682,0.028579074877457922,0.06422513043224831,0.023927784133716656,0.008954078095766359,0.009753745781883412
10/26/2017,-805.7180000000001,26626.7604,6.3553,160.3926,146.12,2.0507,0.34511645033600313,0.3123446561723282,0.9544151170157873,1.5249744306915194,0.0004792879150974372,0.024971941638608275,0.06543391713939872,0.023927784133716656,0.008935520431573049,0.009751619515516154
10/27/2017,-805.7180000000001,26626.7604,6.3553,160.3926,146.289,2.0507,0.41676028511660324,0.3881808321066087,0.9555189779162503,1.5267381911540627,0.0011565836298930154,0.02058770179575542,0.06759251826282386,0.023927784133716656,0.008882506954722437,0.009748521898579922
10/30/2017,-805.7180000000001,26626.7604,6.3553,160.3926,149.72899999999998,2.0507,0.5017050127374478,0.44050508494975227,0.9779880992037832,1.5626395875513994,0.023515096828879756,0.042485048075918685,0.08818634398052239,0.023927784133716656,0.010152615808982697,0.010144008252880912
10/31/2017,-805.7180000000001,26626.7604,6.3553,160.3926,156.719,2.0507,0.5873654144172431,0.44284860577945695,1.0,1.6355903901145923,0.046684343046437204,0.1001607570322427,0.1360236020702552,0.046684343046437204,0.013797682529896636,0.011638954916644345
11/1/2017,-805.7180000000001,26626.7604,6.3553,160.3926,152.132,2.0507,0.5744579560155241,0.48354980595084074,0.9707310536693062,1.5877183827673298,-0.029268946330693768,0.06127745067946555,0.09016904456499142,0.046684343046437204,0.015644023180347067,0.012225215656714626
11/2/2017,-805.7180000000001,26626.7604,6.3553,160.3926,155.642,2.0507,0.6082872642727977,0.516693360888659,0.9931278275129372,1.6243503308355425,0.023072068992716854,0.06039052174031534,0.11884120480195515,0.046684343046437204,0.015587666394224636,0.012509373875472957
11/3/2017,-805.7180000000001,26626.7604,6.3553,160.3926,154.076,2.0507,0.5571253878260518,0.47994421368583806,0.9831354207211633,1.6080068463128012,-0.010061551509232713,0.052151407753399104,0.11799962267984387,0.046684343046437204,0.01580770573454451,0.012520460230721559
11/6/2017,-805.7180000000001,26626.7604,6.3553,160.3926,163.937,2.0507,0.6338964469028756,0.46396571485523497,1.0,1.7109207038343528,0.06400088268127435,0.11607562275763006,0.1826189205176667,0.06400088268127435,0.020733805954679396,0.014762830302279475
11/7/2017,-805.7180000000001,26626.7604,6.3553,160.3926,165.16400000000002,2.0507,0.6441754434865712,0.46630298445059437,1.0,1.7237262309795656,0.007484582492054859,0.12130675646317646,0.19155628661299184,0.06400088268127435,0.020729035688488304,0.014770049173895879
11/8/2017,-805.7180000000001,26626.7604,6.3553,160.3926,169.002,2.0507,0.6679694439509682,0.4605317700005922,1.0,1.7637813354484544,0.023237509384611554,0.14202886798572822,0.22586026809029192,0.06400088268127435,0.021077434280936797,0.014950359211408125
11/9/2017,-805.7180000000001,26626.7604,6.3553,160.3926,169.012,2.0507,0.6621787747956847,0.4841120760023998,1.0,1.7638856999728654,5.917089738582959e-05,0.11998197553443868,0.20655634717800075,0.06400088268127435,0.020898297547231798,0.014866576566827125
11/10/2017,-805.7180000000001,26626.7604,6.3553,160.3926,168.454,2.0507,0.6812615399970061,0.5147761864364491,0.9966984592809979,1.7580621595107393,-0.0033015407190021273,0.10990755931555696,0.1956844234659476,0.06400088268127435,0.02098850608249007,0.014884170232918725
11/13/2017,-805.7180000000001,26626.7604,6.3553,160.3926,164.715,2.0507,0.6439443085982335,0.5020410200109788,0.9745757697678271,1.7190402638335178,-0.022195970413287913,0.09447364399290348,0.14945777331156052,0.06400088268127435,0.021640482350310058,0.015102888600945982
11/14/2017,-805.7180000000001,26626.7604,6.3553,160.3926,165.044,2.0507,0.6376174553248071,0.4751694234146633,0.9765223771093178,1.7224738566866353,0.0019973894302280915,0.11012160998708587,0.16398668472128186,0.06400088268127435,0.02131406113600367,0.015013407797536476
11/15/2017,-805.7180000000001,26626.7604,6.3553,160.3926,164.815,2.0507,0.6593004993556704,0.4902545103092786,0.975167443731806,1.7200839090776263,-0.0013875087855360624,0.11343430795006215,0.15675884334643464,0.06400088268127435,0.021257231446259954,0.015018372673875699
11/16/2017,-805.7180000000001,26626.7604,6.3553,160.3926,164.187,2.0507,0.6498387210225389,0.4768029582885336,0.9714517312380186,1.7135298169446243,-0.003810332797378746,0.11716916042376857,0.14306898640322485,0.06400088268127435,0.02117170952863947,0.015020600072056646
11/17/2017,-805.7180000000001,26626.7604,6.3553,160.3926,164.725,2.0507,0.6694706544101998,0.4955558483414244,0.974634937164225,1.7191446283579286,0.0032767515089500154,0.11628773760715605,0.13475885728456993,0.06400088268127435,0.021175090760531853,0.014982884810096998
11/20/2017,-805.7180000000001,26626.7604,6.3553,160.3926,165.19400000000002,2.0507,0.7240393245527983,0.5389175311528107,0.9774098880552861,1.7138796090718569,0.002847169524965887,0.1202935112847221,0.133010061659385,0.06400088268127435,0.021137017658995557,0.014980358808209573
11/21/2017,-805.7180000000001,26626.7604,6.3553,160.3926,167.33700000000002,2.0507,0.7361131284626399,0.5308862282904157,0.9900894611033537,1.7158721532356471,0.012972626124435616,0.134057578139825,0.13337397135019824,0.06400088268127435,0.021163189971770174,0.014984110417265294
11/22/2017,-805.7180000000001,26626.7604,6.3553,160.3926,166.49,2.0507,0.7028392586834677,0.5116290962647791,0.9850779826284525,1.7071870225485273,-0.005061642075572137,0.12649277715754947,0.09783518954455239,0.06400088268127435,0.021285638144030936,0.014661698792193397
11/23/2017,-805.7180000000001,26626.7604,6.3553,160.3926,166.49,2.0507,0.7071870225485273,0.49759543902464043,0.9850779826284525,1.6943650074800785,0.0,0.1399520712084903,0.095956238109971,0.06400088268127435,0.02094781344490008,0.014663049350974356
11/24/2017,-805.7180000000001,26626.7604,6.3553,160.3926,169.222,2.0507,0.6907828345905982,0.4599590348204028,1.0,1.7221685103957827,0.01640939395759511,0.1581029290993703,0.11657890916768943,0.06400088268127435,0.02100868928569815,0.014772380597350388
11/27/2017,-805.7180000000001,26626.7604,6.3553,160.3926,171.84400000000002,2.0507,0.7358330471322656,0.4776965191215985,1.0,1.748852545770957,0.015494439257307091,0.17468845914593745,0.12617388967894572,0.06400088268127435,0.021034738288482006,0.014859429883999792
11/28/2017,-805.7180000000001,26626.7604,6.3553,160.3926,171.585,2.0507,0.7462167085618912,0.5237886852362583,0.9984928190684573,1.7252179333782438,-0.0015071809315426732,0.14597038649827376,0.12074540003527146,0.06400088268127435,0.020813704000262754,0.014864918195648277
11/29/2017,-805.7180000000001,26626.7604,6.3553,160.3926,169.262,2.0507,0.7018611058045183,0.5757463024221521,0.9849747445357416,1.6748332706655318,-0.013538479470816212,0.0800349670429239,0.12498587636334646,0.06400088268127435,0.019109860865638522,0.014794771927522524
11/30/2017,-805.7180000000001,26626.7604,6.3553,160.3926,169.252,2.0507,0.6450280404715854,0.4786318971298609,0.9849165522217824,1.6747343215056103,-5.9080006144296426e-05,0.11253385218100065,0.12491941219085856,0.06400088268127435,0.017581080024748598,0.014794901153546718
12/1/2017,-805.7180000000001,26626.7604,6.3553,160.3926,168.66299999999998,2.0507,0.668906215986226,0.5400645148522687,0.9814890249295871,1.6620155497088123,-0.003480017961383197,0.08365993754899059,0.11907826640834407,0.06400088268127435,0.01718442609479445,0.014810851436599978
12/4/2017,-805.7180000000001,26626.7604,6.3553,160.3926,161.724,2.0507,0.5908165373151946,0.5155861146358978,0.9411093782733174,1.593638217991545,-0.04114121057967657,0.04963784106544811,0.0777432726012608,0.06400088268127435,0.01961918584272957,0.015756086345168088
12/5/2017,-805.7180000000001,26626.7604,6.3553,160.3926,163.389,2.0507,0.6100452301416028,0.6154452557621624,0.9507983985475198,1.5971710378400572,0.010295317949098548,-0.0033427475188639866,0.08775165104388583,0.023237509384611554,0.013853288212353288,0.015796605778326284
12/6/2017,-805.7180000000001,26626.7604,6.3553,160.3926,165.91099999999997,2.0507,0.5888357928808787,0.5816821964509737,0.9654745001280228,1.6218242602566983,0.015435555637160148,0.0045227773606837385,0.11341444591338878,0.023237509384611554,0.014174917214767272,0.015846470403970758
12/7/2017,-805.7180000000001,26626.7604,6.3553,160.3926,166.19099999999997,2.0507,0.6037732207478888,0.6308998793727383,0.9671038849188797,1.6245613349104095,0.0016876518133215335,-0.016632939255156964,0.11024190154253133,0.01640939395759511,0.013177148972502321,0.015842646331333893
12/8/2017,-805.7180000000001,26626.7604,6.3553,160.3926,164.705,2.0507,0.5797070868860481,0.6210160843252162,0.9584565070645469,1.6100352887124998,-0.00894151909549834,-0.02548339762857066,0.10318151373074347,0.01640939395759511,0.013296559843631959,0.01589102573078754
12/11/2017,-805.7180000000001,26626.7604,6.3553,160.3926,166.12099999999998,2.0507,0.5923717684499104,0.6147350057034404,0.9666965387211655,1.623877066246982,0.00859718891351191,-0.013849478195828047,0.11706519984937303,0.01640939395759511,0.013452594620685952,0.015897982782849627
12/12/2017,-805.7180000000001,26626.7604,6.3553,160.3926,165.18400000000003,2.0507,0.5802242375540505,0.5757375731833312,0.9612439189031913,1.6147176414236701,-0.005640466888592988,0.0028473423792612085,0.11360250247753378,0.01640939395759511,0.012579032776716504,0.0159166422142245
12/13/2017,-805.7180000000001,26626.7604,6.3553,160.3926,164.94400000000002,2.0507,0.5779282899016569,0.5788849347568208,0.9598473033681711,1.6123715774347749,-0.0014529252227819534,-0.0006058990329851355,0.10293547308592443,0.01640939395759511,0.01257707602501487,0.015900785003987547
12/14/2017,-805.7180000000001,26626.7604,6.3553,160.3926,165.313,2.0507,0.5740947048685501,0.5693527961074452,0.9619945997532644,1.615978650817701,0.002237122902318145,0.003021569638685717,0.10144048824689511,0.01640939395759511,0.012581269846143703,0.015899062179858266
12/15/2017,-805.7180000000001,26626.7604,6.3553,160.3926,163.19899999999998,2.0507,0.5723355877989094,0.5818544424533212,0.9496927445822954,1.5953137371821815,-0.012787863023476675,-0.006017528793388238,0.12556468243294505,0.01640939395759511,0.012874180245175747,0.015348767277908668
12/18/2017,-805.7180000000001,26626.7604,6.3553,160.3926,161.315,2.0507,0.5564185440686962,0.589319311110039,0.9387293126323873,1.5768971348693537,-0.011544188383507126,-0.020701168614357224,0.10754474737557573,0.01640939395759511,0.013078247763709529,0.015439240426642083
12/19/2017,-805.7180000000001,26626.7604,6.3553,160.3926,157.526,2.0507,0.5300173858989674,0.6044950804704876,0.916680244873257,1.5398586496446693,-0.023488206304435377,-0.046418150780294765,0.08951197919548504,0.01640939395759511,0.01393426219631417,0.015723945198040844
12/20/2017,-805.7180000000001,26626.7604,6.3553,160.3926,157.516,2.0507,0.5299202579717743,0.6253095952679275,0.9166220525592979,1.539760896978465,-6.348158399260839e-05,-0.05868994902502156,0.1076996645593209,0.01640939395759511,0.013509976562507183,0.015556578989062491
12/21/2017,-805.7180000000001,26626.7604,6.3553,160.3926,157.377,2.0507,0.495694734841285,0.5823037445352595,0.9158131793952654,1.5384021349182302,-0.0008824500368215249,-0.05473602018139223,0.11579283207486979,0.01640939395759511,0.013505591328440225,0.015509125617417015
12/22/2017,-805.7180000000001,26626.7604,6.3553,160.3926,159.75,2.0507,0.5160861725348771,0.5800512479832969,0.9296222154977769,1.5615988426084322,0.015078442212013154,-0.040482911886599804,0.12506338385261118,0.01640939395759511,0.014040354172905648,0.015586976096152779
12/25/2017,-805.7180000000001,26626.7604,6.3553,160.3926,159.75,2.0507,0.5364418027583822,0.6275415007598055,0.9296222154977769,1.5615988426084322,0.0,-0.05597380955194953,0.12058080808080796,0.015494439257307091,0.013414795847667332,0.015586804691216304
12/26/2017,-805.7180000000001,26626.7604,6.3553,160.3926,159.351,2.0507,0.5438594791505191,0.6648969152069448,0.9273003421708059,1.5576985112268937,-0.002497652582159615,-0.07269965782919408,0.11171496741966536,0.015435555637160148,0.012756242545575764,0.015589965128282762
12/27/2017,-805.7180000000001,26626.7604,6.3553,160.3926,160.787,2.0507,0.5657817856029919,0.6709352602056717,0.9356567584553431,1.5717357940937842,0.009011553112311832,-0.06293090887898123,0.11947614306502263,0.015435555637160148,0.013042099424747591,0.015616414127088722
12/28/2017,-805.7180000000001,26626.7604,6.3553,160.3926,162.52100000000002,2.0507,0.5886861064135527,0.6545811787016491,0.9457473056958636,1.5748769332144659,0.010784453967049634,-0.03982583214188651,0.1408905518388781,0.015435555637160148,0.013139847422849793,0.015601436117940843
12/29/2017,-805.7180000000001,26626.7604,6.3553,160.3926,162.88,2.0507,0.5601084260030842,0.6211411549476549,0.9478364097669978,1.5783557502228769,0.0022089453055296193,-0.03764800415947822,0.1362558249853505,0.015435555637160148,0.01316460193560023,0.015592674874951591
1/1/2018,-805.7180000000001,26626.7604,6.3553,160.3926,162.88,2.0507,0.5540353588840865,0.6092108652717747,0.9478364097669978,1.5783557502228769,0.0,-0.034287306641053394,0.10970308901879022,0.015435555637160148,0.013163534153691711,0.01534302394843183
1/2/2018,-805.7180000000001,26626.7604,6.3553,160.3926,160.158,2.0507,0.5215466463993919,0.5364240927227815,0.9319964619073111,1.5519787588666227,-0.016711689587426415,-0.009683163908881798,0.0936840595742936,0.015435555637160148,0.010249035831976736,0.015511132604556053
1/3/2018,-805.7180000000001,26626.7604,6.3553,160.3926,162.16299999999998,2.0507,0.5405947178415349,0.5522420672620179,0.9436640208561251,1.571407806504128,0.012518887598496509,-0.007503565111482535,0.10399831162730533,0.015435555637160148,0.010375897957880173,0.015571748595800869
1/4/2018,-805.7180000000001,26626.7604,6.3553,160.3926,161.275,2.0507,0.5203435208054452,0.5640472105431851,0.9384965433765508,1.5628028218147991,-0.005475971707479377,-0.027942692166281757,0.09490413860525759,0.015078442212013154,0.009775593843686483,0.01559713872711242
1/5/2018,-805.7180000000001,26626.7604,6.3553,160.3926,162.392,2.0507,0.5212935379311636,0.5568826934967115,0.9449966248457902,1.5736268847629753,0.006926057975507716,-0.02285924027173536,0.09736187695967113,0.015078442212013154,0.009921469076104831,0.015606981636776082
1/8/2018,-805.7180000000001,26626.7604,6.3553,160.3926,162.412,2.0507,0.5401801801801802,0.5619250829777147,0.9451130094737086,1.5738206907244467,0.00012315877629442973,-0.01392186029568021,0.07624613998118024,0.015078442212013154,0.009756951623096078,0.015433741523305962
1/9/2018,-805.7180000000001,26626.7604,6.3553,160.3926,163.07,2.0507,0.5498004181714502,0.578796806690743,0.9489420637322221,1.5801969068568549,0.0040514247715686125,-0.018366130711950812,0.0744335290203133,0.015078442212013154,0.009591211648989427,0.015427316432168806
1/10/2018,-805.7180000000001,26626.7604,6.3553,160.3926,160.418,2.0507,0.5346305437569356,0.5802242375540505,0.9335094620702497,1.5544982363657507,-0.01626295455939164,-0.028852673382410043,0.06592157983215596,0.015078442212013154,0.010122529876849312,0.015538031158406945
1/11/2018,-805.7180000000001,26626.7604,6.3553,160.3926,157.03799999999998,2.0507,0.5129776287646683,0.5891477349365091,0.9138404599520493,1.5217450288770882,-0.021069954743233477,-0.04793141914831722,0.05627152389151946,0.015078442212013154,0.011000186996361292,0.015701111429530797
1/12/2018,-805.7180000000001,26626.7604,6.3553,160.3926,155.482,2.0507,0.5066669250746154,0.6019322454358695,0.9047857359000022,1.5014436772729467,-0.009908429806798291,-0.05946900727710458,0.05038372155866622,0.015078442212013154,0.011069976382347982,0.01574710246297471
1/15/2018,-805.7180000000001,26626.7604,6.3553,160.3926,155.482,2.0507,0.4864151737060476,0.560190053727462,0.9047857359000022,1.5014436772729467,0.0,-0.04728582895728517,0.05793817659746736,0.015078442212013154,0.010845810735305064,0.01571394756747797
1/16/2018,-805.7180000000001,26626.7604,6.3553,160.3926,159.381,2.0507,0.5365726681127982,0.5552181248493613,0.9274749191126834,1.5390951668195645,0.02507685777131763,-0.011988965688249698,0.0800731880866059,0.02507685777131763,0.012142854396726003,0.016000101281414207
1/17/2018,-805.7180000000001,26626.7604,6.3553,160.3926,160.996,2.0507,0.5481277766024963,0.5147604669500165,0.9368729778170899,1.554690744049056,0.01013295185749885,0.022028109645391813,0.09182400173611094,0.02507685777131763,0.011135555576761833,0.01603581862234726
1/18/2018,-805.7180000000001,26626.7604,6.3553,160.3926,161.175,2.0507,0.5357166677782965,0.5008527789158748,0.937914620236959,1.5564192940949253,0.001111828865313358,0.023229386221082393,0.09229716175553682,0.02507685777131763,0.011132383687257635,0.01603554420960855
1/19/2018,-805.7180000000001,26626.7604,6.3553,160.3926,165.303,2.0507,0.5962821688957558,0.5197431316691614,0.9619364074393053,1.5881691710541486,0.025611912517449875,0.05036314073848147,0.11846138232010572,0.025611912517449875,0.01232733187031944,0.016320138289677967
1/22/2018,-805.7180000000001,26626.7604,6.3553,160.3926,167.158,2.0507,0.6059913147073517,0.5348180315898696,0.9727310816787317,1.6058524588589052,0.011221816905924165,0.04637245696400627,0.1445258473125639,0.025611912517449875,0.012156786807198656,0.01626579718118224
1/23/2018,-805.7180000000001,26626.7604,6.3553,160.3926,167.75599999999997,2.0507,0.5919149743784398,0.5159423040425128,0.9762109820534901,1.6115973216258537,0.003577453666590902,0.05011580594679166,0.14807007938680505,0.025611912517449875,0.012149021978640108,0.016264967253115947
1/24/2018,-805.7180000000001,26626.7604,6.3553,160.3926,168.454,2.0507,0.6183028637852692,0.530852218689057,0.9802728055678405,1.6122777129074863,0.004160804978659671,0.05712546516808814,0.1515151515151516,0.025611912517449875,0.012101564990717833,0.016265895965478044
1/25/2018,-805.7180000000001,26626.7604,6.3553,160.3926,169.79,2.0507,0.6250646044294708,0.5388966520548992,0.9880472987127858,1.5935839918908263,0.007930948508197977,0.05599333279431784,0.1339820609234017,0.025611912517449875,0.012075738205059932,0.016056301944108526
1/26/2018,-805.7180000000001,26626.7604,6.3553,160.3926,171.774,2.0507,0.612205056970698,0.5253599384303493,0.9995926538022857,1.6106933218311048,0.011685022675069323,0.05693418081355639,0.096063655332155,0.025611912517449875,0.012107563728715586,0.015064487332157971
1/29/2018,-805.7180000000001,26626.7604,6.3553,160.3926,169.02200000000002,2.0507,0.5750228301992286,0.517788918500848,0.9835781290007216,1.5848883221124095,-0.016021050915738022,0.037708742632613035,0.11102200720427002,0.025611912517449875,0.012780133450563209,0.014715516944625397
1/30/2018,-805.7180000000001,26626.7604,6.3553,160.3926,169.21200000000002,2.0507,0.5866699172964764,0.5272959135832567,0.9846837829659458,1.5670389509362672,0.0011241140206599276,0.03887524557956801,0.08718726307808966,0.025611912517449875,0.012774386006150476,0.014460864961740394
1/31/2018,-805.7180000000001,26626.7604,6.3553,160.3926,173.988,2.0507,0.591868103716445,0.46533330893520475,1.0,1.6112685447574593,0.028224948585206633,0.08635222717566404,0.12923492302500073,0.028224948585206633,0.01325625096158672,0.014771317589935001
2/1/2018,-805.7180000000001,26626.7604,6.3553,160.3926,174.217,2.0507,0.6070048242337034,0.4958168451540894,1.0,1.6133892685818005,0.0013161827252454739,0.07433261594815121,0.06270701549985658,0.028224948585206633,0.013122515653782385,0.01246063589655365
2/2/2018,-805.7180000000001,26626.7604,6.3553,160.3926,172.701,2.0507,0.5993498916486077,0.4935359596969864,0.9912982085559962,1.596835934610548,-0.008701791444003848,0.07084793055340244,0.045633431014022285,0.028224948585206633,0.013251112921715857,0.012492497089774464
2/5/2018,-805.7180000000001,26626.7604,6.3553,160.3926,167.77599999999998,2.0507,0.5447564680968602,0.4951846054691096,0.9630288662989259,1.5512981729417854,-0.028517495555902994,0.033154342578451956,-0.007254352019502863,0.028224948585206633,0.014924203693560284,0.012692350920499725
2/6/2018,-805.7180000000001,26626.7604,6.3553,160.3926,165.513,2.0507,0.5303739181892153,0.501701309268437,0.9500393187806012,1.5303739181892153,-0.013488222391760285,0.019093416742605118,-0.02070267199962128,0.028224948585206633,0.015285502212651902,0.012804976233767994
2/7/2018,-805.7180000000001,26626.7604,6.3553,160.3926,166.021,2.0507,0.535071011169465,0.5077853391523042,0.9529552225098582,1.504017756035693,0.0030692453160778843,0.018096522965597606,-0.01444311206620219,0.028224948585206633,0.015277238272770218,0.012805652345185561
2/8/2018,-805.7180000000001,26626.7604,6.3553,160.3926,159.381,2.0507,0.44386465552384835,0.45325904787788196,0.9148418351825596,1.4380154104336214,-0.039994940399106005,-0.00646436185465471,-0.032383207358164134,0.028224948585206633,0.01735222732777658,0.013478552142189536
2/9/2018,-805.7180000000001,26626.7604,6.3553,160.3926,159.261,2.0507,0.4305051557503681,0.4105378507527033,0.9141530390260422,1.436932710179187,-0.0007529128315169054,0.014155809421923404,-0.03503914107753092,0.028224948585206633,0.0166818076669814,0.013475008993256541
2/12/2018,-805.7180000000001,26626.7604,6.3553,160.3926,159.161,2.0507,0.43564186751334977,0.40245706451147356,0.9135790422289443,1.436030459967158,-0.0006279001136498819,0.023661902985554706,-0.03430512999423596,0.028224948585206633,0.016505860871054562,0.013474520086564037
2/13/2018,-805.7180000000001,26626.7604,6.3553,160.3926,160.946,2.0507,0.4521356262518721,0.40283667466661854,0.9238248850571413,1.4311526867569513,0.011215058965450053,0.03514233158822244,-0.01973968706414031,0.028224948585206633,0.01664442412152082,0.013547112990628716
2/14/2018,-805.7180000000001,26626.7604,6.3553,160.3926,162.083,2.0507,0.4412630380849909,0.41723650397033585,0.9303512286401441,1.4178877293046286,0.0070644812545823665,0.01695308725632283,-0.016038852633176504,0.028224948585206633,0.015827865110881505,0.013571290167578635
2/15/2018,-805.7180000000001,26626.7604,6.3553,160.3926,166.609,2.0507,0.44337693840422765,0.3947500649744433,0.9563303236767938,1.4574807764646194,0.027923964882190067,0.034864220229074094,0.008565686405075157,0.028224948585206633,0.016792336761006797,0.014021358817299757
2/16/2018,-805.7180000000001,26626.7604,6.3553,160.3926,168.623,2.0507,0.4660192486589405,0.4012658558002453,0.9678906191703449,1.4750990700970144,0.012088182511148737,0.0462106406080347,0.007685090565744401,0.028224948585206633,0.01694105104030931,0.014008834495724857
2/19/2018,-805.7180000000001,26626.7604,6.3553,160.3926,168.623,2.0507,0.46702684832350205,0.43814271545649097,0.9678906191703449,1.4750990700970144,0.0,0.02008432998796139,0.012811580275091439,0.028224948585206633,0.01607813482470796,0.013992567760850784
2/20/2018,-805.7180000000001,26626.7604,6.3553,160.3926,169.222,2.0507,0.476090786971616,0.4580869140454631,0.9713288599849612,1.480339069047265,0.0035523030666042565,0.012347599277330534,0.01640939395759511,0.028224948585206633,0.015922390205398325,0.013998499516629999
2/21/2018,-805.7180000000001,26626.7604,6.3553,160.3926,169.002,2.0507,0.471732618085551,0.4608819841159255,0.9700660670313459,1.4784145285313133,-0.0013000673671271779,0.0074274541596131005,-0.0013000673671271779,0.028224948585206633,0.015913983636526557,0.013847922086630276
2/22/2018,-805.7180000000001,26626.7604,6.3553,160.3926,170.618,2.0507,0.4827193645662242,0.4639135837874009,0.9793418552724474,1.492551153412123,0.009562017017550106,0.012846236954895618,-0.007134377691394689,0.028224948585206633,0.01601984618831867,0.013761273368774083
2/23/2018,-805.7180000000001,26626.7604,6.3553,160.3926,172.422,2.0507,0.5083323856429278,0.4853078827429953,0.9896967574920931,1.4952909548174487,0.010573327550434275,0.015501501855232913,0.004878048780487809,0.028224948585206633,0.016089451253795406,0.013824237361060657
2/26/2018,-805.7180000000001,26626.7604,6.3553,160.3926,172.22299999999998,2.0507,0.48151366045007227,0.4776512284082308,0.9885545038658683,1.4935651721446535,-0.0011541450626950667,0.0026138996588540575,0.017493589819333355,0.028224948585206633,0.015900243143741763,0.013713744799092443
2/27/2018,-805.7180000000001,26626.7604,6.3553,160.3926,162.721,2.0507,0.38540194459107413,0.4390484785533062,0.9340133282056285,1.4111612175873731,-0.05517265405898153,-0.037279170758836244,-0.038587431758561275,0.028224948585206633,0.019735668536310615,0.015396144723428366
2/28/2018,-805.7180000000001,26626.7604,6.3553,160.3926,156.808,2.0507,0.3368685792233257,0.44261903746962794,0.9000728975932313,1.3598820570635677,-0.036338272257422255,-0.07330449377112747,-0.07028808926676267,0.028224948585206633,0.021119913643287518,0.016041530943931515
3/1/2018,-805.7180000000001,26626.7604,6.3553,160.3926,154.505,2.0507,0.3344820736057488,0.5027595677972689,0.8868537513560674,1.3399098083427283,-0.014686750675985905,-0.1119789870565786,-0.04463777794266777,0.027923964882190067,0.01995036613906757,0.015303849182386252
3/2/2018,-805.7180000000001,26626.7604,6.3553,160.3926,152.461,2.0507,0.3103990648663051,0.49739142393014,0.8751212568233869,1.3221836787789438,-0.013229345328630071,-0.12487874317661307,-0.0668833275189884,0.027923964882190067,0.019956345576735566,0.015320508468892444
3/5/2018,-805.7180000000001,26626.7604,6.3553,160.3926,156.22,2.0507,0.34906173628442394,0.4913859359752675,0.8966977964262959,1.3547827595178215,0.024655485665186383,-0.09543083132118513,-0.05841083472464137,0.027923964882190067,0.021040260378837158,0.01552256383711783
3/6/2018,-805.7180000000001,26626.7604,6.3553,160.3926,156.041,2.0507,0.35323042233977975,0.45499956638626293,0.8956703421594907,1.3389824690870709,-0.0011458199974395678,-0.06994444974251379,-0.061074306069522244,0.027923964882190067,0.02031667376301568,0.015519241051728245
3/7/2018,-805.7180000000001,26626.7604,6.3553,160.3926,158.304,2.0507,0.3563178998594878,0.4180832105281196,0.9086598896778155,1.3584011944704257,0.01450259867598902,-0.043555491109459665,-0.038863422482620535,0.027923964882190067,0.0205282747904642,0.015603669176589445
3/8/2018,-805.7180000000001,26626.7604,6.3553,160.3926,163.72799999999998,2.0507,0.40254934210526283,0.42219195449561386,0.939793475952404,1.404944352437423,0.034263189812007155,-0.013811505773366095,-0.01440516250203161,0.034263189812007155,0.021983889236665347,0.016170008692634227
3/9/2018,-805.7180000000001,26626.7604,6.3553,160.3926,166.00099999999998,2.0507,0.4244488874777965,0.3676428945313506,0.9528404231504386,1.413327770872001,0.013882781198084615,0.04153569120535061,0.0049459996125529315,0.034263189812007155,0.020207581828786507,0.01624901033053728
3/12/2018,-805.7180000000001,26626.7604,6.3553,160.3926,168.41400000000002,2.0507,0.4298667889253971,0.3521560836453479,0.9666909658644105,1.4338719839256222,0.014536057011705017,0.05747169740237745,0.02103744301096122,0.034263189812007155,0.020373000957881606,0.016347197487927324
3/13/2018,-805.7180000000001,26626.7604,6.3553,160.3926,169.84,2.0507,0.4400176356375538,0.34947389840855325,0.9748761601910261,1.4460129071806835,0.008467229565237933,0.06709558246052749,0.027384416228608766,0.034263189812007155,0.020391700899335178,0.016376919095914343
3/14/2018,-805.7180000000001,26626.7604,6.3553,160.3926,169.73,2.0507,0.4450763703237013,0.3702896453079505,0.9742447637142183,1.435931710123348,-0.0006476683937824967,0.05457731164489954,0.04001862756511998,0.034263189812007155,0.020325622331924666,0.01628848761424394
3/15/2018,-805.7180000000001,26626.7604,6.3553,160.3926,169.301,2.0507,0.4323023299098152,0.3712373733100962,0.9717823174546685,1.4278449199213972,-0.0025275437459494343,0.04453273939894986,0.049505625639277184,0.034263189812007155,0.02033119810717397,0.016218139165026946
3/16/2018,-805.7180000000001,26626.7604,6.3553,160.3926,168.195,2.0507,0.4083380781726229,0.3950581103258868,0.965433912878766,1.4185171753632844,-0.006532743456919898,0.009519293675611662,0.06772850196158076,0.034263189812007155,0.01953256368151268,0.015945323959546103
3/19/2018,-805.7180000000001,26626.7604,6.3553,160.3926,168.46400000000003,2.0507,0.42078585826213866,0.4221268269644347,0.9669779642629595,1.4188831803251076,0.0015993341062459088,-0.0009429318657594443,0.06950405038218355,0.034263189812007155,0.019358395754175427,0.015944630495365444
3/20/2018,-805.7180000000001,26626.7604,6.3553,160.3926,168.833,2.0507,0.40674237816309344,0.4049926260446435,0.9690960124442505,1.4219910721805777,0.0021903789533668228,0.0012453817094939534,0.07279335608125703,0.034263189812007155,0.01936352569193597,0.01594287781063241
3/21/2018,-805.7180000000001,26626.7604,6.3553,160.3926,166.59900000000002,2.0507,0.3976543427377748,0.41965956090235657,0.9562729239970841,1.4031752716246948,-0.013232010329733979,-0.015500348654430174,0.0428732394366198,0.034263189812007155,0.019565335206912556,0.015945577836344267
3/22/2018,-805.7180000000001,26626.7604,6.3553,160.3926,168.91299999999998,2.0507,0.41837617244245884,0.419123512666997,0.9695552098819287,1.4226648698728206,0.013889639193512382,-0.000526620986734061,0.05735837245696396,0.034263189812007155,0.019815735521790785,0.016030236658554797
3/23/2018,-805.7180000000001,26626.7604,6.3553,160.3926,168.37400000000002,2.0507,0.4181251579213343,0.4370251831887475,0.9664613671455714,1.4064335056842387,-0.003190991812352828,-0.013152187928588854,0.056623428783001195,0.034263189812007155,0.019708461977309844,0.01603292370516502
3/26/2018,-805.7180000000001,26626.7604,6.3553,160.3926,172.921,2.0507,0.44441474477308973,0.44024658152142115,0.9925610015096115,1.431299352724022,0.027005357121645757,0.0028940622426372187,0.07546630013620503,0.034263189812007155,0.02047883867128539,0.016335326992883505
3/27/2018,-805.7180000000001,26626.7604,6.3553,160.3926,169.601,2.0507,0.403819093813631,0.4255218766037048,0.9735043078459621,1.394378124177848,-0.01919951885543103,-0.015224447373463401,0.043563601011561426,0.034263189812007155,0.020918532945522764,0.01649024102423083
3/28/2018,-805.7180000000001,26626.7604,6.3553,160.3926,169.96,2.0507,0.3973296500920811,0.33781406208892384,0.9755649563475436,1.3850654801196327,0.0021167328022830834,0.044487189729659926,0.04346758349705304,0.034263189812007155,0.016756197808805776,0.016490119117881133
3/29/2018,-805.7180000000001,26626.7604,6.3553,160.3926,170.418,2.0507,0.37793913127850187,0.26789352825123713,0.9781938616782518,1.3887978876854998,0.00269475170628386,0.08679404112035116,0.04627946954813367,0.034263189812007155,0.01424295654178048,0.016491477784381366
3/30/2018,-805.7180000000001,26626.7604,6.3553,160.3926,170.418,2.0507,0.38879788768549983,0.2591170981753579,0.9781938616782518,1.3844091699296497,0.0,0.1029934306333129,0.0640617390327054,0.034263189812007155,0.013623135268771435,0.016338079152250957
4/2/2018,-805.7180000000001,26626.7604,6.3553,160.3926,168.623,2.0507,0.3660652802644262,0.23513209167429538,0.9678906191703449,1.3698272920762318,-0.010532924925770848,0.10600743796774248,0.039836460844952404,0.034263189812007155,0.013456730033776286,0.01633677278468181
4/3/2018,-805.7180000000001,26626.7604,6.3553,160.3926,168.175,2.0507,0.3624358984745255,0.26558487325518265,0.9653191135193465,1.3661879153195016,-0.002656814313586997,0.07652669312508009,0.04278406448612615,0.034263189812007155,0.012752844778625093,0.01632329212746787
4/4/2018,-805.7180000000001,26626.7604,6.3553,160.3926,169.84,2.0507,0.3630490437629914,0.2523053217017248,0.9748761601910261,1.3797137240247608,0.009900401367622935,0.0884318864913709,0.04586432829203413,0.034263189812007155,0.012775341372050296,0.01634559010738565
4/5/2018,-805.7180000000001,26626.7604,6.3553,160.3926,171.18599999999998,2.0507,0.3718695655658222,0.26863434923026386,0.9826021570799633,1.3906481015126158,0.007925105982100611,0.08137507580351722,0.05402310174125047,0.034263189812007155,0.01258731984258176,0.01636957379851236
4/6/2018,-805.7180000000001,26626.7604,6.3553,160.3926,169.232,2.0507,0.3570804230852507,0.3129435538840284,0.971386259664671,1.3747745698549123,-0.0114144848293668,0.033616730186651234,0.03778745324093946,0.027005357121645757,0.010894007623113428,0.016438417630778142
4/9/2018,-805.7180000000001,26626.7604,6.3553,160.3926,171.076,2.0507,0.38059153451963024,0.33963604083444277,0.9819707606031557,1.3897545045410973,0.010896284390659039,0.03057210498731955,0.06643892829981657,0.027005357121645757,0.010744554315950198,0.016341618025216283
4/10/2018,-805.7180000000001,26626.7604,6.3553,160.3926,162.591,2.0507,0.3174117017914875,0.36459320839106457,0.9332671323694014,1.3208256836016834,-0.04959783955668817,-0.03457551034949591,0.03536086807014871,0.027005357121645757,0.015087728707018074,0.017332579232354265
4/11/2018,-805.7180000000001,26626.7604,6.3553,160.3926,163.907,2.0507,0.3315163528245788,0.3797137240247608,0.9408209302192093,1.3294751271423588,0.008093928938256223,-0.034932878002826184,0.05418633668205963,0.027005357121645757,0.015075533856932397,0.017303215393609843
4/12/2018,-805.7180000000001,26626.7604,6.3553,160.3926,163.967,2.0507,0.32599307757003304,0.37259817558387764,0.9411653282974681,1.3299617964586696,0.0003660612420457454,-0.033953926824957126,0.05457223344181328,0.027005357121645757,0.015080297278547844,0.017302940081243202
4/13/2018,-805.7180000000001,26626.7604,6.3553,160.3926,164.05700000000002,2.0507,0.33069180043313584,0.37322669867869274,0.9416819254148562,1.3128551079528177,0.000548890935371249,-0.030974418343659993,0.02933850333477661,0.027005357121645757,0.015085101683660987,0.01702601996007036
4/16/2018,-805.7180000000001,26626.7604,6.3553,160.3926,165.662,2.0507,0.32569901249980004,0.34596917462908716,0.950894574008277,1.3135372148526392,0.009783185112491433,-0.015059900710484797,0.028982086511466054,0.027005357121645757,0.015226340581980071,0.01702291919739244
4/17/2018,-805.7180000000001,26626.7604,6.3553,160.3926,167.27700000000002,2.0507,0.32634258121298143,0.3357543272623478,0.9601646222814076,1.318429017308238,0.009748765558788453,-0.007046015765979741,0.03785946952070729,0.027005357121645757,0.015388458012779441,0.017061859249073393
4/18/2018,-805.7180000000001,26626.7604,6.3553,160.3926,167.347,2.0507,0.31898073709763874,0.3306929600554871,0.9605664200393762,1.316076315706691,0.0004184675717522346,-0.008801596844218773,0.012365171835961863,0.027005357121645757,0.015379423583584831,0.016761996393923596
4/19/2018,-805.7180000000001,26626.7604,6.3553,160.3926,165.12400000000002,2.0507,0.28400245721261896,0.29547204143047123,0.9478064712398906,1.2985938532196672,-0.013283775627886851,-0.008853594559391054,-0.012168128357601615,0.027005357121645757,0.015381602859544208,0.016789599757730984
4/20/2018,-805.7180000000001,26626.7604,6.3553,160.3926,165.204,2.0507,0.2960734319224885,0.3251716157376534,0.9482656686775688,1.2992230016672435,0.0004844843874904914,-0.021958049410051195,-0.015212570638307832,0.027005357121645757,0.015037196581403954,0.016783330953683395
4/23/2018,-805.7180000000001,26626.7604,6.3553,160.3926,165.333,2.0507,0.293543743251913,0.31733612906254427,0.949006124545825,1.30023750353896,0.0007808527638555329,-0.018060983287205956,-0.01852731309437594,0.027005357121645757,0.015032543035558675,0.016774881475728625
4/24/2018,-805.7180000000001,26626.7604,6.3553,160.3926,164.446,2.0507,0.2724177686302123,0.33799394919490244,0.9439147729555668,1.2932618201264587,-0.005364930171230187,-0.049010819969812824,-0.03147417397962182,0.010896284390659039,0.013638286690743172,0.016755116472653153
4/25/2018,-805.7180000000001,26626.7604,6.3553,160.3926,164.007,2.0507,0.2516369797151885,0.2943281896301724,0.9413949270163072,1.2898093680203844,-0.0026695693419115374,-0.032983296089056036,-0.04521638897621294,0.010896284390659039,0.01307971086475374,0.01668603042511755
4/26/2018,-805.7180000000001,26626.7604,6.3553,160.3926,164.735,2.0507,0.27337306464454403,0.31376141115723244,0.9455736236991797,1.2955346188933279,0.004438834927777524,-0.030742527653565555,-0.025363562139839813,0.010896284390659039,0.013121674811156822,0.016579727947456286
4/27/2018,-805.7180000000001,26626.7604,6.3553,160.3926,158.483,2.0507,0.23035299780298257,0.3230081281878101,0.9096873439446207,1.2463666677152474,-0.0379518620815249,-0.07003368188806347,-0.06340566862870256,0.010896284390659039,0.015303608810146058,0.017244306902270502
4/30/2018,-805.7180000000001,26626.7604,6.3553,160.3926,159.76,2.0507,0.2545447406651222,0.3382386430562645,0.9170172830435604,1.2564094498096825,0.008057646561460796,-0.06254034198265446,-0.08177575464974596,0.010896284390659039,0.015491331739356698,0.016878399281254126
5/1/2018,-805.7180000000001,26626.7604,6.3553,160.3926,157.03799999999998,2.0507,0.2350026738809019,0.3261112334455314,0.9013930902265563,1.2077337783691078,-0.017038057085628444,-0.0687035576404168,-0.09860690977344366,0.010896284390659039,0.015713903996777957,0.01699209453509203
5/2/2018,-805.7180000000001,26626.7604,6.3553,160.3926,155.392,2.0507,0.1950748690656554,0.2933852199927707,0.8919451029463255,1.1917843940300339,-0.01048153949999353,-0.07601010851791301,-0.10022524478723338,0.010896284390659039,0.015791376405843098,0.017005730681750885
5/3/2018,-805.7180000000001,26626.7604,6.3553,160.3926,155.702,2.0507,0.19416194990259683,0.30259383676161566,0.8937244930173289,1.191338612800796,0.001994954695222484,-0.08324305228450313,-0.07196500095365244,0.010896284390659039,0.015544848809166713,0.016655643774128145
5/4/2018,-805.7180000000001,26626.7604,6.3553,160.3926,158.673,2.0507,0.1869081280014362,0.28050805619137353,0.9107779378591067,1.2140709284976472,0.019081322012562518,-0.07309593074199983,-0.041326058980261426,0.019081322012562518,0.016151997048208563,0.016768315833758273
5/7/2018,-805.7180000000001,26626.7604,6.3553,160.3926,157.137,2.0507,0.19394128194997418,0.28584019694252816,0.9019613470556833,1.20231837484219,-0.009680285870942162,-0.07146993476411079,-0.053511302786996784,0.019081322012562518,0.016113797106374315,0.01680108744721168
5/8/2018,-805.7180000000001,26626.7604,6.3553,160.3926,156.938,2.0507,0.18524280643455926,0.2920172192432595,0.9008190934294585,1.2007957458204215,-0.0012664108389495166,-0.08264163295845128,-0.015328050394965653,0.019081322012562518,0.01578962185550717,0.016032240213020604
5/9/2018,-805.7180000000001,26626.7604,6.3553,160.3926,158.47299999999998,2.0507,0.1876241222449544,0.21848512781312524,0.9096299442649108,1.2125406480737595,0.00978093259758639,-0.025327355142658714,-0.004947852895561433,0.019081322012562518,0.012096442031758008,0.016080359527120797
5/10/2018,-805.7180000000001,26626.7604,6.3553,160.3926,161.475,2.0507,0.2057931837868514,0.22395382179873957,0.9268613281137891,1.2355101572363136,0.01894329002416817,-0.014837682344256309,0.014538737504790733,0.019081322012562518,0.012726294586444519,0.016255145606675604
5/11/2018,-805.7180000000001,26626.7604,6.3553,160.3926,159.63,2.0507,0.1942006867607784,0.22664601895699166,0.9162710872073333,1.2213933203259497,-0.011425917324663248,-0.02645044429671839,-0.008176655524213094,0.019081322012562518,0.01293835630057584,0.016261581468476755
5/14/2018,-805.7180000000001,26626.7604,6.3553,160.3926,157.526,2.0507,0.16554693974192025,0.21387030898543857,0.9041941945963942,1.2052947702666514,-0.01318047985967541,-0.03980933456054914,-0.028115224915629566,0.019081322012562518,0.013190239544676498,0.016319684244581287
5/15/2018,-805.7180000000001,26626.7604,6.3553,160.3926,157.207,2.0507,0.15916414124656209,0.22150699375465455,0.9023631448136519,1.2028539729905505,-0.0020250625293602997,-0.05103765498424506,-0.056431525307756525,0.019081322012562518,0.012918457099728293,0.01591486543814449
5/16/2018,-805.7180000000001,26626.7604,6.3553,160.3926,157.287,2.0507,0.15975402039507158,0.23341517906518905,0.9028223422513302,1.2034660851601058,0.0005088831922244186,-0.059721300597213034,-0.0672268907563024,0.019081322012562518,0.01263788855253432,0.015830315249820925
5/17/2018,-805.7180000000001,26626.7604,6.3553,160.3926,157.048,2.0507,0.14154461202980206,0.21640559694711992,0.9014504899062663,1.20163740005356,-0.0015195152809831525,-0.06154278236239674,-0.06864425374948846,0.019081322012562518,0.01261988073489612,0.015829956974424058
5/18/2018,-805.7180000000001,26626.7604,6.3553,160.3926,157.227,2.0507,0.14119500050807843,0.19851350762843523,0.9024779441730715,1.2030070010329394,0.0011397789210942921,-0.04782466510016725,-0.07088321849404922,0.019081322012562518,0.012419896862134735,0.015821674884892733
5/21/2018,-805.7180000000001,26626.7604,6.3553,160.3926,159.30100000000002,2.0507,0.15566147238907768,0.19848524418908342,0.9143826377448814,1.2188760090286548,0.013191118573781857,-0.03573158034914403,-0.05740168755399344,0.019081322012562518,0.012861787638649107,0.015922869839560524
5/22/2018,-805.7180000000001,26626.7604,6.3553,160.3926,156.828,2.0507,0.13410903726416135,0.19561334365034044,0.900187696952651,1.1999540915872835,-0.015524070784238675,-0.051441635971040234,-0.08082382866989413,0.019081322012562518,0.013195410081197088,0.01597286162274442
5/23/2018,-805.7180000000001,26626.7604,6.3553,160.3926,157.486,2.0507,0.14514451917833116,0.19575349936375197,0.9039645958775548,1.2049887141818738,0.00419567934297449,-0.04232392396288143,-0.08662467666539075,0.019081322012562518,0.013253819371183974,0.01591709160216925
5/24/2018,-805.7180000000001,26626.7604,6.3553,160.3926,156.34,2.0507,0.14461006823439848,0.20074237853984256,0.8973865925828134,1.1962202073529975,-0.007276837306173123,-0.04674800465833773,-0.09222345447472158,0.019081322012562518,0.01330396633695113,0.01593480079924065
5/25/2018,-805.7180000000001,26626.7604,6.3553,160.3926,157.446,2.0507,0.16195452432085355,0.21574748525841136,0.9037349971587157,1.2046826580970964,0.007074325188691333,-0.04424682065134922,-0.032417450728547625,0.019081322012562518,0.013381849402731983,0.014403590282300165
5/28/2018,-805.7180000000001,26626.7604,6.3553,160.3926,157.446,2.0507,0.17605844214048805,0.1838044160267711,0.9037349971587157,1.2046826580970964,0.0,-0.006543288554608395,0.004068669965818117,0.019081322012562518,0.010557986420609396,0.013649903023307923
5/29/2018,-805.7180000000001,26626.7604,6.3553,160.3926,158.234,2.0507,0.18167968574970494,0.19307573969799696,0.9082580919198471,1.2107119629672138,0.005004890565654341,-0.00955182774161234,0.024135141257564552,0.019081322012562518,0.010458289612733047,0.013529449173639596
5/30/2018,-805.7180000000001,26626.7604,6.3553,160.3926,158.503,2.0507,0.20049836780756025,0.1894024888094461,0.9098021433040402,1.2127701901373427,0.0017000139034593076,0.009328952228123244,0.03962980696702756,0.019081322012562518,0.009743114452525976,0.013415912393334933
5/31/2018,-805.7180000000001,26626.7604,6.3553,160.3926,157.606,2.0507,0.19705002202609712,0.1802342361501419,0.9046533920340724,1.2059068824362065,-0.0056591988795163806,0.014247837726523827,0.008872103443861246,0.019081322012562518,0.00952607317035533,0.01308258073670596
6/1/2018,-805.7180000000001,26626.7604,6.3553,160.3926,158.015,2.0507,0.19238605493510397,0.17493208572290975,0.9070010389342026,1.2090363059030567,0.0025950788675557224,0.014855300509948322,0.012650521337340681,0.019081322012562518,0.00953099742829294,0.013084747540957386
6/4/2018,-805.7180000000001,26626.7604,6.3553,160.3926,159.431,2.0507,0.20934977850597747,0.20360003640997637,0.9151288335811086,1.2198706913041817,0.00896117457203438,0.0047771202409987445,0.007119213664847468,0.01894329002416817,0.00878412807846453,0.01300601650662668
6/5/2018,-805.7180000000001,26626.7604,6.3553,160.3926,159.201,2.0507,0.20007688886543695,0.18451820080054882,0.9138086409477834,1.2181108688167106,-0.0014426303541972274,0.013135035033123854,-0.027649516270888186,0.01894329002416817,0.008497104495965921,0.01225377620157759
6/6/2018,-805.7180000000001,26626.7604,6.3553,160.3926,157.377,2.0507,0.1871237836614621,0.18381232556385307,0.9033389393687183,1.2041547113508553,-0.011457214464733134,0.002797283003479256,-0.051951494268106635,0.01894329002416817,0.008894109601882066,0.012194122892054356
6/7/2018,-805.7180000000001,26626.7604,6.3553,160.3926,157.097,2.0507,0.1976230045588303,0.20811288822480045,0.9017317483368442,1.2020123187574123,-0.0017791672226564748,-0.008682867113009585,-0.06719750139537095,0.01894329002416817,0.0086231809721563,0.01203598654696247
6/8/2018,-805.7180000000001,26626.7604,6.3553,160.3926,156.858,2.0507,0.20018363365086667,0.23551015723631363,0.9003598959917803,1.1987161361812695,-0.0015213530493899396,-0.028592661402693897,-0.07643664625529911,0.013191118573781857,0.007399875958912855,0.011974475344135923
6/11/2018,-805.7180000000001,26626.7604,6.3553,160.3926,157.626,2.0507,0.2045852279240381,0.21989988919032522,0.904768191393492,1.1984671882484432,0.00489614810848038,-0.012554031197143378,-0.07131326224002821,0.013191118573781857,0.007141806652612514,0.011998870187753287
6/12/2018,-805.7180000000001,26626.7604,6.3553,160.3926,160.278,2.0507,0.21863096188499354,0.1977068649589806,0.9199905864525275,1.210467487349898,0.016824635529671506,0.017470131914731457,-0.05329560959474544,0.016824635529671506,0.0074873547097269256,0.01220768298920185
6/13/2018,-805.7180000000001,26626.7604,6.3553,160.3926,155.911,2.0507,0.17748659466807637,0.1872743750472019,0.8949241463232634,1.1704327067443396,-0.02724640936373046,-0.00824390771403305,-0.07303427569190524,0.016824635529671506,0.009675093515263543,0.012636135297621672
6/14/2018,-805.7180000000001,26626.7604,6.3553,160.3926,156.539,2.0507,0.156626595045108,0.16215337554769071,0.8985288462090381,1.1751471383100114,0.004027939016490123,-0.004755637783160793,-0.0707866369075888,0.016824635529671506,0.009721066093459364,0.01264827488327121
6/15/2018,-805.7180000000001,26626.7604,6.3553,160.3926,155.71200000000002,2.0507,0.16241153811699371,0.17238496222640265,0.8937818926970388,1.168938802474326,-0.005283028510466803,-0.00850695328816653,-0.07771584938963338,0.016824635529671506,0.00978146685265339,0.01265210490688999
6/18/2018,-805.7180000000001,26626.7604,6.3553,160.3926,157.387,2.0507,0.17343522833178016,0.17224231127679412,0.9033963390484281,1.1815131223349948,0.010757038635429428,0.0010176369198673374,-0.05529444954651597,0.016824635529671506,0.010075947202064575,0.012645247073522686
6/19/2018,-805.7180000000001,26626.7604,6.3553,160.3926,157.985,2.0507,0.17457473383691213,0.1843588294771905,0.9068288398950733,1.1860023422016697,0.0037995514241964123,-0.00826109063973235,-0.06469602694878407,0.016824635529671506,0.009665785343172967,0.012519167876181807
6/20/2018,-805.7180000000001,26626.7604,6.3553,160.3926,158.334,2.0507,0.18260311010859986,0.17135473462497952,0.9088320887169449,1.1886223049666687,0.002209070481374642,0.009602877037263813,-0.05962915889626674,0.016824635529671506,0.009027391245630447,0.012522292996410223
6/21/2018,-805.7180000000001,26626.7604,6.3553,160.3926,160.099,2.0507,0.19578596716609642,0.17626936348834077,0.9189631321857222,1.2018722599243288,0.011147321484962003,0.016591951030567875,-0.07414946709769199,0.016824635529671506,0.009293443114846258,0.012104788551304589
6/22/2018,-805.7180000000001,26626.7604,6.3553,160.3926,161.584,2.0507,0.2057157780845429,0.1665858299444094,0.9274869846226258,1.2130202390246831,0.009275510777706275,0.033542279646923356,-0.04726976845655384,0.016824635529671506,0.009273824393690752,0.011950562830201449
6/25/2018,-805.7180000000001,26626.7604,6.3553,160.3926,162.043,2.0507,0.20958302852962696,0.1752683516713196,0.930121629921305,1.2164659780193383,0.002840627784929328,0.029197312094305428,-0.046581548599670564,0.016824635529671506,0.009194857679272231,0.011953659544979272
6/26/2018,-805.7180000000001,26626.7604,6.3553,160.3926,163.708,2.0507,0.2012709221523492,0.15532106927699796,0.9396786765929845,1.2289652273136749,0.010275050449571888,0.03977236639863824,-0.039373775070708494,0.016824635529671506,0.009387338738589712,0.012026164659498599
6/27/2018,-805.7180000000001,26626.7604,6.3553,160.3926,163.768,2.0507,0.22128341847197874,0.18001416905924916,0.9400230746712432,1.229415650711669,0.0003665062183888512,0.03497352022953337,-0.039021699585724545,0.016824635529671506,0.009365202587662443,0.012026531157220612
6/28/2018,-805.7180000000001,26626.7604,6.3553,160.3926,164.446,2.0507,0.23450543510900257,0.18989099753768524,0.9439147729555668,1.2176494979711516,0.004140002930975495,0.037494558462615846,-0.024771235240744094,0.016824635529671506,0.009380582478993222,0.011972225525914702
6/29/2018,-805.7180000000001,26626.7604,6.3553,160.3926,164.635,2.0507,0.21188811188811196,0.1601472211998527,0.9449996269020817,1.219048958919527,0.0011493134524402926,0.044598555892542135,-0.021049502006838194,0.016824635529671506,0.009226403515040227,0.011969879881638924
7/2/2018,-805.7180000000001,26626.7604,6.3553,160.3926,164.206,2.0507,0.21175402734833337,0.1660676993011636,0.9425371806425319,1.2158724047033733,-0.002605764266407573,0.03917982470018666,-0.033172397550635946,0.016824635529671506,0.009282664111569309,0.011902066967853332
7/3/2018,-805.7180000000001,26626.7604,6.3553,160.3926,162.24200000000002,2.0507,0.19217570854367372,0.17152010816451013,0.9312638835475299,1.2013298581287208,-0.01196058609307804,0.017631451850643964,-0.05224726321077633,0.016824635529671506,0.009601150374245263,0.011939607521144854
7/4/2018,-805.7180000000001,26626.7604,6.3553,160.3926,162.24200000000002,2.0507,0.19646610275735443,0.17404001445417072,0.9312638835475299,1.2013298581287208,0.0,0.01910163880880167,-0.04130424506003583,0.016824635529671506,0.009588878244859734,0.011861986471365155
7/5/2018,-805.7180000000001,26626.7604,6.3553,160.3926,165.543,2.0507,0.20758501962271847,0.1480165735377792,0.9502115178197306,1.225772295115955,0.02034614957902381,0.05188814121504404,-0.032342350768079564,0.02034614957902381,0.010033259819912056,0.01206765817692097
7/6/2018,-805.7180000000001,26626.7604,6.3553,160.3926,164.97400000000002,2.0507,0.1949961609225377,0.13793877757978756,0.9469454760442437,1.2215591031602642,-0.003437173423219253,0.05014099569056074,0.014656407796249438,0.02034614957902381,0.010074723410826386,0.010308521349604279
7/9/2018,-805.7180000000001,26626.7604,6.3553,160.3926,162.571,2.0507,0.20057454711951017,0.1583844739349094,0.9331523330099817,1.2037659568166335,-0.01456593160134334,0.036421476749671555,-0.008150963656219812,0.02034614957902381,0.010709499763521011,0.010426257842598858
7/10/2018,-805.7180000000001,26626.7604,6.3553,160.3926,165.00400000000002,2.0507,0.2114920080176803,0.15732127254972528,0.9471176750833731,1.2217812398187364,0.01496576880255418,0.04680699884536832,0.006324443333109775,0.02034614957902381,0.011076100463875225,0.010597095873791965
7/11/2018,-805.7180000000001,26626.7604,6.3553,160.3926,164.25599999999997,2.0507,0.20972160848431254,0.18042421564295186,0.9428241790410807,1.2162426324674935,-0.004533223437007905,0.02481937633362019,0.0012129930450999193,0.02034614957902381,0.010641930913492522,0.010613384996152369
7/12/2018,-805.7180000000001,26626.7604,6.3553,160.3926,164.835,2.0507,0.2205298699760092,0.1544516186357845,0.9461476204962777,1.2194463350398013,0.003524985388661861,0.057237783094201244,-0.0049920923325808,0.02034614957902381,0.00841059157450264,0.010550153710027618
7/13/2018,-805.7180000000001,26626.7604,6.3553,160.3926,164.127,2.0507,0.2142085639037672,0.1580726777735033,0.9420837231728246,1.2103671801830371,-0.004295204295204247,0.048473543334249136,-0.018831040728851,0.02034614957902381,0.00853939368631696,0.010488512829677743
7/16/2018,-805.7180000000001,26626.7604,6.3553,160.3926,162.651,2.0507,0.19948230470276784,0.1483101157071114,0.9336115304476601,1.186999642406241,-0.008993035880750844,0.044563039457459874,-0.028061453148248816,0.02034614957902381,0.00873995072694464,0.010545746102391042
7/17/2018,-805.7180000000001,26626.7604,6.3553,160.3926,163.209,2.0507,0.18925792066221692,0.1468346498003441,0.9368144325754661,1.1910718325585468,0.0034306582806129526,0.03699161938406603,-0.011597345025556649,0.02034614957902381,0.00852120476074908,0.010425872894395756
7/18/2018,-805.7180000000001,26626.7604,6.3553,160.3926,161.963,2.0507,0.18095314482376423,0.15194755953509387,0.9296624324836267,1.1819787341180934,-0.0076343829078053815,0.02517960565876498,-0.019618169051596857,0.02034614957902381,0.008747051041032208,0.010468229343531912
7/19/2018,-805.7180000000001,26626.7604,6.3553,160.3926,162.153,2.0507,0.18336532216278534,0.1554949024644776,0.9307530263981125,1.178480322686144,0.0011731074381184925,0.024119898442532817,-0.01923390974578587,0.02034614957902381,0.008744122034717649,0.01046897516193502
7/20/2018,-805.7180000000001,26626.7604,6.3553,160.3926,161.784,2.0507,0.17579853919110433,0.1635524546676841,0.9286349782168214,1.1739300796726022,-0.002275628573014332,0.010524737818474739,-0.016187684711090555,0.02034614957902381,0.008464602110851895,0.010451870629521534
7/23/2018,-805.7180000000001,26626.7604,6.3553,160.3926,161.036,2.0507,0.16731664177914363,0.17128898038476592,0.9243414821745294,1.1685024743494856,-0.00462344854868213,-0.0033914248935538183,-0.018115080453883103,0.02034614957902381,0.008288364959045598,0.010462195645161678
7/24/2018,-805.7180000000001,26626.7604,6.3553,160.3926,159.849,2.0507,0.14546861675827105,0.16119069287490406,0.9175281401929776,1.1598894161696198,-0.007371022628480661,-0.013539616027844592,-0.029659756578747865,0.02034614957902381,0.008404163688763474,0.010482865174544723
7/25/2018,-805.7180000000001,26626.7604,6.3553,160.3926,160.208,2.0507,0.1516641506721299,0.17682409603910565,0.919588788694559,1.1624943764784421,0.002245869539377887,-0.021379529406015618,0.010884448174252048,0.02034614957902381,0.008059510080595897,0.00932072085991277
7/26/2018,-805.7180000000001,26626.7604,6.3553,160.3926,160.95600000000002,2.0507,0.1679219818015587,0.18832629486118968,0.9238822847368512,1.1674984042244532,0.004668930390492543,-0.017170631625225807,0.007486229344016104,0.02034614957902381,0.008150100539305158,0.009284436796240626
7/27/2018,-805.7180000000001,26626.7604,6.3553,160.3926,159.6,2.0507,0.1513324003404941,0.18629077635584523,0.916098888168204,1.157662624035281,-0.008424662640721836,-0.02946864016151196,0.016314522599625736,0.02034614957902381,0.008230661357310806,0.009088435280179004
7/30/2018,-805.7180000000001,26626.7604,6.3553,160.3926,157.746,2.0507,0.13803999653709642,0.18773987822122185,0.9054569875500095,1.1442145882899089,-0.011616541353383414,-0.041844079326995964,0.015148785008237242,0.02034614957902381,0.008500643181863582,0.009111243537000498
7/31/2018,-805.7180000000001,26626.7604,6.3553,160.3926,157.785,2.0507,0.1444974757732258,0.19107236116752735,0.9056808463008775,1.126408144034038,0.00024723289338557386,-0.03910332143770623,0.01337811974155767,0.02034614957902381,0.00851325164150123,0.009108596595197384
8/1/2018,-805.7180000000001,26626.7604,6.3553,160.3926,161.096,2.0507,0.1500449749425321,0.1582261311554991,0.9246858802527882,1.1434574298186466,0.020984250720917696,-0.007063522392475541,0.015270398870633306,0.020984250720917696,0.009533826350017259,0.00917495811358358
8/2/2018,-805.7180000000001,26626.7604,6.3553,160.3926,156.738,2.0507,0.11252439933278913,0.15159172374631802,0.8996710998352628,1.1112623630756142,-0.027052192481501702,-0.033924631106618586,-0.002539185551461487,0.020984250720917696,0.011177921844704663,0.009723825232521266
8/3/2018,-805.7180000000001,26626.7604,6.3553,160.3926,158.025,2.0507,0.10277184608298784,0.155235941883348,0.9070584386139126,1.12038711049665,0.008211154920950925,-0.045414182417861215,0.006926302106564419,0.020984250720917696,0.010263900302425967,0.0097769865588031
8/6/2018,-805.7180000000001,26626.7604,6.3553,160.3926,158.404,2.0507,0.11715752651771605,0.1634930038366058,0.9092338864749134,1.1230741961785247,0.002398354690713367,-0.039824457187193296,-0.00043540540028896846,0.020984250720917696,0.010306514089663559,0.00970374137640076
8/7/2018,-805.7180000000001,26626.7604,6.3553,160.3926,157.596,2.0507,0.10609208309938256,0.14100926445816953,0.9045959923543626,1.1173455280229716,-0.005100881290876491,-0.03060201388931605,-0.024022294472828554,0.020984250720917696,0.009923984474928127,0.009416848004971766
8/8/2018,-805.7180000000001,26626.7604,6.3553,160.3926,156.75799999999998,2.0507,0.09134832946942617,0.14875693588699312,0.8997858991946823,1.1114041617923358,-0.00531739384248342,-0.04997454607161056,-0.01799160558792212,0.020984250720917696,0.009209592992109323,0.0093319485092674
8/9/2018,-805.7180000000001,26626.7604,6.3553,160.3926,156.489,2.0507,0.07802263662228004,0.13152800644792406,0.8982418478104892,1.1094969690524301,-0.0017160208729377624,-0.047285943892460325,-0.006583040260020656,0.020984250720917696,0.009197441822216398,0.009186281225499532
8/10/2018,-805.7180000000001,26626.7604,6.3553,160.3926,155.642,2.0507,0.06749610770845171,0.13054780145540823,0.8933800949390701,1.1034917933992698,-0.005412521007866378,-0.05577092243758919,-0.009955027447887121,0.020984250720917696,0.009122671512693937,0.009207838084331118
8/13/2018,-805.7180000000001,26626.7604,6.3553,160.3926,154.744,2.0507,0.048081546953841814,0.1116326323275425,0.8882256037011312,1.0971250310184695,-0.005769650865447562,-0.05716914340723955,-0.01616789690184195,0.020984250720917696,0.00914130485742924,0.009234892570103058
8/14/2018,-805.7180000000001,26626.7604,6.3553,160.3926,154.346,2.0507,0.017757644095402147,0.07252082055745701,0.8859410964486818,1.0943032365557093,-0.0025719898671353603,-0.051060245556436845,-0.017204930976516764,0.020984250720917696,0.009029072294992748,0.00923823887336912
8/15/2018,-805.7180000000001,26626.7604,6.3553,160.3926,154.595,2.0507,0.017654841916096897,0.07435834984497713,0.8873703484734554,1.0960686305788934,0.0016132585230586027,-0.05277895214111972,-0.01674012733181962,0.020984250720917696,0.008978419365498513,0.009239566450965391
8/16/2018,-805.7180000000001,26626.7604,6.3553,160.3926,155.243,2.0507,0.02434115892685118,0.06868178998904684,0.8910898477186496,1.1006629090006737,0.004191597399657132,-0.041490957811351925,-0.02547378861400762,0.020984250720917696,0.009013731060146656,0.009097259679189897
8/17/2018,-805.7180000000001,26626.7604,6.3553,160.3926,157.357,2.0507,0.031233821129686534,0.06266424625305533,0.9032241400092986,1.1156510333581482,0.013617361169263598,-0.029577004434083842,0.003373122146555385,0.020984250720917696,0.009619862357425207,0.009055003275728333
8/20/2018,-805.7180000000001,26626.7604,6.3553,160.3926,157.436,2.0507,0.02832807529768333,0.05672799952971608,0.903677597479006,1.1162111382891986,0.0005020431248690116,-0.026875339959452016,-0.0003174885386636461,0.020984250720917696,0.00962609064035672,0.00903996202587067
8/21/2018,-805.7180000000001,26626.7604,6.3553,160.3926,156.15,2.0507,0.03783805339731616,0.07031244807486536,0.8962959986683274,1.107093480803999,-0.008168398587362513,-0.030341041754638698,-0.0012152999872073744,0.020984250720917696,0.009718802573462153,0.009052282972876245
8/22/2018,-805.7180000000001,26626.7604,6.3553,160.3926,153.648,2.0507,0.0212087174408635,0.06242315080056082,0.8819345988049386,1.0893544613421249,-0.016023054755043287,-0.03879286076234445,-0.024122556305018916,0.020984250720917696,0.010157152331174186,0.00922804003680068
8/23/2018,-805.7180000000001,26626.7604,6.3553,160.3926,153.737,2.0507,0.020044321770747553,0.06297937843361012,0.8824454559543556,1.0899854656315362,0.0005792460689368895,-0.040391241386197985,-0.023557283131994455,0.020984250720917696,0.010130163659410094,0.009228678383356205
8/24/2018,-805.7180000000001,26626.7604,6.3553,160.3926,155.572,2.0507,0.03674579162723757,0.07262525156939326,0.8929782971811017,1.1029954978907441,0.01193596856970025,-0.0334501354407416,-0.01682318591453169,0.020984250720917696,0.01048416091464066,0.009334090506862933
8/27/2018,-805.7180000000001,26626.7604,6.3553,160.3926,156.35,2.0507,0.04088996591393257,0.06252662974009371,0.897443992262523,1.108511467971215,0.005000899904867184,-0.02036340852130325,-0.013583339116609694,0.020984250720917696,0.010454331968072347,0.009354320373824172
8/28/2018,-805.7180000000001,26626.7604,6.3553,160.3926,156.18,2.0507,0.04811054217473876,0.058619833435115565,0.8964681977074568,1.1073061788790812,-0.0010873041253597338,-0.009927351565174436,-0.009047878887859517,0.020984250720917696,0.010164500825951633,0.009328778962973516
8/29/2018,-805.7180000000001,26626.7604,6.3553,160.3926,157.06799999999998,2.0507,0.04929553941839404,0.05408547054225754,0.9015652892656857,1.1136020419015207,0.005685747214752013,-0.004544158189942138,-0.005993101920703792,0.020984250720917696,0.010251412536357725,0.009351287034916108
8/30/2018,-805.7180000000001,26626.7604,6.3553,160.3926,153.80700000000002,2.0507,0.03018754186202277,0.07900870730073661,0.8828472537123243,1.090481761140062,-0.020761708304683157,-0.04524631275761026,-0.035275448313063285,0.013617361169263598,0.009989090527236866,0.00963470090810696
8/31/2018,-805.7180000000001,26626.7604,6.3553,160.3926,154.774,2.0507,0.04076335467211778,0.05397008983807616,0.8883978027402607,1.0973377290935518,0.006287100066966866,-0.012530464852173684,-0.027807614273779646,0.013617361169263598,0.008348886946628685,0.009671960191593394
9/3/2018,-805.7180000000001,26626.7604,6.3553,160.3926,154.774,2.0507,0.043422569488920315,0.06533947267297235,0.8883978027402607,1.0973377290935518,0.0,-0.020572694193956687,-0.016539901002052493,0.013617361169263598,0.008105966197682203,0.00956788000010916
9/4/2018,-805.7180000000001,26626.7604,6.3553,160.3926,155.46200000000002,2.0507,0.039531929120695475,0.059204279505182145,0.8923469007042941,1.1022156049487755,0.004445191052760977,-0.01857276331405755,-0.010407582576369978,0.013617361169263598,0.008160464102932983,0.009583638854816544
9/5/2018,-805.7180000000001,26626.7604,6.3553,160.3926,156.27,2.0507,0.04118916902084124,0.05002398592825541,0.8969847948248448,1.1079442731043285,0.005197411586111089,-0.008413919135003334,-0.0037486133955552114,0.013617361169263598,0.008202227522838211,0.009605160247681715
9/6/2018,-805.7180000000001,26626.7604,6.3553,160.3926,157.596,2.0507,0.08692143758664228,0.08114184822715576,0.9045959923543626,1.1173455280229716,0.00848531387982332,0.005345819671085605,-0.00019032393133111558,0.013617361169263598,0.008337869600113349,0.009645314078187112
9/7/2018,-805.7180000000001,26626.7604,6.3553,160.3926,157.716,2.0507,0.08283499598354971,0.07441074898215594,0.9052847885108801,1.1181963203233012,0.0007614406457017164,0.007840806702068548,-0.015984726537640714,0.013617361169263598,0.008325626974121097,0.009403828444969719
9/10/2018,-805.7180000000001,26626.7604,6.3553,160.3926,158.63299999999998,2.0507,0.09716842804183012,0.0764814917279919,0.9105483391402674,1.124697791484987,0.005814248395850541,0.019217177882576486,0.017458678348544865,0.013617361169263598,0.008293770645156198,0.008772110127688061
9/11/2018,-805.7180000000001,26626.7604,6.3553,160.3926,157.795,2.0507,0.10966167607822719,0.0882061307585742,0.9057382459805873,1.1187564252543514,-0.005282633499965272,0.019716434886005274,0.008023559624119159,0.013617361169263598,0.008274730610447995,0.008786925481237055
9/12/2018,-805.7180000000001,26626.7604,6.3553,160.3926,158.035,2.0507,0.12045800985501098,0.09430323655570927,0.9071158382936222,1.1129852386049917,0.0015209607402009162,0.02390084615085586,0.01491856761200161,0.013617361169263598,0.008235415187326588,0.008760659470632393
9/13/2018,-805.7180000000001,26626.7604,6.3553,160.3926,160.55700000000002,2.0507,0.1307468026367682,0.08875852160685094,0.9215920375164307,1.127103354837804,0.01595849020786555,0.03856528348264843,0.020141434807195102,0.01595849020786555,0.00884729823714175,0.00888469008042767
9/14/2018,-805.7180000000001,26626.7604,6.3553,160.3926,159.191,2.0507,0.11665965207631879,0.08896604938271602,0.9137512412680737,1.1175140925651628,-0.008507881936010375,0.02543109834259849,0.007633636104693364,0.01595849020786555,0.009108750241834076,0.008942857818359164
9/17/2018,-805.7180000000001,26626.7604,6.3553,160.3926,159.111,2.0507,0.11004060332919385,0.09780379243466486,0.9132920438303953,1.1169524959459745,-0.0005025409727937857,0.011146628367342926,0.004907347758535741,0.01595849020786555,0.008659166024595412,0.00893936204082333
9/18/2018,-805.7180000000001,26626.7604,6.3553,160.3926,160.328,2.0507,0.11628036511240913,0.09614487526718518,0.9202775848510765,1.1254957845153772,0.0076487483580645055,0.018369369140476044,0.0014303649616800307,0.01595849020786555,0.008795973906495082,0.008880407532761614
9/19/2018,-805.7180000000001,26626.7604,6.3553,160.3926,160.039,2.0507,0.1234670167285592,0.09616640107826568,0.9186187341074635,1.1164369227334878,-0.0018025547627364968,0.02490553954530883,-0.009561590256461083,0.01595849020786555,0.008574580112272816,0.008804371530756906
9/20/2018,-805.7180000000001,26626.7604,6.3553,160.3926,160.34799999999998,2.0507,0.11859251611463018,0.07185311270474659,0.920392384210496,1.0978979801437863,0.0019307793725278355,0.043606164740185305,-0.010460186493708612,0.01595849020786555,0.007611693668147315,0.008800191554609068
9/21/2018,-805.7180000000001,26626.7604,6.3553,160.3926,160.059,2.0507,0.09048358745861096,0.04741173745384186,0.9187335334668831,1.0959192057514549,-0.0018023299323969288,0.0411221761840026,-0.022289686515014506,0.01595849020786555,0.0076525261266429554,0.008700886079441613
9/24/2018,-805.7180000000001,26626.7604,6.3553,160.3926,158.972,2.0507,0.08558512418139985,0.06236726555084382,0.9124941882824293,1.0884765491270112,-0.006791245728137718,0.021854832489137,-0.0292853304674906,0.01595849020786555,0.00752053373408174,0.00873842292912662
9/25/2018,-805.7180000000001,26626.7604,6.3553,160.3926,158.304,2.0507,0.07772641554392146,0.0644236726190881,0.9086598896778155,1.0839027730229374,-0.004201997836096982,0.012497601535017555,-0.03734964669253127,0.01595849020786555,0.007547314891501386,0.00873119456202881
9/26/2018,-805.7180000000001,26626.7604,6.3553,160.3926,158.045,2.0507,0.07297550510536599,0.06031392570063021,0.9071732379733319,1.0821294077370762,-0.001636092581362547,0.011941349724676531,-0.040027940595863565,0.01595849020786555,0.007554464481456803,0.008729418263958623
9/27/2018,-805.7180000000001,26626.7604,6.3553,160.3926,158.035,2.0507,0.0679195048113308,0.061385014596172294,0.9071158382936222,1.0820609380349195,-6.327311841558547e-05,0.006156569129294409,-0.037580843574534395,0.01595849020786555,0.007464301157573078,0.008725922408903219
9/28/2018,-805.7180000000001,26626.7604,6.3553,160.3926,160.158,2.0507,0.061309689475567364,0.019223887718182286,0.91930179029601,1.096597055802807,0.013433733033821671,0.04129200881624362,-0.012845009307084654,0.01595849020786555,0.006269922754544178,0.008777653174423201
10/1/2018,-805.7180000000001,26626.7604,6.3553,160.3926,156.928,2.0507,0.0339651980259994,0.019772950393021294,0.9007616937497488,1.074481342006162,-0.02016758451029599,0.013917066173905202,-0.032753541006644515,0.01595849020786555,0.00782031195589242,0.009132056255463572
10/2/2018,-805.7180000000001,26626.7604,6.3553,160.3926,155.961,2.0507,0.03630637155557914,0.028419171146268685,0.8952111447218125,1.0678603218076002,-0.006162061582381639,0.007669246772713745,-0.05788224207607684,0.01595849020786555,0.007961726184832757,0.008759759092667014
10/3/2018,-805.7180000000001,26626.7604,6.3553,160.3926,154.156,2.0507,0.036886569091691745,0.045671007318123236,0.8848505025341958,1.0555015405682986,-0.011573406172055822,-0.008400766746857857,-0.06557396923151537,0.01595849020786555,0.008313761911938293,0.008857082942752892
10/4/2018,-805.7180000000001,26626.7604,6.3553,160.3926,152.79,2.0507,0.03219748148948809,0.055707182619034734,0.8770097062858389,1.0461485792536802,-0.008861153636576025,-0.022269149548857836,-0.060164481980180984,0.01595849020786555,0.008408631365706895,0.008744991941745333
10/5/2018,-805.7180000000001,26626.7604,6.3553,160.3926,152.371,2.0507,0.03677015928745897,0.07232235808038534,0.8746046597059989,1.0432796987333104,-0.0027423260684598105,-0.03315439478159343,-0.07656178032047711,0.01595849020786555,0.008124982289946852,0.008506622100770737
10/8/2018,-805.7180000000001,26626.7604,6.3553,160.3926,154.445,2.0507,0.046623521837834137,0.06879002473486273,0.8865093532778086,1.0574803149606298,0.013611514002008107,-0.020739810799158098,-0.059729933761932474,0.01595849020786555,0.008768005034424231,0.008697919527365067
10/9/2018,-805.7180000000001,26626.7604,6.3553,160.3926,155.382,2.0507,0.05375162760416652,0.07579888237847188,0.8918877032666157,1.0638959260527217,0.0060668846514941865,-0.020493844282084894,-0.057348257348257325,0.01595849020786555,0.008777933471740709,0.008724818646572445
10/10/2018,-805.7180000000001,26626.7604,6.3553,160.3926,152.55100000000002,2.0507,0.03385155466399192,0.06939060424516774,0.8756378539407751,1.0445121533721329,-0.018219613597456497,-0.033232992173389375,-0.0705307475308754,0.01595849020786555,0.009519900164115169,0.008984729140051188
10/11/2018,-805.7180000000001,26626.7604,6.3553,160.3926,146.219,2.0507,-0.010663418924862111,0.06928515849656636,0.8392923767485376,1.0011571379664497,-0.04150743030199755,-0.07476824754010192,-0.10102612341762429,0.01595849020786555,0.012865241999720325,0.0102841259689844
10/12/2018,-805.7180000000001,26626.7604,6.3553,160.3926,147.17700000000002,2.0507,0.007716535433070826,0.09932899691886332,0.8447912660647354,1.0072337804544211,0.006551816111449504,-0.08333489041275055,-0.09822987702884023,0.013611514002008107,0.012301096013495619,0.010316397454292258
10/15/2018,-805.7180000000001,26626.7604,6.3553,160.3926,148.692,2.0507,0.017601970982753956,0.08945387352860656,0.8534873175407681,1.0169129866843571,0.010293727960211108,-0.06595222091701158,-0.0819384674277458,0.013611514002008107,0.01264084615689038,0.01039387166007639
10/16/2018,-805.7180000000001,26626.7604,6.3553,160.3926,152.431,2.0507,0.041985385093889604,0.08764842195927236,0.8749490577842576,1.042484218877164,0.025145939256987715,-0.0419832695413892,-0.0599557208315602,0.025145939256987715,0.014069454881815179,0.01091188004532299
10/17/2018,-805.7180000000001,26626.7604,6.3553,160.3926,151.893,2.0507,0.014452778018954282,0.07078789012148623,0.8718609550158709,1.0388048064888968,-0.003529465791079267,-0.05261089765979743,-0.06113707165109028,0.025145939256987715,0.013898756246285147,0.010915531712353125
10/18/2018,-805.7180000000001,26626.7604,6.3553,160.3926,152.86,2.0507,-0.02462368953349614,0.02118441286634032,0.8774115040438074,1.0454181741087,0.006366323662051698,-0.04485781590737237,-0.05077125611664468,0.025145939256987715,0.014032261874415313,0.010943524603592701
10/19/2018,-805.7180000000001,26626.7604,6.3553,160.3926,153.92700000000002,2.0507,0.011798964057529115,0.05400573186443336,0.8835360498688418,1.05271544737688,0.006980243359937299,-0.04004415396512562,-0.03704746354371924,0.025145939256987715,0.014147367641632401,0.010953209794952814
10/22/2018,-805.7180000000001,26626.7604,6.3553,160.3926,153.119,2.0507,-0.016210277431541575,0.028379229256884297,0.8788981557482909,1.0471894897379959,-0.005249241523579529,-0.04335901136455933,-0.04424872665534807,0.025145939256987715,0.014166793703118644,0.010963167254041239
10/23/2018,-805.7180000000001,26626.7604,6.3553,160.3926,153.518,2.0507,-0.003621589345517706,0.03177652587034974,0.8811884029687114,1.049918273275019,0.002605816391172855,-0.03430792844022856,-0.04621138696289684,0.025145939256987715,0.014156696915903526,0.010950070471294886
10/24/2018,-805.7180000000001,26626.7604,6.3553,160.3926,154.007,2.0507,-0.0605720490188304,-0.03436076053605963,0.88399524730652,1.0532625718955813,0.003185294232598057,-0.02714397614715991,-0.03504385964912271,0.025145939256987715,0.014179649230684129,0.010915462839491753
10/25/2018,-805.7180000000001,26626.7604,6.3553,160.3926,155.672,2.0507,-0.057470150880337245,-0.04310261316025299,0.8935522939781995,1.0646496009410542,0.010811196893647734,-0.0150147110000316,-0.013147718484145421,0.025145939256987715,0.014419206562353648,0.010913021878380938
10/26/2018,-805.7180000000001,26626.7604,6.3553,160.3926,150.766,2.0507,-0.10790404847279922,-0.06489272316303951,0.8653920111125779,1.0310971898316907,-0.031514980214810695,-0.04599614009554853,-0.04448458345216599,0.025145939256987715,0.015914373686901694,0.011606002736913958
10/29/2018,-805.7180000000001,26626.7604,6.3553,160.3926,154.306,2.0507,-0.08701157314273533,-0.052386812770690905,0.8857114977298427,1.0553074497842279,0.023480094981627397,-0.036538917818653927,-0.042148780851169465,0.025145939256987715,0.016543794327682784,0.011685049914177669
10/30/2018,-805.7180000000001,26626.7604,6.3553,160.3926,161.744,2.0507,-0.039832832702102694,-0.06842223989931973,0.9284053794979823,1.1061763519104906,0.04820292146773286,0.030689233278955896,0.03193864921078493,0.04820292146773286,0.019225394809660533,0.012738030749552905
10/31/2018,-805.7180000000001,26626.7604,6.3553,160.3926,161.694,2.0507,-0.01834077042163751,-0.05314634368454596,0.9281183810994333,1.105834399086302,-0.00030913047779213,0.0367591897974493,0.02321784527764592,0.04820292146773286,0.01914926803279655,0.012700867629760172
11/1/2018,-805.7180000000001,26626.7604,6.3553,160.3926,163.349,2.0507,-0.010269988609098335,-0.06597028671142247,0.9376180280914032,1.1171530375669372,0.010235382883718724,0.0596343963257997,0.03121764601903987,0.04820292146773286,0.018972881391254318,0.012758569346596743
11/2/2018,-805.7180000000001,26626.7604,6.3553,160.3926,164.386,2.0507,-0.002602918423687206,-0.07296059217911,0.9435703748773081,1.124245139140604,0.00634837066648708,0.07589501930754627,0.04308484986928596,0.04820292146773286,0.018789539511601963,0.012758059412362065
11/5/2018,-805.7180000000001,26626.7604,6.3553,160.3926,166.13099999999997,2.0507,0.01184015786877124,-0.0719667208731507,0.9535866189866659,1.1361792927047782,0.010615259206988359,0.09030589810396972,0.059792801643297366,0.04820292146773286,0.018788140781534155,0.012793714870126816
11/6/2018,-805.7180000000001,26626.7604,6.3553,160.3926,165.722,2.0507,0.006052511762027812,-0.062407042039763216,0.9512389720865357,1.1333821186029176,-0.0024619125870545266,0.073016284114086,0.05900095214360124,0.04820292146773286,0.018716842199148705,0.012796616248525738
11/7/2018,-805.7180000000001,26626.7604,6.3553,160.3926,170.109,2.0507,0.029752896594307243,-0.05939683039335575,0.9764202115752194,1.1633850593972057,0.026472043542800527,0.09477931806772988,0.0929504889425734,0.04820292146773286,0.019373359560788388,0.013164503740058757
11/8/2018,-805.7180000000001,26626.7604,6.3553,160.3926,171.016,2.0507,0.021985574021286203,-0.08836061361205227,0.981626362524897,1.1695880836279826,0.005331875444567702,0.12104148776474744,0.10515431939202813,0.04820292146773286,0.018660966544924114,0.01313994372051416
11/9/2018,-805.7180000000001,26626.7604,6.3553,160.3926,171.00599999999997,2.0507,0.02712475223737143,-0.12175506036398587,0.9815689628451871,1.1695196930631448,-5.8474060906643643e-05,0.16951969306314485,0.10793930519741335,0.04820292146773286,0.015319821727818704,0.013130658639178963
11/12/2018,-805.7180000000001,26626.7604,6.3553,160.3926,171.395,2.0507,0.029461228902636805,-0.11600096101867974,0.983801810385898,1.1721800860353306,0.0022747739845387915,0.16455016748540863,0.1086710436948155,0.04820292146773286,0.015362759400878459,0.013130841993056662
11/13/2018,-805.7180000000001,26626.7604,6.3553,160.3926,171.96400000000003,2.0507,0.016203566912103673,-0.12131992294146154,0.987067852161385,1.1760715091745946,0.0033198167974561876,0.15651144647997217,0.1077085601283152,0.04820292146773286,0.015372264407302057,0.013128658368952639
11/14/2018,-805.7180000000001,26626.7604,6.3553,160.3926,171.535,2.0507,-0.0017981425013385843,-0.11296873908894123,0.984605405901835,1.173137553943058,-0.0024947081947386263,0.1253288373099959,0.09010085347331231,0.04820292146773286,0.014923001761185035,0.013049650973573631
11/15/2018,-805.7180000000001,26626.7604,6.3553,160.3926,169.67,2.0507,-0.0111606492409011,-0.1147652766850249,0.9739003656359596,1.1603827136008316,-0.010872416707960575,0.11703633478830477,0.07770776696562409,0.04820292146773286,0.01523392834854161,0.013141397086889071
11/16/2018,-805.7180000000001,26626.7604,6.3553,160.3926,171.515,2.0507,0.013310725384315436,-0.09690302607791468,0.9844906065424154,1.1730007728133827,0.010874049625744009,0.12203977495747731,0.09839897534422026,0.04820292146773286,0.015280006101627127,0.01313971909142035
11/19/2018,-805.7180000000001,26626.7604,6.3553,160.3926,172.632,2.0507,0.019970221917613884,-0.09054545884243603,0.9909021507659986,1.180639998905751,0.006512549922747413,0.12151864195365314,0.12355513901905657,0.04820292146773286,0.015278247348113868,0.012958389055384649
11/20/2018,-805.7180000000001,26626.7604,6.3553,160.3926,168.275,2.0507,-0.0023004452665965625,-0.09216010624736892,0.9658931103164444,1.150842229805976,-0.02523865795449276,0.0989818376556797,0.0945640932241425,0.04820292146773286,0.01655631506488389,0.0134025394794943
11/21/2018,-805.7180000000001,26626.7604,6.3553,160.3926,167.118,2.0507,0.033353120130592995,-0.05074076822240359,0.959251967374022,1.142929441454257,-0.006875649977715059,0.08858896025221785,0.07421643997634542,0.04820292146773286,0.01674263074052569,0.013376348094568108
11/22/2018,-805.7180000000001,26626.7604,6.3553,160.3926,167.118,2.0507,0.022822833850503876,-0.05742124622832634,0.959251967374022,1.142929441454257,0.0,0.08513249397754641,0.06887112248161187,0.04820292146773286,0.016766530647261534,0.013368415726073756
11/23/2018,-805.7180000000001,26626.7604,6.3553,160.3926,165.15400000000002,2.0507,-0.004562687223872763,-0.06171381041642798,0.9479786702790199,1.129497534520138,-0.011752175109802532,0.060910118711136496,0.05745934178511991,0.04820292146773286,0.01703118967367021,0.013464328194369901
11/26/2018,-805.7180000000001,26626.7604,6.3553,160.3926,165.563,2.0507,-0.0037787846513950285,-0.09281489370663865,0.95032631717915,1.1322947086219985,0.0024764765007203593,0.09814547046416289,0.05408485496727544,0.04820292146773286,0.01509660185109136,0.013452289052271185
11/27/2018,-805.7180000000001,26626.7604,6.3553,160.3926,164.715,2.0507,6.071461097101327e-05,-0.06313712394887827,0.9454588243397601,1.1264951887237638,-0.005121917336602944,0.06745687141135148,0.07092004915250927,0.04820292146773286,0.01458738210863098,0.01318731571510763
11/28/2018,-805.7180000000001,26626.7604,6.3553,160.3926,167.86599999999999,2.0507,0.01050439137736947,-0.026348264217046502,0.963545463416314,1.148045055704115,0.01913001244573942,0.03784993570086059,0.08458785067259345,0.026472043542800527,0.011056352278174919,0.013365695497865489
11/29/2018,-805.7180000000001,26626.7604,6.3553,160.3926,168.055,2.0507,0.01738061797752799,-0.021127954281286554,0.9646303173628291,1.1493376373795472,0.001125898037720674,0.03933974049748312,0.08580898600540143,0.026472043542800527,0.011046908325740339,0.013364576527538138
11/30/2018,-805.7180000000001,26626.7604,6.3553,160.3926,170.30900000000003,2.0507,0.03252619070714924,-0.009669948588612032,0.9775682051694152,1.1647528706939594,0.013412275743060365,0.0426081579930091,0.09550243789479107,0.026472043542800527,0.011187660449844442,0.013445088723129257
12/3/2018,-805.7180000000001,26626.7604,6.3553,160.3926,169.46099999999998,2.0507,0.02509179556356722,-0.005607544476235904,0.9727007123300251,1.1589533507957241,-0.004979184893341149,0.030872458725195617,0.08441159531579934,0.026472043542800527,0.01124291585185588,0.01346153367639558
12/4/2018,-805.7180000000001,26626.7604,6.3553,160.3926,169.331,2.0507,0.03757375964313514,0.01796579635904627,0.9719545164937978,1.1580642734528344,-0.0007671381615829143,0.01926190777157788,0.07446254981090883,0.026472043542800527,0.011054753555430025,0.013433164985980392
12/5/2018,-805.7180000000001,26626.7604,6.3553,160.3926,169.331,2.0507,0.049691597185630654,0.02731922015931576,0.9719545164937978,1.1580642734528344,0.0,0.0217774344987387,0.07364503284384583,0.026472043542800527,0.011029597511419187,0.01343393531104174
12/6/2018,-805.7180000000001,26626.7604,6.3553,160.3926,171.00599999999997,2.0507,0.0855731752218678,0.07987887713774233,0.9815689628451871,1.1695196930631448,0.00989186858874036,0.005273089607251702,0.07799764235688667,0.01913001244573942,0.009625446077309203,0.013466224654547715
12/7/2018,-805.7180000000001,26626.7604,6.3553,160.3926,167.676,2.0507,0.0645013839863886,0.08570557911577237,0.962454869501828,1.1467456349721992,-0.019473000947335062,-0.019530336342798327,0.06261922114135432,0.01913001244573942,0.0104620154079259,0.013694542201297967
12/10/2018,-805.7180000000001,26626.7604,6.3553,160.3926,168.37400000000002,2.0507,0.06987679266983116,0.0866009645628012,0.9664613671455714,1.151519296397869,0.00416279014289489,-0.01539127282083641,0.06542221659758929,0.01913001244573942,0.010519116273603139,0.01370003021045285
12/11/2018,-805.7180000000001,26626.7604,6.3553,160.3926,170.787,2.0507,0.06908920187793433,0.07289514866979663,0.980311909859543,1.1680219396932001,0.014331191276562683,-0.0035473613582660546,0.06371568975504016,0.01913001244573942,0.011006477257119852,0.013673069076087608
12/12/2018,-805.7180000000001,26626.7604,6.3553,160.3926,168.47400000000002,2.0507,0.054610328638497796,0.07645696400626001,0.9670353639426692,1.1522032020462458,-0.013543185371251876,-0.020294945453699698,0.058313598130547595,0.01913001244573942,0.011353307504535433,0.013744506481209649
12/13/2018,-805.7180000000001,26626.7604,6.3553,160.3926,171.71400000000003,2.0507,0.07758344786038385,0.07646014144875157,0.9856328601686404,1.1743617450536525,0.019231454111613644,0.0010435188154023223,0.07920885419612755,0.019231454111613644,0.01216311924961047,0.013933445588087201
12/14/2018,-805.7180000000001,26626.7604,6.3553,160.3926,171.99400000000003,2.0507,0.06970090865555068,0.055247003800058314,0.9872400512005144,1.1762766808691076,0.0016306183537742047,0.01369717687275318,0.07276333516291622,0.019231454111613644,0.011901318857595832,0.01390987017195747
12/17/2018,-805.7180000000001,26626.7604,6.3553,160.3926,164.127,2.0507,0.009881799890475662,0.05534054060705973,0.9420837231728246,1.1224738235113085,-0.045739967673291027,-0.04307494971285297,0.02554377370515959,0.019231454111613644,0.015386895518664711,0.01511284232571041
12/18/2018,-805.7180000000001,26626.7604,6.3553,160.3926,164.954,2.0507,0.012733300589391039,0.059872298624754405,0.9468306766848241,1.1281297232233842,0.005038780944025101,-0.0444761110338755,0.028725023074812395,0.019231454111613644,0.015349538627396946,0.015122613943835598
12/19/2018,-805.7180000000001,26626.7604,6.3553,160.3926,164.615,2.0507,0.010652013752455947,0.03312254420432237,0.9448848275426623,1.125811283075387,-0.0020551183966438513,-0.02175011142475114,0.028464503714255462,0.019231454111613644,0.014402915974001786,0.015123285067299347
12/20/2018,-805.7180000000001,26626.7604,6.3553,160.3926,162.92,2.0507,0.017245470098278037,0.04345708612744925,0.9351555818318532,1.114219082335401,-0.010296753029796935,-0.025119975107409154,0.024834562061243348,0.019231454111613644,0.014492403224970536,0.015157174180911857
12/21/2018,-805.7180000000001,26626.7604,6.3553,160.3926,161.315,2.0507,-0.005229306315250648,0.0305556754623435,0.9259429332384325,1.1032423966789542,-0.009851460839675807,-0.0347239674960208,0.01902036587831013,0.019231454111613644,0.014613635241870518,0.015202103935257658
12/24/2018,-805.7180000000001,26626.7604,6.3553,160.3926,157.666,2.0507,-0.022377925902960838,0.024052084948070096,0.9049977901123311,1.0782866795696866,-0.022620339088119557,-0.04533950131392539,-0.0023980511879527766,0.019231454111613644,0.01517365705963384,0.015475163174654864
12/25/2018,-805.7180000000001,26626.7604,6.3553,160.3926,157.666,2.0507,-0.029102418838366395,0.01952682398147698,0.9049977901123311,1.0782866795696866,0.0,-0.047697855197115224,-0.0023349258075742174,0.019231454111613644,0.01514594143054632,0.015475155769786659
12/26/2018,-805.7180000000001,26626.7604,6.3553,160.3926,163.78799999999998,2.0507,0.008472280373371222,0.014179986700490144,0.9401378740306627,1.120155383363311,0.038828916824172444,-0.005627902741098367,0.022665118195781542,0.038828916824172444,0.01756711112110812,0.01614483278668406
12/27/2018,-805.7180000000001,26626.7604,6.3553,160.3926,162.711,2.0507,-0.0022015085546083224,0.029410682528975274,0.9339559285259188,1.1127897195302938,-0.0065755733020732565,-0.03070901790714009,0.03685129486133776,0.038828916824172444,0.017046493826984848,0.015954097065481
12/28/2018,-805.7180000000001,26626.7604,6.3553,160.3926,162.013,2.0507,0.009942774501614515,0.04760687703374944,0.9299494308821756,1.108016058104624,-0.004289814456306051,-0.035952515545505936,0.03880457293810635,0.038828916824172444,0.01704820732070746,0.015942848508942915
12/31/2018,-805.7180000000001,26626.7604,6.3553,160.3926,161.415,2.0507,0.027872234745730307,0.08450820820438398,0.9265169300355303,1.103926302327331,-0.0036910618283718666,-0.05222272457709243,0.04708866343184814,0.038828916824172444,0.01669999728901732,0.01587552601764199
1/1/2019,-805.7180000000001,26626.7604,6.3553,160.3926,161.415,2.0507,0.03815875792696266,0.08990751340991232,0.9265169300355303,1.103926302327331,0.0,-0.047479951139200116,0.05645002945218924,0.038828916824172444,0.01669715459786055,0.01582723676748056
1/2/2019,-805.7180000000001,26626.7604,6.3553,160.3926,160.278,2.0507,0.030846014329632965,0.08907140376377964,0.9199905864525275,1.0961502951052873,-0.007043955022767445,-0.05346333512469659,0.051893076766576174,0.038828916824172444,0.01672674585651764,0.015852880021553245
1/3/2019,-805.7180000000001,26626.7604,6.3553,160.3926,162.063,2.0507,0.016827601784403345,0.06242902227994551,0.9302364292807245,1.1083580109288123,0.011136899636880804,-0.04292185128535242,0.049325002428048714,0.038828916824172444,0.016983856386276176,0.015823983874772275
1/4/2019,-805.7180000000001,26626.7604,6.3553,160.3926,162.46200000000002,2.0507,0.009105816293572655,0.062175457775348164,0.9325266765011452,1.1110867944658356,0.0024620055163735444,-0.04996315918739669,0.045565123373363825,0.038828916824172444,0.016801265667517183,0.015811467205201064
1/7/2019,-805.7180000000001,26626.7604,6.3553,160.3926,164.107,2.0507,0.018191406855901926,0.04033503955328044,0.941968923813405,1.122337042381633,0.010125444719380372,-0.021285097449843637,0.07575171581962747,0.038828916824172444,0.016528120046358168,0.015663229617809794
1/8/2019,-805.7180000000001,26626.7604,6.3553,160.3926,166.769,2.0507,0.008868562579021688,0.01857800523886466,0.9572487185521504,1.1405426107414223,0.01622112402274123,-0.009532350600449102,0.14054261074142227,0.038828916824172444,0.016917432336386054,0.01478359041079427
1/9/2019,-805.7180000000001,26626.7604,6.3553,160.3926,164.456,2.0507,-0.01616434750355955,0.0217099989231746,0.9439721726352766,1.1247238730944678,-0.013869484136740162,-0.03706956618477997,0.11740285506566894,0.038828916824172444,0.0168153243358354,0.014909905684347207
1/10/2019,-805.7180000000001,26626.7604,6.3553,160.3926,167.55700000000002,2.0507,-0.0011862466916232606,0.004280025751687289,0.9617718133132818,1.1459317872506312,0.018856107408668832,-0.005442976364305463,0.12687299921986384,0.038828916824172444,0.017153636332556704,0.01502647380765152
1/11/2019,-805.7180000000001,26626.7604,6.3553,160.3926,169.292,2.0507,0.004974651833735022,0.019352464174196005,0.9717306577429298,1.1577975502499676,0.010354685271280806,-0.014104848760147837,0.1106139827200503,0.038828916824172444,0.016757756223506854,0.014772542148004051
1/14/2019,-805.7180000000001,26626.7604,6.3553,160.3926,168.66299999999998,2.0507,-0.0066376111667354465,0.012980740915248479,0.968120217889184,1.1534957837216777,-0.0037154738558231593,-0.019366954661209412,0.11040666785171127,0.038828916824172444,0.016763709476643286,0.014773637753750776
1/15/2019,-805.7180000000001,26626.7604,6.3553,160.3926,169.99900000000002,2.0507,-0.010333344976538816,-0.044517796639770846,0.9757888150984119,1.1626327631839914,0.007921120814879723,0.03577717255539925,0.11212220332330247,0.038828916824172444,0.013302995189546276,0.014782733917502875
1/16/2019,-805.7180000000001,26626.7604,6.3553,160.3926,172.063,2.0507,0.017991740720142646,-0.024067872821289638,0.9876361089905117,1.1767485757664873,0.012141247889693174,0.04309686336796914,0.11782208449459786,0.038828916824172444,0.013479665386241067,0.014826164894104694
1/17/2019,-805.7180000000001,26626.7604,6.3553,160.3926,172.951,2.0507,0.022096541616433596,-0.0271671039878969,0.9927332005487408,1.182821657924073,0.005160900367888521,0.05063937065273505,0.12952017711714414,0.038828916824172444,0.013460487297104234,0.014803448091614912
1/18/2019,-805.7180000000001,26626.7604,6.3553,160.3926,172.542,2.0507,-0.008310917994344469,-0.06361358254592275,0.9903855536486106,1.180024483822212,-0.002364831657521438,0.05905966118340289,0.12392032204692605,0.038828916824172444,0.013193841258743025,0.014813641780818192
1/21/2019,-805.7180000000001,26626.7604,6.3553,160.3926,172.542,2.0507,-0.009614446351389416,-0.07405706676156754,0.9976351683424786,1.180024483822212,0.0,0.06959675169699042,0.1203516723265825,0.038828916824172444,0.012892527688240351,0.014814841688720952
1/22/2019,-805.7180000000001,26626.7604,6.3553,160.3926,172.65200000000002,2.0507,-0.0002837273669520357,-0.08705797881888344,0.9982711866366776,1.1807767800354265,0.0006375259357143115,0.09504902769144907,0.10907549206022926,0.038828916824172444,0.011476916445647503,0.014771673249485489
1/23/2019,-805.7180000000001,26626.7604,6.3553,160.3926,174.985,2.0507,0.04296800495899311,-0.06025891665077243,1.0,1.1967322988120561,0.013512730811111373,0.10984613042761282,0.1606396667683696,0.038828916824172444,0.011596364205383892,0.01421493769282068
1/24/2019,-805.7180000000001,26626.7604,6.3553,160.3926,176.012,2.0507,0.0634330838061059,-0.01042214206739056,1.0,1.2037560098208853,0.00586907449209928,0.07463306225120281,0.14066854172877252,0.018856107408668832,0.008650664360715847,0.013966020409287225
1/25/2019,-805.7180000000001,26626.7604,6.3553,160.3926,176.75,2.0507,0.0646243547503027,-0.019937236855578355,1.0,1.2088032335059056,0.004192895938913255,0.08628181253879563,0.09277623899495491,0.018856107408668832,0.008339031372016172,0.012667524367352126
1/28/2019,-805.7180000000001,26626.7604,6.3553,160.3926,177.09900000000002,2.0507,0.111167579573475,0.016513888104604746,1.0,1.2111900642187405,0.0019745403111741666,0.09311598451976089,0.09527255185721195,0.018856107408668832,0.008137966851414788,0.012665564691187195
1/29/2019,-805.7180000000001,26626.7604,6.3553,160.3926,178.235,2.0507,0.11913776756393601,0.013524968448019203,1.0,1.2189592323843004,0.006414491329708172,0.10420345073258375,0.09113003446608192,0.018856107408668832,0.007939407766079595,0.012632285447957255
1/30/2019,-805.7180000000001,26626.7604,6.3553,160.3926,178.285,2.0507,0.1201550631121946,0.01416176073284281,1.0,1.2193011852084887,0.00028052851572346604,0.10451321128767477,0.08455099582689529,0.018856107408668832,0.007931227862602301,0.012617568131965145
1/31/2019,-805.7180000000001,26626.7604,6.3553,160.3926,181.99400000000003,2.0507,0.1307767822748005,-0.004150460402868039,1.0,1.2446672457067824,0.020803769245870463,0.13548958684286072,0.095484888431419,0.020803769245870463,0.008180502944556125,0.012801954120666249
2/1/2019,-805.7180000000001,26626.7604,6.3553,160.3926,180.608,2.0507,0.11429329417644052,-0.00012339356996116102,0.9923843643197027,1.2351883134202806,-0.007615635680297328,0.1144308077722862,0.08982512883020966,0.020803769245870463,0.008615226646237508,0.012844267143471935
2/4/2019,-805.7180000000001,26626.7604,6.3553,160.3926,181.924,2.0507,0.09192180494451074,-0.024890612151804437,0.9996153719353384,1.2441885117529186,0.007286498936924124,0.11979416725141867,0.0694554667889411,0.020803769245870463,0.008602663283384694,0.012463167104542539
2/5/2019,-805.7180000000001,26626.7604,6.3553,160.3926,184.048,2.0507,0.0914762517568779,-0.02678163714321291,1.0,1.2587146677244407,0.011675205030672098,0.12151218412377296,0.07620339617345762,0.020803769245870463,0.008651399065018642,0.012523032385882777
2/6/2019,-805.7180000000001,26626.7604,6.3553,160.3926,180.887,2.0507,0.07273029183444724,-0.01099494137810375,0.9828251325741111,1.2370964101792516,-0.017174867425888918,0.08465602120298144,0.05778159830649243,0.020803769245870463,0.009601525752720138,0.012735609032017403
2/7/2019,-805.7180000000001,26626.7604,6.3553,160.3926,183.111,2.0507,0.0820756166455896,-0.02816418668967402,0.9949089367990959,1.2523064717991506,0.012294968682105445,0.11343459648781429,0.06835671985763869,0.020803769245870463,0.008845362929564468,0.012814464641978628
2/8/2019,-805.7180000000001,26626.7604,6.3553,160.3926,182.68200000000002,2.0507,0.0809457876238151,-0.008550194672252376,0.9925780231244025,1.2493725165676144,-0.002342841227452097,0.09026778946865832,0.06232699867414104,0.020803769245870463,0.00840360670973871,0.012818724510090683
2/11/2019,-805.7180000000001,26626.7604,6.3553,160.3926,183.43,2.0507,0.07509172537481401,-0.007771747412347985,0.9966421803007911,1.2544881308174725,0.0040945468081146075,0.08351251092786427,0.06934444865479361,0.020803769245870463,0.008282947052890207,0.012816289245805563
2/12/2019,-805.7180000000001,26626.7604,6.3553,160.3926,182.672,2.0507,0.05944717031469304,-0.02180116226467632,0.9925236894723115,1.2493041260027766,-0.004132366570353874,0.0830591178859621,0.0766311074438617,0.020803769245870463,0.008302486195539768,0.012742264957858152
2/13/2019,-805.7180000000001,26626.7604,6.3553,160.3926,183.799,2.0507,0.06721518031854057,-0.012913490068109157,0.9986470920629401,1.2570117426599827,0.006169527896995763,0.08117694809969467,0.07162055796869082,0.020803769245870463,0.008268158330461644,0.012698682312732492
2/14/2019,-805.7180000000001,26626.7604,6.3553,160.3926,183.649,2.0507,0.12861277892834977,0.057411151603050437,0.9978320872815787,1.2559858841874176,-0.0008161089015719103,0.06733580142157236,0.06381783215162895,0.020803769245870463,0.008092737758172987,0.012682585750380913
2/15/2019,-805.7180000000001,26626.7604,6.3553,160.3926,184.955,2.0507,0.17949977041987664,0.10294755369624009,1.0,1.264917691955218,0.0071113918398684195,0.06940694185058205,0.09912345862427574,0.020803769245870463,0.008128217680132211,0.012248002120864309
2/18/2019,-805.7180000000001,26626.7604,6.3553,160.3926,184.955,2.0507,0.19708100061486689,0.1167405585579755,1.0,1.264917691955218,0.0,0.07194190400018563,0.10673296712502545,0.020803769245870463,0.008062920257635744,0.012202030401845866
2/19/2019,-805.7180000000001,26626.7604,6.3553,160.3926,183.011,2.0507,0.20037911334701985,0.1317123723444027,0.9894893352437079,1.2516225661507738,-0.010510664756292143,0.060675082009018055,0.09510046793283777,0.020803769245870463,0.00858991932147359,0.01229692026816336
2/20/2019,-805.7180000000001,26626.7604,6.3553,160.3926,182.453,2.0507,0.16792344130072978,0.10518499551913973,0.9864723851747722,1.2478063726328317,-0.003048997054821756,0.056767370201329825,0.10474466255737047,0.020803769245870463,0.008674521388424216,0.012193894790970088
2/21/2019,-805.7180000000001,26626.7604,6.3553,160.3926,182.12400000000002,2.0507,0.16715478624207747,0.12140398997699342,0.984693574112622,1.2455563230496722,-0.0018032041128398513,0.04079778266708578,0.10002838798523839,0.020803769245870463,0.008355163440341288,0.012201168074560618
2/22/2019,-805.7180000000001,26626.7604,6.3553,160.3926,182.014,2.0507,0.14977511623205997,0.11186072367091171,0.9840988348517207,1.2448040268364577,-0.0006039840987459577,0.03409994773083658,0.10502382903803542,0.020803769245870463,0.008322269694737835,0.012174342270890913
2/25/2019,-805.7180000000001,26626.7604,6.3553,160.3926,180.558,2.0507,0.102792436235708,0.07953434965308337,0.9762266497256088,1.2348463605960922,-0.007999384662718323,0.021544554455445564,0.07560792536904448,0.020803769245870463,0.008556588943744094,0.01202531263499721
2/26/2019,-805.7180000000001,26626.7604,6.3553,160.3926,180.459,2.0507,0.08709586086830812,0.06685501894566936,0.9756913843907977,1.2341692940041993,-0.0005483002691655248,0.01897243914420743,0.07380916961708972,0.020803769245870463,0.008560673966678143,0.012027393854319966
2/27/2019,-805.7180000000001,26626.7604,6.3553,160.3926,179.88,2.0507,0.06808222594321123,0.05831462942510712,0.9725608931902354,1.2302094803000978,-0.003208485029840613,0.009229388167307118,0.05619785213934647,0.020803769245870463,0.008509831891595841,0.011937200701099444
2/28/2019,-805.7180000000001,26626.7604,6.3553,160.3926,180.03,2.0507,0.05999764484220438,0.04972326895902013,0.9733719012732827,1.231235338772663,0.0008338892595063374,0.009787699469949729,0.06236833253668994,0.020803769245870463,0.008510066153862536,0.011913162676971862
3/1/2019,-805.7180000000001,26626.7604,6.3553,160.3926,181.575,2.0507,0.06978730925587695,0.07225593589819157,0.981725284528669,1.2418016810400836,0.008581903016163794,-0.00230227370133107,0.07230808298539548,0.012294968682105445,0.007397110222232,0.011948580358319964
3/4/2019,-805.7180000000001,26626.7604,6.3553,160.3926,181.94400000000002,2.0507,0.07467764514090303,0.066786374563647,0.9837203644129653,1.244325292882594,0.002032218091697846,0.007397236002834928,0.07448724687151209,0.012294968682105445,0.007202980935522378,0.011948088525109432
3/5/2019,-805.7180000000001,26626.7604,6.3553,160.3926,181.565,2.0507,0.07949106691637686,0.08162549421802079,0.9816712173231326,1.241733290475246,-0.0020830585235018795,-0.0019733515094215726,0.06174637147234607,0.012294968682105445,0.007041895129112628,0.011902935744282424
3/6/2019,-805.7180000000001,26626.7604,6.3553,160.3926,181.765,2.0507,0.07895455408870711,0.09250641086522915,0.9827525614338621,1.2431011017719995,0.0011015338859361457,-0.012404372772320316,0.08402514372957359,0.012294968682105445,0.0065186493562513935,0.011610213358178386
3/7/2019,-805.7180000000001,26626.7604,6.3553,160.3926,182.842,2.0507,0.08297548465051263,0.07139599485882497,0.9885755994701414,1.2504667656050172,0.005925233130690932,0.010807852416149455,0.08592775606685099,0.012294968682105445,0.005436418960515443,0.011619224882834253
3/8/2019,-805.7180000000001,26626.7604,6.3553,160.3926,182.93099999999998,2.0507,0.09803180091116981,0.09911223956926496,0.9890567975994159,1.2510754416320724,0.0004867590597343874,-0.0009830103052247408,0.07110611463401773,0.008581903016163794,0.00472201374776157,0.011500566202252885
3/11/2019,-805.7180000000001,26626.7604,6.3553,160.3926,185.364,2.0507,0.0973933326623766,0.08151533629738417,1.0,1.267714866057079,0.013300096757794089,0.014681249384175699,0.10025285800776373,0.013300096757794089,0.005508322465634269,0.011444303879064933
3/12/2019,-805.7180000000001,26626.7604,6.3553,160.3926,186.571,2.0507,0.10807488091985684,0.0894199817073893,1.0,1.2759696072329862,0.006511512483545756,0.01712369841356365,0.08652177457865973,0.013300096757794089,0.005606972712759529,0.011238260367844196
3/13/2019,-805.7180000000001,26626.7604,6.3553,160.3926,188.405,2.0507,0.08954378010767927,0.0563899121564182,1.0,1.2885124368242158,0.00983003789442094,0.0313841201716738,0.09541611916694759,0.013300096757794089,0.00581390017295688,0.011288570383071968
3/14/2019,-805.7180000000001,26626.7604,6.3553,160.3926,188.88400000000001,2.0507,0.11369626358335161,0.0837141290440504,1.0,1.2917883448799405,0.0025423953716727787,0.02766609176328494,0.15084050765565693,0.013300096757794089,0.005721022973236193,0.00953112100300293
3/15/2019,-805.7180000000001,26626.7604,6.3553,160.3926,190.389,2.0507,0.12019887032242882,0.08054248058366675,1.0,1.3020811248880106,0.007967853285614446,0.036700444870377824,0.15419450270984636,0.013300096757794089,0.0058763516261101005,0.009551931906006542
3/18/2019,-805.7180000000001,26626.7604,6.3553,160.3926,190.998,2.0507,0.12076189134950521,0.08530202208686877,1.0,1.3062461102866247,0.0031987142114302536,0.03267281230569585,0.16027093521246538,0.013300096757794089,0.005758176706058306,0.00953600900822898
3/19/2019,-805.7180000000001,26626.7604,6.3553,160.3926,191.327,2.0507,0.1226924385921675,0.08530202208686877,1.0,1.3084961598697844,0.0017225311259803089,0.03445162336784624,0.1743616498895164,0.013300096757794089,0.005747282673208338,0.009396973313273249
3/20/2019,-805.7180000000001,26626.7604,6.3553,160.3926,192.045,2.0507,0.1389015733322263,0.08532643826761488,1.0,1.3134066024251294,0.003752737459950639,0.049363153034517104,0.19049685398134075,0.013300096757794089,0.005040086800032803,0.009261618058184401
3/21/2019,-805.7180000000001,26626.7604,6.3553,160.3926,195.49400000000003,2.0507,0.16244388286011602,0.08489965809424693,1.0,1.3369945082376438,0.01795933244812442,0.07147594174938221,0.2399249045450511,0.01795933244812442,0.005929804402672232,0.008866920342842678
3/22/2019,-805.7180000000001,26626.7604,6.3553,160.3926,196.541,2.0507,0.15721267074894008,0.07232689590202557,1.0,1.3441550003761482,0.00535566308940405,0.07916035228745244,0.24656552458995606,0.01795933244812442,0.005826051973877951,0.00885890518981119
3/25/2019,-805.7180000000001,26626.7604,6.3553,160.3926,195.00599999999997,2.0507,0.13914689285338744,0.06325283609640997,0.9921899247485256,1.3336570486735648,-0.007810075251474369,0.07137912468271645,0.19060004395926433,0.01795933244812442,0.006283423185832853,0.007740774434523587
3/26/2019,-805.7180000000001,26626.7604,6.3553,160.3926,194.428,2.0507,0.14888437175002367,0.06692587690271345,0.98924906253657,1.3297040740259474,-0.0029640113637527943,0.07681742154875448,0.194928431390625,0.01795933244812442,0.005915695560267909,0.007683363422627024
3/27/2019,-805.7180000000001,26626.7604,6.3553,160.3926,193.18099999999998,2.0507,0.12921157847973985,0.0548469685987516,0.982904330394167,1.3211757705906892,-0.006413685271668745,0.07049800785774041,0.19237962385734453,0.01795933244812442,0.006247861422375399,0.007719812386533018
3/28/2019,-805.7180000000001,26626.7604,6.3553,160.3926,194.358,2.0507,0.19537981807111082,0.10633429894643598,0.9888929027531151,1.3292253400720837,0.0060927316868637504,0.08048699132755166,0.20408883932720023,0.01795933244812442,0.006093580201914358,0.007684925415792044
3/29/2019,-805.7180000000001,26626.7604,6.3553,160.3926,199.074,2.0507,0.21455459498374085,0.09836675675840567,1.0,1.3614783304495313,0.02426450158984972,0.10578236960506593,0.23330545488337529,0.02426450158984972,0.0075188942915623575,0.008128346544590357
4/1/2019,-805.7180000000001,26626.7604,6.3553,160.3926,197.329,2.0507,0.20346777095391144,0.10738746211127825,0.9912344153430382,1.349544176885357,-0.008765584656961756,0.08676304557345471,0.23116709716866946,0.02426450158984972,0.008021796194245296,0.008166714340252765
4/2/2019,-805.7180000000001,26626.7604,6.3553,160.3926,199.054,2.0507,0.2133221989918137,0.10902917888294916,0.9998995348463385,1.361341549319856,0.008741746018071206,0.09403992437233422,0.22825074199539697,0.02426450158984972,0.008072941899517584,0.008135342916322865
4/3/2019,-805.7180000000001,26626.7604,6.3553,160.3926,199.532,2.0507,0.20445243930412538,0.0959966679141866,1.0,1.364610618319097,0.0024013584253519404,0.09895629664307548,0.22817643510482455,0.02426450158984972,0.007953532306220477,0.008135447397654559
4/4/2019,-805.7180000000001,26626.7604,6.3553,160.3926,197.548,2.0507,0.1809633123501735,0.08661083113637846,0.9900567327546458,1.351041930255302,-0.009943267245354215,0.08683189833026161,0.203775585441206,0.02426450158984972,0.008535691998852941,0.008255899341669802
4/5/2019,-805.7180000000001,26626.7604,6.3553,160.3926,200.42,2.0507,0.19763126915929163,0.09259203929559545,1.0,1.3706837004766823,0.014538238807783266,0.0961376488990493,0.20178210578704658,0.02426450158984972,0.008834160137886063,0.008214992354776282
4/8/2019,-805.7180000000001,26626.7604,6.3553,160.3926,200.898,2.0507,0.21664930597611476,0.10784016860056655,1.0,1.373952769475923,0.0023849915178126846,0.09821736064417741,0.22159118548426338,0.02426450158984972,0.008801579719161278,0.007928317374894255
4/9/2019,-805.7180000000001,26626.7604,6.3553,160.3926,200.59900000000002,2.0507,0.21425026028425465,0.12203094356068855,0.9985116825453714,1.3719078915872769,-0.0014883174546286293,0.08218963768585064,0.19719856526435775,0.02426450158984972,0.008653313124876787,0.007691670491645944
4/10/2019,-805.7180000000001,26626.7604,6.3553,160.3926,201.935,2.0507,0.22138351085385266,0.128455904144968,1.0,1.3810448710495902,0.00666005314084317,0.0823493468974279,0.1928206885145194,0.02426450158984972,0.008655697518894024,0.007647797713920859
4/11/2019,-805.7180000000001,26626.7604,6.3553,160.3926,202.72299999999998,2.0507,0.23276333872517418,0.14569524342337314,1.0,1.3864340475587988,0.003902245772154256,0.07599585998248437,0.2019411489182572,0.02426450158984972,0.008545544167085346,0.0076027067670538665
4/12/2019,-805.7180000000001,26626.7604,6.3553,160.3926,203.64,2.0507,0.24165431963269857,0.15168255013505516,1.0,1.3927054623544135,0.004523413722172576,0.07812202198174534,0.19788939934940775,0.02426450158984972,0.008545047582078136,0.0075789042167337855
4/15/2019,-805.7180000000001,26626.7604,6.3553,160.3926,202.514,2.0507,0.229331957386105,0.15572889792697353,0.9944706344529564,1.3850046847536914,-0.005529365547043641,0.06368540199276218,0.17697587511551016,0.02426450158984972,0.008707948844617456,0.007558273152683176
4/16/2019,-805.7180000000001,26626.7604,6.3553,160.3926,198.296,2.0507,0.25121306386173914,0.20516396080336685,0.9737576114712237,1.3561575445051601,-0.020828189656023843,0.03820982418664065,0.14654439696792743,0.02426450158984972,0.010138709147948127,0.008106580373585482
4/17/2019,-805.7180000000001,26626.7604,6.3553,160.3926,196.72099999999998,2.0507,0.23135327991987964,0.19759013520280422,0.9660233745825967,1.3453860305432261,-0.007942671561705805,0.028192570834226105,0.14013399636030632,0.02426450158984972,0.010361058303346174,0.008187355943582046
4/18/2019,-805.7180000000001,26626.7604,6.3553,160.3926,197.59799999999998,2.0507,0.2582814350666718,0.2229205669965233,0.9703299941072481,1.3513838830794902,0.004458090391976421,0.028915098023900576,0.14521681677504605,0.02426450158984972,0.010370288257929128,0.008188031252283824
4/19/2019,-805.7180000000001,26626.7604,6.3553,160.3926,197.59799999999998,2.0507,0.27160986408566723,0.25806991350906117,0.9703299941072481,1.3513838830794902,0.0,0.010762478643845608,0.144487176516924,0.02426450158984972,0.009652938507312768,0.008190371395326954
4/22/2019,-805.7180000000001,26626.7604,6.3553,160.3926,198.785,2.0507,0.2767016480199356,0.26228950174050425,0.976158907876645,1.3595018431257224,0.006007145821314008,0.011417465058181309,0.13601165814212646,0.02426450158984972,0.009670172740504317,0.008076627557047937
4/23/2019,-805.7180000000001,26626.7604,6.3553,160.3926,199.393,2.0507,0.25662841189112195,0.22898035582613274,0.979144568846985,1.3636599894678532,0.0030585808788390345,0.022496743689937926,0.13283753380451335,0.02426450158984972,0.00948750889598042,0.008062989545043297
4/24/2019,-805.7180000000001,26626.7604,6.3553,160.3926,200.25,2.0507,0.2743656809026518,0.23731520902142722,0.9833529758397173,1.369521060874442,0.004298044565255621,0.029944246713436318,0.13295615275813288,0.02426450158984972,0.009464186115499746,0.008063458787530018
4/25/2019,-805.7180000000001,26626.7604,6.3553,160.3926,198.94400000000002,2.0507,0.26765984019166833,0.23093833233506222,0.9769396975054019,1.3605892531066415,-0.006521847690386884,0.02983212634782939,0.1233490872336942,0.02426450158984972,0.009468707199547182,0.00813488775530128
4/26/2019,-805.7180000000001,26626.7604,6.3553,160.3926,200.48,2.0507,0.2650735456513098,0.22644235926624745,0.9844824199567865,1.3710940438657082,0.007720765642592831,0.03149857479496587,0.12480713664543996,0.02426450158984972,0.009515227437029128,0.008148284349057929
4/29/2019,-805.7180000000001,26626.7604,6.3553,160.3926,199.22299999999998,2.0507,0.23376993342622687,0.23284718996748732,0.9783097623256728,1.3624973498656126,-0.006269952114924204,0.0007484653947775755,0.11744117564573564,0.014538238807783266,0.00809265801231391,0.008210851842461984
4/30/2019,-805.7180000000001,26626.7604,6.3553,160.3926,203.132,2.0507,0.2725176971747165,0.23616488128797863,0.9975054016892556,1.3892312216606597,0.01962122847261627,0.029407740372677127,0.11614668615448842,0.01962122847261627,0.008876394893688262,0.008167940515506287
5/1/2019,-805.7180000000001,26626.7604,6.3553,160.3926,203.21200000000002,2.0507,0.2900219646280615,0.2636263220039865,0.997898251816932,1.3897783461793614,0.00039383258176961533,0.0208888040431241,0.12515503189227495,0.01962122847261627,0.008717546363587158,0.008081236292995436
5/2/2019,-805.7180000000001,26626.7604,6.3553,160.3926,203.59099999999998,2.0507,0.2950504748516287,0.26923101388615023,0.9997593792967983,1.392370348586709,0.0018650473397239242,0.020342601687949546,0.11909918427475197,0.01962122847261627,0.008714085707839235,0.008051824580507084
5/3/2019,-805.7180000000001,26626.7604,6.3553,160.3926,206.313,2.0507,0.31169772454176115,0.2559715678981733,1.0,1.410986260335524,0.013369942679195113,0.044368963492416924,0.12097387638007473,0.01962122847261627,0.008735814416360304,0.008088032369598675
5/6/2019,-805.7180000000001,26626.7604,6.3553,160.3926,205.435,2.0507,0.3081032550557792,0.2761703428251234,0.9957443302167096,1.4049815687427762,-0.0042556697832903945,0.02502245284901705,0.1357090338166922,0.01962122847261627,0.008352758006908581,0.007754899557325581
5/7/2019,-805.7180000000001,26626.7604,6.3553,160.3926,203.75,2.0507,0.2958970151437095,0.277757637047072,0.9875771279560668,1.393457758567628,-0.008202107722637297,0.014196258797996908,0.1127130538307366,0.01962122847261627,0.00859435438371608,0.007748177962979878
5/8/2019,-805.7180000000001,26626.7604,6.3553,160.3926,207.33,2.0507,0.30149842122773873,0.2592450769298371,1.0,1.4179415807795157,0.01757055214723935,0.033554504259742046,0.1349229809176602,0.01962122847261627,0.009326128798604044,0.007982155628573313
5/9/2019,-805.7180000000001,26626.7604,6.3553,160.3926,206.701,2.0507,0.3180108143953886,0.2876208330145127,0.9969661891670283,1.4136398142512259,-0.0030338108329717173,0.023601653997573413,0.12686583437823695,0.01962122847261627,0.009303770729294452,0.008003090012392008
5/10/2019,-805.7180000000001,26626.7604,6.3553,160.3926,209.77200000000002,2.0507,0.3320041146514614,0.28724458047064494,1.0,1.434642556712876,0.014857209205567656,0.0347715848719683,0.14835333274940887,0.01962122847261627,0.009761514310623554,0.008127747163257626
5/13/2019,-805.7180000000001,26626.7604,6.3553,160.3926,208.65599999999998,2.0507,0.33462965331968775,0.3025457336574131,0.9946799382186372,1.4270101696769912,-0.005320061781362795,0.024631703005303374,0.1352401264424723,0.01962122847261627,0.009853762789826567,0.008166747007326064
5/14/2019,-805.7180000000001,26626.7604,6.3553,160.3926,208.855,2.0507,0.3265182983372077,0.28624417260521073,0.9956285872280379,1.4283711419172611,0.0009537228740128523,0.031311415507075946,0.13725095154343325,0.01962122847261627,0.009733025148931068,0.008159776471460193
5/15/2019,-805.7180000000001,26626.7604,6.3553,160.3926,209.782,2.0507,0.33240603127421475,0.25945403503423403,1.0,1.4347109472777138,0.004438486030978517,0.057923508290636416,0.1342326511854235,0.01962122847261627,0.008287341060057794,0.008140098901902933
5/16/2019,-805.7180000000001,26626.7604,6.3553,160.3926,211.687,2.0507,0.3378098259539668,0.24322838328045782,1.0,1.4477393498792908,0.00908085536413994,0.07607728712237138,0.14453245384012336,0.01962122847261627,0.008020769993046116,0.008183786769728009
5/17/2019,-805.7180000000001,26626.7604,6.3553,160.3926,209.364,2.0507,0.32088351640032053,0.2466514829372315,0.9890262510215554,1.431852221667499,-0.010973748978444609,0.05954513709652942,0.14399680893498212,0.01962122847261627,0.008616129120543114,0.008195566777453889
5/20/2019,-805.7180000000001,26626.7604,6.3553,160.3926,202.63299999999998,2.0507,0.2856934380670786,0.25374668477088425,0.9572293055312795,1.3858185324752597,-0.032149748762920205,0.02548102713590228,0.11060382673894087,0.01962122847261627,0.011508138597416588,0.00924712089853136
5/21/2019,-805.7180000000001,26626.7604,6.3553,160.3926,204.89700000000002,2.0507,0.2966933518969721,0.25801347973293676,0.9679243411262856,1.4013021563545096,0.01117290865752385,0.030746786729381137,0.12504118073400527,0.01962122847261627,0.011668720753978403,0.009311923384230342
5/22/2019,-805.7180000000001,26626.7604,6.3553,160.3926,206.233,2.0507,0.2935564601614491,0.2506538878888045,0.9742355458766953,1.410439135816823,0.006520349248646751,0.034304112982903145,0.1330611930950365,0.01962122847261627,0.01171607338654444,0.009324094867033476
5/23/2019,-805.7180000000001,26626.7604,6.3553,160.3926,209.41299999999998,2.0507,0.31540002889429086,0.25784385776471264,0.989257724848479,1.4321873354352033,0.015419452754893648,0.0457578027465666,0.15981014410881822,0.01962122847261627,0.012086166980553073,0.009384520446999714
5/24/2019,-805.7180000000001,26626.7604,6.3553,160.3926,208.127,2.0507,0.32247405910647675,0.2641237283719984,0.9831827178806445,1.4233923087970786,-0.006140975011102334,0.04615871803120464,0.15332014474201894,0.01962122847261627,0.012072698315892236,0.009439147332407073
5/27/2019,-805.7180000000001,26626.7604,6.3553,160.3926,208.127,2.0507,0.3248311552734935,0.27615422318694804,0.9831827178806445,1.4233923087970786,0.0,0.03814345570630495,0.15703246608850363,0.01962122847261627,0.012014253468056298,0.009417519500112412
5/28/2019,-805.7180000000001,26626.7604,6.3553,160.3926,203.232,2.0507,0.2956431932065944,0.27008504507261333,0.9600589549665307,1.3899151273090364,-0.02351929350829063,0.020123178548661524,0.1288785202466256,0.01962122847261627,0.013134792550163102,0.009965127355211194
5/29/2019,-805.7180000000001,26626.7604,6.3553,160.3926,203.172,2.0507,0.2889497925469149,0.28869602730514,0.9597755176274404,1.3895047839200105,-0.00029522909777990325,0.00019691629088480767,0.118942585708385,0.01757055214723935,0.01242529988111457,0.009932909012402513
5/30/2019,-805.7180000000001,26626.7604,6.3553,160.3926,211.986,2.0507,0.3226144573803018,0.26787207227442345,1.0,1.4497842277679371,0.043381962081389114,0.04317658405999625,0.16511673921646208,0.043381962081389114,0.01561158280939999,0.011227937516864031
5/31/2019,-805.7180000000001,26626.7604,6.3553,160.3926,215.775,2.0507,0.38396264535536306,0.3058154973029483,1.0,1.4756974127849323,0.017873821856160488,0.05984547450525812,0.1884173711893813,0.043381962081389114,0.01598438179213678,0.011377351234641174
6/3/2019,-805.7180000000001,26626.7604,6.3553,160.3926,216.782,2.0507,0.38484339365908826,0.3179654910277949,1.0,1.4825843426640861,0.004666898389526164,0.05074328811078321,0.19264985008114888,0.043381962081389114,0.0158110391372794,0.011377597122818372
6/4/2019,-805.7180000000001,26626.7604,6.3553,160.3926,216.822,2.0507,0.3924553020961774,0.3193267057131113,1.0,1.482857904923437,0.0001845171647092414,0.055428724414048336,0.18584351516609954,0.043381962081389114,0.015746039029512146,0.011375671706468854
6/5/2019,-805.7180000000001,26626.7604,6.3553,160.3926,220.072,2.0507,0.3982857542236653,0.2945796031438428,1.0,1.5050848384956812,0.014989253858003426,0.0801079754601226,0.2030328375179713,0.043381962081389114,0.01575719916255326,0.01147496941329519
6/6/2019,-805.7180000000001,26626.7604,6.3553,160.3926,220.83,2.0507,0.39779092951862505,0.31233977909295185,1.0,1.510268843310377,0.0034443273110618122,0.06511358703516135,0.19133165015860687,0.043381962081389114,0.015437968128636308,0.011399254903574567
6/7/2019,-805.7180000000001,26626.7604,6.3553,160.3926,219.85299999999998,2.0507,0.3885394166761402,0.3054745032652493,0.9955757822759588,1.503587085125736,-0.004424217724041224,0.06362813919623034,0.1783878523457556,0.043381962081389114,0.015468637730629972,0.011425776960919155
6/10/2019,-805.7180000000001,26626.7604,6.3553,160.3926,220.89,2.0507,0.37970880517679695,0.31026427398047485,1.0,1.510679186699403,0.004716788035642017,0.05300040043475751,0.1724211140893288,0.043381962081389114,0.015238361437393105,0.011392228195633895
6/11/2019,-805.7180000000001,26626.7604,6.3553,160.3926,222.615,2.0507,0.37770447569066246,0.29131597187840375,1.0,1.522476559133902,0.0078093168545430025,0.06689958592132528,0.17858050443658535,0.043381962081389114,0.015167530033068257,0.011411170058396754
6/12/2019,-805.7180000000001,26626.7604,6.3553,160.3926,226.18400000000003,2.0507,0.3958270335651648,0.2888862832704897,1.0,1.5468851517244684,0.016032163151629586,0.0829714395154535,0.1880098114912101,0.043381962081389114,0.015410944091312571,0.011516243255512999
6/13/2019,-805.7180000000001,26626.7604,6.3553,160.3926,223.84099999999998,2.0507,0.36731864050626717,0.2814401251007892,0.9896411770947545,1.5308612423830008,-0.01035882290524548,0.06701718927267342,0.17195468015371884,0.043381962081389114,0.015721010491033333,0.011634797938942463
6/14/2019,-805.7180000000001,26626.7604,6.3553,160.3926,225.835,2.0507,0.3789934541546578,0.29260295051536334,0.9984570084532945,1.5444983210116334,0.00890810888085758,0.06683452455748351,0.18036137084677017,0.043381962081389114,0.01571783037960534,0.011661365279032547
6/17/2019,-805.7180000000001,26626.7604,6.3553,160.3926,227.081,2.0507,0.38088491054814333,0.27314741617309024,1.0,1.5530197853904075,0.005517302455332329,0.08462295332530889,0.18243640813351036,0.043381962081389114,0.015382518503057585,0.011666047355899775
6/18/2019,-805.7180000000001,26626.7604,6.3553,160.3926,228.87599999999998,2.0507,0.39020256932001085,0.23080146991830408,1.0,1.56529589177877,0.007904668378243773,0.12951000083895514,0.17075715878748166,0.043381962081389114,0.012971969056113475,0.01152223479057177
6/19/2019,-805.7180000000001,26626.7604,6.3553,160.3926,232.795,2.0507,0.4177009366283815,0.24780458692130636,1.0,1.592098154138655,0.017122808857197747,0.13615621507391507,0.18446023984817406,0.043381962081389114,0.013156664689969661,0.011662629258850848
6/20/2019,-805.7180000000001,26626.7604,6.3553,160.3926,232.99400000000003,2.0507,0.43608929870193913,0.2711443399366378,1.0,1.593459126378925,0.0008548293563008791,0.12976099848229916,0.19480426243295113,0.043381962081389114,0.013207299455893983,0.011586842819025717
6/21/2019,-805.7180000000001,26626.7604,6.3553,160.3926,231.229,2.0507,0.42521048803639006,0.29074469003094117,0.9924246976316986,1.5813881916850754,-0.007575302368301395,0.10417691356315051,0.1892782932499435,0.043381962081389114,0.013332012226427875,0.011638899357604603
6/24/2019,-805.7180000000001,26626.7604,6.3553,160.3926,231.83700000000002,2.0507,0.4004639278012361,0.25723830062279895,0.9950342068894478,1.585546338027206,0.0026294279696750245,0.11392082718724628,0.20010249455174178,0.043381962081389114,0.013107154380352178,0.011578771086594919
6/25/2019,-805.7180000000001,26626.7604,6.3553,160.3926,227.66,2.0507,0.379975026367791,0.26157455114139183,0.9771067066104705,1.556979599094509,-0.018016968818609702,0.09385135037741366,0.1713436030418094,0.043381962081389114,0.014024296939602304,0.011868540767371627
6/26/2019,-805.7180000000001,26626.7604,6.3553,160.3926,222.84400000000002,2.0507,0.37074878053281357,0.2501122586439155,0.9564366464372472,1.524042703068685,-0.021154352982517666,0.09650055109431599,0.1194028351266363,0.043381962081389114,0.013796764958400386,0.01190964247366055
6/27/2019,-805.7180000000001,26626.7604,6.3553,160.3926,224.17,2.0507,0.35857312549998754,0.2313156044701945,0.9621277801145092,1.5331112919661603,0.005950350918130898,0.10335085543283529,0.13602156804119003,0.043381962081389114,0.01375579513566624,0.011841967230759429
6/28/2019,-805.7180000000001,26626.7604,6.3553,160.3926,224.18,2.0507,0.36482076758231075,0.29058299240210417,0.9621706996746696,1.5331796825309982,4.4609002096684947e-05,0.0575226665911901,0.1262270539652557,0.017873821856160488,0.010553750951641534,0.011813895773977618
7/1/2019,-805.7180000000001,26626.7604,6.3553,160.3926,224.329,2.0507,0.36093062759729433,0.3090363090363091,0.9628102011210589,1.5341987019470795,0.0006646444821125641,0.03964314679643155,0.12427580538460004,0.017122808857197747,0.009970245538070402,0.0118148688604098
7/2/2019,-805.7180000000001,26626.7604,6.3553,160.3926,229.74400000000003,2.0507,0.39979406191546807,0.32081863435022884,0.9860511429478871,1.5712321928066806,0.024138653495535678,0.059792787224031585,0.1629781116488147,0.024138653495535678,0.011083645574134063,0.012040581080386529
7/3/2019,-805.7180000000001,26626.7604,6.3553,160.3926,233.602,2.0507,0.43621619295300973,0.33305051920984186,1.0,1.5976172727210556,0.016792603941778506,0.07739067068839889,0.16556231912982744,0.024138653495535678,0.011471357323766659,0.01208030781576338
7/4/2019,-805.7180000000001,26626.7604,6.3553,160.3926,233.602,2.0507,0.43130587161247225,0.34840603153012384,1.0,1.5976172727210556,0.0,0.061479879312225094,0.16278907704407208,0.024138653495535678,0.011191388993293049,0.01208443073967035
7/5/2019,-805.7180000000001,26626.7604,6.3553,160.3926,231.92700000000002,2.0507,0.43197520421330826,0.36345955557750864,0.9928296846773573,1.586161853110745,-0.007170315322642673,0.05025132454829517,0.156172264069113,0.024138653495535678,0.011403498328019434,0.012135533878260758
7/8/2019,-805.7180000000001,26626.7604,6.3553,160.3926,232.735,2.0507,0.435280260001357,0.3558367714442532,0.9962885591732948,1.591687810749629,0.0034838548336328934,0.058593696697338826,0.15252432713496922,0.024138653495535678,0.011296974409142976,0.012124051258167476
7/9/2019,-805.7180000000001,26626.7604,6.3553,160.3926,234.06099999999998,2.0507,0.446749987637838,0.3653389704791574,1.0,1.6007563996471046,0.005697467076288376,0.0596269636470641,0.1545853208565382,0.024138653495535678,0.011307420756671654,0.012129919351640973
7/10/2019,-805.7180000000001,26626.7604,6.3553,160.3926,235.27700000000002,2.0507,0.4610211381306044,0.3823927568990786,1.0,1.609072692331366,0.0051952268852992756,0.05687846730903123,0.15535749361618567,0.024138653495535678,0.01126408452761826,0.012132150219787427
7/11/2019,-805.7180000000001,26626.7604,6.3553,160.3926,234.49,2.0507,0.4669469311662884,0.41498539246413824,0.9966550066517339,1.603690354878641,-0.003344993348266101,0.0367223145757436,0.15789525662423332,0.024138653495535678,0.010905126318709667,0.01211232402840903
7/12/2019,-805.7180000000001,26626.7604,6.3553,160.3926,233.283,2.0507,0.4561257864775792,0.39718990312593627,0.9915248834352698,1.5954356137027335,-0.0051473410379974105,0.042181727208152164,0.1764382539234275,0.024138653495535678,0.01067198919601826,0.011783925235748232
7/15/2019,-805.7180000000001,26626.7604,6.3553,160.3926,234.579,2.0507,0.45741072094236923,0.40308531524143243,0.9970332841714235,1.6042990309056964,0.005555484111572806,0.03871853344255771,0.19244513803813534,0.024138653495535678,0.010588601104493103,0.01171069427291508
7/16/2019,-805.7180000000001,26626.7604,6.3553,160.3926,231.628,2.0507,0.4513032581453633,0.42281328320802003,0.984490621692728,1.5841169752220983,-0.012579983715507503,0.020023691986559955,0.17221834229091382,0.024138653495535678,0.01100466583346481,0.011868976668853077
7/17/2019,-805.7180000000001,26626.7604,6.3553,160.3926,231.169,2.0507,0.46545078797560624,0.45091476170552647,0.9825397297653404,1.5809778482960493,-0.001981625710190338,0.01001852531501779,0.16989544428587355,0.024138653495535678,0.010905635101452522,0.011878585193907793
7/18/2019,-805.7180000000001,26626.7604,6.3553,160.3926,231.11900000000003,2.0507,0.4647716829863424,0.47539373197705737,0.9823272143048407,1.580635895471861,-0.00021629197686534596,-0.007199467342511423,0.16265814825062264,0.024138653495535678,0.01022160653114534,0.011875358502024667
7/19/2019,-805.7180000000001,26626.7604,6.3553,160.3926,227.729,2.0507,0.41362293290956953,0.4463053086358446,0.9679186660829575,1.557451493991889,-0.014667768552131255,-0.022597148424422953,0.14211130781923154,0.024138653495535678,0.010685100494053123,0.012069464012068872
7/22/2019,-805.7180000000001,26626.7604,6.3553,160.3926,229.62400000000002,2.0507,0.4650180556087229,0.4752580739833354,0.9759730020358981,1.5704115060286286,0.008321294169824744,-0.0069411708738955635,0.14668664169787782,0.024138653495535678,0.010761295689489376,0.012091459891118574
7/23/2019,-805.7180000000001,26626.7604,6.3553,160.3926,232.485,2.0507,0.4711912672045562,0.4670906502135739,0.9881331366856939,1.5899780466286872,0.012459499007072328,0.002795067223954728,0.16859518256393757,0.024138653495535678,0.011102407540467011,0.012105919995854655
7/24/2019,-805.7180000000001,26626.7604,6.3553,160.3926,233.393,2.0507,0.4734034494078432,0.4372111815358197,0.9919924174483693,1.5961879099159482,0.0039056283201066577,0.025182289378898437,0.1641709896249004,0.024138653495535678,0.01030685313945917,0.012089157598323783
7/25/2019,-805.7180000000001,26626.7604,6.3553,160.3926,233.104,2.0507,0.479123835630346,0.41402066042285357,0.9907640780866808,1.5942114225921393,-0.0012382547891324203,0.04604117678734898,0.17006570526495457,0.024138653495535678,0.008973706225705983,0.012046915061228458
7/26/2019,-805.7180000000001,26626.7604,6.3553,160.3926,236.125,2.0507,0.5063027086336904,0.4300386583140894,1.0,1.6148722122296009,0.012959880568329973,0.05333006200651291,0.16242147962900977,0.024138653495535678,0.009247008760891438,0.011923419267740138
7/29/2019,-805.7180000000001,26626.7604,6.3553,160.3926,236.28400000000002,2.0507,0.509908044654896,0.43256075506904645,1.0,1.6159596222105201,0.0006733721545792992,0.053992327593897826,0.16274629451016676,0.024138653495535678,0.00923961559405045,0.011922689356123119
7/30/2019,-805.7180000000001,26626.7604,6.3553,160.3926,247.701,2.0507,0.5914791637218746,0.4413140411971064,1.0,1.6940411300856935,0.04831897208444058,0.10418626214176485,0.21665987199827108,0.04831897208444058,0.01358443343979179,0.01324776867606365
7/31/2019,-805.7180000000001,26626.7604,6.3553,160.3926,244.69,2.0507,0.5812567854004032,0.484671457374761,0.9878442154048631,1.6734487310130695,-0.012155784595136887,0.06505501775889666,0.18601348436598775,0.04831897208444058,0.013309305360241618,0.013321951956759472
8/1/2019,-805.7180000000001,26626.7604,6.3553,160.3926,246.065,2.0507,0.594242805126145,0.5134956526246226,0.9933952628370495,1.6828524336782498,0.005619355102374435,0.05335142678572957,0.19777545208946856,0.04831897208444058,0.012952630414016245,0.01329568592335343
8/2/2019,-805.7180000000001,26626.7604,6.3553,160.3926,247.89,2.0507,0.6034800608040363,0.5110579255473982,1.0,1.6953337117611254,0.007416739479405798,0.06116385989845963,0.21663803680981597,0.04831897208444058,0.0129805213078957,0.013229744669374707
8/5/2019,-805.7180000000001,26626.7604,6.3553,160.3926,244.261,2.0507,0.5734107173914444,0.4939610803707737,0.9853604421315907,1.6705147757815333,-0.014639557868409314,0.05318052663122441,0.17812665798485505,0.04831897208444058,0.013367109397497598,0.013287804534270644
8/6/2019,-805.7180000000001,26626.7604,6.3553,160.3926,247.252,2.0507,0.5712805912669916,0.479025400840128,0.9974262777845013,1.690970393724482,0.012245098480723637,0.06237566330805411,0.19618192461574946,0.04831897208444058,0.013533271676681958,0.013321011311819734
8/7/2019,-805.7180000000001,26626.7604,6.3553,160.3926,247.003,2.0507,0.5689105414263571,0.48670570898650856,0.9964217999919319,1.6892674686600235,-0.001007069710255215,0.05529327824797803,0.17748317220601395,0.04831897208444058,0.013544820420801858,0.013241697437424626
8/8/2019,-805.7180000000001,26626.7604,6.3553,160.3926,251.81900000000002,2.0507,0.6126737111751521,0.5067371117515209,1.0,1.722204364685848,0.01949773889385975,0.07030861495173779,0.20686201211563549,0.04831897208444058,0.014029991526723747,0.013368343169933784
8/9/2019,-805.7180000000001,26626.7604,6.3553,160.3926,253.543,2.0507,0.6501548995105697,0.5261506820785171,1.0,1.7339948980638633,0.006846187142352189,0.08125293189475036,0.2139666275645784,0.04831897208444058,0.013963547295523578,0.013373865417461604
8/12/2019,-805.7180000000001,26626.7604,6.3553,160.3926,254.092,2.0507,0.6527706407696261,0.5174161067277232,1.0,1.7377495400734517,0.0021653131815906335,0.08920067043033586,0.21121926571393157,0.04831897208444058,0.013819217412265133,0.01337345379861161
8/13/2019,-805.7180000000001,26626.7604,6.3553,160.3926,259.007,2.0507,0.6648689995629034,0.5078484560203635,1.0,1.771363502691169,0.019343387434472614,0.10413549379953024,0.22353758142918556,0.04831897208444058,0.014210505070195053,0.013508878664745521
8/14/2019,-805.7180000000001,26626.7604,6.3553,160.3926,254.002,2.0507,0.6245730732331309,0.48147105852254546,0.9806761979405962,1.7371340249899125,-0.01932380205940376,0.09659453952026542,0.21320761926596732,0.04831897208444058,0.014691510530681707,0.013690885241056943
8/15/2019,-805.7180000000001,26626.7604,6.3553,160.3926,259.087,2.0507,0.6588999871942629,0.48014470482776295,1.0,1.7719106272098701,0.02001952740529589,0.12076878820257031,0.27860220201053143,0.04831897208444058,0.014987520144405408,0.013084798406319457
8/16/2019,-805.7180000000001,26626.7604,6.3553,160.3926,259.526,2.0507,0.6523161942598112,0.47145822191662234,1.0,1.7749129730062443,0.001694411529717943,0.12291070833639806,0.2666168855571336,0.04831897208444058,0.014956533661274958,0.013055360548952436
8/19/2019,-805.7180000000001,26626.7604,6.3553,160.3926,260.074,2.0507,0.69091133693525,0.4806153165980742,1.0,1.778660775959349,0.0021115418108397233,0.142032854840622,0.2610687911246019,0.04831897208444058,0.014248812196086093,0.013052586573927666
8/20/2019,-805.7180000000001,26626.7604,6.3553,160.3926,259.28700000000003,2.0507,0.6752619949087058,0.48360835799294466,0.9969739381868238,1.773278438506624,-0.0030260618131762174,0.12918074765703946,0.23816095466852616,0.04831897208444058,0.014388365860719773,0.012993845121548544
8/21/2019,-805.7180000000001,26626.7604,6.3553,160.3926,259.655,2.0507,0.6776396552392518,0.5020933748562422,0.9983889200765934,1.77579521129265,0.0014192767088205827,0.11686775490891876,0.2475796028386512,0.04831897208444058,0.014338292410721787,0.012938360642731524
8/22/2019,-805.7180000000001,26626.7604,6.3553,160.3926,259.765,2.0507,0.6709227978541377,0.5012864880163639,0.9988118766197313,1.7765475075058645,0.0004236390595213635,0.11299396297232556,0.24810812628827583,0.04831897208444058,0.01437619997021608,0.01293656996781533
8/23/2019,-805.7180000000001,26626.7604,6.3553,160.3926,260.034,2.0507,0.6640046074102512,0.4916746656427977,0.9998461976206772,1.7783872136999979,0.0010355513637325675,0.11552783307021741,0.2794933868682097,0.04831897208444058,0.014333723041158075,0.012467552628390102
8/26/2019,-805.7180000000001,26626.7604,6.3553,160.3926,264.212,2.0507,0.6765146323510749,0.4982931038858853,1.0,1.8069607916891786,0.01606712968304147,0.11894970884065637,0.30043509932471,0.04831897208444058,0.014432272749030991,0.012546904622665058
8/27/2019,-805.7180000000001,26626.7604,6.3553,160.3926,264.432,2.0507,0.6766339496309823,0.4981612518704508,1.0,1.8084653841156075,0.0008326646783645142,0.11912782922246112,0.24740313039540363,0.04831897208444058,0.014429670583244179,0.011509047573566352
8/28/2019,-805.7180000000001,26626.7604,6.3553,160.3926,262.744,2.0507,0.6563010218554781,0.5614720770583677,0.9936165063229867,1.796921056771008,-0.006383493677013297,0.06073047747082172,0.21767581971961536,0.02001952740529589,0.01078532317648506,0.01142860949585814
8/29/2019,-805.7180000000001,26626.7604,6.3553,160.3926,262.115,2.0507,0.6611109350739885,0.550682847998986,0.9912378229563744,1.7926192902427183,-0.00239396522851143,0.07121255466099963,0.20911791569410743,0.02001952740529589,0.010305155730806429,0.011448543994288005
8/30/2019,-805.7180000000001,26626.7604,6.3553,160.3926,262.025,2.0507,0.6580187933052803,0.5570285063435316,0.9908974708053486,1.7920037751591789,-0.0003433607386071902,0.06486091073496825,0.2084797668133307,0.02001952740529589,0.010321102571079759,0.011450892233093944
9/2/2019,-805.7180000000001,26626.7604,6.3553,160.3926,262.025,2.0507,0.6319749372496992,0.5439376669967673,0.9908974708053486,1.7920037751591789,0.0,0.05702125942958558,0.19063306554218618,0.02001952740529589,0.010290974533909784,0.011354649258764636
9/3/2019,-805.7180000000001,26626.7604,6.3553,160.3926,265.46,2.0507,0.6675565829726553,0.534389506944488,1.0,1.8154959341809203,0.013109436122507478,0.08678831250179098,0.2021011637911514,0.02001952740529589,0.009719615202293419,0.011428052474139446
9/4/2019,-805.7180000000001,26626.7604,6.3553,160.3926,268.865,2.0507,0.6897951744379711,0.5539591857256885,1.0,1.8387829215081488,0.01282679123031727,0.08741284195881116,0.222930776473371,0.02001952740529589,0.009745035708238108,0.011454186628681856
9/5/2019,-805.7180000000001,26626.7604,6.3553,160.3926,262.79400000000004,2.0507,0.6391023402025848,0.5406104984781197,0.9774198947427148,1.7972630095951967,-0.022580105257285155,0.0639303976065071,0.18970528317262003,0.02001952740529589,0.011314732814291096,0.011905716493592016
9/6/2019,-805.7180000000001,26626.7604,6.3553,160.3926,261.975,2.0507,0.6369447447184751,0.5734852129793364,0.9743737563461217,1.791661822334991,-0.0031165095093496076,0.040330554882673786,0.17680749275655283,0.02001952740529589,0.010728661273526141,0.011911593932305911
9/9/2019,-805.7180000000001,26626.7604,6.3553,160.3926,251.611,2.0507,0.5691558360565769,0.5812046299299027,0.9358265300429582,1.7207818409372242,-0.03956102681553597,-0.007620009229203806,0.11241732394864346,0.02001952740529589,0.013960192042418235,0.012921182702184675
9/10/2019,-805.7180000000001,26626.7604,6.3553,160.3926,240.718,2.0507,0.5039329247340043,0.5874896132051308,0.8953117735666598,1.646283998659545,-0.043293019780534236,-0.052634478850180355,0.07539726859690599,0.02001952740529589,0.016799321503529526,0.014037952407619434
9/11/2019,-805.7180000000001,26626.7604,6.3553,160.3926,241.86700000000002,2.0507,0.5214440278791235,0.6292617567873586,0.899585293734774,1.654142074559394,0.004773220116484955,-0.0661758176419942,0.07098988199349088,0.02001952740529589,0.016142941421244738,0.014011218775343073
9/12/2019,-805.7180000000001,26626.7604,6.3553,160.3926,245.521,2.0507,0.5509462805740852,0.6045204164139883,0.9131757573503431,1.6791319869510801,0.015107476422992594,-0.033389500870071975,0.08120450411967539,0.02001952740529589,0.016164363343162253,0.014110777313856739
9/13/2019,-805.7180000000001,26626.7604,6.3553,160.3926,243.14,2.0507,0.5384226011578981,0.639324243095321,0.9043200119018837,1.6628481934632298,-0.009697744795760799,-0.06155075322189074,0.062321955993638545,0.01606712968304147,0.015473241640757522,0.014152868171566645
9/16/2019,-805.7180000000001,26626.7604,6.3553,160.3926,245.91,2.0507,0.5560477109501061,0.6422058404783753,0.9146225801052572,1.681792379923266,0.011392613309204602,-0.05246487827809165,0.05633712064262553,0.01606712968304147,0.015759445516503965,0.014066112821588303
9/17/2019,-805.7180000000001,26626.7604,6.3553,160.3926,252.6,2.0507,0.5771925223841456,0.6238589392974441,0.9395049560188198,1.7275456677996703,0.027205075027449066,-0.028737974576466763,0.08414808965037701,0.027205075027449066,0.017022727581923483,0.014449242534828825
9/18/2019,-805.7180000000001,26626.7604,6.3553,160.3926,252.99900000000002,2.0507,0.6121979506525288,0.6522672818107669,0.9409889721607498,1.7302744513366939,0.0015795724465559324,-0.024251119415936828,0.09414909029576735,0.027205075027449066,0.017028338453223744,0.01440362687283079
9/19/2019,-805.7180000000001,26626.7604,6.3553,160.3926,250.82299999999998,2.0507,0.6082418040407536,0.6648713460416382,0.9328956911461141,1.7153926644280155,-0.008600824509187976,-0.034014365215381925,0.08189374431173602,0.027205075027449066,0.01709657168985155,0.014459204686434997
9/20/2019,-805.7180000000001,26626.7604,6.3553,160.3926,256.374,2.0507,0.6630815537507462,0.685078751394691,0.9535417402785785,1.7533562669694092,0.022131144273053183,-0.013054106596346537,0.12612668013704664,0.027205075027449066,0.017858315505474343,0.01447644673104142
9/23/2019,-805.7180000000001,26626.7604,6.3553,160.3926,255.176,2.0507,0.6701093003468814,0.7019045749067347,0.9490859725140869,1.7451630773018554,-0.004672860742509166,-0.01868217233131053,0.1450880436538564,0.027205075027449066,0.01787765768729548,0.014197677117505794
9/24/2019,-805.7180000000001,26626.7604,6.3553,160.3926,254.377,2.0507,0.6694580989820897,0.7340045021690478,0.9461142208915255,1.7396986711713254,-0.0031311722105525908,-0.03722389596233322,0.13475041263326948,0.027205075027449066,0.01746103888007658,0.014205623464857275
9/25/2019,-805.7180000000001,26626.7604,6.3553,160.3926,245.63099999999997,2.0507,0.5904108258603384,0.7121434814982681,0.9135848846075166,1.6798842831642946,-0.03438203925669392,-0.0710995643492468,0.09568650191810146,0.027205075027449066,0.018845917474153335,0.014929961982436311
9/26/2019,-805.7180000000001,26626.7604,6.3553,160.3926,245.59099999999998,2.0507,0.5805627421451647,0.6909551942953496,0.9134361110594535,1.6796107209049438,-0.00016284589485848766,-0.06528407879913545,0.09478043409456638,0.027205075027449066,0.018844490144651678,0.01493112767571048
9/27/2019,-805.7180000000001,26626.7604,6.3553,160.3926,236.465,2.0507,0.5500717792738166,0.7182122699949525,0.879493426068845,1.6171974914340819,-0.03715934215830374,-0.09785781050302345,0.029254300438749103,0.027205075027449066,0.02025901440568904,0.01542438114017417
9/30/2019,-805.7180000000001,26626.7604,6.3553,160.3926,240.778,2.0507,0.6466943420485709,0.7920037751591789,0.8955349338887545,1.6359757299034492,0.018239485758991814,-0.08108768247304643,0.030718915077781794,0.027205075027449066,0.020855609296128255,0.015449973445773374
10/1/2019,-805.7180000000001,26626.7604,6.3553,160.3926,236.71400000000003,2.0507,0.6083627197184343,0.7803393193229917,0.8804195414055381,1.5919753584590968,-0.016878618478432306,-0.09659765289571587,0.013321803751680239,0.027205075027449066,0.021026011551233334,0.01560607223673333
10/2/2019,-805.7180000000001,26626.7604,6.3553,160.3926,233.42,2.0507,0.569822182767062,0.7853011594436821,0.8681680397225373,1.5482270538450313,-0.013915526753804364,-0.12069615007910794,0.006437370379472673,0.027205075027449066,0.02071176161074575,0.015681318439267688
10/3/2019,-805.7180000000001,26626.7604,6.3553,160.3926,236.91400000000002,2.0507,0.5542376550701629,0.763847248919183,0.8811634091458539,1.5714020402478015,0.014968725901808089,-0.1188365908541461,0.017956044428212303,0.027205075027449066,0.020813617125915545,0.015786240199564112
10/4/2019,-805.7180000000001,26626.7604,6.3553,160.3926,236.215,2.0507,0.555140789898152,0.7301258122494128,0.8785635913934502,1.566765716408209,-0.0029504377115746605,-0.10114005647008695,0.009202729203071192,0.027205075027449066,0.02046001842917251,0.015777079496683277
10/7/2019,-805.7180000000001,26626.7604,6.3553,160.3926,235.986,2.0507,0.5438047886955382,0.7138231061101661,0.8777118628307886,1.5652468063091147,-0.0009694557923926039,-0.09920412253077593,0.003013469229886434,0.027205075027449066,0.02047454195118913,0.015765142298627615
10/8/2019,-805.7180000000001,26626.7604,6.3553,160.3926,236.794,2.0507,0.5383525957109538,0.6346125111254033,0.8807170885016644,1.5706061048246953,0.003423931928165258,-0.05888852236189979,0.009825578915945155,0.027205075027449066,0.01891043185918976,0.01576386249310291
10/9/2019,-805.7180000000001,26626.7604,6.3553,160.3926,238.27200000000002,2.0507,0.5561230154324415,0.5720975189231905,0.886214271102598,1.5804093761192843,0.006241712205545813,-0.010161267541272223,0.021386041846169768,0.027205075027449066,0.01653600288636338,0.015765945981355355
10/10/2019,-805.7180000000001,26626.7604,6.3553,160.3926,242.446,2.0507,0.5792675777433265,0.5754960330384711,0.901738790842988,1.6080946632529882,0.0175177947891485,0.0023938776269600837,0.033536676343577154,0.027205075027449066,0.01696200906351093,0.015899784837817572
10/11/2019,-805.7180000000001,26626.7604,6.3553,160.3926,241.09799999999998,2.0507,0.5655002694682707,0.5942197432584231,0.8967251222732597,1.5991536553334307,-0.005560000989911162,-0.018014752302247028,0.040884521733123735,0.027205075027449066,0.0166537360396262,0.015830026710758133
10/14/2019,-805.7180000000001,26626.7604,6.3553,160.3926,240.489,2.0507,0.5448442879901332,0.5618736831286293,0.8944600450039982,1.5951142830611678,-0.002525943807082487,-0.010903183351155588,0.040316824487712344,0.027205075027449066,0.0165337970281178,0.015831695710964117
10/15/2019,-805.7180000000001,26626.7604,6.3553,160.3926,238.642,2.0507,0.5828635103405277,0.6310706657999816,0.8875904264221821,1.5465503609710574,-0.0076801849564844815,-0.02955552844536624,0.03255033121465556,0.027205075027449066,0.016377253599443815,0.015866942678439085
10/16/2019,-805.7180000000001,26626.7604,6.3553,160.3926,232.581,2.0507,0.5072712661853718,0.6370069861184917,0.8650475145519126,1.4751500006342522,-0.025397876316826107,-0.07925178147268408,0.02130602602215781,0.022131144273053183,0.015812626145144656,0.016089856810632963
10/17/2019,-805.7180000000001,26626.7604,6.3553,160.3926,239.67,2.0507,0.48178603224849126,0.5641940350183006,0.8914139066074052,1.520112135780701,0.030479703845112116,-0.0526840027035681,0.043749782252725966,0.030479703845112116,0.017474842260853683,0.016501343362583812
10/18/2019,-805.7180000000001,26626.7604,6.3553,160.3926,243.72400000000002,2.0507,0.5073162887924105,0.5512202060682523,0.9064921057036059,1.545824718074918,0.016914924688112842,-0.02830282709320897,0.04834290384325879,0.030479703845112116,0.01790591589547595,0.01656149462231401
10/21/2019,-805.7180000000001,26626.7604,6.3553,160.3926,245.451,2.0507,0.5026170959112086,0.5694861921407541,0.9129154036412326,1.556778252762168,0.007085884032758338,-0.04260572444943722,0.051663931651763306,0.030479703845112116,0.01721276524237857,0.016575690597376333
10/22/2019,-805.7180000000001,26626.7604,6.3553,160.3926,244.602,2.0507,0.4879734283941455,0.5522976409183264,0.9097576850835921,1.5513934519807695,-0.0034589388513389663,-0.04143806627582525,0.04932562289793396,0.030479703845112116,0.017205127302106136,0.01658274756648142
10/23/2019,-805.7180000000001,26626.7604,6.3553,160.3926,247.59799999999998,2.0507,0.4903780751334792,0.5311832228783313,0.9209008238335223,1.5703956464932198,0.012248468941382207,-0.026649421921007055,0.048588671254631954,0.030479703845112116,0.017474051462418157,0.01657464322809187
10/24/2019,-805.7180000000001,26626.7604,6.3553,160.3926,246.18,2.0507,0.48549981293974254,0.4821870361207321,0.9156268015546836,1.5614019509596235,-0.005727025258685403,0.002235059906933623,0.0418818032537116,0.030479703845112116,0.01578560047613901,0.01659558861103305
10/25/2019,-805.7180000000001,26626.7604,6.3553,160.3926,243.774,2.0507,0.4330458705888576,0.44372725722918815,0.9066780726386848,1.5461418441515609,-0.009773336582988068,-0.007398479585978279,-0.015853791466324263,0.030479703845112116,0.015936013343214178,0.015488994961214015
10/28/2019,-805.7180000000001,26626.7604,6.3553,160.3926,242.136,2.0507,0.41586752116761017,0.38270688122748764,0.9005857958454986,1.5357527938807352,-0.006719338403603392,0.023982407544456796,-0.010437696677428554,0.030479703845112116,0.013626216693976727,0.015435995529106177
10/29/2019,-805.7180000000001,26626.7604,6.3553,160.3926,238.312,2.0507,0.39358852905746033,0.40800907570494616,0.8863630446506612,1.5114989915390764,-0.015792777612581244,-0.010241799499954185,-0.031507934895251166,0.030479703845112116,0.013523892783879055,0.015544536828197536
10/30/2019,-805.7180000000001,26626.7604,6.3553,160.3926,241.517,2.0507,0.40912512033606574,0.38110213250094827,0.8982835251892213,1.5318267730518944,0.013448756252307792,0.02029030813555588,-0.02570898382347009,0.030479703845112116,0.013293901641011316,0.01561181839689067
10/31/2019,-805.7180000000001,26626.7604,6.3553,160.3926,240.27900000000002,2.0507,0.3972633807075898,0.35737712544486033,0.8936789838766668,1.5239747313942134,-0.005125933164125018,0.029384799931454264,-0.016302234085670553,0.030479703845112116,0.012932927956674932,0.015516524852349934
11/1/2019,-805.7180000000001,26626.7604,6.3553,160.3926,239.81,2.0507,0.3980237269361939,0.3811408750400793,0.8919346140256262,1.5210000887953015,-0.001951897585723339,0.012223844939513784,-0.0300988465209584,0.030479703845112116,0.012571228866988958,0.015436617627306172
11/4/2019,-805.7180000000001,26626.7604,6.3553,160.3926,234.238,2.0507,0.3805504803441977,0.39220251075617396,0.8712104587804288,1.4856595588142023,-0.023235061090029596,-0.008369493893275237,-0.051679534256668935,0.030479703845112116,0.01359927575769845,0.015703210491849126
11/5/2019,-805.7180000000001,26626.7604,6.3553,160.3926,228.407,2.0507,0.3317027665218788,0.3758913214587647,0.8495229948115225,1.448676315756092,-0.0248934844047507,-0.03211631198460918,-0.09297153908164202,0.030479703845112116,0.014620802792600411,0.015777168640793662
11/6/2019,-805.7180000000001,26626.7604,6.3553,160.3926,231.143,2.0507,0.338934844061356,0.371669215440938,0.8596991054990423,1.4660294546699986,0.011978617117688994,-0.023864624948267354,-0.08834793309221711,0.030479703845112116,0.01488030593216725,0.01583371259769013
11/7/2019,-805.7180000000001,26626.7604,6.3553,160.3926,226.38,2.0507,0.34529787550141133,0.4159679096716684,0.8419838952634221,1.4358200246089836,-0.020606291343454042,-0.04990934730056418,-0.10906285912189295,0.030479703845112116,0.015368380269109663,0.016011257739338418
11/8/2019,-805.7180000000001,26626.7604,6.3553,160.3926,228.108,2.0507,0.3649517107672424,0.4507473761055063,0.8484109125397504,1.4467799018177667,0.007633183143387345,-0.05913894227993033,-0.11929793403267097,0.030479703845112116,0.014873746283423082,0.015829917776838467
11/11/2019,-805.7180000000001,26626.7604,6.3553,160.3926,228.268,2.0507,0.36590911810816307,0.44268121925824855,0.849006006732003,1.4477947052630245,0.0007014221333754289,-0.053214875278932205,-0.10131416288060724,0.030479703845112116,0.014878268796990914,0.01567449622104541
11/12/2019,-805.7180000000001,26626.7604,6.3553,160.3926,226.041,2.0507,0.36866803104980783,0.4561500175593687,0.8407230394435868,1.4336699098093437,-0.009756076191143714,-0.060077591906490535,-0.12754788931903183,0.030479703845112116,0.01496243492019985,0.015460388524291966
11/13/2019,-805.7180000000001,26626.7604,6.3553,160.3926,230.963,2.0507,0.39501579459178693,0.4413969304735963,0.859029624532758,1.4648878007940838,0.021774810764418895,-0.032177906655157074,-0.1100583371222923,0.030479703845112116,0.015840771488657587,0.015743130062663035
11/14/2019,-805.7180000000001,26626.7604,6.3553,160.3926,234.618,2.0507,0.42438757854475906,0.4120207631363262,0.8726238074870287,1.4880697169966892,0.015825045570069696,0.008758239065099982,-0.09787983420103519,0.030479703845112116,0.01526682092331021,0.01589115881414206
11/15/2019,-805.7180000000001,26626.7604,6.3553,160.3926,236.894,2.0507,0.41120894046441814,0.4277459402142185,0.8810890223718223,1.50250529600548,0.009700875465650682,-0.011582592731672614,-0.08636375907777882,0.021774810764418895,0.013834593625492022,0.01595233325550287
11/18/2019,-805.7180000000001,26626.7604,6.3553,160.3926,235.796,2.0507,0.4030882746719824,0.45026330665555925,0.8770051884774887,1.495541207362399,-0.0046349844234130355,-0.032528597922240055,-0.09188731201016731,0.021774810764418895,0.013268775319035891,0.0159538837285361
11/19/2019,-805.7180000000001,26626.7604,6.3553,160.3926,239.62,2.0507,0.4069720331867368,0.4412098010087544,0.8912279396723263,1.519795009704058,0.01621740826816409,-0.023756269072034653,-0.0775508632802725,0.021774810764418895,0.013706263938717001,0.016106403917132573
11/20/2019,-805.7180000000001,26626.7604,6.3553,160.3926,240.75,2.0507,0.4206808646237188,0.4434117584576984,0.8954307924051104,1.5269620590361905,0.004715800016693139,-0.015748031496062964,-0.07415953298414824,0.021774810764418895,0.013750577903327855,0.01612113286402945
11/21/2019,-805.7180000000001,26626.7604,6.3553,160.3926,237.71,2.0507,0.4038185565549133,0.46221306199101164,0.8841240027523106,1.5076807935762944,-0.012627206645898226,-0.03993570222699694,-0.1003058150273265,0.021774810764418895,0.013653610836412049,0.016033587652073897
11/22/2019,-805.7180000000001,26626.7604,6.3553,160.3926,232.35,2.0507,0.37216457707094386,0.45383893085140947,0.8641883473118479,1.4736848781601612,-0.022548483446216072,-0.056178406044357865,-0.1213241967689237,0.021774810764418895,0.014367232387095518,0.016246755755738262
11/25/2019,-805.7180000000001,26626.7604,6.3553,160.3926,231.54,2.0507,0.3539875793831797,0.42552892880951565,0.8611756829635691,1.4685474357185442,-0.00348612007746929,-0.05018582785694947,-0.11876198885607292,0.021774810764418895,0.014276612890570257,0.016238015776782286
11/26/2019,-805.7180000000001,26626.7604,6.3553,160.3926,237.09,2.0507,0.413976955557146,0.44407070779360214,0.8818180127573317,1.5037484302259208,0.02396994039906719,-0.020839528199028567,-0.0954733609293631,0.02396994039906719,0.015338391830232705,0.016560907587695288
11/27/2019,-805.7180000000001,26626.7604,6.3553,160.3926,237.54,2.0507,0.4107878888664518,0.41537291980947155,0.8834917151730421,1.5066025649157078,0.0018980134126280745,-0.003239450803988131,-0.09344528193874624,0.02396994039906719,0.014960124672953861,0.016565742400878963
11/28/2019,-805.7180000000001,26626.7604,6.3553,160.3926,237.54,2.0507,0.39085527586994306,0.414141591573129,0.8834917151730421,1.5066025649157078,0.0,-0.016466749752605425,-0.09344528193874624,0.02396994039906719,0.014637864906877076,0.016565742400878963
11/29/2019,-805.7180000000001,26626.7604,6.3553,160.3926,236.47,2.0507,0.40359936844854394,0.4262081982976602,0.8795120227623529,1.4998160668755471,-0.0045045045045044585,-0.01585240491262252,-0.10920666013712044,0.02396994039906719,0.014629070357737977,0.016464899356459773
12/2/2019,-805.7180000000001,26626.7604,6.3553,160.3926,232.14,2.0507,0.35189908801844894,0.3965663836379094,0.8634072861845163,1.4723529486382605,-0.018310990823360296,-0.03198365372586642,-0.13659271381548366,0.02396994039906719,0.015128428488391245,0.016489141633323816
12/3/2019,-805.7180000000001,26626.7604,6.3553,160.3926,234.97,2.0507,0.3661523076386384,0.3618963452213446,0.8739330147099845,1.4903022845762561,0.012190919272852652,0.003125026682263332,-0.10587760755572817,0.02396994039906719,0.014539991718545432,0.016377317337096974
12/4/2019,-805.7180000000001,26626.7604,6.3553,160.3926,235.36,2.0507,0.4340114667300323,0.3916479311752483,0.8753835568036004,1.492775867974072,0.001659786355705073,0.030441273691261594,-0.1015936635175112,0.02396994039906719,0.01335004762518635,0.01638143596182225
12/5/2019,-805.7180000000001,26626.7604,6.3553,160.3926,235.94,2.0507,0.4303381548795422,0.4012573202226075,0.877540773250516,1.496454530463131,0.0024643099932017964,0.020753386431775933,-0.062282650599536526,0.02396994039906719,0.01313688921867291,0.015648554075528787
12/6/2019,-805.7180000000001,26626.7604,6.3553,160.3926,236.49,2.0507,0.436624851927224,0.3752088205813564,0.8795864095363845,1.4999429173062044,0.0023311011274054216,0.04465942221044261,-0.017564120672321937,0.02396994039906719,0.012162759425274073,0.014680762048227073
12/9/2019,-805.7180000000001,26626.7604,6.3553,160.3926,237.75,2.0507,0.4593051804566659,0.4001227596366317,0.8842727763003737,1.5079344944376087,0.005327920842318923,0.04226945131253612,-0.017021751623826353,0.02396994039906719,0.012121157674560457,0.014683943528955168
12/10/2019,-805.7180000000001,26626.7604,6.3553,160.3926,235.6,2.0507,0.4604965440287636,0.4150450980999907,0.8762761980919792,1.4942980731419584,-0.009043112513144047,0.032120139485166455,-0.04040794881089593,0.02396994039906719,0.012359278238354256,0.01459374069550563
